ISO-10303-21;
HEADER;
FILE_DESCRIPTION (( 'STEP AP214' ),
    '1' );
FILE_NAME ('500.STEP',
    '2023-02-28T08:46:21',
    ( '' ),
    ( '' ),
    'SwSTEP 2.0',
    'SolidWorks 2021',
    '' );
FILE_SCHEMA (( 'AUTOMOTIVE_DESIGN' ));
ENDSEC;

DATA;
#1 = ORIENTED_EDGE ( 'NONE', *, *, #2862, .F. ) ;
#2 = DIRECTION ( 'NONE',  ( 2.709451824002074729E-15, 0.9876883405951388806, -0.1564344650402234582 ) ) ;
#3 = LINE ( 'NONE', #3155, #2672 ) ;
#4 = ORIENTED_EDGE ( 'NONE', *, *, #284, .F. ) ;
#5 = ADVANCED_FACE ( 'NONE', ( #2432 ), #1149, .F. ) ;
#7 =( LENGTH_UNIT ( ) NAMED_UNIT ( * ) SI_UNIT ( .MILLI., .METRE. ) );
#6 = CARTESIAN_POINT ( 'NONE',  ( 0.000000000000000000, 0.000000000000000000, 0.000000000000000000 ) ) ;
#8 = ORIENTED_EDGE ( 'NONE', *, *, #3043, .F. ) ;
#9 = COLOUR_RGB ( '',0.2941176470588235392, 0.2941176470588235392, 0.2941176470588235392 ) ;
#10 = SURFACE_STYLE_USAGE ( .BOTH. , #2004 ) ;
#11 = AXIS2_PLACEMENT_3D ( 'NONE', #1991, #263, #1480 ) ;
#12 = CARTESIAN_POINT ( 'NONE',  ( 0.5453441052272459677, 4.273245732988954160, 7.566618395163899891 ) ) ;
#13 = FILL_AREA_STYLE_COLOUR ( '', #2612 ) ;
#14 = CARTESIAN_POINT ( 'NONE',  ( 0.000000000000000000, 1.397000000000000020, 0.000000000000000000 ) ) ;
#15 = CLOSED_SHELL ( 'NONE', ( #1015, #3157, #482, #1462, #2673, #109, #146, #1563, #1304, #2832, #1524, #961, #2027, #744, #2337, #1128, #1738, #991, #965, #1933, #258, #1844, #2178, #2289, #1896, #2392, #1223, #905, #2534, #2376, #3001, #2381, #1423, #246, #2124, #5, #461, #204, #2712, #1977, #1568, #541, #348, #1510, #1330, #743, #1653, #366, #924, #870, #892, #2929, #2419, #1711, #16, #2757, #533, #2038, #2518, #2059, #2082, #1610, #1642, #1123, #841, #3119, #2139, #1964, #584, #353, #2373, #819, #288, #127, #647, #2476, #319, #2942, #2037, #603 ) ) ;
#16 = ADVANCED_FACE ( 'NONE', ( #2868, #2403 ), #3139, .T. ) ;
#17 = SURFACE_STYLE_USAGE ( .BOTH. , #2239 ) ;
#18 = CARTESIAN_POINT ( 'NONE',  ( 1.193799999999999972, 2.491381756127740044, -0.4345177994699565005 ) ) ;
#19 = LINE ( 'NONE', #2966, #1092 ) ;
#20 = DIRECTION ( 'NONE',  ( -2.709451824002078674E-15, -0.9816271834476625324, -0.1908089953765519098 ) ) ;
#21 = EDGE_CURVE ( 'NONE', #2915, #646, #240, .T. ) ;
#22 = PRESENTATION_LAYER_ASSIGNMENT (  '', '', ( #1204 ) ) ;
#23 = ORIENTED_EDGE ( 'NONE', *, *, #1664, .F. ) ;
#24 = LINE ( 'NONE', #716, #1364 ) ;
#25 = AXIS2_PLACEMENT_3D ( 'NONE', #669, #931, #2905 ) ;
#26 = LINE ( 'NONE', #2438, #1175 ) ;
#27 = CARTESIAN_POINT ( 'NONE',  ( -1.854200000000000070, 3.810000000000000053, 11.51890000000000036 ) ) ;
#28 = VERTEX_POINT ( 'NONE', #1741 ) ;
#29 =( NAMED_UNIT ( * ) SI_UNIT ( $, .STERADIAN. ) SOLID_ANGLE_UNIT ( ) );
#30 = SURFACE_STYLE_FILL_AREA ( #1072 ) ;
#31 = DIRECTION ( 'NONE',  ( 0.000000000000000000, 0.000000000000000000, 1.000000000000000000 ) ) ;
#32 = CARTESIAN_POINT ( 'NONE',  ( -1.193799999999999972, 3.810000000000000053, 9.791700000000000514 ) ) ;
#33 = EDGE_CURVE ( 'NONE', #2956, #3051, #1255, .T. ) ;
#34 = DIRECTION ( 'NONE',  ( 0.000000000000000000, -0.9876883405951388806, 0.1564344650402234305 ) ) ;
#35 = VECTOR ( 'NONE', #1954, 1000.000000000000000 ) ;
#36 = AXIS2_PLACEMENT_3D ( 'NONE', #3070, #2563, #1799 ) ;
#37 = ORIENTED_EDGE ( 'NONE', *, *, #389, .T. ) ;
#38 = CARTESIAN_POINT ( 'NONE',  ( 0.09595948984263130699, 4.327112163092960095, 7.419612714344899551 ) ) ;
#39 = DIRECTION ( 'NONE',  ( -1.000000000000000000, 2.552084660502760181E-15, -1.206815650011992016E-15 ) ) ;
#40 = ORIENTED_EDGE ( 'NONE', *, *, #2273, .F. ) ;
#41 = VERTEX_POINT ( 'NONE', #2010 ) ;
#42 =( GEOMETRIC_REPRESENTATION_CONTEXT ( 3 ) GLOBAL_UNCERTAINTY_ASSIGNED_CONTEXT ( ( #2344 ) ) GLOBAL_UNIT_ASSIGNED_CONTEXT ( ( #2597, #2548, #1057 ) ) REPRESENTATION_CONTEXT ( 'NONE', 'WORKASPACE' ) );
#43 = DIRECTION ( 'NONE',  ( 0.000000000000000000, -1.000000000000000000, 0.000000000000000000 ) ) ;
#44 = DIRECTION ( 'NONE',  ( 0.000000000000000000, 0.000000000000000000, -1.000000000000000000 ) ) ;
#45 = VERTEX_POINT ( 'NONE', #1249 ) ;
#46 = DIRECTION ( 'NONE',  ( 0.4999999999999990008, -0.7071067811865425767, 0.5000000000000079936 ) ) ;
#47 = CARTESIAN_POINT ( 'NONE',  ( 1.193799999999999972, 4.184913584487254923, 8.792430572510230746 ) ) ;
#48 = ORIENTED_EDGE ( 'NONE', *, *, #2079, .T. ) ;
#49 = EDGE_CURVE ( 'NONE', #2973, #881, #2240, .T. ) ;
#50 = VERTEX_POINT ( 'NONE', #511 ) ;
#51 = PLANE ( 'NONE',  #2972 ) ;
#52 = LINE ( 'NONE', #1557, #1619 ) ;
#53 = FACE_OUTER_BOUND ( 'NONE', #1105, .T. ) ;
#54 = DIRECTION ( 'NONE',  ( 1.000000000000000000, 0.000000000000000000, 0.000000000000000000 ) ) ;
#55 = VECTOR ( 'NONE', #2718, 1000.000000000000227 ) ;
#56 = CARTESIAN_POINT ( 'NONE',  ( -1.193799999999999972, 2.767361338074914912, 0.007258257762572139712 ) ) ;
#57 = ORIENTED_EDGE ( 'NONE', *, *, #2234, .F. ) ;
#58 = PLANE ( 'NONE',  #2191 ) ;
#59 = DIRECTION ( 'NONE',  ( 0.000000000000000000, 0.000000000000000000, 1.000000000000000000 ) ) ;
#60 = PRESENTATION_STYLE_ASSIGNMENT (( #529 ) ) ;
#61 = AXIS2_PLACEMENT_3D ( 'NONE', #3140, #1198, #926 ) ;
#62 = ORIENTED_EDGE ( 'NONE', *, *, #704, .F. ) ;
#63 = COLOUR_RGB ( '',0.2941176470588235392, 0.2941176470588235392, 0.2941176470588235392 ) ;
#64 = ORIENTED_EDGE ( 'NONE', *, *, #1264, .F. ) ;
#65 = EDGE_CURVE ( 'NONE', #721, #824, #19, .T. ) ;
#66 =( GEOMETRIC_REPRESENTATION_CONTEXT ( 3 ) GLOBAL_UNCERTAINTY_ASSIGNED_CONTEXT ( ( #3011 ) ) GLOBAL_UNIT_ASSIGNED_CONTEXT ( ( #1970, #474, #507 ) ) REPRESENTATION_CONTEXT ( 'NONE', 'WORKASPACE' ) );
#67 = EDGE_CURVE ( 'NONE', #1811, #50, #185, .T. ) ;
#68 = ORIENTED_EDGE ( 'NONE', *, *, #977, .T. ) ;
#69 = PRESENTATION_LAYER_ASSIGNMENT (  '', '', ( #1479 ) ) ;
#70 = CARTESIAN_POINT ( 'NONE',  ( 0.000000000000000000, 3.810000000000000053, 0.000000000000000000 ) ) ;
#71 = EDGE_CURVE ( 'NONE', #3143, #2722, #1369, .T. ) ;
#72 = DIRECTION ( 'NONE',  ( 0.000000000000000000, 0.000000000000000000, 1.000000000000000000 ) ) ;
#73 =( GEOMETRIC_REPRESENTATION_CONTEXT ( 3 ) GLOBAL_UNCERTAINTY_ASSIGNED_CONTEXT ( ( #1122 ) ) GLOBAL_UNIT_ASSIGNED_CONTEXT ( ( #883, #898, #667 ) ) REPRESENTATION_CONTEXT ( 'NONE', 'WORKASPACE' ) );
#74 = CARTESIAN_POINT ( 'NONE',  ( 4.762500000000000178, 0.000000000000000000, -0.7620000000000000107 ) ) ;
#75 = COLOUR_RGB ( '',0.2941176470588235392, 0.2941176470588235392, 0.2941176470588235392 ) ;
#76 = DIRECTION ( 'NONE',  ( 0.000000000000000000, 0.000000000000000000, -1.000000000000000000 ) ) ;
#77 = AXIS2_PLACEMENT_3D ( 'NONE', #2661, #368, #876 ) ;
#78 = EDGE_LOOP ( 'NONE', ( #1616, #1985 ) ) ;
#79 = VECTOR ( 'NONE', #1597, 1000.000000000000000 ) ;
#80 = SURFACE_STYLE_FILL_AREA ( #2068 ) ;
#81 = COLOUR_RGB ( '',0.2941176470588235392, 0.2941176470588235392, 0.2941176470588235392 ) ;
#82 = DIRECTION ( 'NONE',  ( 0.000000000000000000, -0.9816271834476624214, -0.1908089953765523816 ) ) ;
#83 = VECTOR ( 'NONE', #2098, 1000.000000000000000 ) ;
#84 = VERTEX_POINT ( 'NONE', #2981 ) ;
#85 = ORIENTED_EDGE ( 'NONE', *, *, #1701, .T. ) ;
#86 = EDGE_CURVE ( 'NONE', #3076, #2119, #1994, .T. ) ;
#87 = EDGE_LOOP ( 'NONE', ( #1150, #253, #3031, #589, #1720, #831, #2013, #1707 ) ) ;
#88 = APPLICATION_CONTEXT ( 'automotive_design' ) ;
#89 = FILL_AREA_STYLE ('',( #2609 ) ) ;
#90 = CARTESIAN_POINT ( 'NONE',  ( 4.762500000000000178, 0.000000000000000000, 0.000000000000000000 ) ) ;
#91 = CARTESIAN_POINT ( 'NONE',  ( -0.4445000000000000062, -6.477000000000000313, 9.791700000000000514 ) ) ;
#92 = LINE ( 'NONE', #1801, #863 ) ;
#93 = VERTEX_POINT ( 'NONE', #2694 ) ;
#94 = LINE ( 'NONE', #550, #1518 ) ;
#95 = DIRECTION ( 'NONE',  ( 0.000000000000000000, 0.000000000000000000, 1.000000000000000000 ) ) ;
#96 = UNCERTAINTY_MEASURE_WITH_UNIT (LENGTH_MEASURE( 1.000000000000000082E-05 ), #2893, 'distance_accuracy_value', 'NONE');
#97 =( NAMED_UNIT ( * ) PLANE_ANGLE_UNIT ( ) SI_UNIT ( $, .RADIAN. ) );
#98 = EDGE_LOOP ( 'NONE', ( #40, #818, #2125, #602, #1295 ) ) ;
#99 = ORIENTED_EDGE ( 'NONE', *, *, #3057, .T. ) ;
#100 = SURFACE_STYLE_USAGE ( .BOTH. , #605 ) ;
#101 = ORIENTED_EDGE ( 'NONE', *, *, #2710, .T. ) ;
#102 = CARTESIAN_POINT ( 'NONE',  ( -0.4445000000000000062, -2.514600000000000168, 10.17269999999999897 ) ) ;
#103 =( NAMED_UNIT ( * ) PLANE_ANGLE_UNIT ( ) SI_UNIT ( $, .RADIAN. ) );
#105 = SURFACE_STYLE_FILL_AREA ( #150 ) ;
#104 = CARTESIAN_POINT ( 'NONE',  ( 0.000000000000000000, 1.905000000000000027, -1.181100000000000039 ) ) ;
#106 = SURFACE_SIDE_STYLE ('',( #2514 ) ) ;
#107 = FILL_AREA_STYLE_COLOUR ( '', #678 ) ;
#108 =( GEOMETRIC_REPRESENTATION_CONTEXT ( 3 ) GLOBAL_UNCERTAINTY_ASSIGNED_CONTEXT ( ( #2523 ) ) GLOBAL_UNIT_ASSIGNED_CONTEXT ( ( #2424, #1929, #1700 ) ) REPRESENTATION_CONTEXT ( 'NONE', 'WORKASPACE' ) );
#109 = ADVANCED_FACE ( 'NONE', ( #2447 ), #2933, .T. ) ;
#110 = AXIS2_PLACEMENT_3D ( 'NONE', #1565, #2552, #3048 ) ;
#111 = VERTEX_POINT ( 'NONE', #758 ) ;
#112 = EDGE_CURVE ( 'NONE', #1822, #867, #1512, .T. ) ;
#113 =( BOUNDED_CURVE ( )  B_SPLINE_CURVE ( 3, ( #2816, #872, #1130, #1556 ),
 .UNSPECIFIED., .F., .F. ) 
 B_SPLINE_CURVE_WITH_KNOTS ( ( 4, 4 ),
 ( 6.092904329434839283, 6.283185307179590673 ),
 .UNSPECIFIED. ) 
 CURVE ( )  GEOMETRIC_REPRESENTATION_ITEM ( )  RATIONAL_B_SPLINE_CURVE ( ( 1.000000000000000000, 0.9969850377030449184, 0.9969850377030449184, 1.000000000000000000 ) ) 
 REPRESENTATION_ITEM ( '' )  );
#114 = ORIENTED_EDGE ( 'NONE', *, *, #2489, .F. ) ;
#115 = EDGE_LOOP ( 'NONE', ( #2164, #3141, #750, #1535 ) ) ;
#116 = AXIS2_PLACEMENT_3D ( 'NONE', #1496, #1007, #2729 ) ;
#117 = ORIENTED_EDGE ( 'NONE', *, *, #588, .T. ) ;
#118 = CIRCLE ( 'NONE', #2505, 0.7620000000000001217 ) ;
#119 =( NAMED_UNIT ( * ) SI_UNIT ( $, .STERADIAN. ) SOLID_ANGLE_UNIT ( ) );
#120 = FACE_OUTER_BOUND ( 'NONE', #1239, .T. ) ;
#122 = CARTESIAN_POINT ( 'NONE',  ( 1.193799999999999972, -2.514600000000000168, 9.791700000000000514 ) ) ;
#121 = CARTESIAN_POINT ( 'NONE',  ( 0.000000000000000000, 1.397000000000000020, 0.000000000000000000 ) ) ;
#123 = CARTESIAN_POINT ( 'NONE',  ( -2.381250000000000089, -1.778000000000000025, 4.124445985523379932 ) ) ;
#124 = DIRECTION ( 'NONE',  ( 0.000000000000000000, -1.000000000000000000, 0.000000000000000000 ) ) ;
#125 =( GEOMETRIC_REPRESENTATION_CONTEXT ( 3 ) GLOBAL_UNCERTAINTY_ASSIGNED_CONTEXT ( ( #405 ) ) GLOBAL_UNIT_ASSIGNED_CONTEXT ( ( #1917, #2739, #749 ) ) REPRESENTATION_CONTEXT ( 'NONE', 'WORKASPACE' ) );
#126 = VECTOR ( 'NONE', #873, 1000.000000000000000 ) ;
#127 = ADVANCED_FACE ( 'NONE', ( #479 ), #728, .F. ) ;
#128 = ORIENTED_EDGE ( 'NONE', *, *, #726, .F. ) ;
#129 = VERTEX_POINT ( 'NONE', #1287 ) ;
#130 = EDGE_LOOP ( 'NONE', ( #2890, #62, #3129, #1305 ) ) ;
#131 = AXIS2_PLACEMENT_3D ( 'NONE', #658, #3134, #1160 ) ;
#132 = CARTESIAN_POINT ( 'NONE',  ( -2.489199999999999857, 0.000000000000000000, 10.88390000000000057 ) ) ;
#133 = VERTEX_POINT ( 'NONE', #1495 ) ;
#134 = DIRECTION ( 'NONE',  ( 0.000000000000000000, 0.000000000000000000, -1.000000000000000000 ) ) ;
#135 = SURFACE_SIDE_STYLE ('',( #105 ) ) ;
#136 = DIRECTION ( 'NONE',  ( 0.000000000000000000, -1.000000000000000000, 0.000000000000000000 ) ) ;
#137 = CARTESIAN_POINT ( 'NONE',  ( 1.854200000000000070, 0.000000000000000000, 10.17269999999999897 ) ) ;
#138 = DIRECTION ( 'NONE',  ( 0.000000000000000000, -1.000000000000000000, -1.145909393315546027E-16 ) ) ;
#139 = ORIENTED_EDGE ( 'NONE', *, *, #2220, .T. ) ;
#140 = LINE ( 'NONE', #401, #1464 ) ;
#141 = VECTOR ( 'NONE', #3009, 1000.000000000000000 ) ;
#142 = DIRECTION ( 'NONE',  ( 0.000000000000000000, 1.000000000000000000, 0.000000000000000000 ) ) ;
#143 = CARTESIAN_POINT ( 'NONE',  ( -2.381249999999960121, 0.000000000000000000, -4.124445985523414571 ) ) ;
#144 = ORIENTED_EDGE ( 'NONE', *, *, #2284, .T. ) ;
#145 = VERTEX_POINT ( 'NONE', #934 ) ;
#146 = ADVANCED_FACE ( 'NONE', ( #235 ), #1937, .T. ) ;
#147 = VERTEX_POINT ( 'NONE', #1710 ) ;
#148 = CARTESIAN_POINT ( 'NONE',  ( -2.381250000000000089, -1.778000000000000025, 4.124445985523379932 ) ) ;
#150 = FILL_AREA_STYLE ('',( #1159 ) ) ;
#149 =( NAMED_UNIT ( * ) SI_UNIT ( $, .STERADIAN. ) SOLID_ANGLE_UNIT ( ) );
#151 = EDGE_CURVE ( 'NONE', #585, #1118, #692, .T. ) ;
#152 = DIRECTION ( 'NONE',  ( 1.000000000000000000, 0.000000000000000000, 0.000000000000000000 ) ) ;
#153 = SURFACE_STYLE_USAGE ( .BOTH. , #1875 ) ;
#154 = UNCERTAINTY_MEASURE_WITH_UNIT (LENGTH_MEASURE( 1.000000000000000082E-05 ), #2367, 'distance_accuracy_value', 'NONE');
#155 = ORIENTED_EDGE ( 'NONE', *, *, #3137, .T. ) ;
#156 = LINE ( 'NONE', #2149, #2498 ) ;
#157 = VECTOR ( 'NONE', #243, 1000.000000000000000 ) ;
#158 = ORIENTED_EDGE ( 'NONE', *, *, #2043, .T. ) ;
#159 = VERTEX_POINT ( 'NONE', #198 ) ;
#160 = COLOUR_RGB ( '',0.2941176470588235392, 0.2941176470588235392, 0.2941176470588235392 ) ;
#161 = SURFACE_STYLE_USAGE ( .BOTH. , #3097 ) ;
#162 = VERTEX_POINT ( 'NONE', #2692 ) ;
#163 = EDGE_CURVE ( 'NONE', #913, #2364, #1193, .T. ) ;
#164 = CARTESIAN_POINT ( 'NONE',  ( 0.000000000000000000, 1.397000000000000020, -5.821219718042969812E-17 ) ) ;
#165 = EDGE_CURVE ( 'NONE', #1905, #2925, #1734, .T. ) ;
#166 = CARTESIAN_POINT ( 'NONE',  ( 1.193799999999999972, 2.406732773752310095, 0.0009634627573483311828 ) ) ;
#167 = VECTOR ( 'NONE', #480, 1000.000000000000000 ) ;
#168 = PLANE ( 'NONE',  #116 ) ;
#169 = STYLED_ITEM ( 'NONE', ( #296 ), #2059 ) ;
#170 = VECTOR ( 'NONE', #2999, 1000.000000000000000 ) ;
#171 = EDGE_LOOP ( 'NONE', ( #1570, #1393, #420, #2881 ) ) ;
#172 = CARTESIAN_POINT ( 'NONE',  ( -2.168404344971009854E-16, 3.067847343993904907, -1.538608230730809989 ) ) ;
#173 = CARTESIAN_POINT ( 'NONE',  ( 1.854200000000000070, 3.810000000000000053, 6.425319360581469574 ) ) ;
#174 = COLOUR_RGB ( '',0.2941176470588235392, 0.2941176470588235392, 0.2941176470588235392 ) ;
#175 = ORIENTED_EDGE ( 'NONE', *, *, #1993, .T. ) ;
#176 = PRESENTATION_STYLE_ASSIGNMENT (( #437 ) ) ;
#177 = ORIENTED_EDGE ( 'NONE', *, *, #1760, .T. ) ;
#178 = CARTESIAN_POINT ( 'NONE',  ( -2.381250000000000089, -2.540000000000000036, 3.362445985523375036 ) ) ;
#179 = COLOUR_RGB ( '',0.2941176470588235392, 0.2941176470588235392, 0.2941176470588235392 ) ;
#181 = FACE_OUTER_BOUND ( 'NONE', #334, .T. ) ;
#180 = DIRECTION ( 'NONE',  ( 0.000000000000000000, 1.000000000000000000, 0.000000000000000000 ) ) ;
#182 = PLANE ( 'NONE',  #811 ) ;
#183 = LINE ( 'NONE', #137, #3130 ) ;
#184 = FACE_OUTER_BOUND ( 'NONE', #663, .T. ) ;
#185 = LINE ( 'NONE', #1267, #2761 ) ;
#186 = ORIENTED_EDGE ( 'NONE', *, *, #535, .F. ) ;
#187 = CARTESIAN_POINT ( 'NONE',  ( -2.381249999999960121, 0.000000000000000000, -4.886445985523409696 ) ) ;
#188 = EDGE_CURVE ( 'NONE', #896, #2717, #1211, .T. ) ;
#189 = VECTOR ( 'NONE', #2728, 1000.000000000000000 ) ;
#190 = ORIENTED_EDGE ( 'NONE', *, *, #1264, .T. ) ;
#191 = EDGE_LOOP ( 'NONE', ( #2182, #128 ) ) ;
#192 = DIRECTION ( 'NONE',  ( 0.000000000000000000, -1.000000000000000000, 0.000000000000000000 ) ) ;
#193 = LINE ( 'NONE', #1244, #2361 ) ;
#194 = PRESENTATION_STYLE_ASSIGNMENT (( #232 ) ) ;
#195 = ORIENTED_EDGE ( 'NONE', *, *, #2468, .T. ) ;
#196 = EDGE_CURVE ( 'NONE', #2075, #896, #1955, .T. ) ;
#197 = DIRECTION ( 'NONE',  ( 0.000000000000000000, 1.145909393315546027E-16, -1.000000000000000000 ) ) ;
#198 = CARTESIAN_POINT ( 'NONE',  ( -2.489199999999999857, 0.000000000000000000, 7.544836881603210088 ) ) ;
#199 = PRESENTATION_STYLE_ASSIGNMENT (( #2895 ) ) ;
#200 = SURFACE_STYLE_FILL_AREA ( #1529 ) ;
#201 = FILL_AREA_STYLE_COLOUR ( '', #160 ) ;
#202 = EDGE_CURVE ( 'NONE', #247, #2973, #723, .T. ) ;
#203 = LINE ( 'NONE', #3151, #167 ) ;
#204 = ADVANCED_FACE ( 'NONE', ( #2962 ), #1988, .T. ) ;
#205 = ORIENTED_EDGE ( 'NONE', *, *, #224, .T. ) ;
#206 = FACE_BOUND ( 'NONE', #191, .T. ) ;
#207 = COLOUR_RGB ( '',0.2941176470588235392, 0.2941176470588235392, 0.2941176470588235392 ) ;
#208 = SPHERICAL_SURFACE ( 'NONE', #1380, 0.7620000000000000107 ) ;
#209 = ORIENTED_EDGE ( 'NONE', *, *, #1372, .F. ) ;
#210 = CIRCLE ( 'NONE', #110, 0.8498438653775884921 ) ;
#211 = FACE_OUTER_BOUND ( 'NONE', #1665, .T. ) ;
#212 =( GEOMETRIC_REPRESENTATION_CONTEXT ( 3 ) GLOBAL_UNCERTAINTY_ASSIGNED_CONTEXT ( ( #358 ) ) GLOBAL_UNIT_ASSIGNED_CONTEXT ( ( #967, #1500, #995 ) ) REPRESENTATION_CONTEXT ( 'NONE', 'WORKASPACE' ) );
#213 = DIRECTION ( 'NONE',  ( 1.000000000000000000, 0.000000000000000000, -2.906221269855600478E-15 ) ) ;
#214 = ORIENTED_EDGE ( 'NONE', *, *, #2362, .F. ) ;
#215 = DIRECTION ( 'NONE',  ( 0.000000000000000000, 1.000000000000000000, 0.000000000000000000 ) ) ;
#216 = DIRECTION ( 'NONE',  ( -1.000000000000000000, 0.000000000000000000, 0.000000000000000000 ) ) ;
#217 = PLANE ( 'NONE',  #2210 ) ;
#218 = VECTOR ( 'NONE', #387, 1000.000000000000000 ) ;
#219 = UNCERTAINTY_MEASURE_WITH_UNIT (LENGTH_MEASURE( 1.000000000000000082E-05 ), #442, 'distance_accuracy_value', 'NONE');
#220 = CARTESIAN_POINT ( 'NONE',  ( 1.193799999999999972, 2.840059565313375334, -0.3667416991309884744 ) ) ;
#221 = VECTOR ( 'NONE', #1517, 1000.000000000000000 ) ;
#222 = DIRECTION ( 'NONE',  ( -0.000000000000000000, 1.000000000000000000, 0.000000000000000000 ) ) ;
#223 = LINE ( 'NONE', #2211, #3015 ) ;
#224 = EDGE_CURVE ( 'NONE', #1967, #1138, #2980, .T. ) ;
#225 = CIRCLE ( 'NONE', #2046, 0.4317999999999999616 ) ;
#226 = ORIENTED_EDGE ( 'NONE', *, *, #1562, .F. ) ;
#227 = CARTESIAN_POINT ( 'NONE',  ( 0.09595948984263109882, 4.273245732988959489, 7.566618395163899891 ) ) ;
#228 = VERTEX_POINT ( 'NONE', #32 ) ;
#229 = AXIS2_PLACEMENT_3D ( 'NONE', #1814, #1546, #2510 ) ;
#230 = SURFACE_SIDE_STYLE ('',( #2742 ) ) ;
#231 = PRESENTATION_LAYER_ASSIGNMENT (  '', '', ( #1221 ) ) ;
#232 = SURFACE_STYLE_USAGE ( .BOTH. , #2205 ) ;
#233 = ORIENTED_EDGE ( 'NONE', *, *, #524, .T. ) ;
#234 = VECTOR ( 'NONE', #2083, 1000.000000000000000 ) ;
#235 = FACE_OUTER_BOUND ( 'NONE', #1172, .T. ) ;
#236 = CARTESIAN_POINT ( 'NONE',  ( -2.489199999999999857, 3.810000000000000053, 10.88390000000000057 ) ) ;
#237 = CARTESIAN_POINT ( 'NONE',  ( -3.124200000000000088, 3.810000000000000053, 7.544836881603210088 ) ) ;
#238 = VECTOR ( 'NONE', #44, 1000.000000000000000 ) ;
#239 = FILL_AREA_STYLE ('',( #1481 ) ) ;
#240 = LINE ( 'NONE', #2259, #262 ) ;
#241 = CARTESIAN_POINT ( 'NONE',  ( -0.04080974092659969688, 4.251850311539610239, 7.431533020580969762 ) ) ;
#242 = EDGE_LOOP ( 'NONE', ( #1329, #1407, #552, #374 ) ) ;
#243 = DIRECTION ( 'NONE',  ( 1.000000000000000000, -1.930109995523665315E-15, 0.000000000000000000 ) ) ;
#244 = CARTESIAN_POINT ( 'NONE',  ( 0.09595948984263130699, 4.327112163092960095, 7.419612714344899551 ) ) ;
#245 = ORIENTED_EDGE ( 'NONE', *, *, #766, .F. ) ;
#246 = ADVANCED_FACE ( 'NONE', ( #478 ), #727, .F. ) ;
#247 = VERTEX_POINT ( 'NONE', #2484 ) ;
#248 =( NAMED_UNIT ( * ) SI_UNIT ( $, .STERADIAN. ) SOLID_ANGLE_UNIT ( ) );
#249 = DIRECTION ( 'NONE',  ( 1.000000000000000000, 0.000000000000000000, 0.000000000000000000 ) ) ;
#250 = EDGE_CURVE ( 'NONE', #1361, #3143, #771, .T. ) ;
#251 = PRESENTATION_STYLE_ASSIGNMENT (( #710 ) ) ;
#252 = CARTESIAN_POINT ( 'NONE',  ( -1.193799999999999972, 2.406732773752310095, 0.0009634627573491750174 ) ) ;
#253 = ORIENTED_EDGE ( 'NONE', *, *, #1804, .F. ) ;
#254 = DIRECTION ( 'NONE',  ( 0.000000000000000000, -1.000000000000000000, -1.835919350580819924E-16 ) ) ;
#255 = CARTESIAN_POINT ( 'NONE',  ( -2.381250000000000089, -1.778000000000000025, 4.124445985523379932 ) ) ;
#256 =( NAMED_UNIT ( * ) PLANE_ANGLE_UNIT ( ) SI_UNIT ( $, .RADIAN. ) );
#257 = VECTOR ( 'NONE', #760, 1000.000000000000000 ) ;
#258 = ADVANCED_FACE ( 'NONE', ( #3186 ), #2759, .F. ) ;
#259 = ORIENTED_EDGE ( 'NONE', *, *, #3045, .F. ) ;
#260 = VECTOR ( 'NONE', #779, 999.9999999999998863 ) ;
#261 = DIRECTION ( 'NONE',  ( 0.000000000000000000, 0.000000000000000000, -1.000000000000000000 ) ) ;
#262 = VECTOR ( 'NONE', #713, 1000.000000000000000 ) ;
#263 = DIRECTION ( 'NONE',  ( 0.000000000000000000, 1.000000000000000000, 0.000000000000000000 ) ) ;
#264 =( NAMED_UNIT ( * ) SI_UNIT ( $, .STERADIAN. ) SOLID_ANGLE_UNIT ( ) );
#265 = AXIS2_PLACEMENT_3D ( 'NONE', #1910, #3120, #949 ) ;
#266 = VERTEX_POINT ( 'NONE', #18 ) ;
#267 = CARTESIAN_POINT ( 'NONE',  ( 0.000000000000000000, 2.667000000000000259, 6.311899999999999622 ) ) ;
#268 = LINE ( 'NONE', #501, #2442 ) ;
#269 = UNCERTAINTY_MEASURE_WITH_UNIT (LENGTH_MEASURE( 1.000000000000000082E-05 ), #1428, 'distance_accuracy_value', 'NONE');
#270 = FACE_OUTER_BOUND ( 'NONE', #746, .T. ) ;
#271 = CARTESIAN_POINT ( 'NONE',  ( 0.5453441052272459677, 4.251850311539610239, 7.431533020580969762 ) ) ;
#272 = EDGE_LOOP ( 'NONE', ( #2749, #2624, #2093, #1402, #2267, #1422, #1777, #2318, #3012, #2753, #2618, #408, #2036, #2122, #2378, #882, #2887, #2251, #2477 ) ) ;
#273 = CIRCLE ( 'NONE', #1990, 0.7620000000000001217 ) ;
#274 = AXIS2_PLACEMENT_3D ( 'NONE', #1659, #921, #2336 ) ;
#275 = ORIENTED_EDGE ( 'NONE', *, *, #562, .F. ) ;
#276 = CARTESIAN_POINT ( 'NONE',  ( -2.168404344971009854E-16, 2.665720660720559909, -0.4006297493004719601 ) ) ;
#277 = CARTESIAN_POINT ( 'NONE',  ( -0.4901943563112149960, 4.251850311539614680, 7.431533020580969762 ) ) ;
#278 = STYLED_ITEM ( 'NONE', ( #251 ), #2942 ) ;
#279 = DIRECTION ( 'NONE',  ( 0.000000000000000000, 1.000000000000000000, 0.000000000000000000 ) ) ;
#280 = DIRECTION ( 'NONE',  ( -2.709451824002078674E-15, -0.7518035107788706428, 0.6593872012562607132 ) ) ;
#281 = DIRECTION ( 'NONE',  ( 0.000000000000000000, 0.000000000000000000, -1.000000000000000000 ) ) ;
#282 = MECHANICAL_DESIGN_GEOMETRIC_PRESENTATION_REPRESENTATION (  '', ( #3082 ), #2644 ) ;
#283 =( GEOMETRIC_REPRESENTATION_CONTEXT ( 3 ) GLOBAL_UNCERTAINTY_ASSIGNED_CONTEXT ( ( #2085 ) ) GLOBAL_UNIT_ASSIGNED_CONTEXT ( ( #788, #1559, #2818 ) ) REPRESENTATION_CONTEXT ( 'NONE', 'WORKASPACE' ) );
#284 = EDGE_CURVE ( 'NONE', #1139, #1258, #1285, .T. ) ;
#285 = ORIENTED_EDGE ( 'NONE', *, *, #1056, .F. ) ;
#286 = LINE ( 'NONE', #47, #1884 ) ;
#287 = CARTESIAN_POINT ( 'NONE',  ( 0.000000000000000000, -3.644899999999934970, 0.000000000000000000 ) ) ;
#288 = ADVANCED_FACE ( 'NONE', ( #1459 ), #2709, .T. ) ;
#289 = PRESENTATION_STYLE_ASSIGNMENT (( #2309 ) ) ;
#290 = MECHANICAL_DESIGN_GEOMETRIC_PRESENTATION_REPRESENTATION (  '', ( #2218 ), #2478 ) ;
#291 =( NAMED_UNIT ( * ) SI_UNIT ( $, .STERADIAN. ) SOLID_ANGLE_UNIT ( ) );
#292 = VERTEX_POINT ( 'NONE', #1247 ) ;
#293 = APPLICATION_PROTOCOL_DEFINITION ( 'draft international standard', 'automotive_design', 1998, #1030 ) ;
#294 = EDGE_LOOP ( 'NONE', ( #1183, #1408, #101, #1048, #1580, #373 ) ) ;
#295 = COLOUR_RGB ( '',0.2941176470588235392, 0.2941176470588235392, 0.2941176470588235392 ) ;
#296 = PRESENTATION_STYLE_ASSIGNMENT (( #2707 ) ) ;
#297 = PLANE ( 'NONE',  #229 ) ;
#298 = LINE ( 'NONE', #807, #544 ) ;
#299 = PLANE ( 'NONE',  #2932 ) ;
#300 = FILL_AREA_STYLE ('',( #107 ) ) ;
#301 = EDGE_CURVE ( 'NONE', #50, #1618, #1956, .T. ) ;
#302 = EDGE_CURVE ( 'NONE', #41, #2588, #877, .T. ) ;
#303 = ORIENTED_EDGE ( 'NONE', *, *, #2845, .T. ) ;
#304 = FACE_OUTER_BOUND ( 'NONE', #1493, .T. ) ;
#305 = DIRECTION ( 'NONE',  ( 0.000000000000000000, 1.000000000000000000, 0.000000000000000000 ) ) ;
#306 = EDGE_CURVE ( 'NONE', #2075, #2137, #1236, .T. ) ;
#307 = ORIENTED_EDGE ( 'NONE', *, *, #1269, .F. ) ;
#308 = VERTEX_POINT ( 'NONE', #2732 ) ;
#309 = ORIENTED_EDGE ( 'NONE', *, *, #1760, .F. ) ;
#310 = DIRECTION ( 'NONE',  ( -1.000000000000000000, 3.860219991047330630E-15, 0.000000000000000000 ) ) ;
#311 = DIRECTION ( 'NONE',  ( 0.000000000000000000, -0.1908089953765522706, 0.9816271834476626434 ) ) ;
#312 = CARTESIAN_POINT ( 'NONE',  ( -2.381249999999960121, -1.778000000000000025, -3.362445985523415004 ) ) ;
#313 = LINE ( 'NONE', #1850, #238 ) ;
#314 = CIRCLE ( 'NONE', #1197, 0.7620000000000000107 ) ;
#315 = CARTESIAN_POINT ( 'NONE',  ( -2.489199999999999857, 0.000000000000000000, 10.88390000000000057 ) ) ;
#316 = DIRECTION ( 'NONE',  ( 1.000000000000000000, 0.000000000000000000, 0.000000000000000000 ) ) ;
#317 = ORIENTED_EDGE ( 'NONE', *, *, #1101, .T. ) ;
#318 = CARTESIAN_POINT ( 'NONE',  ( -1.193799999999999972, 2.406732773752310095, 0.0009634627573491750174 ) ) ;
#319 = ADVANCED_FACE ( 'NONE', ( #523 ), #2965, .T. ) ;
#320 = FILL_AREA_STYLE_COLOUR ( '', #1632 ) ;
#321 = CIRCLE ( 'NONE', #2354, 7.531099999999999461 ) ;
#322 = CARTESIAN_POINT ( 'NONE',  ( 0.000000000000000000, 1.397000000000000020, 5.041900000000000048 ) ) ;
#323 = CARTESIAN_POINT ( 'NONE',  ( 0.000000000000000000, 1.397000000000000020, 6.311899999999999622 ) ) ;
#324 = ORIENTED_EDGE ( 'NONE', *, *, #1488, .F. ) ;
#325 = VECTOR ( 'NONE', #1551, 1000.000000000000227 ) ;
#326 = VERTEX_POINT ( 'NONE', #1739 ) ;
#327 = AXIS2_PLACEMENT_3D ( 'NONE', #2784, #1860, #557 ) ;
#328 = VERTEX_POINT ( 'NONE', #510 ) ;
#329 = MECHANICAL_DESIGN_GEOMETRIC_PRESENTATION_REPRESENTATION (  '', ( #3123 ), #2974 ) ;
#330 = CARTESIAN_POINT ( 'NONE',  ( 4.463187292171315157, 2.667000000000000259, -4.463187292171425291 ) ) ;
#331 = LINE ( 'NONE', #1447, #1415 ) ;
#332 = SURFACE_SIDE_STYLE ('',( #570 ) ) ;
#333 = FILL_AREA_STYLE ('',( #542 ) ) ;
#334 = EDGE_LOOP ( 'NONE', ( #2586, #346, #986, #3095 ) ) ;
#335 = CIRCLE ( 'NONE', #77, 6.311899999999999622 ) ;
#336 = ORIENTED_EDGE ( 'NONE', *, *, #1562, .T. ) ;
#337 = VECTOR ( 'NONE', #2817, 1000.000000000000000 ) ;
#338 = DIRECTION ( 'NONE',  ( 0.000000000000000000, -1.000000000000000000, 0.000000000000000000 ) ) ;
#339 = CARTESIAN_POINT ( 'NONE',  ( 1.193799999999999972, 0.000000000000000000, 10.17269999999999897 ) ) ;
#340 = DIRECTION ( 'NONE',  ( -6.031593736011459040E-17, 0.1564344650402234582, 0.9876883405951388806 ) ) ;
#341 = EDGE_CURVE ( 'NONE', #1466, #145, #2091, .T. ) ;
#342 = ORIENTED_EDGE ( 'NONE', *, *, #2456, .T. ) ;
#343 = VERTEX_POINT ( 'NONE', #220 ) ;
#344 = AXIS2_PLACEMENT_3D ( 'NONE', #2219, #2184, #944 ) ;
#345 = PRESENTATION_STYLE_ASSIGNMENT (( #100 ) ) ;
#346 = ORIENTED_EDGE ( 'NONE', *, *, #1308, .T. ) ;
#347 = FACE_OUTER_BOUND ( 'NONE', #2154, .T. ) ;
#348 = ADVANCED_FACE ( 'NONE', ( #1265 ), #1421, .F. ) ;
#349 = DIRECTION ( 'NONE',  ( -1.000000000000000000, 3.860219991047330630E-15, 0.000000000000000000 ) ) ;
#350 = CARTESIAN_POINT ( 'NONE',  ( 0.000000000000000000, 1.397000000000000020, -0.4317999999999999616 ) ) ;
#351 = DIRECTION ( 'NONE',  ( 0.000000000000000000, 0.000000000000000000, 1.000000000000000000 ) ) ;
#352 =( GEOMETRIC_REPRESENTATION_CONTEXT ( 3 ) GLOBAL_UNCERTAINTY_ASSIGNED_CONTEXT ( ( #2603 ) ) GLOBAL_UNIT_ASSIGNED_CONTEXT ( ( #2446, #1214, #1009 ) ) REPRESENTATION_CONTEXT ( 'NONE', 'WORKASPACE' ) );
#353 = ADVANCED_FACE ( 'NONE', ( #2301, #2322 ), #1076, .F. ) ;
#354 = VERTEX_POINT ( 'NONE', #1609 ) ;
#355 = LINE ( 'NONE', #1358, #2982 ) ;
#356 = PRESENTATION_STYLE_ASSIGNMENT (( #2357 ) ) ;
#357 = ORIENTED_EDGE ( 'NONE', *, *, #3137, .F. ) ;
#358 = UNCERTAINTY_MEASURE_WITH_UNIT (LENGTH_MEASURE( 1.000000000000000082E-05 ), #967, 'distance_accuracy_value', 'NONE');
#359 = ORIENTED_EDGE ( 'NONE', *, *, #33, .F. ) ;
#360 = FACE_OUTER_BOUND ( 'NONE', #2626, .T. ) ;
#361 = ORIENTED_EDGE ( 'NONE', *, *, #301, .T. ) ;
#362 = PLANE ( 'NONE',  #587 ) ;
#363 = FACE_BOUND ( 'NONE', #734, .T. ) ;
#365 = FACE_OUTER_BOUND ( 'NONE', #115, .T. ) ;
#364 = CARTESIAN_POINT ( 'NONE',  ( 0.000000000000000000, 1.397000000000000020, 0.000000000000000000 ) ) ;
#366 = ADVANCED_FACE ( 'NONE', ( #2533 ), #3056, .T. ) ;
#367 = DIRECTION ( 'NONE',  ( 0.000000000000000000, -1.000000000000000000, 0.000000000000000000 ) ) ;
#368 = DIRECTION ( 'NONE',  ( 0.000000000000000000, 1.000000000000000000, 0.000000000000000000 ) ) ;
#369 = VECTOR ( 'NONE', #2215, 1000.000000000000000 ) ;
#370 = VECTOR ( 'NONE', #1835, 1000.000000000000227 ) ;
#371 = EDGE_LOOP ( 'NONE', ( #8, #1960, #1419, #2797 ) ) ;
#372 = DIRECTION ( 'NONE',  ( 0.000000000000000000, -0.1564344650402234582, -0.9876883405951388806 ) ) ;
#373 = ORIENTED_EDGE ( 'NONE', *, *, #1709, .T. ) ;
#374 = ORIENTED_EDGE ( 'NONE', *, *, #2804, .T. ) ;
#375 = AXIS2_PLACEMENT_3D ( 'NONE', #495, #2493, #261 ) ;
#376 = CARTESIAN_POINT ( 'NONE',  ( -1.193799999999999972, -2.514600000000000168, 9.791700000000000514 ) ) ;
#377 = ORIENTED_EDGE ( 'NONE', *, *, #1388, .F. ) ;
#378 =( LENGTH_UNIT ( ) NAMED_UNIT ( * ) SI_UNIT ( .MILLI., .METRE. ) );
#379 = DIRECTION ( 'NONE',  ( 0.000000000000000000, -1.000000000000000000, 0.000000000000000000 ) ) ;
#380 = PLANE ( 'NONE',  #274 ) ;
#381 = CARTESIAN_POINT ( 'NONE',  ( 4.762500000000000178, -1.778000000000000025, 0.000000000000000000 ) ) ;
#382 = VECTOR ( 'NONE', #310, 1000.000000000000000 ) ;
#383 = CARTESIAN_POINT ( 'NONE',  ( 1.854200000000000070, 3.810000000000000053, 10.88390000000000057 ) ) ;
#384 = AXIS2_PLACEMENT_3D ( 'NONE', #1127, #2092, #621 ) ;
#385 = SURFACE_STYLE_FILL_AREA ( #1864 ) ;
#386 = EDGE_CURVE ( 'NONE', #292, #3053, #2875, .T. ) ;
#387 = DIRECTION ( 'NONE',  ( 0.000000000000000000, -1.000000000000000000, 0.000000000000000000 ) ) ;
#388 = ORIENTED_EDGE ( 'NONE', *, *, #2430, .T. ) ;
#389 = EDGE_CURVE ( 'NONE', #2500, #1251, #3027, .T. ) ;
#390 = ORIENTED_EDGE ( 'NONE', *, *, #2574, .F. ) ;
#391 = COLOUR_RGB ( '',0.2941176470588235392, 0.2941176470588235392, 0.2941176470588235392 ) ;
#392 = LINE ( 'NONE', #2841, #1001 ) ;
#393 = ORIENTED_EDGE ( 'NONE', *, *, #1624, .T. ) ;
#394 = CARTESIAN_POINT ( 'NONE',  ( 0.09595948984263130699, 4.348507584542310234, 7.554698088927840338 ) ) ;
#395 = SPHERICAL_SURFACE ( 'NONE', #2064, 0.7620000000000000107 ) ;
#396 = CARTESIAN_POINT ( 'NONE',  ( 1.854200000000000070, 0.000000000000000000, 10.17269999999999897 ) ) ;
#397 = CIRCLE ( 'NONE', #1655, 0.4445000000000000062 ) ;
#398 = CARTESIAN_POINT ( 'NONE',  ( 1.193799999999999972, 3.698044376626850038, 5.718459373932829770 ) ) ;
#399 = LINE ( 'NONE', #3165, #2296 ) ;
#400 = EDGE_CURVE ( 'NONE', #159, #703, #2547, .T. ) ;
#401 = CARTESIAN_POINT ( 'NONE',  ( -0.04080974092659969688, 4.251850311539610239, 7.431533020580969762 ) ) ;
#402 = PRESENTATION_LAYER_ASSIGNMENT (  '', '', ( #1810 ) ) ;
#403 =( NAMED_UNIT ( * ) PLANE_ANGLE_UNIT ( ) SI_UNIT ( $, .RADIAN. ) );
#404 = EDGE_CURVE ( 'NONE', #3104, #147, #3091, .T. ) ;
#405 = UNCERTAINTY_MEASURE_WITH_UNIT (LENGTH_MEASURE( 1.000000000000000082E-05 ), #1917, 'distance_accuracy_value', 'NONE');
#406 = EDGE_CURVE ( 'NONE', #3066, #2349, #3135, .T. ) ;
#407 = EDGE_LOOP ( 'NONE', ( #2394, #377, #1666, #1454 ) ) ;
#408 = ORIENTED_EDGE ( 'NONE', *, *, #868, .T. ) ;
#409 = EDGE_LOOP ( 'NONE', ( #1931, #342, #2900, #451, #537, #1047 ) ) ;
#410 = LINE ( 'NONE', #500, #1268 ) ;
#411 = DIRECTION ( 'NONE',  ( -1.000000000000000000, 0.000000000000000000, 0.000000000000000000 ) ) ;
#412 = DIRECTION ( 'NONE',  ( -2.552084660502760181E-15, -1.000000000000000000, 0.000000000000000000 ) ) ;
#413 = FILL_AREA_STYLE ('',( #1893 ) ) ;
#414 = DIRECTION ( 'NONE',  ( 4.523695302008627252E-17, -0.1564344650402244297, -0.9876883405951386585 ) ) ;
#415 = CARTESIAN_POINT ( 'NONE',  ( -1.193799999999999972, -2.514600000000000168, 10.17269999999999897 ) ) ;
#416 = CARTESIAN_POINT ( 'NONE',  ( -1.854200000000000070, 3.810000000000000053, 11.51890000000000036 ) ) ;
#417 = LINE ( 'NONE', #241, #1097 ) ;
#418 = MECHANICAL_DESIGN_GEOMETRIC_PRESENTATION_REPRESENTATION (  '', ( #2032 ), #2445 ) ;
#419 = VERTEX_POINT ( 'NONE', #2864 ) ;
#420 = ORIENTED_EDGE ( 'NONE', *, *, #400, .T. ) ;
#421 = PRESENTATION_STYLE_ASSIGNMENT (( #972 ) ) ;
#422 = VERTEX_POINT ( 'NONE', #1909 ) ;
#423 = CARTESIAN_POINT ( 'NONE',  ( 1.854200000000000070, 0.000000000000000000, 11.51890000000000036 ) ) ;
#425 = SURFACE_STYLE_FILL_AREA ( #735 ) ;
#424 = CARTESIAN_POINT ( 'NONE',  ( 4.762500000000000178, -1.778000000000000025, 0.000000000000000000 ) ) ;
#426 = CARTESIAN_POINT ( 'NONE',  ( -0.04080974092659949565, 4.256812921187960619, 6.975760769286689644 ) ) ;
#427 = VECTOR ( 'NONE', #676, 1000.000000000000000 ) ;
#428 = CARTESIAN_POINT ( 'NONE',  ( 1.193799999999999972, -2.514600000000000168, 10.17269999999999897 ) ) ;
#429 = DIRECTION ( 'NONE',  ( 2.709451824002081435E-15, 0.9816271834476624214, 0.1908089953765525759 ) ) ;
#430 = AXIS2_PLACEMENT_3D ( 'NONE', #2891, #886, #1503 ) ;
#431 = VECTOR ( 'NONE', #213, 1000.000000000000000 ) ;
#432 = ORIENTED_EDGE ( 'NONE', *, *, #2793, .T. ) ;
#433 = DIRECTION ( 'NONE',  ( 0.000000000000000000, 0.1908089953765522706, -0.9816271834476626434 ) ) ;
#434 = COLOUR_RGB ( '',0.2941176470588235392, 0.2941176470588235392, 0.2941176470588235392 ) ;
#435 = CARTESIAN_POINT ( 'NONE',  ( 0.4445000000000000062, -2.514600000000000168, 10.17269999999999897 ) ) ;
#436 = EDGE_CURVE ( 'NONE', #3104, #1174, #648, .T. ) ;
#437 = SURFACE_STYLE_USAGE ( .BOTH. , #929 ) ;
#438 = ORIENTED_EDGE ( 'NONE', *, *, #2696, .T. ) ;
#439 = COLOUR_RGB ( '',0.2941176470588235392, 0.2941176470588235392, 0.2941176470588235392 ) ;
#440 = LINE ( 'NONE', #2627, #2617 ) ;
#441 = AXIS2_PLACEMENT_3D ( 'NONE', #2808, #2069, #3049 ) ;
#443 = DIRECTION ( 'NONE',  ( 1.000000000000000000, 5.787813545898870539E-16, 0.000000000000000000 ) ) ;
#442 =( LENGTH_UNIT ( ) NAMED_UNIT ( * ) SI_UNIT ( .MILLI., .METRE. ) );
#444 = CARTESIAN_POINT ( 'NONE',  ( 1.193799999999999972, 3.810000000000000053, 9.791700000000000514 ) ) ;
#445 = SHAPE_REPRESENTATION ( '500--3DModel-STEP-526585', ( #2529 ), #2988 ) ;
#446 = VERTEX_POINT ( 'NONE', #398 ) ;
#447 =( NAMED_UNIT ( * ) PLANE_ANGLE_UNIT ( ) SI_UNIT ( $, .RADIAN. ) );
#448 = EDGE_CURVE ( 'NONE', #899, #2953, #2465, .T. ) ;
#449 = SURFACE_STYLE_FILL_AREA ( #2693 ) ;
#450 = EDGE_CURVE ( 'NONE', #853, #2056, #335, .T. ) ;
#451 = ORIENTED_EDGE ( 'NONE', *, *, #1600, .F. ) ;
#452 = DIRECTION ( 'NONE',  ( 0.000000000000000000, 0.000000000000000000, -1.000000000000000000 ) ) ;
#453 = ORIENTED_EDGE ( 'NONE', *, *, #196, .T. ) ;
#454 = DIRECTION ( 'NONE',  ( -1.000000000000000000, 0.000000000000000000, 0.000000000000000000 ) ) ;
#455 = ORIENTED_EDGE ( 'NONE', *, *, #2885, .F. ) ;
#457 = DIRECTION ( 'NONE',  ( 0.000000000000000000, -0.9876883405951389916, 0.1564344650402234582 ) ) ;
#456 =( NAMED_UNIT ( * ) SI_UNIT ( $, .STERADIAN. ) SOLID_ANGLE_UNIT ( ) );
#458 = PLANE ( 'NONE',  #696 ) ;
#459 = ORIENTED_EDGE ( 'NONE', *, *, #887, .T. ) ;
#460 = CARTESIAN_POINT ( 'NONE',  ( 0.000000000000000000, 3.378200000000000092, 9.059727763149499680 ) ) ;
#461 = ADVANCED_FACE ( 'NONE', ( #1113 ), #3103, .F. ) ;
#462 = PRODUCT_DEFINITION_SHAPE ( 'NONE', 'NONE',  #3206 ) ;
#463 = CARTESIAN_POINT ( 'NONE',  ( -0.04080974092659969688, 4.273245732988959489, 7.566618395163899891 ) ) ;
#464 = CARTESIAN_POINT ( 'NONE',  ( -3.124200000000000088, 0.000000000000000000, 7.544836881603210088 ) ) ;
#465 = ORIENTED_EDGE ( 'NONE', *, *, #2766, .T. ) ;
#466 = DIRECTION ( 'NONE',  ( -1.000000000000000000, 2.666658484576754928E-15, -4.834249947226780808E-16 ) ) ;
#467 = UNCERTAINTY_MEASURE_WITH_UNIT (LENGTH_MEASURE( 1.000000000000000082E-05 ), #2569, 'distance_accuracy_value', 'NONE');
#468 = AXIS2_PLACEMENT_3D ( 'NONE', #1996, #955, #528 ) ;
#469 = DIRECTION ( 'NONE',  ( 1.000000000000000000, 0.000000000000000000, 0.000000000000000000 ) ) ;
#470 = ORIENTED_EDGE ( 'NONE', *, *, #1181, .F. ) ;
#471 = FILL_AREA_STYLE ('',( #2702 ) ) ;
#472 = DIRECTION ( 'NONE',  ( 1.000000000000000000, 0.000000000000000000, 0.000000000000000000 ) ) ;
#473 = ORIENTED_EDGE ( 'NONE', *, *, #880, .F. ) ;
#474 =( NAMED_UNIT ( * ) PLANE_ANGLE_UNIT ( ) SI_UNIT ( $, .RADIAN. ) );
#475 = AXIS2_PLACEMENT_3D ( 'NONE', #2983, #2747, #791 ) ;
#476 = SURFACE_STYLE_USAGE ( .BOTH. , #3168 ) ;
#477 = STYLED_ITEM ( 'NONE', ( #60 ), #1610 ) ;
#478 = FACE_OUTER_BOUND ( 'NONE', #2217, .T. ) ;
#479 = FACE_OUTER_BOUND ( 'NONE', #2896, .T. ) ;
#480 = DIRECTION ( 'NONE',  ( 2.736225955192570147E-16, -1.000000000000000000, 0.000000000000000000 ) ) ;
#481 = AXIS2_PLACEMENT_3D ( 'NONE', #2779, #1966, #2440 ) ;
#482 = ADVANCED_FACE ( 'NONE', ( #2132 ), #2160, .T. ) ;
#483 = ORIENTED_EDGE ( 'NONE', *, *, #1800, .T. ) ;
#484 = LINE ( 'NONE', #813, #1087 ) ;
#485 = EDGE_LOOP ( 'NONE', ( #1948, #3004, #1834, #505 ) ) ;
#486 = EDGE_CURVE ( 'NONE', #2826, #2973, #183, .T. ) ;
#488 = PRESENTATION_STYLE_ASSIGNMENT (( #2724 ) ) ;
#487 = DIRECTION ( 'NONE',  ( 1.000000000000000000, 0.000000000000000000, 0.000000000000000000 ) ) ;
#489 = MECHANICAL_DESIGN_GEOMETRIC_PRESENTATION_REPRESENTATION (  '', ( #1221 ), #1644 ) ;
#490 = DIRECTION ( 'NONE',  ( 0.000000000000000000, 0.000000000000000000, 1.000000000000000000 ) ) ;
#491 = EDGE_LOOP ( 'NONE', ( #1154, #2133, #2363, #1916 ) ) ;
#492 =( NAMED_UNIT ( * ) PLANE_ANGLE_UNIT ( ) SI_UNIT ( $, .RADIAN. ) );
#493 = VECTOR ( 'NONE', #2335, 1000.000000000000000 ) ;
#494 = AXIS2_PLACEMENT_3D ( 'NONE', #1069, #1572, #555 ) ;
#495 = CARTESIAN_POINT ( 'NONE',  ( 0.000000000000000000, -5.664200000000000124, -8.673617379884030542E-16 ) ) ;
#496 = LINE ( 'NONE', #2237, #2774 ) ;
#497 =( NAMED_UNIT ( * ) SI_UNIT ( $, .STERADIAN. ) SOLID_ANGLE_UNIT ( ) );
#498 = DIRECTION ( 'NONE',  ( 1.000000000000000000, 2.736225955192570147E-16, 0.000000000000000000 ) ) ;
#499 = ORIENTED_EDGE ( 'NONE', *, *, #2273, .T. ) ;
#500 = CARTESIAN_POINT ( 'NONE',  ( -1.244599999999999929, 3.810000000000000053, 9.791700000000000514 ) ) ;
#501 = CARTESIAN_POINT ( 'NONE',  ( -1.193799999999999972, 2.767361338074914912, 0.007258257762572349614 ) ) ;
#502 = UNCERTAINTY_MEASURE_WITH_UNIT (LENGTH_MEASURE( 1.000000000000000082E-05 ), #1291, 'distance_accuracy_value', 'NONE');
#503 = EDGE_CURVE ( 'NONE', #2722, #266, #861, .T. ) ;
#504 = CARTESIAN_POINT ( 'NONE',  ( 3.124200000000000088, 0.000000000000000000, 7.544836881603200318 ) ) ;
#505 = ORIENTED_EDGE ( 'NONE', *, *, #284, .T. ) ;
#506 = ORIENTED_EDGE ( 'NONE', *, *, #2323, .F. ) ;
#507 =( NAMED_UNIT ( * ) SI_UNIT ( $, .STERADIAN. ) SOLID_ANGLE_UNIT ( ) );
#508 = DIRECTION ( 'NONE',  ( 0.000000000000000000, -1.000000000000000000, 0.000000000000000000 ) ) ;
#509 = DIRECTION ( 'NONE',  ( 0.000000000000000000, 1.000000000000000000, 0.000000000000000000 ) ) ;
#510 = CARTESIAN_POINT ( 'NONE',  ( -2.381250000000000089, -1.778000000000000025, 4.886445985523380386 ) ) ;
#511 = CARTESIAN_POINT ( 'NONE',  ( 2.881260653188180143, 0.000000000000000000, 6.958146610872010029 ) ) ;
#512 = VERTEX_POINT ( 'NONE', #2596 ) ;
#513 = LINE ( 'NONE', #2488, #1974 ) ;
#514 = DIRECTION ( 'NONE',  ( 0.000000000000000000, -1.000000000000000000, 0.000000000000000000 ) ) ;
#515 = ORIENTED_EDGE ( 'NONE', *, *, #1676, .T. ) ;
#516 = AXIS2_PLACEMENT_3D ( 'NONE', #2113, #3069, #855 ) ;
#517 = APPLICATION_PROTOCOL_DEFINITION ( 'draft international standard', 'automotive_design', 1998, #2431 ) ;
#518 = ORIENTED_EDGE ( 'NONE', *, *, #202, .F. ) ;
#519 = COLOUR_RGB ( '',0.2941176470588235392, 0.2941176470588235392, 0.2941176470588235392 ) ;
#520 = SURFACE_SIDE_STYLE ('',( #738 ) ) ;
#521 = PRESENTATION_STYLE_ASSIGNMENT (( #1511 ) ) ;
#522 = VECTOR ( 'NONE', #2194, 1000.000000000000000 ) ;
#523 = FACE_OUTER_BOUND ( 'NONE', #780, .T. ) ;
#524 = EDGE_CURVE ( 'NONE', #1867, #326, #2118, .T. ) ;
#525 = STYLED_ITEM ( 'NONE', ( #1545 ), #2038 ) ;
#526 = DIRECTION ( 'NONE',  ( -1.000000000000000000, 0.000000000000000000, 2.787599993534960045E-15 ) ) ;
#527 = ORIENTED_EDGE ( 'NONE', *, *, #786, .F. ) ;
#528 = DIRECTION ( 'NONE',  ( 0.000000000000000000, 0.000000000000000000, -1.000000000000000000 ) ) ;
#529 = SURFACE_STYLE_USAGE ( .BOTH. , #796 ) ;
#530 = COLOUR_RGB ( '',0.2941176470588235392, 0.2941176470588235392, 0.2941176470588235392 ) ;
#531 = ORIENTED_EDGE ( 'NONE', *, *, #1074, .F. ) ;
#532 = CIRCLE ( 'NONE', #1686, 7.531099999999999461 ) ;
#533 = ADVANCED_FACE ( 'NONE', ( #628 ), #3118, .F. ) ;
#534 = PRODUCT_CONTEXT ( 'NONE', #1030, 'mechanical' ) ;
#535 = EDGE_CURVE ( 'NONE', #2198, #1449, #1117, .T. ) ;
#536 = AXIS2_PLACEMENT_3D ( 'NONE', #2847, #626, #640 ) ;
#537 = ORIENTED_EDGE ( 'NONE', *, *, #450, .T. ) ;
#538 = FACE_OUTER_BOUND ( 'NONE', #549, .T. ) ;
#539 = DIRECTION ( 'NONE',  ( 0.000000000000000000, 0.000000000000000000, 1.000000000000000000 ) ) ;
#540 = DIRECTION ( 'NONE',  ( 2.736225955192569839E-17, 1.000000000000000000, 0.000000000000000000 ) ) ;
#541 = ADVANCED_FACE ( 'NONE', ( #963 ), #1732, .T. ) ;
#542 = FILL_AREA_STYLE_COLOUR ( '', #1058 ) ;
#543 = EDGE_CURVE ( 'NONE', #2329, #3066, #2727, .T. ) ;
#544 = VECTOR ( 'NONE', #349, 1000.000000000000000 ) ;
#545 = DIRECTION ( 'NONE',  ( 0.000000000000000000, -1.000000000000000000, -1.835919350580819924E-16 ) ) ;
#546 = PRESENTATION_LAYER_ASSIGNMENT (  '', '', ( #705 ) ) ;
#547 = VECTOR ( 'NONE', #1816, 1000.000000000000000 ) ;
#548 = EDGE_CURVE ( 'NONE', #228, #1251, #1259, .T. ) ;
#549 = EDGE_LOOP ( 'NONE', ( #2049, #2292, #1377, #1187 ) ) ;
#550 = CARTESIAN_POINT ( 'NONE',  ( -2.489199999999999857, 3.810000000000000053, 10.88390000000000057 ) ) ;
#551 = DIRECTION ( 'NONE',  ( 0.000000000000000000, 0.000000000000000000, -1.000000000000000000 ) ) ;
#552 = ORIENTED_EDGE ( 'NONE', *, *, #341, .F. ) ;
#553 = CARTESIAN_POINT ( 'NONE',  ( 1.193799999999999972, 4.184913584487254923, 8.792430572510230746 ) ) ;
#554 = ITEM_DEFINED_TRANSFORMATION ( 'NONE', 'NONE', #1344,  #2529 ) ;
#555 = DIRECTION ( 'NONE',  ( 0.000000000000000000, 0.000000000000000000, -1.000000000000000000 ) ) ;
#556 = ORIENTED_EDGE ( 'NONE', *, *, #1165, .F. ) ;
#557 = DIRECTION ( 'NONE',  ( 0.000000000000000000, 0.000000000000000000, 1.000000000000000000 ) ) ;
#558 = CARTESIAN_POINT ( 'NONE',  ( 0.000000000000000000, 3.378200000000000092, 9.059727763149499680 ) ) ;
#559 = DIRECTION ( 'NONE',  ( 0.000000000000000000, 0.000000000000000000, 1.000000000000000000 ) ) ;
#560 = FACE_OUTER_BOUND ( 'NONE', #1430, .T. ) ;
#561 = CARTESIAN_POINT ( 'NONE',  ( 1.854200000000000070, 0.000000000000000000, 9.791700000000000514 ) ) ;
#562 = EDGE_CURVE ( 'NONE', #622, #1590, #754, .T. ) ;
#563 = VERTEX_POINT ( 'NONE', #1968 ) ;
#564 = UNCERTAINTY_MEASURE_WITH_UNIT (LENGTH_MEASURE( 1.000000000000000082E-05 ), #7, 'distance_accuracy_value', 'NONE');
#565 = DIRECTION ( 'NONE',  ( 0.000000000000000000, 1.000000000000000000, 0.000000000000000000 ) ) ;
#566 = ORIENTED_EDGE ( 'NONE', *, *, #1888, .F. ) ;
#567 = VERTEX_POINT ( 'NONE', #2188 ) ;
#568 = ORIENTED_EDGE ( 'NONE', *, *, #2176, .F. ) ;
#569 = DIRECTION ( 'NONE',  ( 0.000000000000000000, 0.000000000000000000, -1.000000000000000000 ) ) ;
#570 = SURFACE_STYLE_FILL_AREA ( #2801 ) ;
#571 = CARTESIAN_POINT ( 'NONE',  ( 1.193799999999999972, 4.557302341002470669, 8.872976298784479354 ) ) ;
#572 = AXIS2_PLACEMENT_3D ( 'NONE', #255, #777, #2246 ) ;
#573 = STYLED_ITEM ( 'NONE', ( #1678 ), #16 ) ;
#574 = EDGE_CURVE ( 'NONE', #1615, #1032, #2236, .T. ) ;
#575 = CARTESIAN_POINT ( 'NONE',  ( 1.854200000000000070, 0.000000000000000000, 9.791700000000000514 ) ) ;
#576 = ORIENTED_EDGE ( 'NONE', *, *, #1802, .F. ) ;
#577 = DIRECTION ( 'NONE',  ( 0.000000000000000000, -0.1564344650402234582, -0.9876883405951388806 ) ) ;
#578 = DIRECTION ( 'NONE',  ( 1.000000000000000000, 0.000000000000000000, 0.000000000000000000 ) ) ;
#579 = DIRECTION ( 'NONE',  ( 0.000000000000000000, 1.000000000000000000, 0.000000000000000000 ) ) ;
#580 =( NAMED_UNIT ( * ) PLANE_ANGLE_UNIT ( ) SI_UNIT ( $, .RADIAN. ) );
#581 = VECTOR ( 'NONE', #1216, 1000.000000000000000 ) ;
#582 = PRESENTATION_LAYER_ASSIGNMENT (  '', '', ( #1983 ) ) ;
#583 = SURFACE_SIDE_STYLE ('',( #1808 ) ) ;
#584 = ADVANCED_FACE ( 'NONE', ( #2492 ), #1690, .F. ) ;
#585 = VERTEX_POINT ( 'NONE', #2705 ) ;
#586 = ORIENTED_EDGE ( 'NONE', *, *, #1930, .T. ) ;
#587 = AXIS2_PLACEMENT_3D ( 'NONE', #1620, #2859, #2395 ) ;
#588 = EDGE_CURVE ( 'NONE', #147, #1868, #1355, .T. ) ;
#589 = ORIENTED_EDGE ( 'NONE', *, *, #2224, .F. ) ;
#590 = CARTESIAN_POINT ( 'NONE',  ( 0.5453441052272470779, 4.348507584542304905, 7.554698088927840338 ) ) ;
#591 = CARTESIAN_POINT ( 'NONE',  ( 1.854200000000000070, 0.000000000000000000, 10.88390000000000057 ) ) ;
#592 = CARTESIAN_POINT ( 'NONE',  ( -1.619250000000000078, -1.778000000000000025, 4.124445985523379932 ) ) ;
#593 = PRESENTATION_LAYER_ASSIGNMENT (  '', '', ( #2820 ) ) ;
#594 = CARTESIAN_POINT ( 'NONE',  ( 0.000000000000000000, -5.664200000000000124, -1.181100000000000039 ) ) ;
#595 = DIRECTION ( 'NONE',  ( 0.000000000000000000, 0.000000000000000000, -1.000000000000000000 ) ) ;
#596 = VERTEX_POINT ( 'NONE', #2571 ) ;
#597 = AXIS2_PLACEMENT_3D ( 'NONE', #2321, #1073, #2044 ) ;
#598 = PRESENTATION_STYLE_ASSIGNMENT (( #1357 ) ) ;
#599 = CARTESIAN_POINT ( 'NONE',  ( -5.325291879793939920, 1.397000000000000020, -5.325291879794080252 ) ) ;
#600 = PRESENTATION_STYLE_ASSIGNMENT (( #1613 ) ) ;
#601 = EDGE_LOOP ( 'NONE', ( #753, #999 ) ) ;
#602 = ORIENTED_EDGE ( 'NONE', *, *, #2945, .T. ) ;
#603 = ADVANCED_FACE ( 'NONE', ( #1899 ), #1912, .T. ) ;
#604 = MECHANICAL_DESIGN_GEOMETRIC_PRESENTATION_REPRESENTATION (  '', ( #1498 ), #2324 ) ;
#605 = SURFACE_SIDE_STYLE ('',( #1656 ) ) ;
#606 = ORIENTED_EDGE ( 'NONE', *, *, #524, .F. ) ;
#607 =( NAMED_UNIT ( * ) SI_UNIT ( $, .STERADIAN. ) SOLID_ANGLE_UNIT ( ) );
#609 = DIRECTION ( 'NONE',  ( 0.000000000000000000, 1.000000000000000000, 0.000000000000000000 ) ) ;
#608 = CARTESIAN_POINT ( 'NONE',  ( -1.193799999999999972, -2.514600000000000168, 10.17269999999999897 ) ) ;
#610 = ADVANCED_BREP_SHAPE_REPRESENTATION ( '', ( #745, #2529 ), #2988 ) ;
#611 = CARTESIAN_POINT ( 'NONE',  ( -0.4901943563112149960, 4.273245732988959489, 7.566618395163899891 ) ) ;
#612 = SURFACE_STYLE_FILL_AREA ( #1595 ) ;
#613 = ORIENTED_EDGE ( 'NONE', *, *, #2474, .F. ) ;
#614 = PRESENTATION_LAYER_ASSIGNMENT (  '', '', ( #1441 ) ) ;
#615 = VERTEX_POINT ( 'NONE', #1825 ) ;
#616 = SPHERICAL_SURFACE ( 'NONE', #1033, 0.7620000000000000107 ) ;
#617 = CARTESIAN_POINT ( 'NONE',  ( 0.000000000000000000, -5.664200000000000124, -8.673617379884030542E-16 ) ) ;
#618 = ORIENTED_EDGE ( 'NONE', *, *, #1583, .F. ) ;
#619 = UNCERTAINTY_MEASURE_WITH_UNIT (LENGTH_MEASURE( 1.000000000000000082E-05 ), #712, 'distance_accuracy_value', 'NONE');
#620 = ORIENTED_EDGE ( 'NONE', *, *, #826, .T. ) ;
#621 = DIRECTION ( 'NONE',  ( 0.000000000000000000, 0.000000000000000000, -1.000000000000000000 ) ) ;
#622 = VERTEX_POINT ( 'NONE', #27 ) ;
#623 = FILL_AREA_STYLE_COLOUR ( '', #1932 ) ;
#624 = DIRECTION ( 'NONE',  ( 1.000000000000000000, 0.000000000000000000, 0.000000000000000000 ) ) ;
#626 = DIRECTION ( 'NONE',  ( 0.000000000000000000, 1.000000000000000000, 0.000000000000000000 ) ) ;
#625 = SURFACE_SIDE_STYLE ('',( #1366 ) ) ;
#627 = LINE ( 'NONE', #2159, #2630 ) ;
#628 = FACE_OUTER_BOUND ( 'NONE', #2697, .T. ) ;
#629 = AXIS2_PLACEMENT_3D ( 'NONE', #591, #1592, #2095 ) ;
#630 = EDGE_CURVE ( 'NONE', #871, #1967, #2754, .T. ) ;
#631 = ORIENTED_EDGE ( 'NONE', *, *, #3023, .T. ) ;
#632 = CARTESIAN_POINT ( 'NONE',  ( -1.193799999999999972, 4.184913584487254923, 8.792430572510230746 ) ) ;
#633 = VERTEX_POINT ( 'NONE', #1276 ) ;
#634 = ORIENTED_EDGE ( 'NONE', *, *, #2213, .F. ) ;
#635 = AXIS2_PLACEMENT_3D ( 'NONE', #2869, #3205, #2665 ) ;
#636 = PRESENTATION_STYLE_ASSIGNMENT (( #161 ) ) ;
#637 = ORIENTED_EDGE ( 'NONE', *, *, #1465, .T. ) ;
#638 =( GEOMETRIC_REPRESENTATION_CONTEXT ( 3 ) GLOBAL_UNCERTAINTY_ASSIGNED_CONTEXT ( ( #1997 ) ) GLOBAL_UNIT_ASSIGNED_CONTEXT ( ( #1002, #580, #1807 ) ) REPRESENTATION_CONTEXT ( 'NONE', 'WORKASPACE' ) );
#639 = CARTESIAN_POINT ( 'NONE',  ( -1.244599999999999929, 0.000000000000000000, 10.88390000000000057 ) ) ;
#640 = DIRECTION ( 'NONE',  ( 0.000000000000000000, 0.000000000000000000, 1.000000000000000000 ) ) ;
#641 = DIRECTION ( 'NONE',  ( 0.000000000000000000, 1.000000000000000000, 1.145909393315546027E-16 ) ) ;
#642 = STYLED_ITEM ( 'NONE', ( #1310 ), #2139 ) ;
#643 = VECTOR ( 'NONE', #2971, 1000.000000000000000 ) ;
#644 = EDGE_CURVE ( 'NONE', #2039, #3076, #1055, .T. ) ;
#645 = EDGE_CURVE ( 'NONE', #1636, #3092, #916, .T. ) ;
#646 = VERTEX_POINT ( 'NONE', #2636 ) ;
#647 = ADVANCED_FACE ( 'NONE', ( #1858 ), #2625, .T. ) ;
#648 = CIRCLE ( 'NONE', #2731, 0.7620000000000001217 ) ;
#649 = FILL_AREA_STYLE ('',( #3106 ) ) ;
#650 = CIRCLE ( 'NONE', #1695, 0.6350000000000001199 ) ;
#651 = ORIENTED_EDGE ( 'NONE', *, *, #1121, .T. ) ;
#652 = ORIENTED_EDGE ( 'NONE', *, *, #2130, .F. ) ;
#653 = VECTOR ( 'NONE', #906, 1000.000000000000000 ) ;
#654 = DIRECTION ( 'NONE',  ( 0.000000000000000000, 0.000000000000000000, 1.000000000000000000 ) ) ;
#655 = DIRECTION ( 'NONE',  ( -1.000000000000000000, 0.000000000000000000, 0.000000000000000000 ) ) ;
#657 = SURFACE_STYLE_FILL_AREA ( #2129 ) ;
#656 = CARTESIAN_POINT ( 'NONE',  ( 4.000500000000000611, -1.778000000000000025, -9.331808609502830497E-17 ) ) ;
#658 = CARTESIAN_POINT ( 'NONE',  ( 0.000000000000000000, -5.664200000000000124, -8.673617379884030542E-16 ) ) ;
#659 = CIRCLE ( 'NONE', #2166, 0.7620000000000000107 ) ;
#660 = DIRECTION ( 'NONE',  ( 0.000000000000000000, 1.000000000000000000, 0.000000000000000000 ) ) ;
#661 = CARTESIAN_POINT ( 'NONE',  ( -1.193799999999999972, 3.227283930490484565, 5.181719571481609776 ) ) ;
#662 = EDGE_CURVE ( 'NONE', #3017, #804, #2874, .T. ) ;
#663 = EDGE_LOOP ( 'NONE', ( #1870, #2755, #3173, #1758 ) ) ;
#664 = CARTESIAN_POINT ( 'NONE',  ( 2.881260653188180143, 3.810000000000000053, 6.958146610872010029 ) ) ;
#665 = ORIENTED_EDGE ( 'NONE', *, *, #1460, .T. ) ;
#666 = ORIENTED_EDGE ( 'NONE', *, *, #2646, .T. ) ;
#667 =( NAMED_UNIT ( * ) SI_UNIT ( $, .STERADIAN. ) SOLID_ANGLE_UNIT ( ) );
#668 = ORIENTED_EDGE ( 'NONE', *, *, #978, .T. ) ;
#669 = CARTESIAN_POINT ( 'NONE',  ( 0.000000000000000000, 1.397000000000000020, -5.821219718042969812E-17 ) ) ;
#670 = SURFACE_STYLE_USAGE ( .BOTH. , #625 ) ;
#671 = FACE_OUTER_BOUND ( 'NONE', #2911, .T. ) ;
#672 = DIRECTION ( 'NONE',  ( 0.000000000000000000, 0.000000000000000000, -1.000000000000000000 ) ) ;
#673 = DIRECTION ( 'NONE',  ( -2.057114453060439919E-16, 1.000000000000000000, 0.000000000000000000 ) ) ;
#674 =( GEOMETRIC_REPRESENTATION_CONTEXT ( 3 ) GLOBAL_UNCERTAINTY_ASSIGNED_CONTEXT ( ( #1516 ) ) GLOBAL_UNIT_ASSIGNED_CONTEXT ( ( #1281, #103, #607 ) ) REPRESENTATION_CONTEXT ( 'NONE', 'WORKASPACE' ) );
#675 = LINE ( 'NONE', #1914, #1775 ) ;
#676 = DIRECTION ( 'NONE',  ( 0.000000000000000000, 1.000000000000000000, 0.000000000000000000 ) ) ;
#677 = VECTOR ( 'NONE', #1095, 1000.000000000000000 ) ;
#678 = COLOUR_RGB ( '',0.2941176470588235392, 0.2941176470588235392, 0.2941176470588235392 ) ;
#679 = ORIENTED_EDGE ( 'NONE', *, *, #1919, .T. ) ;
#680 = PRESENTATION_STYLE_ASSIGNMENT (( #3100 ) ) ;
#681 = AXIS2_PLACEMENT_3D ( 'NONE', #1237, #222, #1943 ) ;
#682 = PLANE ( 'NONE',  #2358 ) ;
#683 = EDGE_CURVE ( 'NONE', #1867, #1995, #532, .T. ) ;
#684 = EDGE_LOOP ( 'NONE', ( #2740, #2434, #1963, #2305 ) ) ;
#685 = CARTESIAN_POINT ( 'NONE',  ( -1.193799999999999972, 3.562048420479249966, 5.024715027985879878 ) ) ;
#686 = SURFACE_STYLE_USAGE ( .BOTH. , #230 ) ;
#687 = EDGE_CURVE ( 'NONE', #721, #159, #1869, .T. ) ;
#688 = CARTESIAN_POINT ( 'NONE',  ( -1.193799999999999972, 3.810000000000000053, 10.17269999999999897 ) ) ;
#689 = VECTOR ( 'NONE', #1894, 1000.000000000000000 ) ;
#690 = EDGE_LOOP ( 'NONE', ( #2876, #2690, #2481, #1125 ) ) ;
#691 = DIRECTION ( 'NONE',  ( 0.000000000000000000, -0.1908089953765525759, 0.9816271834476624214 ) ) ;
#692 = LINE ( 'NONE', #1691, #1603 ) ;
#693 = DIRECTION ( 'NONE',  ( 0.000000000000000000, 0.1908089953765525759, -0.9816271834476624214 ) ) ;
#694 = VECTOR ( 'NONE', #1658, 1000.000000000000000 ) ;
#695 = COLOUR_RGB ( '',0.2941176470588235392, 0.2941176470588235392, 0.2941176470588235392 ) ;
#696 = AXIS2_PLACEMENT_3D ( 'NONE', #1791, #1453, #490 ) ;
#697 = VERTEX_POINT ( 'NONE', #2110 ) ;
#698 = DIRECTION ( 'NONE',  ( 2.019319466587198832E-16, -0.9816271834476625324, -0.1908089953765524094 ) ) ;
#699 = MECHANICAL_DESIGN_GEOMETRIC_PRESENTATION_REPRESENTATION (  '', ( #2411 ), #2463 ) ;
#700 = ORIENTED_EDGE ( 'NONE', *, *, #1993, .F. ) ;
#701 = DIRECTION ( 'NONE',  ( 0.000000000000000000, 0.000000000000000000, -1.000000000000000000 ) ) ;
#702 = AXIS2_PLACEMENT_3D ( 'NONE', #1351, #1829, #559 ) ;
#703 = VERTEX_POINT ( 'NONE', #132 ) ;
#704 = EDGE_CURVE ( 'NONE', #1615, #867, #392, .T. ) ;
#705 = STYLED_ITEM ( 'NONE', ( #2926 ), #533 ) ;
#706 = PLANE ( 'NONE',  #3074 ) ;
#707 = ORIENTED_EDGE ( 'NONE', *, *, #940, .T. ) ;
#708 = SURFACE_STYLE_USAGE ( .BOTH. , #1753 ) ;
#709 = DIRECTION ( 'NONE',  ( -2.669017357425335314E-15, -1.000000000000000000, 0.000000000000000000 ) ) ;
#710 = SURFACE_STYLE_USAGE ( .BOTH. , #1941 ) ;
#711 = PRESENTATION_LAYER_ASSIGNMENT (  '', '', ( #1952 ) ) ;
#712 =( LENGTH_UNIT ( ) NAMED_UNIT ( * ) SI_UNIT ( .MILLI., .METRE. ) );
#713 = DIRECTION ( 'NONE',  ( -1.138269997360132058E-15, 0.000000000000000000, -1.000000000000000000 ) ) ;
#714 = DIRECTION ( 'NONE',  ( 1.224646799147353207E-16, 0.000000000000000000, -1.000000000000000000 ) ) ;
#715 = VERTEX_POINT ( 'NONE', #1141 ) ;
#716 = CARTESIAN_POINT ( 'NONE',  ( -0.04080974092659949565, 4.327112163092960095, 7.419612714344899551 ) ) ;
#717 = DIRECTION ( 'NONE',  ( 0.000000000000000000, 0.000000000000000000, -1.000000000000000000 ) ) ;
#718 = ORIENTED_EDGE ( 'NONE', *, *, #2615, .F. ) ;
#719 = SHAPE_REPRESENTATION_RELATIONSHIP ( 'NONE' , 'NONE' ,  #445, #610 ) ;
#720 = DIRECTION ( 'NONE',  ( 0.000000000000000000, -0.1564344650402234582, -0.9876883405951388806 ) ) ;
#721 = VERTEX_POINT ( 'NONE', #1843 ) ;
#722 = CARTESIAN_POINT ( 'NONE',  ( 1.854200000000000070, 0.000000000000000000, 10.88390000000000057 ) ) ;
#723 = LINE ( 'NONE', #989, #2380 ) ;
#724 = FILL_AREA_STYLE_COLOUR ( '', #1378 ) ;
#725 =( NAMED_UNIT ( * ) SI_UNIT ( $, .STERADIAN. ) SOLID_ANGLE_UNIT ( ) );
#726 = EDGE_CURVE ( 'NONE', #1702, #1717, #1046, .T. ) ;
#727 = PLANE ( 'NONE',  #2789 ) ;
#728 = CYLINDRICAL_SURFACE ( 'NONE', #1182, 0.4445000000000000062 ) ;
#729 = LINE ( 'NONE', #980, #847 ) ;
#730 = EDGE_CURVE ( 'NONE', #1251, #804, #2827, .T. ) ;
#731 = ORIENTED_EDGE ( 'NONE', *, *, #803, .T. ) ;
#732 = DIRECTION ( 'NONE',  ( -4.834249947226780808E-16, 0.000000000000000000, 1.000000000000000000 ) ) ;
#733 = AXIS2_PLACEMENT_3D ( 'NONE', #1682, #1861, #624 ) ;
#734 = EDGE_LOOP ( 'NONE', ( #2536, #1440 ) ) ;
#735 = FILL_AREA_STYLE ('',( #2657 ) ) ;
#736 = ORIENTED_EDGE ( 'NONE', *, *, #163, .F. ) ;
#737 = PRESENTATION_STYLE_ASSIGNMENT (( #708 ) ) ;
#738 = SURFACE_STYLE_FILL_AREA ( #1019 ) ;
#739 = DIRECTION ( 'NONE',  ( 0.000000000000000000, 1.000000000000000000, 0.000000000000000000 ) ) ;
#740 = CIRCLE ( 'NONE', #2714, 0.8498438653775884921 ) ;
#741 =( GEOMETRIC_REPRESENTATION_CONTEXT ( 3 ) GLOBAL_UNCERTAINTY_ASSIGNED_CONTEXT ( ( #3080 ) ) GLOBAL_UNIT_ASSIGNED_CONTEXT ( ( #823, #810, #1577 ) ) REPRESENTATION_CONTEXT ( 'NONE', 'WORKASPACE' ) );
#742 = PRESENTATION_STYLE_ASSIGNMENT (( #476 ) ) ;
#743 = ADVANCED_FACE ( 'NONE', ( #2590 ), #208, .T. ) ;
#744 = ADVANCED_FACE ( 'NONE', ( #360 ), #682, .T. ) ;
#745 = MANIFOLD_SOLID_BREP ( 'NONE', #15 ) ;
#746 = EDGE_LOOP ( 'NONE', ( #556, #3113, #1094, #2622, #117 ) ) ;
#747 = CARTESIAN_POINT ( 'NONE',  ( 1.193799999999999972, 4.184913584487254923, 8.792430572510230746 ) ) ;
#748 = DIRECTION ( 'NONE',  ( 0.000000000000000000, 1.000000000000000000, 0.000000000000000000 ) ) ;
#749 =( NAMED_UNIT ( * ) SI_UNIT ( $, .STERADIAN. ) SOLID_ANGLE_UNIT ( ) );
#750 = ORIENTED_EDGE ( 'NONE', *, *, #3085, .T. ) ;
#751 = DIRECTION ( 'NONE',  ( 0.000000000000000000, 0.000000000000000000, 1.000000000000000000 ) ) ;
#752 = AXIS2_PLACEMENT_3D ( 'NONE', #840, #279, #1784 ) ;
#753 = ORIENTED_EDGE ( 'NONE', *, *, #1919, .F. ) ;
#754 = LINE ( 'NONE', #976, #2931 ) ;
#755 = CARTESIAN_POINT ( 'NONE',  ( -0.04080974092659969688, 4.343544974893959854, 8.010470340222120456 ) ) ;
#756 =( NAMED_UNIT ( * ) PLANE_ANGLE_UNIT ( ) SI_UNIT ( $, .RADIAN. ) );
#757 = CARTESIAN_POINT ( 'NONE',  ( 0.000000000000000000, 0.000000000000000000, 0.000000000000000000 ) ) ;
#758 = CARTESIAN_POINT ( 'NONE',  ( -2.381250000000000089, 0.000000000000000000, 3.362445985523375036 ) ) ;
#759 = ORIENTED_EDGE ( 'NONE', *, *, #2790, .T. ) ;
#760 = DIRECTION ( 'NONE',  ( 0.000000000000000000, 1.000000000000000000, 0.000000000000000000 ) ) ;
#761 =( NAMED_UNIT ( * ) PLANE_ANGLE_UNIT ( ) SI_UNIT ( $, .RADIAN. ) );
#762 =( NAMED_UNIT ( * ) SI_UNIT ( $, .STERADIAN. ) SOLID_ANGLE_UNIT ( ) );
#763 = AXIS2_PLACEMENT_3D ( 'NONE', #1722, #280, #1248 ) ;
#764 = EDGE_LOOP ( 'NONE', ( #3067, #3060, #1306, #3127 ) ) ;
#765 = APPLICATION_PROTOCOL_DEFINITION ( 'draft international standard', 'automotive_design', 1998, #936 ) ;
#766 = EDGE_CURVE ( 'NONE', #422, #2428, #956, .T. ) ;
#767 = VERTEX_POINT ( 'NONE', #2181 ) ;
#768 = CARTESIAN_POINT ( 'NONE',  ( -0.04080974092659969688, 4.251850311539610239, 7.431533020580969762 ) ) ;
#769 = SURFACE_STYLE_USAGE ( .BOTH. , #1755 ) ;
#770 = CARTESIAN_POINT ( 'NONE',  ( -2.381249999999960121, -1.778000000000000025, -4.124445985523414571 ) ) ;
#771 = LINE ( 'NONE', #252, #2992 ) ;
#772 = CARTESIAN_POINT ( 'NONE',  ( -0.4445000000000000062, -6.477000000000000313, 9.791700000000000514 ) ) ;
#773 = FACE_OUTER_BOUND ( 'NONE', #925, .T. ) ;
#774 = UNCERTAINTY_MEASURE_WITH_UNIT (LENGTH_MEASURE( 1.000000000000000082E-05 ), #1303, 'distance_accuracy_value', 'NONE');
#775 = EDGE_CURVE ( 'NONE', #3017, #1819, #3142, .T. ) ;
#776 = EDGE_LOOP ( 'NONE', ( #1855, #2781, #1856, #1320, #527 ) ) ;
#777 = DIRECTION ( 'NONE',  ( 0.000000000000000000, 1.000000000000000000, 0.000000000000000000 ) ) ;
#778 =( LENGTH_UNIT ( ) NAMED_UNIT ( * ) SI_UNIT ( .MILLI., .METRE. ) );
#779 = DIRECTION ( 'NONE',  ( 0.000000000000000000, 0.7071067811865431318, 0.7071067811865520136 ) ) ;
#780 = EDGE_LOOP ( 'NONE', ( #2828, #2799, #1277, #195, #2984 ) ) ;
#781 = MECHANICAL_DESIGN_GEOMETRIC_PRESENTATION_REPRESENTATION (  '', ( #1571 ), #108 ) ;
#782 = EDGE_CURVE ( 'NONE', #2152, #1853, #3, .T. ) ;
#783 = ORIENTED_EDGE ( 'NONE', *, *, #2616, .T. ) ;
#784 = AXIS2_PLACEMENT_3D ( 'NONE', #2120, #1865, #2374 ) ;
#785 = DIRECTION ( 'NONE',  ( -1.148500168833074000E-16, 0.000000000000000000, -1.000000000000000000 ) ) ;
#786 = EDGE_CURVE ( 'NONE', #1361, #842, #2699, .T. ) ;
#787 = CARTESIAN_POINT ( 'NONE',  ( -2.381250000000000089, -2.540000000000000036, 4.886445985523380386 ) ) ;
#788 =( LENGTH_UNIT ( ) NAMED_UNIT ( * ) SI_UNIT ( .MILLI., .METRE. ) );
#789 = SURFACE_SIDE_STYLE ('',( #612 ) ) ;
#790 = MECHANICAL_DESIGN_GEOMETRIC_PRESENTATION_REPRESENTATION (  '', ( #525 ), #1476 ) ;
#791 = DIRECTION ( 'NONE',  ( 0.000000000000000000, 0.000000000000000000, -1.000000000000000000 ) ) ;
#792 = VECTOR ( 'NONE', #1080, 1000.000000000000000 ) ;
#793 = ORIENTED_EDGE ( 'NONE', *, *, #2456, .F. ) ;
#794 = CARTESIAN_POINT ( 'NONE',  ( 0.09595948984263130699, 4.256812921187960619, 6.975760769286689644 ) ) ;
#795 = DIRECTION ( 'NONE',  ( 0.000000000000000000, 1.000000000000000000, 0.000000000000000000 ) ) ;
#796 = SURFACE_SIDE_STYLE ('',( #814 ) ) ;
#797 = FILL_AREA_STYLE_COLOUR ( '', #519 ) ;
#798 = VECTOR ( 'NONE', #2183, 1000.000000000000000 ) ;
#799 = FACE_BOUND ( 'NONE', #2391, .T. ) ;
#800 = ORIENTED_EDGE ( 'NONE', *, *, #1876, .T. ) ;
#801 = AXIS2_PLACEMENT_3D ( 'NONE', #2939, #2670, #717 ) ;
#802 = PRESENTATION_LAYER_ASSIGNMENT (  '', '', ( #2307 ) ) ;
#803 = EDGE_CURVE ( 'NONE', #2976, #2599, #2567, .T. ) ;
#804 = VERTEX_POINT ( 'NONE', #2955 ) ;
#805 = DIRECTION ( 'NONE',  ( 1.000000000000000000, 5.787813545898870539E-16, 0.000000000000000000 ) ) ;
#806 = FACE_OUTER_BOUND ( 'NONE', #1564, .T. ) ;
#807 = CARTESIAN_POINT ( 'NONE',  ( -0.04080974092659969688, 4.273245732988959489, 7.566618395163899891 ) ) ;
#808 = CARTESIAN_POINT ( 'NONE',  ( -1.193799999999999972, 4.032808866615614996, 5.561454830437099872 ) ) ;
#809 = MECHANICAL_DESIGN_GEOMETRIC_PRESENTATION_REPRESENTATION (  '', ( #278 ), #2261 ) ;
#810 =( NAMED_UNIT ( * ) PLANE_ANGLE_UNIT ( ) SI_UNIT ( $, .RADIAN. ) );
#811 = AXIS2_PLACEMENT_3D ( 'NONE', #3102, #1112, #412 ) ;
#812 = ORIENTED_EDGE ( 'NONE', *, *, #2043, .F. ) ;
#813 = CARTESIAN_POINT ( 'NONE',  ( -1.244599999999999929, -1.270000000000000018, 9.791700000000000514 ) ) ;
#814 = SURFACE_STYLE_FILL_AREA ( #3002 ) ;
#815 = DIRECTION ( 'NONE',  ( 0.000000000000000000, 1.000000000000000000, 0.000000000000000000 ) ) ;
#816 = VERTEX_POINT ( 'NONE', #244 ) ;
#817 = EDGE_LOOP ( 'NONE', ( #930, #2589, #3200, #1805, #606, #2410, #1371, #3041, #1900, #637, #1903, #1443, #1936, #3194, #618, #1842 ) ) ;
#818 = ORIENTED_EDGE ( 'NONE', *, *, #927, .T. ) ;
#819 = ADVANCED_FACE ( 'NONE', ( #2475 ), #985, .F. ) ;
#820 = CARTESIAN_POINT ( 'NONE',  ( 0.000000000000000000, -5.664200000000000124, -8.673617379884030542E-16 ) ) ;
#821 = CARTESIAN_POINT ( 'NONE',  ( -1.854200000000000070, 0.000000000000000000, 11.51890000000000036 ) ) ;
#822 = CARTESIAN_POINT ( 'NONE',  ( 1.244599999999999929, 3.810000000000000053, 10.17269999999999897 ) ) ;
#823 =( LENGTH_UNIT ( ) NAMED_UNIT ( * ) SI_UNIT ( .MILLI., .METRE. ) );
#824 = VERTEX_POINT ( 'NONE', #1747 ) ;
#825 = CARTESIAN_POINT ( 'NONE',  ( -2.381249999999960121, -1.778000000000000025, -4.124445985523414571 ) ) ;
#826 = EDGE_CURVE ( 'NONE', #50, #2635, #2304, .T. ) ;
#827 = CARTESIAN_POINT ( 'NONE',  ( 0.000000000000000000, 1.397000000000000020, 0.000000000000000000 ) ) ;
#828 = CARTESIAN_POINT ( 'NONE',  ( 2.489199999999999857, 3.810000000000000053, 10.88390000000000057 ) ) ;
#829 = CARTESIAN_POINT ( 'NONE',  ( -0.4445000000000000062, -6.477000000000000313, 10.17269999999999897 ) ) ;
#830 = DIRECTION ( 'NONE',  ( 0.000000000000000000, 0.000000000000000000, 1.000000000000000000 ) ) ;
#831 = ORIENTED_EDGE ( 'NONE', *, *, #3122, .F. ) ;
#832 = EDGE_LOOP ( 'NONE', ( #1300, #1840, #2648, #2637 ) ) ;
#833 = ORIENTED_EDGE ( 'NONE', *, *, #1162, .F. ) ;
#834 = MECHANICAL_DESIGN_GEOMETRIC_PRESENTATION_REPRESENTATION (  '', ( #1513 ), #674 ) ;
#835 =( LENGTH_UNIT ( ) NAMED_UNIT ( * ) SI_UNIT ( .MILLI., .METRE. ) );
#836 = CARTESIAN_POINT ( 'NONE',  ( -1.193799999999999972, 0.000000000000000000, 10.17269999999999897 ) ) ;
#837 = DIRECTION ( 'NONE',  ( 0.000000000000000000, 0.000000000000000000, 1.000000000000000000 ) ) ;
#838 = AXIS2_PLACEMENT_3D ( 'NONE', #1290, #305, #2792 ) ;
#839 =( GEOMETRIC_REPRESENTATION_CONTEXT ( 3 ) GLOBAL_UNCERTAINTY_ASSIGNED_CONTEXT ( ( #1376 ) ) GLOBAL_UNIT_ASSIGNED_CONTEXT ( ( #2045, #2283, #1803 ) ) REPRESENTATION_CONTEXT ( 'NONE', 'WORKASPACE' ) );
#840 = CARTESIAN_POINT ( 'NONE',  ( -2.381250000000000089, -2.540000000000000036, 4.124445985523379932 ) ) ;
#841 = ADVANCED_FACE ( 'NONE', ( #2368 ), #380, .F. ) ;
#842 = VERTEX_POINT ( 'NONE', #166 ) ;
#843 = CARTESIAN_POINT ( 'NONE',  ( -0.04080974092659949565, 4.418806826447305269, 7.998550033986050245 ) ) ;
#844 = DIRECTION ( 'NONE',  ( 0.000000000000000000, -1.000000000000000000, -1.145909393315546027E-16 ) ) ;
#845 = CARTESIAN_POINT ( 'NONE',  ( 0.000000000000000000, 3.810000000000000053, 0.000000000000000000 ) ) ;
#846 = UNCERTAINTY_MEASURE_WITH_UNIT (LENGTH_MEASURE( 1.000000000000000082E-05 ), #3182, 'distance_accuracy_value', 'NONE');
#847 = VECTOR ( 'NONE', #1915, 1000.000000000000000 ) ;
#848 = DIRECTION ( 'NONE',  ( 0.000000000000000000, -0.9876883405951388806, 0.1564344650402234305 ) ) ;
#849 = ORIENTED_EDGE ( 'NONE', *, *, #3122, .T. ) ;
#850 = ORIENTED_EDGE ( 'NONE', *, *, #1818, .T. ) ;
#851 = AXIS2_PLACEMENT_3D ( 'NONE', #102, #2578, #805 ) ;
#852 = DIRECTION ( 'NONE',  ( 0.000000000000000000, 0.000000000000000000, -1.000000000000000000 ) ) ;
#853 = VERTEX_POINT ( 'NONE', #1383 ) ;
#854 = VECTOR ( 'NONE', #577, 1000.000000000000000 ) ;
#855 = DIRECTION ( 'NONE',  ( 0.000000000000000000, 0.000000000000000000, 1.000000000000000000 ) ) ;
#857 =( LENGTH_UNIT ( ) NAMED_UNIT ( * ) SI_UNIT ( .MILLI., .METRE. ) );
#856 = CARTESIAN_POINT ( 'NONE',  ( 2.489199999999999857, 3.810000000000000053, 10.88390000000000057 ) ) ;
#858 = PRESENTATION_LAYER_ASSIGNMENT (  '', '', ( #2411 ) ) ;
#859 = LINE ( 'NONE', #1090, #83 ) ;
#860 = CIRCLE ( 'NONE', #702, 7.531099999999999461 ) ;
#861 = CIRCLE ( 'NONE', #1946, 1.193800000000000638 ) ;
#862 = ORIENTED_EDGE ( 'NONE', *, *, #1583, .T. ) ;
#863 = VECTOR ( 'NONE', #2787, 1000.000000000000000 ) ;
#864 = SURFACE_SIDE_STYLE ('',( #80 ) ) ;
#865 = DIRECTION ( 'NONE',  ( 0.000000000000000000, 0.000000000000000000, 1.000000000000000000 ) ) ;
#866 = ORIENTED_EDGE ( 'NONE', *, *, #2263, .F. ) ;
#867 = VERTEX_POINT ( 'NONE', #3116 ) ;
#868 = EDGE_CURVE ( 'NONE', #1967, #2390, #904, .T. ) ;
#869 = CARTESIAN_POINT ( 'NONE',  ( 0.000000000000000000, 3.810000000000000053, 0.000000000000000000 ) ) ;
#870 = ADVANCED_FACE ( 'NONE', ( #365 ), #2097, .F. ) ;
#871 = VERTEX_POINT ( 'NONE', #122 ) ;
#872 = CARTESIAN_POINT ( 'NONE',  ( -0.8000867046139802374, 3.786003424334135392, 6.273810944624085728 ) ) ;
#873 = DIRECTION ( 'NONE',  ( 2.709451824002074729E-15, 0.9876883405951388806, -0.1564344650402234582 ) ) ;
#874 = EDGE_CURVE ( 'NONE', #567, #2645, #2861, .T. ) ;
#875 = CARTESIAN_POINT ( 'NONE',  ( 2.489199999999999857, 0.000000000000000000, 7.544836881603200318 ) ) ;
#876 = DIRECTION ( 'NONE',  ( 0.000000000000000000, 0.000000000000000000, 1.000000000000000000 ) ) ;
#877 = CIRCLE ( 'NONE', #2686, 0.4317999999999999616 ) ;
#878 = ORIENTED_EDGE ( 'NONE', *, *, #2616, .F. ) ;
#879 = PLANE ( 'NONE',  #635 ) ;
#880 = EDGE_CURVE ( 'NONE', #1726, #3124, #2623, .T. ) ;
#881 = VERTEX_POINT ( 'NONE', #2143 ) ;
#882 = ORIENTED_EDGE ( 'NONE', *, *, #1600, .T. ) ;
#883 =( LENGTH_UNIT ( ) NAMED_UNIT ( * ) SI_UNIT ( .MILLI., .METRE. ) );
#884 = ORIENTED_EDGE ( 'NONE', *, *, #2146, .T. ) ;
#885 = EDGE_CURVE ( 'NONE', #2635, #715, #1623, .T. ) ;
#886 = DIRECTION ( 'NONE',  ( 0.000000000000000000, 1.000000000000000000, 0.000000000000000000 ) ) ;
#887 = EDGE_CURVE ( 'NONE', #804, #93, #193, .T. ) ;
#889 = SURFACE_STYLE_USAGE ( .BOTH. , #3101 ) ;
#888 =( NAMED_UNIT ( * ) PLANE_ANGLE_UNIT ( ) SI_UNIT ( $, .RADIAN. ) );
#890 = DIRECTION ( 'NONE',  ( 0.000000000000000000, 0.000000000000000000, -1.000000000000000000 ) ) ;
#891 = FILL_AREA_STYLE ('',( #933 ) ) ;
#892 = ADVANCED_FACE ( 'NONE', ( #181 ), #1718, .F. ) ;
#893 = AXIS2_PLACEMENT_3D ( 'NONE', #2334, #1000, #1240 ) ;
#894 = LINE ( 'NONE', #2852, #2866 ) ;
#895 = EDGE_LOOP ( 'NONE', ( #209, #158, #473, #1539 ) ) ;
#896 = VERTEX_POINT ( 'NONE', #2908 ) ;
#897 = VECTOR ( 'NONE', #2328, 1000.000000000000000 ) ;
#898 =( NAMED_UNIT ( * ) PLANE_ANGLE_UNIT ( ) SI_UNIT ( $, .RADIAN. ) );
#899 = VERTEX_POINT ( 'NONE', #2675 ) ;
#900 = MECHANICAL_DESIGN_GEOMETRIC_PRESENTATION_REPRESENTATION (  '', ( #477 ), #638 ) ;
#901 = CIRCLE ( 'NONE', #2867, 0.7619999999999996776 ) ;
#902 = CARTESIAN_POINT ( 'NONE',  ( -1.193799999999999972, 3.810000000000000053, 6.197977345069920041 ) ) ;
#904 = LINE ( 'NONE', #1133, #1164 ) ;
#903 = LINE ( 'NONE', #1397, #1340 ) ;
#905 = ADVANCED_FACE ( 'NONE', ( #1438 ), #1965, .T. ) ;
#906 = DIRECTION ( 'NONE',  ( 7.927237481614895567E-16, -0.1564344650402249015, -0.9876883405951386585 ) ) ;
#907 = AXIS2_PLACEMENT_3D ( 'NONE', #1687, #1230, #1439 ) ;
#908 = CARTESIAN_POINT ( 'NONE',  ( 1.193799999999999972, 3.562048420479239752, 5.024715027985879878 ) ) ;
#909 = CARTESIAN_POINT ( 'NONE',  ( -2.168404344971009854E-16, 2.840059565313375334, -0.3667416991309874752 ) ) ;
#910 = MECHANICAL_DESIGN_GEOMETRIC_PRESENTATION_REPRESENTATION (  '', ( #2155 ), #3025 ) ;
#911 = PRODUCT_DEFINITION_CONTEXT ( 'detailed design', #2431, 'design' ) ;
#912 = AXIS2_PLACEMENT_3D ( 'NONE', #2030, #795, #59 ) ;
#913 = VERTEX_POINT ( 'NONE', #2439 ) ;
#914 = VECTOR ( 'NONE', #1337, 1000.000000000000000 ) ;
#915 = ORIENTED_EDGE ( 'NONE', *, *, #1506, .T. ) ;
#916 = CIRCLE ( 'NONE', #1490, 0.7620000000000001217 ) ;
#917 = ORIENTED_EDGE ( 'NONE', *, *, #1800, .F. ) ;
#918 = DIRECTION ( 'NONE',  ( 0.000000000000000000, 0.000000000000000000, 1.000000000000000000 ) ) ;
#919 = EDGE_LOOP ( 'NONE', ( #793, #3108, #3156, #1611, #2858, #1588 ) ) ;
#920 = DIRECTION ( 'NONE',  ( 0.000000000000000000, 0.000000000000000000, 1.000000000000000000 ) ) ;
#921 = DIRECTION ( 'NONE',  ( 0.000000000000000000, 0.000000000000000000, -1.000000000000000000 ) ) ;
#922 = DIRECTION ( 'NONE',  ( 0.7071067811865391350, 0.000000000000000000, -0.7071067811865560104 ) ) ;
#923 = AXIS2_PLACEMENT_3D ( 'NONE', #1984, #751, #487 ) ;
#924 = ADVANCED_FACE ( 'NONE', ( #211 ), #1206, .T. ) ;
#925 = EDGE_LOOP ( 'NONE', ( #1309, #3052, #1657, #1751, #1589 ) ) ;
#926 = DIRECTION ( 'NONE',  ( -1.000000000000000000, 0.000000000000000000, 0.000000000000000000 ) ) ;
#927 = EDGE_CURVE ( 'NONE', #3051, #563, #1640, .T. ) ;
#928 = VERTEX_POINT ( 'NONE', #3022 ) ;
#929 = SURFACE_SIDE_STYLE ('',( #2168 ) ) ;
#930 = ORIENTED_EDGE ( 'NONE', *, *, #971, .F. ) ;
#931 = DIRECTION ( 'NONE',  ( 0.000000000000000000, 1.000000000000000000, 0.000000000000000000 ) ) ;
#932 = CARTESIAN_POINT ( 'NONE',  ( 1.193799999999999972, 3.698044376626850038, 5.718459373932829770 ) ) ;
#933 = FILL_AREA_STYLE_COLOUR ( '', #2979 ) ;
#934 = CARTESIAN_POINT ( 'NONE',  ( -1.193799999999999972, 2.840059565313380219, -0.3667416991309870311 ) ) ;
#935 =( NAMED_UNIT ( * ) SI_UNIT ( $, .STERADIAN. ) SOLID_ANGLE_UNIT ( ) );
#936 = APPLICATION_CONTEXT ( 'automotive_design' ) ;
#937 = ORIENTED_EDGE ( 'NONE', *, *, #1664, .T. ) ;
#938 = DIRECTION ( 'NONE',  ( 2.709451824002074729E-15, 0.9876883405951388806, -0.1564344650402234582 ) ) ;
#939 = DIRECTION ( 'NONE',  ( 0.000000000000000000, -0.6593872012562607132, -0.7518035107788706428 ) ) ;
#940 = EDGE_CURVE ( 'NONE', #28, #1618, #1781, .T. ) ;
#941 = VECTOR ( 'NONE', #1789, 1000.000000000000000 ) ;
#942 = ORIENTED_EDGE ( 'NONE', *, *, #2574, .T. ) ;
#943 = AXIS2_PLACEMENT_3D ( 'NONE', #3188, #2285, #76 ) ;
#944 = DIRECTION ( 'NONE',  ( 1.000000000000000000, 0.000000000000000000, 0.000000000000000000 ) ) ;
#945 = FACE_OUTER_BOUND ( 'NONE', #1633, .T. ) ;
#946 =( GEOMETRIC_REPRESENTATION_CONTEXT ( 3 ) GLOBAL_UNCERTAINTY_ASSIGNED_CONTEXT ( ( #2453 ) ) GLOBAL_UNIT_ASSIGNED_CONTEXT ( ( #778, #256, #762 ) ) REPRESENTATION_CONTEXT ( 'NONE', 'WORKASPACE' ) );
#947 = VERTEX_POINT ( 'NONE', #1261 ) ;
#948 =( LENGTH_UNIT ( ) NAMED_UNIT ( * ) SI_UNIT ( .MILLI., .METRE. ) );
#949 = DIRECTION ( 'NONE',  ( 0.000000000000000000, 1.145909393315546027E-16, -1.000000000000000000 ) ) ;
#950 = LINE ( 'NONE', #2190, #1541 ) ;
#951 = SURFACE_STYLE_FILL_AREA ( #3204 ) ;
#952 = DIRECTION ( 'NONE',  ( 0.000000000000000000, 1.000000000000000000, 0.000000000000000000 ) ) ;
#953 = PRODUCT ( '500--3DModel-STEP-526585', '500--3DModel-STEP-526585', '', ( #3040 ) ) ;
#954 = ORIENTED_EDGE ( 'NONE', *, *, #885, .F. ) ;
#955 = DIRECTION ( 'NONE',  ( 0.000000000000000000, -1.000000000000000000, 0.000000000000000000 ) ) ;
#956 = LINE ( 'NONE', #1186, #1534 ) ;
#957 = AXIS2_PLACEMENT_3D ( 'NONE', #237, #1212, #2207 ) ;
#958 = AXIS2_PLACEMENT_3D ( 'NONE', #722, #215, #1508 ) ;
#959 = CIRCLE ( 'NONE', #1698, 0.7620000000000000107 ) ;
#960 =( NAMED_UNIT ( * ) PLANE_ANGLE_UNIT ( ) SI_UNIT ( $, .RADIAN. ) );
#961 = ADVANCED_FACE ( 'NONE', ( #3006 ), #297, .T. ) ;
#962 = ORIENTED_EDGE ( 'NONE', *, *, #874, .T. ) ;
#963 = FACE_OUTER_BOUND ( 'NONE', #1341, .T. ) ;
#964 = DIRECTION ( 'NONE',  ( -1.000000000000000000, 3.860219991047330630E-15, 0.000000000000000000 ) ) ;
#965 = ADVANCED_FACE ( 'NONE', ( #1335 ), #1798, .T. ) ;
#966 = CARTESIAN_POINT ( 'NONE',  ( -0.04080974092659969688, 4.343544974893959854, 8.010470340222120456 ) ) ;
#967 =( LENGTH_UNIT ( ) NAMED_UNIT ( * ) SI_UNIT ( .MILLI., .METRE. ) );
#968 = CARTESIAN_POINT ( 'NONE',  ( -1.193799999999999972, 4.032808866615614996, 5.561454830437099872 ) ) ;
#969 = ORIENTED_EDGE ( 'NONE', *, *, #1701, .F. ) ;
#970 = CARTESIAN_POINT ( 'NONE',  ( 0.09595948984263109882, 4.273245732988959489, 7.566618395163899891 ) ) ;
#971 = EDGE_CURVE ( 'NONE', #1689, #853, #1296, .T. ) ;
#972 = SURFACE_STYLE_USAGE ( .BOTH. , #3193 ) ;
#973 = ORIENTED_EDGE ( 'NONE', *, *, #3045, .T. ) ;
#974 = CARTESIAN_POINT ( 'NONE',  ( 1.193799999999999972, 3.810000000000000053, 10.17269999999999897 ) ) ;
#975 = EDGE_CURVE ( 'NONE', #2599, #2976, #314, .T. ) ;
#976 = CARTESIAN_POINT ( 'NONE',  ( -1.854200000000000070, 3.810000000000000053, 11.51890000000000036 ) ) ;
#977 = EDGE_CURVE ( 'NONE', #1714, #871, #52, .T. ) ;
#978 = EDGE_CURVE ( 'NONE', #928, #697, #2805, .T. ) ;
#979 = CARTESIAN_POINT ( 'NONE',  ( -2.381250000000000089, -1.778000000000000025, 4.124445985523379932 ) ) ;
#980 = CARTESIAN_POINT ( 'NONE',  ( 1.244599999999999929, 3.810000000000000053, 10.17269999999999897 ) ) ;
#981 = ORIENTED_EDGE ( 'NONE', *, *, #2375, .T. ) ;
#982 = DIRECTION ( 'NONE',  ( 0.000000000000000000, 0.000000000000000000, -1.000000000000000000 ) ) ;
#983 = LINE ( 'NONE', #3174, #55 ) ;
#984 = VECTOR ( 'NONE', #1574, 1000.000000000000000 ) ;
#985 = CYLINDRICAL_SURFACE ( 'NONE', #1887, 6.311899999999999622 ) ;
#986 = ORIENTED_EDGE ( 'NONE', *, *, #2277, .T. ) ;
#987 = ORIENTED_EDGE ( 'NONE', *, *, #3085, .F. ) ;
#988 = DIRECTION ( 'NONE',  ( 1.000000000000000000, -2.553542470335179923E-15, 1.197611400974460050E-15 ) ) ;
#989 = CARTESIAN_POINT ( 'NONE',  ( -1.193799999999999972, -2.514600000000000168, 10.17269999999999897 ) ) ;
#990 =( LENGTH_UNIT ( ) NAMED_UNIT ( * ) SI_UNIT ( .MILLI., .METRE. ) );
#991 = ADVANCED_FACE ( 'NONE', ( #806 ), #2785, .T. ) ;
#992 = DIRECTION ( 'NONE',  ( 0.000000000000000000, 1.000000000000000000, 0.000000000000000000 ) ) ;
#993 = CIRCLE ( 'NONE', #475, 0.4445000000000000062 ) ;
#994 = DIRECTION ( 'NONE',  ( 0.000000000000000000, 0.000000000000000000, -1.000000000000000000 ) ) ;
#995 =( NAMED_UNIT ( * ) SI_UNIT ( $, .STERADIAN. ) SOLID_ANGLE_UNIT ( ) );
#996 = CIRCLE ( 'NONE', #1424, 0.7619999999999996776 ) ;
#997 = CARTESIAN_POINT ( 'NONE',  ( 1.193799999999999972, 3.773992562110954907, 6.197977345069920041 ) ) ;
#998 = COLOUR_RGB ( '',0.2941176470588235392, 0.2941176470588235392, 0.2941176470588235392 ) ;
#999 = ORIENTED_EDGE ( 'NONE', *, *, #3152, .F. ) ;
#1000 = DIRECTION ( 'NONE',  ( 3.019357246185326641E-16, 0.1564344650402234582, 0.9876883405951389916 ) ) ;
#1001 = VECTOR ( 'NONE', #3084, 1000.000000000000000 ) ;
#1002 =( LENGTH_UNIT ( ) NAMED_UNIT ( * ) SI_UNIT ( .MILLI., .METRE. ) );
#1003 = DIRECTION ( 'NONE',  ( 0.000000000000000000, 0.000000000000000000, 1.000000000000000000 ) ) ;
#1004 = ORIENTED_EDGE ( 'NONE', *, *, #49, .F. ) ;
#1005 = DIRECTION ( 'NONE',  ( 0.000000000000000000, -1.000000000000000000, -1.145909393315546027E-16 ) ) ;
#1006 = CIRCLE ( 'NONE', #36, 0.7620000000000001217 ) ;
#1007 = DIRECTION ( 'NONE',  ( -1.000000000000000000, 2.666658484576754928E-15, -4.834249947226750240E-16 ) ) ;
#1008 = EDGE_CURVE ( 'NONE', #3065, #2791, #1311, .T. ) ;
#1009 =( NAMED_UNIT ( * ) SI_UNIT ( $, .STERADIAN. ) SOLID_ANGLE_UNIT ( ) );
#1010 = CARTESIAN_POINT ( 'NONE',  ( 1.854200000000000070, 0.000000000000000000, 10.17269999999999897 ) ) ;
#1011 = COLOUR_RGB ( '',0.2941176470588235392, 0.2941176470588235392, 0.2941176470588235392 ) ;
#1012 = ORIENTED_EDGE ( 'NONE', *, *, #400, .F. ) ;
#1013 = LINE ( 'NONE', #2014, #2601 ) ;
#1014 = PLANE ( 'NONE',  #1367 ) ;
#1015 = ADVANCED_FACE ( 'NONE', ( #2562 ), #1621, .T. ) ;
#1016 = ORIENTED_EDGE ( 'NONE', *, *, #2646, .F. ) ;
#1017 = DIRECTION ( 'NONE',  ( 0.000000000000000000, 1.000000000000000000, 0.000000000000000000 ) ) ;
#1018 = ORIENTED_EDGE ( 'NONE', *, *, #1269, .T. ) ;
#1019 = FILL_AREA_STYLE ('',( #724 ) ) ;
#1020 = CARTESIAN_POINT ( 'NONE',  ( -3.143249999999960131, -1.778000000000000025, -4.124445985523414571 ) ) ;
#1021 = DIRECTION ( 'NONE',  ( -2.297000337666140112E-16, 0.000000000000000000, -1.000000000000000000 ) ) ;
#1022 = SURFACE_STYLE_FILL_AREA ( #300 ) ;
#1023 = CARTESIAN_POINT ( 'NONE',  ( 0.000000000000000000, 5.080000000000000071, 0.000000000000000000 ) ) ;
#1024 = UNCERTAINTY_MEASURE_WITH_UNIT (LENGTH_MEASURE( 1.000000000000000082E-05 ), #1066, 'distance_accuracy_value', 'NONE');
#1025 = ORIENTED_EDGE ( 'NONE', *, *, #1484, .T. ) ;
#1026 = CARTESIAN_POINT ( 'NONE',  ( 4.762500000000000178, -1.778000000000000025, 0.000000000000000000 ) ) ;
#1027 = EDGE_CURVE ( 'NONE', #1274, #1822, #331, .T. ) ;
#1028 = CYLINDRICAL_SURFACE ( 'NONE', #3121, 0.6350000000000001199 ) ;
#1029 = DIRECTION ( 'NONE',  ( -1.000000000000000000, 0.000000000000000000, -1.732004404084100202E-14 ) ) ;
#1030 = APPLICATION_CONTEXT ( 'automotive_design' ) ;
#1031 = EDGE_LOOP ( 'NONE', ( #2295, #2649, #499, #2136, #2653 ) ) ;
#1032 = VERTEX_POINT ( 'NONE', #435 ) ;
#1033 = AXIS2_PLACEMENT_3D ( 'NONE', #825, #2775, #2081 ) ;
#1034 = CARTESIAN_POINT ( 'NONE',  ( -1.854200000000000070, 3.810000000000000053, 11.51890000000000036 ) ) ;
#1035 = DIRECTION ( 'NONE',  ( 1.000000000000000000, 0.000000000000000000, 0.000000000000000000 ) ) ;
#1036 = PLANE ( 'NONE',  #597 ) ;
#1037 = CARTESIAN_POINT ( 'NONE',  ( -0.04080974092659969688, 4.273245732988959489, 7.566618395163899891 ) ) ;
#1038 = DIRECTION ( 'NONE',  ( 0.000000000000000000, 1.835919350580821896E-16, -1.000000000000000000 ) ) ;
#1039 = VECTOR ( 'NONE', #939, 1000.000000000000000 ) ;
#1040 = ORIENTED_EDGE ( 'NONE', *, *, #2790, .F. ) ;
#1041 = PLANE ( 'NONE',  #1270 ) ;
#1042 = LINE ( 'NONE', #3014, #941 ) ;
#1043 = UNCERTAINTY_MEASURE_WITH_UNIT (LENGTH_MEASURE( 1.000000000000000082E-05 ), #1986, 'distance_accuracy_value', 'NONE');
#1044 = AXIS2_PLACEMENT_3D ( 'NONE', #2487, #2877, #2737 ) ;
#1045 = EDGE_LOOP ( 'NONE', ( #175, #2138, #324, #3005 ) ) ;
#1046 = CIRCLE ( 'NONE', #384, 0.4445000000000000062 ) ;
#1047 = ORIENTED_EDGE ( 'NONE', *, *, #1649, .T. ) ;
#1048 = ORIENTED_EDGE ( 'NONE', *, *, #2838, .T. ) ;
#1049 = CYLINDRICAL_SURFACE ( 'NONE', #1733, 7.531099999999999461 ) ;
#1050 = VECTOR ( 'NONE', #1923, 1000.000000000000000 ) ;
#1051 = CARTESIAN_POINT ( 'NONE',  ( 1.193799999999999972, 3.562048420479239752, 5.024715027985879878 ) ) ;
#1052 = LINE ( 'NONE', #594, #1279 ) ;
#1053 = AXIS2_PLACEMENT_3D ( 'NONE', #1641, #136, #3147 ) ;
#1054 = FILL_AREA_STYLE_COLOUR ( '', #2347 ) ;
#1055 = CIRCLE ( 'NONE', #2317, 5.041900000000000048 ) ;
#1056 = EDGE_CURVE ( 'NONE', #1138, #1514, #2610, .T. ) ;
#1057 =( NAMED_UNIT ( * ) SI_UNIT ( $, .STERADIAN. ) SOLID_ANGLE_UNIT ( ) );
#1058 = COLOUR_RGB ( '',0.2941176470588235392, 0.2941176470588235392, 0.2941176470588235392 ) ;
#1059 = LINE ( 'NONE', #575, #2366 ) ;
#1060 = ORIENTED_EDGE ( 'NONE', *, *, #2652, .T. ) ;
#1061 = CARTESIAN_POINT ( 'NONE',  ( -1.193799999999999972, 3.562048420479245081, 5.024715027985879878 ) ) ;
#1062 = LINE ( 'NONE', #2807, #2654 ) ;
#1063 = FACE_OUTER_BOUND ( 'NONE', #690, .T. ) ;
#1064 = CARTESIAN_POINT ( 'NONE',  ( -2.381249999999960121, -1.778000000000000025, -4.886445985523409696 ) ) ;
#1065 = LINE ( 'NONE', #3035, #1675 ) ;
#1066 =( LENGTH_UNIT ( ) NAMED_UNIT ( * ) SI_UNIT ( .MILLI., .METRE. ) );
#1067 = ORIENTED_EDGE ( 'NONE', *, *, #2323, .T. ) ;
#1068 = ORIENTED_EDGE ( 'NONE', *, *, #2804, .F. ) ;
#1069 = CARTESIAN_POINT ( 'NONE',  ( 0.000000000000000000, -5.664200000000000124, -8.673617379884030542E-16 ) ) ;
#1070 = ORIENTED_EDGE ( 'NONE', *, *, #775, .T. ) ;
#1071 = DIRECTION ( 'NONE',  ( 0.000000000000000000, 0.000000000000000000, -1.000000000000000000 ) ) ;
#1072 = FILL_AREA_STYLE ('',( #2319 ) ) ;
#1073 = DIRECTION ( 'NONE',  ( -0.000000000000000000, 1.000000000000000000, 0.000000000000000000 ) ) ;
#1074 = EDGE_CURVE ( 'NONE', #2345, #354, #2286, .T. ) ;
#1075 = DIRECTION ( 'NONE',  ( 0.000000000000000000, -0.1564344650402234582, -0.9876883405951388806 ) ) ;
#1076 = PLANE ( 'NONE',  #1520 ) ;
#1077 = ORIENTED_EDGE ( 'NONE', *, *, #887, .F. ) ;
#1078 = LINE ( 'NONE', #287, #2346 ) ;
#1079 = CARTESIAN_POINT ( 'NONE',  ( 4.762500000000000178, -1.778000000000000025, 0.000000000000000000 ) ) ;
#1080 = DIRECTION ( 'NONE',  ( -2.297000337666140112E-16, 0.000000000000000000, -1.000000000000000000 ) ) ;
#1081 = FACE_OUTER_BOUND ( 'NONE', #2682, .T. ) ;
#1082 = LINE ( 'NONE', #1599, #2153 ) ;
#1083 = ORIENTED_EDGE ( 'NONE', *, *, #2016, .F. ) ;
#1084 = EDGE_LOOP ( 'NONE', ( #1826, #275, #2798, #1918 ) ) ;
#1085 = DIRECTION ( 'NONE',  ( 0.000000000000000000, 0.000000000000000000, 1.000000000000000000 ) ) ;
#1086 = ORIENTED_EDGE ( 'NONE', *, *, #2696, .F. ) ;
#1087 = VECTOR ( 'NONE', #1549, 1000.000000000000000 ) ;
#1089 = SURFACE_STYLE_USAGE ( .BOTH. , #135 ) ;
#1088 = LINE ( 'NONE', #2269, #2927 ) ;
#1090 = CARTESIAN_POINT ( 'NONE',  ( 0.09595948984263109882, 4.343544974893959854, 8.010470340222120456 ) ) ;
#1091 = SURFACE_STYLE_USAGE ( .BOTH. , #1284 ) ;
#1092 = VECTOR ( 'NONE', #1532, 1000.000000000000000 ) ;
#1093 =( REPRESENTATION_RELATIONSHIP ('NONE','NONE', #1778, #445 ) REPRESENTATION_RELATIONSHIP_WITH_TRANSFORMATION ( #554 )SHAPE_REPRESENTATION_RELATIONSHIP( ) );
#1094 = ORIENTED_EDGE ( 'NONE', *, *, #2885, .T. ) ;
#1095 = DIRECTION ( 'NONE',  ( -1.000000000000000000, 0.000000000000000000, 0.000000000000000000 ) ) ;
#1096 = SURFACE_SIDE_STYLE ('',( #1598 ) ) ;
#1097 = VECTOR ( 'NONE', #2448, 1000.000000000000000 ) ;
#1098 = CARTESIAN_POINT ( 'NONE',  ( -1.854200000000000070, 0.000000000000000000, 11.51890000000000036 ) ) ;
#1099 = ORIENTED_EDGE ( 'NONE', *, *, #188, .F. ) ;
#1100 = UNCERTAINTY_MEASURE_WITH_UNIT (LENGTH_MEASURE( 1.000000000000000082E-05 ), #1878, 'distance_accuracy_value', 'NONE');
#1101 = EDGE_CURVE ( 'NONE', #899, #2198, #1185, .T. ) ;
#1102 = ORIENTED_EDGE ( 'NONE', *, *, #2019, .F. ) ;
#1103 = VECTOR ( 'NONE', #2655, 1000.000000000000000 ) ;
#1104 = CARTESIAN_POINT ( 'NONE',  ( -2.489199999999999857, 8.673617379884030542E-16, 7.544836881603210088 ) ) ;
#1105 = EDGE_LOOP ( 'NONE', ( #68, #470, #1209, #155 ) ) ;
#1106 = VECTOR ( 'NONE', #2606, 1000.000000000000000 ) ;
#1107 = AXIS2_PLACEMENT_3D ( 'NONE', #1935, #830, #1821 ) ;
#1108 = FACE_BOUND ( 'NONE', #78, .T. ) ;
#1110 =( LENGTH_UNIT ( ) NAMED_UNIT ( * ) SI_UNIT ( .MILLI., .METRE. ) );
#1109 = DIRECTION ( 'NONE',  ( 0.000000000000000000, 1.000000000000000000, 0.000000000000000000 ) ) ;
#1111 = MECHANICAL_DESIGN_GEOMETRIC_PRESENTATION_REPRESENTATION (  '', ( #1891 ), #1939 ) ;
#1112 = DIRECTION ( 'NONE',  ( 1.000000000000000000, -2.552084660502760181E-15, 1.206815650012007991E-15 ) ) ;
#1113 = FACE_OUTER_BOUND ( 'NONE', #272, .T. ) ;
#1114 = DIRECTION ( 'NONE',  ( 0.000000000000000000, 0.000000000000000000, -1.000000000000000000 ) ) ;
#1115 = EDGE_CURVE ( 'NONE', #1717, #1702, #2650, .T. ) ;
#1116 = CIRCLE ( 'NONE', #1275, 6.311899999999999622 ) ;
#1117 = CIRCLE ( 'NONE', #958, 0.6350000000000001199 ) ;
#1118 = VERTEX_POINT ( 'NONE', #3088 ) ;
#1119 = CARTESIAN_POINT ( 'NONE',  ( 0.000000000000000000, 1.397000000000000020, -0.4445000000000000062 ) ) ;
#1120 =( NAMED_UNIT ( * ) SI_UNIT ( $, .STERADIAN. ) SOLID_ANGLE_UNIT ( ) );
#1121 = EDGE_CURVE ( 'NONE', #1652, #2976, #1382, .T. ) ;
#1122 = UNCERTAINTY_MEASURE_WITH_UNIT (LENGTH_MEASURE( 1.000000000000000082E-05 ), #883, 'distance_accuracy_value', 'NONE');
#1123 = ADVANCED_FACE ( 'NONE', ( #363, #1108, #206, #2365, #2579, #120 ), #2830, .T. ) ;
#1124 = ORIENTED_EDGE ( 'NONE', *, *, #1372, .T. ) ;
#1125 = ORIENTED_EDGE ( 'NONE', *, *, #1140, .T. ) ;
#1126 = VECTOR ( 'NONE', #1890, 1000.000000000000000 ) ;
#1127 = CARTESIAN_POINT ( 'NONE',  ( 0.000000000000000000, 0.000000000000000000, 0.000000000000000000 ) ) ;
#1128 = ADVANCED_FACE ( 'NONE', ( #347 ), #1350, .T. ) ;
#1129 = ORIENTED_EDGE ( 'NONE', *, *, #1911, .F. ) ;
#1130 = CARTESIAN_POINT ( 'NONE',  ( -0.4009499891321374743, 3.792036138052338856, 6.311900000000000510 ) ) ;
#1131 = FILL_AREA_STYLE_COLOUR ( '', #207 ) ;
#1133 = CARTESIAN_POINT ( 'NONE',  ( 1.193799999999999972, -1.270000000000000018, 9.791700000000000514 ) ) ;
#1132 = FILL_AREA_STYLE_COLOUR ( '', #1011 ) ;
#1134 = DIRECTION ( 'NONE',  ( 0.000000000000000000, 0.000000000000000000, 1.000000000000000000 ) ) ;
#1135 = VECTOR ( 'NONE', #2946, 1000.000000000000000 ) ;
#1136 = ORIENTED_EDGE ( 'NONE', *, *, #1152, .F. ) ;
#1137 = FACE_OUTER_BOUND ( 'NONE', #1699, .T. ) ;
#1138 = VERTEX_POINT ( 'NONE', #2970 ) ;
#1139 = VERTEX_POINT ( 'NONE', #2230 ) ;
#1140 = EDGE_CURVE ( 'NONE', #2717, #2287, #1773, .T. ) ;
#1141 = CARTESIAN_POINT ( 'NONE',  ( 2.489199999999999857, 3.810000000000000053, 7.544836881603200318 ) ) ;
#1142 = VERTEX_POINT ( 'NONE', #2451 ) ;
#1143 = CARTESIAN_POINT ( 'NONE',  ( 1.193799999999999972, 2.840059565313375334, -0.3667416991309884744 ) ) ;
#1144 =( NAMED_UNIT ( * ) PLANE_ANGLE_UNIT ( ) SI_UNIT ( $, .RADIAN. ) );
#1145 = ORIENTED_EDGE ( 'NONE', *, *, #2989, .T. ) ;
#1146 = CARTESIAN_POINT ( 'NONE',  ( -2.381249999999960121, -1.778000000000000025, -4.124445985523414571 ) ) ;
#1147 = LINE ( 'NONE', #661, #2099 ) ;
#1148 = VECTOR ( 'NONE', #2435, 1000.000000000000000 ) ;
#1149 = PLANE ( 'NONE',  #2350 ) ;
#1150 = ORIENTED_EDGE ( 'NONE', *, *, #2416, .F. ) ;
#1151 = ORIENTED_EDGE ( 'NONE', *, *, #1550, .T. ) ;
#1152 = EDGE_CURVE ( 'NONE', #2717, #947, #983, .T. ) ;
#1153 = DIRECTION ( 'NONE',  ( 0.000000000000000000, 0.000000000000000000, 1.000000000000000000 ) ) ;
#1154 = ORIENTED_EDGE ( 'NONE', *, *, #2631, .T. ) ;
#1155 = AXIS2_PLACEMENT_3D ( 'NONE', #617, #2135, #2406 ) ;
#1156 = AXIS2_PLACEMENT_3D ( 'NONE', #2223, #249, #3202 ) ;
#1157 = CARTESIAN_POINT ( 'NONE',  ( 5.325291879793939920, 3.810000000000000053, -5.325291879794070482 ) ) ;
#1159 = FILL_AREA_STYLE_COLOUR ( '', #695 ) ;
#1158 = CARTESIAN_POINT ( 'NONE',  ( -1.244599999999999929, -1.270000000000000018, 9.791700000000000514 ) ) ;
#1160 = DIRECTION ( 'NONE',  ( 0.000000000000000000, 0.000000000000000000, -1.000000000000000000 ) ) ;
#1161 = COLOUR_RGB ( '',0.2941176470588235392, 0.2941176470588235392, 0.2941176470588235392 ) ;
#1162 = EDGE_CURVE ( 'NONE', #111, #308, #1672, .T. ) ;
#1163 = DIRECTION ( 'NONE',  ( 0.000000000000000000, 0.000000000000000000, -1.000000000000000000 ) ) ;
#1164 = VECTOR ( 'NONE', #609, 1000.000000000000000 ) ;
#1165 = EDGE_CURVE ( 'NONE', #1636, #1868, #1961, .T. ) ;
#1166 = EDGE_LOOP ( 'NONE', ( #2330, #707, #973, #2244, #2872, #1245 ) ) ;
#1167 = DIRECTION ( 'NONE',  ( 4.523695302008587193E-17, -0.1564344650402253734, -0.9876883405951385475 ) ) ;
#1168 = AXIS2_PLACEMENT_3D ( 'NONE', #428, #1427, #2894 ) ;
#1169 = DIRECTION ( 'NONE',  ( -1.000000000000000000, 0.000000000000000000, 0.000000000000000000 ) ) ;
#1170 = LINE ( 'NONE', #2341, #1474 ) ;
#1171 = CONICAL_SURFACE ( 'NONE', #2114, 5.041900000000000048, 0.7853981633974539411 ) ;
#1172 = EDGE_LOOP ( 'NONE', ( #1555, #1978, #2680, #2355 ) ) ;
#1173 = ORIENTED_EDGE ( 'NONE', *, *, #2158, .T. ) ;
#1174 = VERTEX_POINT ( 'NONE', #1504 ) ;
#1175 = VECTOR ( 'NONE', #1205, 1000.000000000000000 ) ;
#1176 = LINE ( 'NONE', #1143, #2666 ) ;
#1178 =( NAMED_UNIT ( * ) SI_UNIT ( $, .STERADIAN. ) SOLID_ANGLE_UNIT ( ) );
#1177 = LINE ( 'NONE', #3145, #2834 ) ;
#1179 = CARTESIAN_POINT ( 'NONE',  ( -1.193799999999999972, 3.227283930490484565, 5.181719571481609776 ) ) ;
#1180 = DIRECTION ( 'NONE',  ( 0.000000000000000000, -0.9816271834476624214, -0.1908089953765525759 ) ) ;
#1181 = EDGE_CURVE ( 'NONE', #633, #871, #2501, .T. ) ;
#1182 = AXIS2_PLACEMENT_3D ( 'NONE', #1023, #2025, #281 ) ;
#1183 = ORIENTED_EDGE ( 'NONE', *, *, #2938, .T. ) ;
#1184 = CARTESIAN_POINT ( 'NONE',  ( 0.4445000000000000062, -2.514600000000000168, 9.791700000000000514 ) ) ;
#1185 = LINE ( 'NONE', #2351, #3154 ) ;
#1186 = CARTESIAN_POINT ( 'NONE',  ( 0.09595948984263130699, 4.418806826447305269, 7.998550033986050245 ) ) ;
#1187 = ORIENTED_EDGE ( 'NONE', *, *, #562, .T. ) ;
#1188 = LINE ( 'NONE', #639, #798 ) ;
#1189 = PRESENTATION_STYLE_ASSIGNMENT (( #3198 ) ) ;
#1190 = LINE ( 'NONE', #2221, #2106 ) ;
#1191 = EDGE_LOOP ( 'NONE', ( #2377, #2854 ) ) ;
#1192 = DIRECTION ( 'NONE',  ( 2.057114453060439919E-16, -1.000000000000000000, 0.000000000000000000 ) ) ;
#1193 = LINE ( 'NONE', #3164, #189 ) ;
#1194 = FACE_OUTER_BOUND ( 'NONE', #601, .T. ) ;
#1195 = CARTESIAN_POINT ( 'NONE',  ( 0.000000000000000000, 3.810000000000000053, 0.000000000000000000 ) ) ;
#1196 = UNCERTAINTY_MEASURE_WITH_UNIT (LENGTH_MEASURE( 1.000000000000000082E-05 ), #2941, 'distance_accuracy_value', 'NONE');
#1197 = AXIS2_PLACEMENT_3D ( 'NONE', #90, #2994, #1528 ) ;
#1198 = DIRECTION ( 'NONE',  ( 0.000000000000000000, 0.7518035107788706428, -0.6593872012562607132 ) ) ;
#1199 = EDGE_CURVE ( 'NONE', #1375, #816, #2937, .T. ) ;
#1200 = ORIENTED_EDGE ( 'NONE', *, *, #885, .T. ) ;
#1201 = PLANE ( 'NONE',  #1723 ) ;
#1202 = CARTESIAN_POINT ( 'NONE',  ( 1.193799999999999972, 2.406732773752310095, 0.0009634627573477240296 ) ) ;
#1203 = EDGE_CURVE ( 'NONE', #816, #2137, #1949, .T. ) ;
#1204 = STYLED_ITEM ( 'NONE', ( #600 ), #1711 ) ;
#1206 = CYLINDRICAL_SURFACE ( 'NONE', #912, 0.7620000000000000107 ) ;
#1205 = DIRECTION ( 'NONE',  ( 0.000000000000000000, -0.6593872012562607132, -0.7518035107788706428 ) ) ;
#1207 = FILL_AREA_STYLE_COLOUR ( '', #1161 ) ;
#1208 = PRESENTATION_LAYER_ASSIGNMENT (  '', '', ( #1783 ) ) ;
#1209 = ORIENTED_EDGE ( 'NONE', *, *, #1455, .F. ) ;
#1210 = CARTESIAN_POINT ( 'NONE',  ( -1.193799999999999972, -2.514600000000000168, 9.791700000000000514 ) ) ;
#1211 = LINE ( 'NONE', #12, #1553 ) ;
#1212 = DIRECTION ( 'NONE',  ( 0.000000000000000000, -1.000000000000000000, 0.000000000000000000 ) ) ;
#1213 = MECHANICAL_DESIGN_GEOMETRIC_PRESENTATION_REPRESENTATION (  '', ( #1479 ), #2819 ) ;
#1214 =( NAMED_UNIT ( * ) PLANE_ANGLE_UNIT ( ) SI_UNIT ( $, .RADIAN. ) );
#1215 = FILL_AREA_STYLE_COLOUR ( '', #1522 ) ;
#1216 = DIRECTION ( 'NONE',  ( 2.709451824002074729E-15, 0.9876883405951388806, -0.1564344650402234582 ) ) ;
#1217 =( GEOMETRIC_REPRESENTATION_CONTEXT ( 3 ) GLOBAL_UNCERTAINTY_ASSIGNED_CONTEXT ( ( #564 ) ) GLOBAL_UNIT_ASSIGNED_CONTEXT ( ( #7, #3146, #1178 ) ) REPRESENTATION_CONTEXT ( 'NONE', 'WORKASPACE' ) );
#1218 = PRODUCT_DEFINITION_SHAPE ( 'NONE', 'NONE',  #3075 ) ;
#1219 = VERTEX_POINT ( 'NONE', #1746 ) ;
#1220 = ORIENTED_EDGE ( 'NONE', *, *, #927, .F. ) ;
#1221 = STYLED_ITEM ( 'NONE', ( #2372 ), #482 ) ;
#1222 = PLANE ( 'NONE',  #3058 ) ;
#1223 = ADVANCED_FACE ( 'NONE', ( #1487 ), #1222, .T. ) ;
#1224 = FILL_AREA_STYLE ('',( #2454 ) ) ;
#1225 = EDGE_CURVE ( 'NONE', #129, #585, #513, .T. ) ;
#1226 = VECTOR ( 'NONE', #540, 1000.000000000000000 ) ;
#1227 = EDGE_LOOP ( 'NONE', ( #1521, #2437, #2060, #700, #1694, #736, #850, #2551, #969, #177, #2814, #2293, #1779, #1542, #518, #634, #515, #2519, #483 ) ) ;
#1228 = STYLED_ITEM ( 'NONE', ( #3072 ), #2518 ) ;
#1229 = EDGE_CURVE ( 'NONE', #1138, #646, #1515, .T. ) ;
#1230 = DIRECTION ( 'NONE',  ( 0.7071067811865560104, 0.000000000000000000, 0.7071067811865391350 ) ) ;
#1231 = ORIENTED_EDGE ( 'NONE', *, *, #406, .T. ) ;
#1232 = DIRECTION ( 'NONE',  ( 0.000000000000000000, -1.000000000000000000, 0.000000000000000000 ) ) ;
#1233 = CARTESIAN_POINT ( 'NONE',  ( 0.5453441052272459677, 4.251850311539610239, 7.431533020580969762 ) ) ;
#1234 = DIRECTION ( 'NONE',  ( 0.000000000000000000, 1.000000000000000000, 0.000000000000000000 ) ) ;
#1235 = AXIS2_PLACEMENT_3D ( 'NONE', #121, #1109, #2115 ) ;
#1236 = LINE ( 'NONE', #1768, #3196 ) ;
#1237 = CARTESIAN_POINT ( 'NONE',  ( 0.000000000000000000, 1.397000000000000020, 0.000000000000000000 ) ) ;
#1238 = PLANE ( 'NONE',  #61 ) ;
#1239 = EDGE_LOOP ( 'NONE', ( #186, #3162, #568, #1012, #800, #259, #1525, #620, #23 ) ) ;
#1240 = DIRECTION ( 'NONE',  ( 1.000000000000000000, -1.930109995523665315E-15, 0.000000000000000000 ) ) ;
#1241 =( LENGTH_UNIT ( ) NAMED_UNIT ( * ) SI_UNIT ( .MILLI., .METRE. ) );
#1242 = VERTEX_POINT ( 'NONE', #1727 ) ;
#1243 = EDGE_CURVE ( 'NONE', #162, #145, #268, .T. ) ;
#1244 = CARTESIAN_POINT ( 'NONE',  ( -0.4445000000000000062, -2.514600000000000168, 9.791700000000000514 ) ) ;
#1245 = ORIENTED_EDGE ( 'NONE', *, *, #2793, .F. ) ;
#1246 = FACE_OUTER_BOUND ( 'NONE', #2325, .T. ) ;
#1247 = CARTESIAN_POINT ( 'NONE',  ( 1.446382564499610173E-16, 1.905000000000000027, 1.181100000000000039 ) ) ;
#1248 = DIRECTION ( 'NONE',  ( -1.000000000000000000, 3.603936115162695318E-15, 0.000000000000000000 ) ) ;
#1249 = CARTESIAN_POINT ( 'NONE',  ( -2.881260653188180143, 0.000000000000000000, 6.958146610872010029 ) ) ;
#1250 = VECTOR ( 'NONE', #748, 1000.000000000000000 ) ;
#1251 = VERTEX_POINT ( 'NONE', #3191 ) ;
#1252 = DIRECTION ( 'NONE',  ( 0.000000000000000000, -0.9876883405951389916, 0.1564344650402234582 ) ) ;
#1253 = AXIS2_PLACEMENT_3D ( 'NONE', #2086, #1519, #2276 ) ;
#1254 = MECHANICAL_DESIGN_GEOMETRIC_PRESENTATION_REPRESENTATION (  '', ( #1873 ), #741 ) ;
#1255 = CIRCLE ( 'NONE', #1677, 0.7619999999999996776 ) ;
#1256 = EDGE_CURVE ( 'NONE', #563, #328, #2853, .T. ) ;
#1257 =( LENGTH_UNIT ( ) NAMED_UNIT ( * ) SI_UNIT ( .MILLI., .METRE. ) );
#1258 = VERTEX_POINT ( 'NONE', #2522 ) ;
#1259 = LINE ( 'NONE', #1210, #3183 ) ;
#1260 = FACE_OUTER_BOUND ( 'NONE', #171, .T. ) ;
#1261 = CARTESIAN_POINT ( 'NONE',  ( 0.09595948984263109882, 4.343544974893959854, 8.010470340222120456 ) ) ;
#1262 = SURFACE_SIDE_STYLE ('',( #2758 ) ) ;
#1263 = MECHANICAL_DESIGN_GEOMETRIC_PRESENTATION_REPRESENTATION (  '', ( #1420 ), #1526 ) ;
#1264 = EDGE_CURVE ( 'NONE', #1118, #2645, #24, .T. ) ;
#1265 = FACE_OUTER_BOUND ( 'NONE', #2179, .T. ) ;
#1266 = DIRECTION ( 'NONE',  ( 0.000000000000000000, 0.000000000000000000, -1.000000000000000000 ) ) ;
#1267 = CARTESIAN_POINT ( 'NONE',  ( 2.881260653188180143, 3.810000000000000053, 6.958146610872010029 ) ) ;
#1268 = VECTOR ( 'NONE', #655, 1000.000000000000000 ) ;
#1269 = EDGE_CURVE ( 'NONE', #2645, #1375, #1715, .T. ) ;
#1270 = AXIS2_PLACEMENT_3D ( 'NONE', #2985, #3032, #2067 ) ;
#1271 = ORIENTED_EDGE ( 'NONE', *, *, #2598, .F. ) ;
#1272 = DIRECTION ( 'NONE',  ( 0.000000000000000000, 0.1908089953765519098, -0.9816271834476625324 ) ) ;
#1273 = CYLINDRICAL_SURFACE ( 'NONE', #3018, 0.7620000000000001217 ) ;
#1274 = VERTEX_POINT ( 'NONE', #2750 ) ;
#1275 = AXIS2_PLACEMENT_3D ( 'NONE', #1195, #739, #2464 ) ;
#1276 = CARTESIAN_POINT ( 'NONE',  ( 1.193799999999999972, -2.514600000000000168, 10.17269999999999897 ) ) ;
#1277 = ORIENTED_EDGE ( 'NONE', *, *, #1165, .T. ) ;
#1278 = COLOUR_RGB ( '',0.2941176470588235392, 0.2941176470588235392, 0.2941176470588235392 ) ;
#1279 = VECTOR ( 'NONE', #1313, 1000.000000000000000 ) ;
#1280 = SURFACE_SIDE_STYLE ('',( #2756 ) ) ;
#1281 =( LENGTH_UNIT ( ) NAMED_UNIT ( * ) SI_UNIT ( .MILLI., .METRE. ) );
#1282 = DIRECTION ( 'NONE',  ( 1.000000000000000000, -1.930109995523665315E-15, 0.000000000000000000 ) ) ;
#1283 = FACE_OUTER_BOUND ( 'NONE', #1084, .T. ) ;
#1284 = SURFACE_SIDE_STYLE ('',( #1022 ) ) ;
#1285 = LINE ( 'NONE', #2024, #141 ) ;
#1286 = EDGE_CURVE ( 'NONE', #881, #1219, #1013, .T. ) ;
#1287 = CARTESIAN_POINT ( 'NONE',  ( -0.4901943563112149960, 4.251850311539614680, 7.431533020580969762 ) ) ;
#1288 = PRESENTATION_LAYER_ASSIGNMENT (  '', '', ( #2218 ) ) ;
#1289 = ORIENTED_EDGE ( 'NONE', *, *, #1606, .T. ) ;
#1290 = CARTESIAN_POINT ( 'NONE',  ( -2.381249999999960121, -1.778000000000000025, -4.124445985523414571 ) ) ;
#1291 =( LENGTH_UNIT ( ) NAMED_UNIT ( * ) SI_UNIT ( .MILLI., .METRE. ) );
#1292 = UNCERTAINTY_MEASURE_WITH_UNIT (LENGTH_MEASURE( 1.000000000000000082E-05 ), #857, 'distance_accuracy_value', 'NONE');
#1293 = FACE_OUTER_BOUND ( 'NONE', #776, .T. ) ;
#1294 = EDGE_LOOP ( 'NONE', ( #2382, #981, #1795, #455 ) ) ;
#1295 = ORIENTED_EDGE ( 'NONE', *, *, #1895, .T. ) ;
#1296 = LINE ( 'NONE', #1766, #2960 ) ;
#1297 = LINE ( 'NONE', #2545, #1226 ) ;
#1298 = SURFACE_STYLE_USAGE ( .BOTH. , #106 ) ;
#1299 = SURFACE_STYLE_USAGE ( .BOTH. , #2788 ) ;
#1300 = ORIENTED_EDGE ( 'NONE', *, *, #1056, .T. ) ;
#1301 = DIRECTION ( 'NONE',  ( 0.000000000000000000, 0.000000000000000000, 1.000000000000000000 ) ) ;
#1302 = LINE ( 'NONE', #2290, #221 ) ;
#1303 =( LENGTH_UNIT ( ) NAMED_UNIT ( * ) SI_UNIT ( .MILLI., .METRE. ) );
#1304 = ADVANCED_FACE ( 'NONE', ( #2698 ), #1201, .T. ) ;
#1305 = ORIENTED_EDGE ( 'NONE', *, *, #1027, .T. ) ;
#1306 = ORIENTED_EDGE ( 'NONE', *, *, #1888, .T. ) ;
#1307 = MECHANICAL_DESIGN_GEOMETRIC_PRESENTATION_REPRESENTATION (  '', ( #1824 ), #2902 ) ;
#1308 = EDGE_CURVE ( 'NONE', #2500, #1981, #484, .T. ) ;
#1309 = ORIENTED_EDGE ( 'NONE', *, *, #1951, .T. ) ;
#1310 = PRESENTATION_STYLE_ASSIGNMENT (( #1605 ) ) ;
#1311 = LINE ( 'NONE', #2297, #984 ) ;
#1312 = FACE_OUTER_BOUND ( 'NONE', #1395, .T. ) ;
#1313 = DIRECTION ( 'NONE',  ( 0.000000000000000000, -1.000000000000000000, -1.145909393315546027E-16 ) ) ;
#1314 = CIRCLE ( 'NONE', #2662, 0.6350000000000001199 ) ;
#1315 = PRESENTATION_LAYER_ASSIGNMENT (  '', '', ( #1898 ) ) ;
#1316 = CARTESIAN_POINT ( 'NONE',  ( 1.193799999999999972, 4.184913584487254923, 8.792430572510230746 ) ) ;
#1317 = CARTESIAN_POINT ( 'NONE',  ( 5.443375242740469314E-17, 1.397000000000000020, 0.4445000000000000062 ) ) ;
#1318 = MECHANICAL_DESIGN_GEOMETRIC_PRESENTATION_REPRESENTATION (  '', ( #2719 ), #946 ) ;
#1319 = CIRCLE ( 'NONE', #1156, 1.193799999999999972 ) ;
#1320 = ORIENTED_EDGE ( 'NONE', *, *, #2783, .F. ) ;
#1321 = CARTESIAN_POINT ( 'NONE',  ( 2.489199999999999857, 0.000000000000000000, 10.88390000000000057 ) ) ;
#1322 = PLANE ( 'NONE',  #441 ) ;
#1323 = FILL_AREA_STYLE ('',( #320 ) ) ;
#1324 = UNCERTAINTY_MEASURE_WITH_UNIT (LENGTH_MEASURE( 1.000000000000000082E-05 ), #1241, 'distance_accuracy_value', 'NONE');
#1325 = AXIS2_PLACEMENT_3D ( 'NONE', #1809, #2072, #1587 ) ;
#1326 = SURFACE_STYLE_FILL_AREA ( #2570 ) ;
#1327 = ORIENTED_EDGE ( 'NONE', *, *, #196, .F. ) ;
#1328 = COLOUR_RGB ( '',0.2941176470588235392, 0.2941176470588235392, 0.2941176470588235392 ) ;
#1329 = ORIENTED_EDGE ( 'NONE', *, *, #71, .F. ) ;
#1330 = ADVANCED_FACE ( 'NONE', ( #1581 ), #616, .T. ) ;
#1331 = EDGE_CURVE ( 'NONE', #1174, #1636, #2090, .T. ) ;
#1332 = MECHANICAL_DESIGN_GEOMETRIC_PRESENTATION_REPRESENTATION (  '', ( #2307 ), #1217 ) ;
#1333 = ORIENTED_EDGE ( 'NONE', *, *, #386, .T. ) ;
#1334 = FACE_OUTER_BOUND ( 'NONE', #2633, .T. ) ;
#1335 = FACE_OUTER_BOUND ( 'NONE', #1886, .T. ) ;
#1336 = VECTOR ( 'NONE', #2399, 1000.000000000000000 ) ;
#1337 = DIRECTION ( 'NONE',  ( 0.000000000000000000, 1.000000000000000000, 0.000000000000000000 ) ) ;
#1338 = LINE ( 'NONE', #1594, #1648 ) ;
#1339 = PRESENTATION_LAYER_ASSIGNMENT (  '', '', ( #278 ) ) ;
#1340 = VECTOR ( 'NONE', #2384, 1000.000000000000000 ) ;
#1341 = EDGE_LOOP ( 'NONE', ( #668, #1060 ) ) ;
#1342 = LINE ( 'NONE', #2326, #2241 ) ;
#1343 = CARTESIAN_POINT ( 'NONE',  ( -1.854200000000000070, 3.810000000000000053, 10.88390000000000057 ) ) ;
#1344 = AXIS2_PLACEMENT_3D ( 'NONE', #1451, #2479, #3197 ) ;
#1345 = SURFACE_STYLE_USAGE ( .BOTH. , #2312 ) ;
#1346 = ORIENTED_EDGE ( 'NONE', *, *, #3170, .F. ) ;
#1347 = EDGE_LOOP ( 'NONE', ( #3086, #2556 ) ) ;
#1348 = CARTESIAN_POINT ( 'NONE',  ( -1.193799999999999972, -2.514600000000000168, 10.17269999999999897 ) ) ;
#1349 = ORIENTED_EDGE ( 'NONE', *, *, #3039, .F. ) ;
#1350 = PLANE ( 'NONE',  #893 ) ;
#1351 = CARTESIAN_POINT ( 'NONE',  ( 0.000000000000000000, 0.000000000000000000, 0.000000000000000000 ) ) ;
#1352 = CARTESIAN_POINT ( 'NONE',  ( 2.489199999999999857, 3.810000000000000053, 10.88390000000000057 ) ) ;
#1353 = SURFACE_STYLE_USAGE ( .BOTH. , #789 ) ;
#1354 = EDGE_CURVE ( 'NONE', #2390, #228, #1612, .T. ) ;
#1355 = CIRCLE ( 'NONE', #1405, 0.7619999999999996776 ) ;
#1356 = ORIENTED_EDGE ( 'NONE', *, *, #704, .T. ) ;
#1357 = SURFACE_STYLE_USAGE ( .BOTH. , #864 ) ;
#1358 = CARTESIAN_POINT ( 'NONE',  ( -2.168404344971009854E-16, 2.719169534808270061, -1.606384331069774962 ) ) ;
#1359 =( LENGTH_UNIT ( ) NAMED_UNIT ( * ) SI_UNIT ( .MILLI., .METRE. ) );
#1360 = CYLINDRICAL_SURFACE ( 'NONE', #1155, 0.4317999999999999616 ) ;
#1361 = VERTEX_POINT ( 'NONE', #318 ) ;
#1362 = FILL_AREA_STYLE_COLOUR ( '', #1328 ) ;
#1363 = ORIENTED_EDGE ( 'NONE', *, *, #1484, .F. ) ;
#1364 = VECTOR ( 'NONE', #1759, 1000.000000000000114 ) ;
#1365 = CARTESIAN_POINT ( 'NONE',  ( 1.244599999999999929, 0.000000000000000000, 10.88390000000000057 ) ) ;
#1366 = SURFACE_STYLE_FILL_AREA ( #2846 ) ;
#1367 = AXIS2_PLACEMENT_3D ( 'NONE', #2015, #1776, #848 ) ;
#1368 = CARTESIAN_POINT ( 'NONE',  ( 0.000000000000000000, 3.810000000000000053, 0.000000000000000000 ) ) ;
#1369 = CIRCLE ( 'NONE', #1628, 1.193800000000000638 ) ;
#1370 = EDGE_CURVE ( 'NONE', #354, #2491, #1078, .T. ) ;
#1371 = ORIENTED_EDGE ( 'NONE', *, *, #2883, .T. ) ;
#1372 = EDGE_CURVE ( 'NONE', #1142, #419, #1626, .T. ) ;
#1373 = LINE ( 'NONE', #632, #897 ) ;
#1374 = COLOUR_RGB ( '',0.2941176470588235392, 0.2941176470588235392, 0.2941176470588235392 ) ;
#1375 = VERTEX_POINT ( 'NONE', #794 ) ;
#1376 = UNCERTAINTY_MEASURE_WITH_UNIT (LENGTH_MEASURE( 1.000000000000000082E-05 ), #2045, 'distance_accuracy_value', 'NONE');
#1377 = ORIENTED_EDGE ( 'NONE', *, *, #1465, .F. ) ;
#1378 = COLOUR_RGB ( '',0.2941176470588235392, 0.2941176470588235392, 0.2941176470588235392 ) ;
#1379 = CARTESIAN_POINT ( 'NONE',  ( 4.762500000000000178, -2.540000000000000036, 0.000000000000000000 ) ) ;
#1380 = AXIS2_PLACEMENT_3D ( 'NONE', #2409, #701, #1716 ) ;
#1381 =( NAMED_UNIT ( * ) PLANE_ANGLE_UNIT ( ) SI_UNIT ( $, .RADIAN. ) );
#1382 = LINE ( 'NONE', #2592, #1148 ) ;
#1383 = CARTESIAN_POINT ( 'NONE',  ( 1.193799999999999972, 3.810000000000000053, 6.197977345069920041 ) ) ;
#1384 = AXIS2_PLACEMENT_3D ( 'NONE', #2231, #2052, #539 ) ;
#1385 = CARTESIAN_POINT ( 'NONE',  ( 0.09595948984263109882, 4.273245732988959489, 7.566618395163899891 ) ) ;
#1386 = SURFACE_STYLE_FILL_AREA ( #891 ) ;
#1387 = MECHANICAL_DESIGN_GEOMETRIC_PRESENTATION_REPRESENTATION (  '', ( #1897 ), #2469 ) ;
#1388 = EDGE_CURVE ( 'NONE', #45, #1995, #1042, .T. ) ;
#1389 = MECHANICAL_DESIGN_GEOMETRIC_PRESENTATION_REPRESENTATION (  '', ( #705 ), #1543 ) ;
#1390 = SURFACE_SIDE_STYLE ('',( #385 ) ) ;
#1391 = VECTOR ( 'NONE', #1874, 1000.000000000000000 ) ;
#1392 = ORIENTED_EDGE ( 'NONE', *, *, #165, .T. ) ;
#1393 = ORIENTED_EDGE ( 'NONE', *, *, #687, .T. ) ;
#1394 = PRODUCT_DEFINITION_FORMATION_WITH_SPECIFIED_SOURCE ( 'ANY', '', #953, .NOT_KNOWN. ) ;
#1395 = EDGE_LOOP ( 'NONE', ( #1573, #205, #1630, #849 ) ) ;
#1396 = PLANE ( 'NONE',  #2253 ) ;
#1397 = CARTESIAN_POINT ( 'NONE',  ( 0.4445000000000000062, -2.514600000000000168, 10.17269999999999897 ) ) ;
#1398 = CARTESIAN_POINT ( 'NONE',  ( 3.124200000000000088, 3.810000000000000053, 7.544836881603200318 ) ) ;
#1399 = COLOUR_RGB ( '',0.2941176470588235392, 0.2941176470588235392, 0.2941176470588235392 ) ;
#1400 = CARTESIAN_POINT ( 'NONE',  ( 1.244599999999999929, -1.270000000000000018, 10.17269999999999897 ) ) ;
#1401 = CARTESIAN_POINT ( 'NONE',  ( 0.5453441052272470779, 4.327112163092960095, 7.419612714344899551 ) ) ;
#1402 = ORIENTED_EDGE ( 'NONE', *, *, #406, .F. ) ;
#1403 = LINE ( 'NONE', #1679, #3010 ) ;
#1404 = CARTESIAN_POINT ( 'NONE',  ( 5.443375242740469314E-17, 0.000000000000000000, 0.4445000000000000062 ) ) ;
#1405 = AXIS2_PLACEMENT_3D ( 'NONE', #143, #1527, #2811 ) ;
#1406 = EDGE_LOOP ( 'NONE', ( #2235, #1602, #2998, #37 ) ) ;
#1407 = ORIENTED_EDGE ( 'NONE', *, *, #1501, .F. ) ;
#1408 = ORIENTED_EDGE ( 'NONE', *, *, #644, .T. ) ;
#1409 = LINE ( 'NONE', #3144, #3172 ) ;
#1410 = DIRECTION ( 'NONE',  ( 0.000000000000000000, 0.000000000000000000, -1.000000000000000000 ) ) ;
#1411 = EDGE_CURVE ( 'NONE', #824, #703, #94, .T. ) ;
#1412 = DIRECTION ( 'NONE',  ( 0.000000000000000000, 1.000000000000000000, 0.000000000000000000 ) ) ;
#1413 = DIRECTION ( 'NONE',  ( 1.000000000000000000, 0.000000000000000000, 0.000000000000000000 ) ) ;
#1414 = SURFACE_SIDE_STYLE ('',( #449 ) ) ;
#1415 = VECTOR ( 'NONE', #134, 1000.000000000000000 ) ;
#1416 = ORIENTED_EDGE ( 'NONE', *, *, #389, .F. ) ;
#1417 = DIRECTION ( 'NONE',  ( 0.000000000000000000, 1.000000000000000000, 0.000000000000000000 ) ) ;
#1418 = ORIENTED_EDGE ( 'NONE', *, *, #1895, .F. ) ;
#1419 = ORIENTED_EDGE ( 'NONE', *, *, #2142, .F. ) ;
#1420 = STYLED_ITEM ( 'NONE', ( #199 ), #1964 ) ;
#1421 = CONICAL_SURFACE ( 'NONE', #3107, 5.041900000000000048, 0.7853981633974539411 ) ;
#1422 = ORIENTED_EDGE ( 'NONE', *, *, #2631, .F. ) ;
#1423 = ADVANCED_FACE ( 'NONE', ( #2288 ), #58, .F. ) ;
#1424 = AXIS2_PLACEMENT_3D ( 'NONE', #148, #2383, #2170 ) ;
#1425 = PLANE ( 'NONE',  #1635 ) ;
#1426 =( NAMED_UNIT ( * ) PLANE_ANGLE_UNIT ( ) SI_UNIT ( $, .RADIAN. ) );
#1427 = DIRECTION ( 'NONE',  ( -1.000000000000000000, 0.000000000000000000, 0.000000000000000000 ) ) ;
#1428 =( LENGTH_UNIT ( ) NAMED_UNIT ( * ) SI_UNIT ( .MILLI., .METRE. ) );
#1429 = STYLED_ITEM ( 'NONE', ( #636 ), #743 ) ;
#1430 = EDGE_LOOP ( 'NONE', ( #2839, #3153, #2767, #1683, #3038, #1743, #1077, #2663 ) ) ;
#1431 = CARTESIAN_POINT ( 'NONE',  ( -1.193799999999999972, 1.397000000000000020, 6.197977345069920041 ) ) ;
#1432 = VECTOR ( 'NONE', #988, 1000.000000000000000 ) ;
#1433 = AXIS2_PLACEMENT_3D ( 'NONE', #827, #579, #1582 ) ;
#1434 = CARTESIAN_POINT ( 'NONE',  ( 0.000000000000000000, 0.000000000000000000, 0.000000000000000000 ) ) ;
#1435 = ORIENTED_EDGE ( 'NONE', *, *, #2558, .T. ) ;
#1436 = VECTOR ( 'NONE', #411, 1000.000000000000000 ) ;
#1437 = CARTESIAN_POINT ( 'NONE',  ( 0.5453441052272459677, 4.273245732988954160, 7.566618395163899891 ) ) ;
#1438 = FACE_OUTER_BOUND ( 'NONE', #3180, .T. ) ;
#1439 = DIRECTION ( 'NONE',  ( 0.000000000000000000, -1.000000000000000000, 0.000000000000000000 ) ) ;
#1440 = ORIENTED_EDGE ( 'NONE', *, *, #2468, .F. ) ;
#1441 = STYLED_ITEM ( 'NONE', ( #3030 ), #288 ) ;
#1442 = EDGE_CURVE ( 'NONE', #2428, #2109, #1806, .T. ) ;
#1443 = ORIENTED_EDGE ( 'NONE', *, *, #2598, .T. ) ;
#1444 = CARTESIAN_POINT ( 'NONE',  ( -1.193799999999999972, 3.562048420479245081, 5.024715027985879878 ) ) ;
#1445 = EDGE_CURVE ( 'NONE', #1905, #2390, #210, .T. ) ;
#1446 = ORIENTED_EDGE ( 'NONE', *, *, #3176, .T. ) ;
#1447 = CARTESIAN_POINT ( 'NONE',  ( -0.4445000000000000062, -6.477000000000000313, 10.17269999999999897 ) ) ;
#1448 = CARTESIAN_POINT ( 'NONE',  ( -0.4445000000000000062, -2.514600000000000168, 10.17269999999999897 ) ) ;
#1449 = VERTEX_POINT ( 'NONE', #1321 ) ;
#1450 = PRODUCT_DEFINITION_SHAPE ( 'NONE', 'NONE',  #2408 ) ;
#1452 = DIRECTION ( 'NONE',  ( -1.000000000000000000, 0.000000000000000000, 0.000000000000000000 ) ) ;
#1451 = CARTESIAN_POINT ( 'NONE',  ( 1.323263740350862906E-48, 2.540000000000000036, -1.030823798997973614E-32 ) ) ;
#1453 = DIRECTION ( 'NONE',  ( -1.000000000000000000, 2.736225955192569839E-17, 0.000000000000000000 ) ) ;
#1454 = ORIENTED_EDGE ( 'NONE', *, *, #687, .F. ) ;
#1455 = EDGE_CURVE ( 'NONE', #1032, #633, #1062, .T. ) ;
#1456 = CARTESIAN_POINT ( 'NONE',  ( 3.124200000000000088, 3.810000000000000053, 7.544836881603200318 ) ) ;
#1457 = FACE_OUTER_BOUND ( 'NONE', #1507, .T. ) ;
#1458 = PRODUCT_DEFINITION_CONTEXT ( 'detailed design', #936, 'design' ) ;
#1459 = FACE_OUTER_BOUND ( 'NONE', #1166, .T. ) ;
#1460 = EDGE_CURVE ( 'NONE', #2936, #2428, #1342, .T. ) ;
#1461 = VECTOR ( 'NONE', #2199, 1000.000000000000000 ) ;
#1462 = ADVANCED_FACE ( 'NONE', ( #2916 ), #2356, .T. ) ;
#1463 = LINE ( 'NONE', #2952, #1039 ) ;
#1464 = VECTOR ( 'NONE', #1167, 1000.000000000000114 ) ;
#1465 = EDGE_CURVE ( 'NONE', #622, #899, #2404, .T. ) ;
#1466 = VERTEX_POINT ( 'NONE', #172 ) ;
#1467 = CARTESIAN_POINT ( 'NONE',  ( 1.193799999999999972, 4.184913584487254923, 8.792430572510230746 ) ) ;
#1468 = DIRECTION ( 'NONE',  ( -0.000000000000000000, 0.1564344650402234582, 0.9876883405951389916 ) ) ;
#1469 = VERTEX_POINT ( 'NONE', #1119 ) ;
#1470 =( GEOMETRIC_REPRESENTATION_CONTEXT ( 3 ) GLOBAL_UNCERTAINTY_ASSIGNED_CONTEXT ( ( #3192 ) ) GLOBAL_UNIT_ASSIGNED_CONTEXT ( ( #2084, #403, #1120 ) ) REPRESENTATION_CONTEXT ( 'NONE', 'WORKASPACE' ) );
#1472 = SURFACE_STYLE_FILL_AREA ( #471 ) ;
#1471 = DIRECTION ( 'NONE',  ( 0.000000000000000000, 0.000000000000000000, 1.000000000000000000 ) ) ;
#1473 = CARTESIAN_POINT ( 'NONE',  ( -1.193799999999999972, 3.698044376626850038, 5.718459373932829770 ) ) ;
#1474 = VECTOR ( 'NONE', #3063, 999.9999999999998863 ) ;
#1475 = ORIENTED_EDGE ( 'NONE', *, *, #2710, .F. ) ;
#1476 =( GEOMETRIC_REPRESENTATION_CONTEXT ( 3 ) GLOBAL_UNCERTAINTY_ASSIGNED_CONTEXT ( ( #2271 ) ) GLOBAL_UNIT_ASSIGNED_CONTEXT ( ( #990, #2482, #29 ) ) REPRESENTATION_CONTEXT ( 'NONE', 'WORKASPACE' ) );
#1477 = CARTESIAN_POINT ( 'NONE',  ( 0.5453441052272459677, 4.251850311539610239, 7.431533020580969762 ) ) ;
#1478 =( LENGTH_UNIT ( ) NAMED_UNIT ( * ) SI_UNIT ( .MILLI., .METRE. ) );
#1479 = STYLED_ITEM ( 'NONE', ( #2061 ), #2082 ) ;
#1480 = DIRECTION ( 'NONE',  ( 0.000000000000000000, 0.000000000000000000, 1.000000000000000000 ) ) ;
#1481 = FILL_AREA_STYLE_COLOUR ( '', #1399 ) ;
#1482 = PRESENTATION_STYLE_ASSIGNMENT (( #2497 ) ) ;
#1483 = CARTESIAN_POINT ( 'NONE',  ( -4.463187292171315157, 1.397000000000000020, -4.463187292171425291 ) ) ;
#1484 = EDGE_CURVE ( 'NONE', #2028, #567, #140, .T. ) ;
#1485 = EDGE_LOOP ( 'NONE', ( #937, #1200, #1271, #1953 ) ) ;
#1486 = VECTOR ( 'NONE', #2613, 1000.000000000000000 ) ;
#1487 = FACE_OUTER_BOUND ( 'NONE', #1854, .T. ) ;
#1488 = EDGE_CURVE ( 'NONE', #1242, #842, #1403, .T. ) ;
#1489 = VECTOR ( 'NONE', #844, 1000.000000000000000 ) ;
#1490 = AXIS2_PLACEMENT_3D ( 'NONE', #1617, #2857, #1153 ) ;
#1491 = ORIENTED_EDGE ( 'NONE', *, *, #2213, .T. ) ;
#1492 = MECHANICAL_DESIGN_GEOMETRIC_PRESENTATION_REPRESENTATION (  '', ( #1796 ), #2575 ) ;
#1493 = EDGE_LOOP ( 'NONE', ( #64, #1883, #1025, #962 ) ) ;
#1494 = CARTESIAN_POINT ( 'NONE',  ( -1.193799999999999972, 3.562048420479249966, 5.024715027985879878 ) ) ;
#1495 = CARTESIAN_POINT ( 'NONE',  ( 1.193799999999999972, 3.810000000000000053, 10.17269999999999897 ) ) ;
#1496 = CARTESIAN_POINT ( 'NONE',  ( 0.09595948984263109882, 4.181551069634609874, 6.987681075522749197 ) ) ;
#1497 = DIRECTION ( 'NONE',  ( 0.000000000000000000, 0.000000000000000000, 1.000000000000000000 ) ) ;
#1498 = STYLED_ITEM ( 'NONE', ( #2001 ), #610 ) ;
#1499 = DIRECTION ( 'NONE',  ( 0.000000000000000000, -1.000000000000000000, 0.000000000000000000 ) ) ;
#1500 =( NAMED_UNIT ( * ) PLANE_ANGLE_UNIT ( ) SI_UNIT ( $, .RADIAN. ) );
#1501 = EDGE_CURVE ( 'NONE', #145, #3143, #156, .T. ) ;
#1502 = EDGE_LOOP ( 'NONE', ( #2389, #2360, #1067, #2455 ) ) ;
#1503 = DIRECTION ( 'NONE',  ( 0.000000000000000000, 0.000000000000000000, 1.000000000000000000 ) ) ;
#1504 = CARTESIAN_POINT ( 'NONE',  ( -1.619249999999960110, -1.778000000000000025, -4.124445985523414571 ) ) ;
#1505 = VERTEX_POINT ( 'NONE', #3125 ) ;
#1506 = EDGE_CURVE ( 'NONE', #41, #697, #675, .T. ) ;
#1507 = EDGE_LOOP ( 'NONE', ( #309, #2265, #2743, #2884 ) ) ;
#1508 = DIRECTION ( 'NONE',  ( 0.000000000000000000, 0.000000000000000000, -1.000000000000000000 ) ) ;
#1509 = DIRECTION ( 'NONE',  ( 0.000000000000000000, -1.000000000000000000, 0.000000000000000000 ) ) ;
#1510 = ADVANCED_FACE ( 'NONE', ( #2865 ), #2524, .T. ) ;
#1511 = SURFACE_STYLE_USAGE ( .BOTH. , #1262 ) ;
#1512 = LINE ( 'NONE', #772, #522 ) ;
#1513 = STYLED_ITEM ( 'NONE', ( #2745 ), #1015 ) ;
#1514 = VERTEX_POINT ( 'NONE', #2033 ) ;
#1515 = LINE ( 'NONE', #1536, #257 ) ;
#1516 = UNCERTAINTY_MEASURE_WITH_UNIT (LENGTH_MEASURE( 1.000000000000000082E-05 ), #1281, 'distance_accuracy_value', 'NONE');
#1517 = DIRECTION ( 'NONE',  ( 0.000000000000000000, 1.000000000000000000, 0.000000000000000000 ) ) ;
#1518 = VECTOR ( 'NONE', #338, 1000.000000000000000 ) ;
#1519 = DIRECTION ( 'NONE',  ( 0.000000000000000000, 0.000000000000000000, -1.000000000000000000 ) ) ;
#1520 = AXIS2_PLACEMENT_3D ( 'NONE', #1817, #2835, #595 ) ;
#1521 = ORIENTED_EDGE ( 'NONE', *, *, #1243, .T. ) ;
#1522 = COLOUR_RGB ( '',0.2941176470588235392, 0.2941176470588235392, 0.2941176470588235392 ) ;
#1523 = DIRECTION ( 'NONE',  ( 0.000000000000000000, 1.000000000000000000, 0.000000000000000000 ) ) ;
#1524 = ADVANCED_FACE ( 'NONE', ( #1081 ), #2503, .T. ) ;
#1525 = ORIENTED_EDGE ( 'NONE', *, *, #301, .F. ) ;
#1526 =( GEOMETRIC_REPRESENTATION_CONTEXT ( 3 ) GLOBAL_UNCERTAINTY_ASSIGNED_CONTEXT ( ( #269 ) ) GLOBAL_UNIT_ASSIGNED_CONTEXT ( ( #1428, #2947, #935 ) ) REPRESENTATION_CONTEXT ( 'NONE', 'WORKASPACE' ) );
#1527 = DIRECTION ( 'NONE',  ( 0.000000000000000000, -1.000000000000000000, 0.000000000000000000 ) ) ;
#1528 = DIRECTION ( 'NONE',  ( 0.000000000000000000, 0.000000000000000000, -1.000000000000000000 ) ) ;
#1529 = FILL_AREA_STYLE ('',( #2730 ) ) ;
#1530 = VECTOR ( 'NONE', #1879, 999.9999999999998863 ) ;
#1531 = CYLINDRICAL_SURFACE ( 'NONE', #1947, 0.6350000000000001199 ) ;
#1532 = DIRECTION ( 'NONE',  ( 1.148500168833074000E-16, 0.000000000000000000, 1.000000000000000000 ) ) ;
#1533 = UNCERTAINTY_MEASURE_WITH_UNIT (LENGTH_MEASURE( 1.000000000000000082E-05 ), #378, 'distance_accuracy_value', 'NONE');
#1534 = VECTOR ( 'NONE', #454, 1000.000000000000000 ) ;
#1535 = ORIENTED_EDGE ( 'NONE', *, *, #1115, .T. ) ;
#1536 = CARTESIAN_POINT ( 'NONE',  ( 1.244599999999999929, -1.270000000000000018, 9.791700000000000514 ) ) ;
#1537 =( NAMED_UNIT ( * ) SI_UNIT ( $, .STERADIAN. ) SOLID_ANGLE_UNIT ( ) );
#1538 = FILL_AREA_STYLE ('',( #797 ) ) ;
#1539 = ORIENTED_EDGE ( 'NONE', *, *, #2845, .F. ) ;
#1540 = SHAPE_DEFINITION_REPRESENTATION ( #1218, #1778 ) ;
#1541 = VECTOR ( 'NONE', #2964, 1000.000000000000000 ) ;
#1542 = ORIENTED_EDGE ( 'NONE', *, *, #2716, .F. ) ;
#1543 =( GEOMETRIC_REPRESENTATION_CONTEXT ( 3 ) GLOBAL_UNCERTAINTY_ASSIGNED_CONTEXT ( ( #1043 ) ) GLOBAL_UNIT_ASSIGNED_CONTEXT ( ( #1986, #447, #2977 ) ) REPRESENTATION_CONTEXT ( 'NONE', 'WORKASPACE' ) );
#1544 = AXIS2_PLACEMENT_3D ( 'NONE', #2796, #565, #2555 ) ;
#1545 = PRESENTATION_STYLE_ASSIGNMENT (( #1735 ) ) ;
#1546 = DIRECTION ( 'NONE',  ( 3.019357246185326641E-16, 0.1564344650402234582, 0.9876883405951389916 ) ) ;
#1547 = LINE ( 'NONE', #91, #493 ) ;
#1548 = ORIENTED_EDGE ( 'NONE', *, *, #2899, .F. ) ;
#1549 = DIRECTION ( 'NONE',  ( 0.000000000000000000, 1.000000000000000000, 0.000000000000000000 ) ) ;
#1550 = EDGE_CURVE ( 'NONE', #2175, #816, #1065, .T. ) ;
#1551 = DIRECTION ( 'NONE',  ( -6.031593736011497251E-17, 0.1564344650402244297, 0.9876883405951386585 ) ) ;
#1552 = CARTESIAN_POINT ( 'NONE',  ( -2.381249999999960121, -1.778000000000000025, -4.124445985523414571 ) ) ;
#1553 = VECTOR ( 'NONE', #964, 1000.000000000000000 ) ;
#1554 = ORIENTED_EDGE ( 'NONE', *, *, #67, .T. ) ;
#1555 = ORIENTED_EDGE ( 'NONE', *, *, #1442, .F. ) ;
#1556 = CARTESIAN_POINT ( 'NONE',  ( 0.000000000000000000, 3.792036138052339744, 6.311899999999999622 ) ) ;
#1557 = CARTESIAN_POINT ( 'NONE',  ( 0.4445000000000000062, -2.514600000000000168, 9.791700000000000514 ) ) ;
#1558 = DIRECTION ( 'NONE',  ( 1.000000000000000000, 0.000000000000000000, 3.742257525567495337E-15 ) ) ;
#1559 =( NAMED_UNIT ( * ) PLANE_ANGLE_UNIT ( ) SI_UNIT ( $, .RADIAN. ) );
#1560 = EDGE_CURVE ( 'NONE', #1274, #1615, #1567, .T. ) ;
#1561 = DIRECTION ( 'NONE',  ( 1.000000000000000000, 0.000000000000000000, 0.000000000000000000 ) ) ;
#1562 = EDGE_CURVE ( 'NONE', #2039, #2345, #3003, .T. ) ;
#1563 = ADVANCED_FACE ( 'NONE', ( #2071 ), #1014, .T. ) ;
#1564 = EDGE_LOOP ( 'NONE', ( #2765, #2836, #1068, #2441 ) ) ;
#1565 = CARTESIAN_POINT ( 'NONE',  ( 1.193799999999999972, 3.378200000000000092, 9.059727763149499680 ) ) ;
#1566 = FILL_AREA_STYLE_COLOUR ( '', #63 ) ;
#1567 = LINE ( 'NONE', #829, #2760 ) ;
#1568 = ADVANCED_FACE ( 'NONE', ( #1866 ), #1360, .T. ) ;
#1569 = ORIENTED_EDGE ( 'NONE', *, *, #202, .T. ) ;
#1570 = ORIENTED_EDGE ( 'NONE', *, *, #65, .F. ) ;
#1571 = STYLED_ITEM ( 'NONE', ( #680 ), #1123 ) ;
#1572 = DIRECTION ( 'NONE',  ( 0.000000000000000000, -1.000000000000000000, 0.000000000000000000 ) ) ;
#1573 = ORIENTED_EDGE ( 'NONE', *, *, #868, .F. ) ;
#1574 = DIRECTION ( 'NONE',  ( 1.000000000000000000, -2.840535760733900353E-15, -6.143929209821380169E-16 ) ) ;
#1575 = DIRECTION ( 'NONE',  ( 0.000000000000000000, 1.000000000000000000, 0.000000000000000000 ) ) ;
#1576 = DIRECTION ( 'NONE',  ( 0.000000000000000000, 0.000000000000000000, -1.000000000000000000 ) ) ;
#1577 =( NAMED_UNIT ( * ) SI_UNIT ( $, .STERADIAN. ) SOLID_ANGLE_UNIT ( ) );
#1578 = VECTOR ( 'NONE', #2405, 1000.000000000000000 ) ;
#1579 = COLOUR_RGB ( '',0.2941176470588235392, 0.2941176470588235392, 0.2941176470588235392 ) ;
#1580 = ORIENTED_EDGE ( 'NONE', *, *, #3179, .T. ) ;
#1581 = FACE_OUTER_BOUND ( 'NONE', #1294, .T. ) ;
#1582 = DIRECTION ( 'NONE',  ( 0.000000000000000000, 0.000000000000000000, 1.000000000000000000 ) ) ;
#1583 = EDGE_CURVE ( 'NONE', #2056, #2167, #1170, .T. ) ;
#1584 = CARTESIAN_POINT ( 'NONE',  ( 5.443375242740469314E-17, 5.080000000000000071, 0.4445000000000000062 ) ) ;
#1585 =( NAMED_UNIT ( * ) PLANE_ANGLE_UNIT ( ) SI_UNIT ( $, .RADIAN. ) );
#1586 =( GEOMETRIC_REPRESENTATION_CONTEXT ( 3 ) GLOBAL_UNCERTAINTY_ASSIGNED_CONTEXT ( ( #774 ) ) GLOBAL_UNIT_ASSIGNED_CONTEXT ( ( #1303, #2910, #291 ) ) REPRESENTATION_CONTEXT ( 'NONE', 'WORKASPACE' ) );
#1587 = DIRECTION ( 'NONE',  ( 0.000000000000000000, 0.000000000000000000, -1.000000000000000000 ) ) ;
#1588 = ORIENTED_EDGE ( 'NONE', *, *, #2100, .T. ) ;
#1589 = ORIENTED_EDGE ( 'NONE', *, *, #3029, .T. ) ;
#1590 = VERTEX_POINT ( 'NONE', #1098 ) ;
#1591 = CARTESIAN_POINT ( 'NONE',  ( -0.04080974092659949565, 4.348507584542310234, 7.554698088927840338 ) ) ;
#1592 = DIRECTION ( 'NONE',  ( 0.000000000000000000, -1.000000000000000000, 0.000000000000000000 ) ) ;
#1593 = CARTESIAN_POINT ( 'NONE',  ( 4.762500000000000178, 0.000000000000000000, 0.7620000000000000107 ) ) ;
#1594 = CARTESIAN_POINT ( 'NONE',  ( 1.193799999999999972, -2.514600000000000168, 10.17269999999999897 ) ) ;
#1595 = FILL_AREA_STYLE ('',( #1054 ) ) ;
#1596 = ORIENTED_EDGE ( 'NONE', *, *, #3057, .F. ) ;
#1597 = DIRECTION ( 'NONE',  ( 0.000000000000000000, 1.000000000000000000, 0.000000000000000000 ) ) ;
#1598 = SURFACE_STYLE_FILL_AREA ( #2104 ) ;
#1599 = CARTESIAN_POINT ( 'NONE',  ( 0.09595948984263109882, 4.181551069634609874, 6.987681075522749197 ) ) ;
#1600 = EDGE_CURVE ( 'NONE', #853, #2990, #1614, .T. ) ;
#1601 = VERTEX_POINT ( 'NONE', #2538 ) ;
#1602 = ORIENTED_EDGE ( 'NONE', *, *, #2224, .T. ) ;
#1603 = VECTOR ( 'NONE', #1969, 1000.000000000000000 ) ;
#1604 = ORIENTED_EDGE ( 'NONE', *, *, #1199, .F. ) ;
#1605 = SURFACE_STYLE_USAGE ( .BOTH. , #3042 ) ;
#1606 = EDGE_CURVE ( 'NONE', #1726, #2599, #1302, .T. ) ;
#1607 = DIRECTION ( 'NONE',  ( 1.000000000000000000, 0.000000000000000000, 0.000000000000000000 ) ) ;
#1608 = LINE ( 'NONE', #611, #653 ) ;
#1609 = CARTESIAN_POINT ( 'NONE',  ( -4.463187292171315157, 2.667000000000000259, -4.463187292171425291 ) ) ;
#1610 = ADVANCED_FACE ( 'NONE', ( #2794 ), #2070, .F. ) ;
#1611 = ORIENTED_EDGE ( 'NONE', *, *, #2888, .T. ) ;
#1612 = LINE ( 'NONE', #2537, #677 ) ;
#1613 = SURFACE_STYLE_USAGE ( .BOTH. , #2837 ) ;
#1614 = LINE ( 'NONE', #2600, #1880 ) ;
#1615 = VERTEX_POINT ( 'NONE', #2247 ) ;
#1616 = ORIENTED_EDGE ( 'NONE', *, *, #803, .F. ) ;
#1617 = CARTESIAN_POINT ( 'NONE',  ( -2.381249999999960121, -1.778000000000000025, -4.124445985523414571 ) ) ;
#1618 = VERTEX_POINT ( 'NONE', #2053 ) ;
#1619 = VECTOR ( 'NONE', #2281, 1000.000000000000000 ) ;
#1620 = CARTESIAN_POINT ( 'NONE',  ( 1.244599999999999929, -1.270000000000000018, 10.17269999999999897 ) ) ;
#1621 = SPHERICAL_SURFACE ( 'NONE', #733, 0.7620000000000000107 ) ;
#1623 = LINE ( 'NONE', #1639, #3028 ) ;
#1622 = FACE_OUTER_BOUND ( 'NONE', #2557, .T. ) ;
#1624 = EDGE_CURVE ( 'NONE', #2287, #422, #1762, .T. ) ;
#1625 = FILL_AREA_STYLE_COLOUR ( '', #391 ) ;
#1626 = CIRCLE ( 'NONE', #2856, 0.7619999999999996776 ) ;
#1627 = SURFACE_STYLE_FILL_AREA ( #413 ) ;
#1628 = AXIS2_PLACEMENT_3D ( 'NONE', #2951, #1712, #2997 ) ;
#1629 = AXIS2_PLACEMENT_3D ( 'NONE', #1400, #1925, #2417 ) ;
#1630 = ORIENTED_EDGE ( 'NONE', *, *, #1229, .T. ) ;
#1631 =( NAMED_UNIT ( * ) SI_UNIT ( $, .STERADIAN. ) SOLID_ANGLE_UNIT ( ) );
#1632 = COLOUR_RGB ( '',0.2941176470588235392, 0.2941176470588235392, 0.2941176470588235392 ) ;
#1633 = EDGE_LOOP ( 'NONE', ( #2472, #357, #2206, #1356 ) ) ;
#1634 = ORIENTED_EDGE ( 'NONE', *, *, #1839, .T. ) ;
#1635 = AXIS2_PLACEMENT_3D ( 'NONE', #1979, #2412, #1920 ) ;
#1636 = VERTEX_POINT ( 'NONE', #1064 ) ;
#1637 = DIRECTION ( 'NONE',  ( 0.000000000000000000, 1.000000000000000000, 0.000000000000000000 ) ) ;
#1639 = CARTESIAN_POINT ( 'NONE',  ( 2.489199999999999857, 3.810000000000000053, 7.544836881603200318 ) ) ;
#1638 = CARTESIAN_POINT ( 'NONE',  ( -1.193799999999999972, 2.491381756127740044, -0.4345177994699565005 ) ) ;
#1640 = CIRCLE ( 'NONE', #1384, 0.7619999999999996776 ) ;
#1641 = CARTESIAN_POINT ( 'NONE',  ( -3.124200000000000088, 3.810000000000000053, 7.544836881603210088 ) ) ;
#1642 = ADVANCED_FACE ( 'NONE', ( #2275 ), #1028, .T. ) ;
#1643 = DIRECTION ( 'NONE',  ( 0.000000000000000000, 1.000000000000000000, 0.000000000000000000 ) ) ;
#1644 =( GEOMETRIC_REPRESENTATION_CONTEXT ( 3 ) GLOBAL_UNCERTAINTY_ASSIGNED_CONTEXT ( ( #2809 ) ) GLOBAL_UNIT_ASSIGNED_CONTEXT ( ( #2415, #2849, #2642 ) ) REPRESENTATION_CONTEXT ( 'NONE', 'WORKASPACE' ) );
#1645 = PLANE ( 'NONE',  #1629 ) ;
#1646 = AXIS2_PLACEMENT_3D ( 'NONE', #770, #509, #1497 ) ;
#1647 = SURFACE_STYLE_USAGE ( .BOTH. , #1390 ) ;
#1648 = VECTOR ( 'NONE', #2023, 1000.000000000000000 ) ;
#1649 = EDGE_CURVE ( 'NONE', #2056, #2119, #2502, .T. ) ;
#1650 = SURFACE_STYLE_FILL_AREA ( #649 ) ;
#1651 = UNCERTAINTY_MEASURE_WITH_UNIT (LENGTH_MEASURE( 1.000000000000000082E-05 ), #2720, 'distance_accuracy_value', 'NONE');
#1652 = VERTEX_POINT ( 'NONE', #2776 ) ;
#1653 = ADVANCED_FACE ( 'NONE', ( #270 ), #1273, .T. ) ;
#1654 = ORIENTED_EDGE ( 'NONE', *, *, #1199, .T. ) ;
#1655 = AXIS2_PLACEMENT_3D ( 'NONE', #364, #2907, #1410 ) ;
#1656 = SURFACE_STYLE_FILL_AREA ( #1885 ) ;
#1657 = ORIENTED_EDGE ( 'NONE', *, *, #1243, .F. ) ;
#1658 = DIRECTION ( 'NONE',  ( 0.000000000000000000, -0.6593872012562607132, -0.7518035107788706428 ) ) ;
#1659 = CARTESIAN_POINT ( 'NONE',  ( -1.244599999999999929, -1.270000000000000018, 9.791700000000000514 ) ) ;
#1660 = CARTESIAN_POINT ( 'NONE',  ( -2.168404344971009854E-16, 2.491381756127740044, -0.4345177994699565005 ) ) ;
#1661 = AXIS2_PLACEMENT_3D ( 'NONE', #1368, #124, #1114 ) ;
#1662 = LINE ( 'NONE', #2643, #2914 ) ;
#1663 = DIRECTION ( 'NONE',  ( 0.000000000000000000, -0.1564344650402234582, -0.9876883405951388806 ) ) ;
#1664 = EDGE_CURVE ( 'NONE', #1449, #2635, #2150, .T. ) ;
#1665 = EDGE_LOOP ( 'NONE', ( #2232, #2773, #1446, #651, #731 ) ) ;
#1666 = ORIENTED_EDGE ( 'NONE', *, *, #1876, .F. ) ;
#1667 = FILL_AREA_STYLE ('',( #2651 ) ) ;
#1668 = ORIENTED_EDGE ( 'NONE', *, *, #874, .F. ) ;
#1669 = DIRECTION ( 'NONE',  ( -1.000000000000000000, 0.000000000000000000, -1.732004404084104935E-14 ) ) ;
#1670 = DIRECTION ( 'NONE',  ( 0.000000000000000000, 0.000000000000000000, -1.000000000000000000 ) ) ;
#1671 = CARTESIAN_POINT ( 'NONE',  ( -1.193799999999999972, -2.514600000000000168, 10.17269999999999897 ) ) ;
#1672 = CIRCLE ( 'NONE', #468, 0.7620000000000001217 ) ;
#1673 = CARTESIAN_POINT ( 'NONE',  ( -2.381249999999960121, -2.540000000000000036, -3.362445985523415004 ) ) ;
#1674 = DIRECTION ( 'NONE',  ( 1.000000000000000000, 0.000000000000000000, 0.000000000000000000 ) ) ;
#1675 = VECTOR ( 'NONE', #2795, 1000.000000000000000 ) ;
#1676 = EDGE_CURVE ( 'NONE', #3065, #2602, #894, .T. ) ;
#1677 = AXIS2_PLACEMENT_3D ( 'NONE', #979, #2746, #1973 ) ;
#1678 = PRESENTATION_STYLE_ASSIGNMENT (( #1647 ) ) ;
#1679 = CARTESIAN_POINT ( 'NONE',  ( 1.193799999999999972, 3.227283930490484565, 5.181719571481609776 ) ) ;
#1680 = LINE ( 'NONE', #1483, #427 ) ;
#1681 = ORIENTED_EDGE ( 'NONE', *, *, #1455, .T. ) ;
#1682 = CARTESIAN_POINT ( 'NONE',  ( 4.762500000000000178, -1.778000000000000025, 0.000000000000000000 ) ) ;
#1683 = ORIENTED_EDGE ( 'NONE', *, *, #2963, .F. ) ;
#1684 = MECHANICAL_DESIGN_GEOMETRIC_PRESENTATION_REPRESENTATION (  '', ( #642 ), #2566 ) ;
#1685 = DIRECTION ( 'NONE',  ( 0.000000000000000000, 1.835919350580821896E-16, -1.000000000000000000 ) ) ;
#1686 = AXIS2_PLACEMENT_3D ( 'NONE', #869, #2331, #918 ) ;
#1687 = CARTESIAN_POINT ( 'NONE',  ( 0.000000000000000000, 1.397000000000000020, 0.000000000000000000 ) ) ;
#1689 = VERTEX_POINT ( 'NONE', #2824 ) ;
#1688 = AXIS2_PLACEMENT_3D ( 'NONE', #974, #2035, #3016 ) ;
#1690 = CYLINDRICAL_SURFACE ( 'NONE', #3149, 6.311899999999999622 ) ;
#1691 = CARTESIAN_POINT ( 'NONE',  ( -0.4901943563112149960, 4.327112163092960095, 7.419612714344899551 ) ) ;
#1692 = DIRECTION ( 'NONE',  ( -1.000000000000000000, 2.750830457091430092E-15, 4.801592423507039418E-17 ) ) ;
#1693 = EDGE_CURVE ( 'NONE', #2855, #1702, #2886, .T. ) ;
#1694 = ORIENTED_EDGE ( 'NONE', *, *, #3023, .F. ) ;
#1695 = AXIS2_PLACEMENT_3D ( 'NONE', #1343, #2327, #95 ) ;
#1696 = CARTESIAN_POINT ( 'NONE',  ( -2.381249999999960121, -1.778000000000000025, -4.124445985523414571 ) ) ;
#1697 = PRESENTATION_LAYER_ASSIGNMENT (  '', '', ( #3082 ) ) ;
#1698 = AXIS2_PLACEMENT_3D ( 'NONE', #381, #1412, #2386 ) ;
#1699 = EDGE_LOOP ( 'NONE', ( #1812, #432, #233, #2066, #2541 ) ) ;
#1700 =( NAMED_UNIT ( * ) SI_UNIT ( $, .STERADIAN. ) SOLID_ANGLE_UNIT ( ) );
#1701 = EDGE_CURVE ( 'NONE', #2925, #1853, #1373, .T. ) ;
#1702 = VERTEX_POINT ( 'NONE', #1404 ) ;
#1704 = DIRECTION ( 'NONE',  ( -1.000000000000000000, 0.000000000000000000, 0.000000000000000000 ) ) ;
#1703 = FILL_AREA_STYLE ('',( #2204 ) ) ;
#1705 = CARTESIAN_POINT ( 'NONE',  ( -1.193799999999999972, 4.557302341002480439, 8.872976298784479354 ) ) ;
#1706 = EDGE_CURVE ( 'NONE', #1811, #2167, #321, .T. ) ;
#1707 = ORIENTED_EDGE ( 'NONE', *, *, #2619, .F. ) ;
#1708 = DIRECTION ( 'NONE',  ( 0.000000000000000000, 1.000000000000000000, 0.000000000000000000 ) ) ;
#1709 = EDGE_CURVE ( 'NONE', #2088, #2491, #2134, .T. ) ;
#1710 = CARTESIAN_POINT ( 'NONE',  ( -2.381249999999960121, 0.000000000000000000, -3.362445985523415004 ) ) ;
#1711 = ADVANCED_FACE ( 'NONE', ( #1137 ), #879, .F. ) ;
#1712 = DIRECTION ( 'NONE',  ( 0.000000000000000000, -0.9816271834476624214, -0.1908089953765525759 ) ) ;
#1713 = DIRECTION ( 'NONE',  ( 1.000000000000000000, 0.000000000000000000, 0.000000000000000000 ) ) ;
#1714 = VERTEX_POINT ( 'NONE', #1184 ) ;
#1715 = LINE ( 'NONE', #2262, #369 ) ;
#1716 = DIRECTION ( 'NONE',  ( 1.000000000000000000, 0.000000000000000000, 0.000000000000000000 ) ) ;
#1717 = VERTEX_POINT ( 'NONE', #2681 ) ;
#1718 = PLANE ( 'NONE',  #2772 ) ;
#1719 = LINE ( 'NONE', #688, #431 ) ;
#1720 = ORIENTED_EDGE ( 'NONE', *, *, #1354, .F. ) ;
#1721 = EDGE_CURVE ( 'NONE', #354, #326, #1680, .T. ) ;
#1722 = CARTESIAN_POINT ( 'NONE',  ( -1.193799999999999972, 4.032808866615614996, 5.561454830437099872 ) ) ;
#1723 = AXIS2_PLACEMENT_3D ( 'NONE', #970, #466, #732 ) ;
#1724 = LINE ( 'NONE', #968, #1578 ) ;
#1725 = MECHANICAL_DESIGN_GEOMETRIC_PRESENTATION_REPRESENTATION (  '', ( #573 ), #2659 ) ;
#1726 = VERTEX_POINT ( 'NONE', #2177 ) ;
#1727 = CARTESIAN_POINT ( 'NONE',  ( 1.193799999999999972, 3.227283930490484565, 5.181719571481609776 ) ) ;
#1728 = ORIENTED_EDGE ( 'NONE', *, *, #386, .F. ) ;
#1729 = COLOUR_RGB ( '',0.2941176470588235392, 0.2941176470588235392, 0.2941176470588235392 ) ;
#1730 = VECTOR ( 'NONE', #2031, 1000.000000000000000 ) ;
#1731 = EDGE_LOOP ( 'NONE', ( #812, #1124, #1086, #1859 ) ) ;
#1732 = PLANE ( 'NONE',  #2778 ) ;
#1733 = AXIS2_PLACEMENT_3D ( 'NONE', #70, #1846, #1071 ) ;
#1734 = LINE ( 'NONE', #553, #2535 ) ;
#1735 = SURFACE_STYLE_USAGE ( .BOTH. , #1280 ) ;
#1736 = CARTESIAN_POINT ( 'NONE',  ( 1.244599999999999929, -1.270000000000000018, 10.17269999999999897 ) ) ;
#1737 = PRESENTATION_LAYER_ASSIGNMENT (  '', '', ( #3123 ) ) ;
#1738 = ADVANCED_FACE ( 'NONE', ( #2228 ), #1976, .T. ) ;
#1739 = CARTESIAN_POINT ( 'NONE',  ( -4.463187292171315157, 3.810000000000000053, -4.463187292171425291 ) ) ;
#1740 = VECTOR ( 'NONE', #852, 1000.000000000000000 ) ;
#1741 = CARTESIAN_POINT ( 'NONE',  ( 0.000000000000000000, 1.397000000000000020, -7.531099999999999461 ) ) ;
#1742 = EDGE_CURVE ( 'NONE', #3047, #3066, #1463, .T. ) ;
#1743 = ORIENTED_EDGE ( 'NONE', *, *, #2989, .F. ) ;
#1744 = AXIS2_PLACEMENT_3D ( 'NONE', #383, #660, #672 ) ;
#1745 = DIRECTION ( 'NONE',  ( 0.000000000000000000, 0.000000000000000000, 1.000000000000000000 ) ) ;
#1746 = CARTESIAN_POINT ( 'NONE',  ( -1.244599999999999929, 3.810000000000000053, 10.17269999999999897 ) ) ;
#1747 = CARTESIAN_POINT ( 'NONE',  ( -2.489199999999999857, 3.810000000000000053, 10.88390000000000057 ) ) ;
#1748 = COLOUR_RGB ( '',0.2941176470588235392, 0.2941176470588235392, 0.2941176470588235392 ) ;
#1749 = ORIENTED_EDGE ( 'NONE', *, *, #486, .F. ) ;
#1750 = EDGE_CURVE ( 'NONE', #2526, #3092, #118, .T. ) ;
#1751 = ORIENTED_EDGE ( 'NONE', *, *, #1930, .F. ) ;
#1752 =( GEOMETRIC_REPRESENTATION_CONTEXT ( 3 ) GLOBAL_UNCERTAINTY_ASSIGNED_CONTEXT ( ( #1196 ) ) GLOBAL_UNIT_ASSIGNED_CONTEXT ( ( #2941, #2701, #2490 ) ) REPRESENTATION_CONTEXT ( 'NONE', 'WORKASPACE' ) );
#1753 = SURFACE_SIDE_STYLE ('',( #2991 ) ) ;
#1754 = DIRECTION ( 'NONE',  ( 0.000000000000000000, -1.000000000000000000, 0.000000000000000000 ) ) ;
#1755 = SURFACE_SIDE_STYLE ('',( #30 ) ) ;
#1756 = CARTESIAN_POINT ( 'NONE',  ( 0.000000000000000000, 1.397000000000000020, 0.000000000000000000 ) ) ;
#1757 = MECHANICAL_DESIGN_GEOMETRIC_PRESENTATION_REPRESENTATION (  '', ( #1810 ), #352 ) ;
#1758 = ORIENTED_EDGE ( 'NONE', *, *, #2658, .T. ) ;
#1759 = DIRECTION ( 'NONE',  ( 4.523695302008587193E-17, -0.1564344650402253734, -0.9876883405951385475 ) ) ;
#1760 = EDGE_CURVE ( 'NONE', #2925, #228, #740, .T. ) ;
#1761 =( BOUNDED_CURVE ( )  B_SPLINE_CURVE ( 3, ( #2485, #1787, #2243, #997 ),
 .UNSPECIFIED., .F., .T. ) 
 B_SPLINE_CURVE_WITH_KNOTS ( ( 4, 4 ),
 ( 0.000000000000000000, 0.1902809777447429795 ),
 .UNSPECIFIED. ) 
 CURVE ( )  GEOMETRIC_REPRESENTATION_ITEM ( )  RATIONAL_B_SPLINE_CURVE ( ( 1.000000000000000000, 0.9969850377030449184, 0.9969850377030449184, 1.000000000000000000 ) ) 
 REPRESENTATION_ITEM ( '' )  );
#1762 = LINE ( 'NONE', #2553, #325 ) ;
#1763 = ORIENTED_EDGE ( 'NONE', *, *, #1286, .T. ) ;
#1764 = ORIENTED_EDGE ( 'NONE', *, *, #2272, .F. ) ;
#1765 = FILL_AREA_STYLE ('',( #13 ) ) ;
#1766 = CARTESIAN_POINT ( 'NONE',  ( 1.193799999999999972, 3.810000000000000053, 10.88390000000000057 ) ) ;
#1767 = DIRECTION ( 'NONE',  ( -7.927237481614905427E-16, 0.1564344650402189063, 0.9876883405951396577 ) ) ;
#1768 = CARTESIAN_POINT ( 'NONE',  ( 0.5453441052272459677, 4.251850311539610239, 7.431533020580969762 ) ) ;
#1769 = DIRECTION ( 'NONE',  ( 0.000000000000000000, 0.1908089953765519098, -0.9816271834476625324 ) ) ;
#1770 = FILL_AREA_STYLE ('',( #1215 ) ) ;
#1771 = VECTOR ( 'NONE', #2954, 1000.000000000000000 ) ;
#1772 = ORIENTED_EDGE ( 'NONE', *, *, #306, .F. ) ;
#1773 = LINE ( 'NONE', #227, #2342 ) ;
#1774 = SURFACE_SIDE_STYLE ('',( #2264 ) ) ;
#1775 = VECTOR ( 'NONE', #138, 1000.000000000000000 ) ;
#1776 = DIRECTION ( 'NONE',  ( 0.000000000000000000, -0.1564344650402234582, -0.9876883405951389916 ) ) ;
#1777 = ORIENTED_EDGE ( 'NONE', *, *, #2076, .T. ) ;
#1778 = SHAPE_REPRESENTATION ( '500', ( #344, #1344 ), #1752 ) ;
#1779 = ORIENTED_EDGE ( 'NONE', *, *, #662, .F. ) ;
#1780 = MECHANICAL_DESIGN_GEOMETRIC_PRESENTATION_REPRESENTATION (  '', ( #1204 ), #1470 ) ;
#1781 = LINE ( 'NONE', #2006, #3178 ) ;
#1782 = CARTESIAN_POINT ( 'NONE',  ( 1.193799999999999972, -2.514600000000000168, 10.17269999999999897 ) ) ;
#1783 = STYLED_ITEM ( 'NONE', ( #356 ), #1653 ) ;
#1784 = DIRECTION ( 'NONE',  ( 0.000000000000000000, 0.000000000000000000, 1.000000000000000000 ) ) ;
#1785 = EDGE_CURVE ( 'NONE', #2028, #1118, #417, .T. ) ;
#1786 = CIRCLE ( 'NONE', #25, 1.181100000000000039 ) ;
#1787 = CARTESIAN_POINT ( 'NONE',  ( 0.4009499891321379739, 3.792036138052338856, 6.311900000000000510 ) ) ;
#1788 = ORIENTED_EDGE ( 'NONE', *, *, #2313, .T. ) ;
#1789 = DIRECTION ( 'NONE',  ( 0.000000000000000000, 1.000000000000000000, 0.000000000000000000 ) ) ;
#1790 = CARTESIAN_POINT ( 'NONE',  ( 4.463187292171315157, 1.397000000000000020, -4.463187292171425291 ) ) ;
#1791 = CARTESIAN_POINT ( 'NONE',  ( 0.4445000000000000062, -6.477000000000000313, 10.17269999999999897 ) ) ;
#1792 = EDGE_LOOP ( 'NONE', ( #245, #114, #2559, #665 ) ) ;
#1793 = PRODUCT_RELATED_PRODUCT_CATEGORY ( 'part', '', ( #1940 ) ) ;
#1794 = VECTOR ( 'NONE', #1767, 1000.000000000000000 ) ;
#1795 = ORIENTED_EDGE ( 'NONE', *, *, #436, .F. ) ;
#1796 = STYLED_ITEM ( 'NONE', ( #2880 ), #2757 ) ;
#1797 = FACE_OUTER_BOUND ( 'NONE', #2959, .T. ) ;
#1798 = CYLINDRICAL_SURFACE ( 'NONE', #2495, 1.193799999999999972 ) ;
#1799 = DIRECTION ( 'NONE',  ( -1.000000000000000000, 0.000000000000000000, 0.000000000000000000 ) ) ;
#1800 = EDGE_CURVE ( 'NONE', #2329, #162, #1958, .T. ) ;
#1801 = CARTESIAN_POINT ( 'NONE',  ( 5.325291879793939920, 1.397000000000000020, -5.325291879794070482 ) ) ;
#1802 = EDGE_CURVE ( 'NONE', #3047, #2602, #1724, .T. ) ;
#1803 =( NAMED_UNIT ( * ) SI_UNIT ( $, .STERADIAN. ) SOLID_ANGLE_UNIT ( ) );
#1804 = EDGE_CURVE ( 'NONE', #1219, #247, #729, .T. ) ;
#1805 = ORIENTED_EDGE ( 'NONE', *, *, #2888, .F. ) ;
#1806 = LINE ( 'NONE', #843, #370 ) ;
#1807 =( NAMED_UNIT ( * ) SI_UNIT ( $, .STERADIAN. ) SOLID_ANGLE_UNIT ( ) );
#1808 = SURFACE_STYLE_FILL_AREA ( #1538 ) ;
#1809 = CARTESIAN_POINT ( 'NONE',  ( -2.381249999999960121, 0.000000000000000000, -4.124445985523414571 ) ) ;
#1810 = STYLED_ITEM ( 'NONE', ( #2466 ), #319 ) ;
#1811 = VERTEX_POINT ( 'NONE', #664 ) ;
#1812 = ORIENTED_EDGE ( 'NONE', *, *, #1709, .F. ) ;
#1813 = EDGE_LOOP ( 'NONE', ( #285, #2111, #2278, #1416, #866, #1004, #1749, #2762 ) ) ;
#1814 = CARTESIAN_POINT ( 'NONE',  ( 0.09595948984263109882, 4.251850311539610239, 7.431533020580969762 ) ) ;
#1815 = FILL_AREA_STYLE_COLOUR ( '', #2583 ) ;
#1816 = DIRECTION ( 'NONE',  ( 1.000000000000000000, 0.000000000000000000, -2.787599993534965172E-15 ) ) ;
#1817 = CARTESIAN_POINT ( 'NONE',  ( 1.854200000000000070, 3.810000000000000053, 10.88390000000000057 ) ) ;
#1818 = EDGE_CURVE ( 'NONE', #913, #2152, #2934, .T. ) ;
#1819 = VERTEX_POINT ( 'NONE', #2195 ) ;
#1820 = LINE ( 'NONE', #2823, #1489 ) ;
#1821 = DIRECTION ( 'NONE',  ( 1.000000000000000000, 0.000000000000000000, 0.000000000000000000 ) ) ;
#1822 = VERTEX_POINT ( 'NONE', #2713 ) ;
#1823 = ORIENTED_EDGE ( 'NONE', *, *, #2862, .T. ) ;
#1824 = STYLED_ITEM ( 'NONE', ( #598 ), #1330 ) ;
#1825 = CARTESIAN_POINT ( 'NONE',  ( 0.000000000000000000, 3.792036138052339744, 6.311899999999999622 ) ) ;
#1826 = ORIENTED_EDGE ( 'NONE', *, *, #2176, .T. ) ;
#1827 = PRESENTATION_LAYER_ASSIGNMENT (  '', '', ( #573 ) ) ;
#1828 = SURFACE_STYLE_USAGE ( .BOTH. , #2844 ) ;
#1829 = DIRECTION ( 'NONE',  ( 0.000000000000000000, 1.000000000000000000, 0.000000000000000000 ) ) ;
#1830 = CARTESIAN_POINT ( 'NONE',  ( -3.565161680064405036, 1.397000000000000020, -3.565161680064495187 ) ) ;
#1831 = CIRCLE ( 'NONE', #2815, 1.193800000000000638 ) ;
#1832 = EDGE_CURVE ( 'NONE', #1689, #1853, #2421, .T. ) ;
#1833 = AXIS2_PLACEMENT_3D ( 'NONE', #236, #2021, #785 ) ;
#1834 = ORIENTED_EDGE ( 'NONE', *, *, #3039, .T. ) ;
#1835 = DIRECTION ( 'NONE',  ( 4.523695302008627252E-17, -0.1564344650402244297, -0.9876883405951386585 ) ) ;
#1836 = CARTESIAN_POINT ( 'NONE',  ( 1.193799999999999972, 4.557302341002470669, 8.872976298784479354 ) ) ;
#1837 = VECTOR ( 'NONE', #1558, 1000.000000000000000 ) ;
#1838 = LINE ( 'NONE', #323, #2921 ) ;
#1839 = EDGE_CURVE ( 'NONE', #1819, #1274, #203, .T. ) ;
#1840 = ORIENTED_EDGE ( 'NONE', *, *, #2923, .T. ) ;
#1841 = AXIS2_PLACEMENT_3D ( 'NONE', #1379, #2576, #1085 ) ;
#1842 = ORIENTED_EDGE ( 'NONE', *, *, #450, .F. ) ;
#1843 = CARTESIAN_POINT ( 'NONE',  ( -2.489199999999999857, 3.810000000000000053, 7.544836881603210088 ) ) ;
#1844 = ADVANCED_FACE ( 'NONE', ( #2165 ), #1238, .F. ) ;
#1845 = ORIENTED_EDGE ( 'NONE', *, *, #1331, .F. ) ;
#1846 = DIRECTION ( 'NONE',  ( 0.000000000000000000, -1.000000000000000000, 0.000000000000000000 ) ) ;
#1847 = DIRECTION ( 'NONE',  ( 0.000000000000000000, -1.000000000000000000, 0.000000000000000000 ) ) ;
#1849 =( NAMED_UNIT ( * ) PLANE_ANGLE_UNIT ( ) SI_UNIT ( $, .RADIAN. ) );
#1848 = CARTESIAN_POINT ( 'NONE',  ( -2.381250000000000089, -1.778000000000000025, 3.362445985523375036 ) ) ;
#1850 = CARTESIAN_POINT ( 'NONE',  ( -0.4445000000000000062, -2.514600000000000168, 10.17269999999999897 ) ) ;
#1851 = CIRCLE ( 'NONE', #2316, 5.041900000000000048 ) ;
#1852 = PRESENTATION_STYLE_ASSIGNMENT (( #1353 ) ) ;
#1853 = VERTEX_POINT ( 'NONE', #2695 ) ;
#1854 = EDGE_LOOP ( 'NONE', ( #3150, #2073, #465, #214, #1129 ) ) ;
#1855 = ORIENTED_EDGE ( 'NONE', *, *, #250, .T. ) ;
#1856 = ORIENTED_EDGE ( 'NONE', *, *, #503, .T. ) ;
#1857 = EDGE_CURVE ( 'NONE', #2577, #2109, #1927, .T. ) ;
#1858 = FACE_OUTER_BOUND ( 'NONE', #3081, .T. ) ;
#1859 = ORIENTED_EDGE ( 'NONE', *, *, #3176, .F. ) ;
#1860 = DIRECTION ( 'NONE',  ( 0.000000000000000000, -1.000000000000000000, 0.000000000000000000 ) ) ;
#1861 = DIRECTION ( 'NONE',  ( 0.000000000000000000, 0.000000000000000000, -1.000000000000000000 ) ) ;
#1862 = LINE ( 'NONE', #396, #2371 ) ;
#1863 = CARTESIAN_POINT ( 'NONE',  ( 0.000000000000000000, 3.810000000000000053, 0.000000000000000000 ) ) ;
#1864 = FILL_AREA_STYLE ('',( #201 ) ) ;
#1865 = DIRECTION ( 'NONE',  ( 1.906347138644856898E-15, 0.9876883405951386585, -0.1564344650402254289 ) ) ;
#1866 = FACE_OUTER_BOUND ( 'NONE', #764, .T. ) ;
#1867 = VERTEX_POINT ( 'NONE', #3171 ) ;
#1868 = VERTEX_POINT ( 'NONE', #187 ) ;
#1869 = LINE ( 'NONE', #1104, #1106 ) ;
#1870 = ORIENTED_EDGE ( 'NONE', *, *, #2608, .T. ) ;
#1871 = VECTOR ( 'NONE', #2901, 1000.000000000000000 ) ;
#1872 = DIRECTION ( 'NONE',  ( 0.000000000000000000, 0.9816271834476624214, 0.1908089953765523816 ) ) ;
#1873 = STYLED_ITEM ( 'NONE', ( #1852 ), #353 ) ;
#1874 = DIRECTION ( 'NONE',  ( 2.057114453060439919E-16, -1.000000000000000000, 0.000000000000000000 ) ) ;
#1875 = SURFACE_SIDE_STYLE ('',( #1386 ) ) ;
#1876 = EDGE_CURVE ( 'NONE', #159, #45, #1314, .T. ) ;
#1877 = CIRCLE ( 'NONE', #943, 0.7620000000000001217 ) ;
#1878 =( LENGTH_UNIT ( ) NAMED_UNIT ( * ) SI_UNIT ( .MILLI., .METRE. ) );
#1879 = DIRECTION ( 'NONE',  ( 0.7071067811865391350, 0.000000000000000000, 0.7071067811865560104 ) ) ;
#1880 = VECTOR ( 'NONE', #3034, 1000.000000000000000 ) ;
#1881 = CIRCLE ( 'NONE', #327, 6.311899999999999622 ) ;
#1882 = ORIENTED_EDGE ( 'NONE', *, *, #662, .T. ) ;
#1883 = ORIENTED_EDGE ( 'NONE', *, *, #1785, .F. ) ;
#1884 = VECTOR ( 'NONE', #720, 1000.000000000000000 ) ;
#1885 = FILL_AREA_STYLE ('',( #1904 ) ) ;
#1886 = EDGE_LOOP ( 'NONE', ( #2542, #1491, #2806, #2591 ) ) ;
#1887 = AXIS2_PLACEMENT_3D ( 'NONE', #1999, #2248, #1003 ) ;
#1888 = EDGE_CURVE ( 'NONE', #2588, #928, #223, .T. ) ;
#1889 = DIRECTION ( 'NONE',  ( 2.709451824002079857E-15, 0.9876883405951389916, -0.1564344650402234582 ) ) ;
#1890 = DIRECTION ( 'NONE',  ( 7.927237481614895567E-16, -0.1564344650402249015, -0.9876883405951386585 ) ) ;
#1891 = STYLED_ITEM ( 'NONE', ( #488 ), #924 ) ;
#1892 = PLANE ( 'NONE',  #2471 ) ;
#1893 = FILL_AREA_STYLE_COLOUR ( '', #1278 ) ;
#1894 = DIRECTION ( 'NONE',  ( 0.000000000000000000, -1.000000000000000000, 0.000000000000000000 ) ) ;
#1895 = EDGE_CURVE ( 'NONE', #308, #111, #1877, .T. ) ;
#1896 = ADVANCED_FACE ( 'NONE', ( #773 ), #2047, .F. ) ;
#1897 = STYLED_ITEM ( 'NONE', ( #521 ), #2929 ) ;
#1898 = STYLED_ITEM ( 'NONE', ( #345 ), #647 ) ;
#1899 = FACE_OUTER_BOUND ( 'NONE', #2020, .T. ) ;
#1900 = ORIENTED_EDGE ( 'NONE', *, *, #2843, .T. ) ;
#1901 = CIRCLE ( 'NONE', #2882, 0.6350000000000001199 ) ;
#1902 = CARTESIAN_POINT ( 'NONE',  ( -2.381249999999960121, -2.540000000000000036, -4.124445985523414571 ) ) ;
#1903 = ORIENTED_EDGE ( 'NONE', *, *, #448, .T. ) ;
#1904 = FILL_AREA_STYLE_COLOUR ( '', #81 ) ;
#1905 = VERTEX_POINT ( 'NONE', #1316 ) ;
#1906 = LINE ( 'NONE', #1437, #1103 ) ;
#1907 =( NAMED_UNIT ( * ) PLANE_ANGLE_UNIT ( ) SI_UNIT ( $, .RADIAN. ) );
#1908 = SURFACE_SIDE_STYLE ('',( #2369 ) ) ;
#1909 = CARTESIAN_POINT ( 'NONE',  ( 0.09595948984263130699, 4.418806826447305269, 7.998550033986050245 ) ) ;
#1910 = CARTESIAN_POINT ( 'NONE',  ( 0.000000000000000000, 1.397000000000000020, -1.181100000000000039 ) ) ;
#1911 = EDGE_CURVE ( 'NONE', #615, #2990, #1761, .T. ) ;
#1912 = CYLINDRICAL_SURFACE ( 'NONE', #494, 1.181100000000000039 ) ;
#1913 = DIRECTION ( 'NONE',  ( 1.000000000000000000, 2.057114453060439919E-16, 0.000000000000000000 ) ) ;
#1914 = CARTESIAN_POINT ( 'NONE',  ( 5.287850235805019991E-17, -5.664200000000000124, 0.4317999999999999616 ) ) ;
#1915 = DIRECTION ( 'NONE',  ( 1.000000000000000000, 0.000000000000000000, -2.787599993534965172E-15 ) ) ;
#1916 = ORIENTED_EDGE ( 'NONE', *, *, #1008, .T. ) ;
#1917 =( LENGTH_UNIT ( ) NAMED_UNIT ( * ) SI_UNIT ( .MILLI., .METRE. ) );
#1918 = ORIENTED_EDGE ( 'NONE', *, *, #1411, .T. ) ;
#1919 = EDGE_CURVE ( 'NONE', #1469, #2855, #993, .T. ) ;
#1920 = DIRECTION ( 'NONE',  ( -1.000000000000000000, 0.000000000000000000, 0.000000000000000000 ) ) ;
#1921 = LINE ( 'NONE', #2171, #1436 ) ;
#1922 = PLANE ( 'NONE',  #481 ) ;
#1923 = DIRECTION ( 'NONE',  ( 1.148500168833074000E-16, 0.000000000000000000, 1.000000000000000000 ) ) ;
#1924 = DIRECTION ( 'NONE',  ( 1.000000000000000000, -2.669017357425335314E-15, 4.685316577020149915E-16 ) ) ;
#1925 = DIRECTION ( 'NONE',  ( 2.787599993534960045E-15, 0.000000000000000000, 1.000000000000000000 ) ) ;
#1926 = STYLED_ITEM ( 'NONE', ( #1482 ), #127 ) ;
#1927 = LINE ( 'NONE', #2433, #581 ) ;
#1928 = ORIENTED_EDGE ( 'NONE', *, *, #2375, .F. ) ;
#1929 =( NAMED_UNIT ( * ) PLANE_ANGLE_UNIT ( ) SI_UNIT ( $, .RADIAN. ) );
#1930 = EDGE_CURVE ( 'NONE', #2349, #162, #399, .T. ) ;
#1931 = ORIENTED_EDGE ( 'NONE', *, *, #2130, .T. ) ;
#1932 = COLOUR_RGB ( '',0.2941176470588235392, 0.2941176470588235392, 0.2941176470588235392 ) ;
#1933 = ADVANCED_FACE ( 'NONE', ( #1457 ), #2174, .F. ) ;
#1934 = MECHANICAL_DESIGN_GEOMETRIC_PRESENTATION_REPRESENTATION (  '', ( #2621 ), #2770 ) ;
#1935 = CARTESIAN_POINT ( 'NONE',  ( -2.381250000000000089, -1.778000000000000025, 4.124445985523379932 ) ) ;
#1936 = ORIENTED_EDGE ( 'NONE', *, *, #2748, .T. ) ;
#1937 = PLANE ( 'NONE',  #3046 ) ;
#1938 = CARTESIAN_POINT ( 'NONE',  ( 2.489199999999999857, 3.810000000000000053, 10.88390000000000057 ) ) ;
#1939 =( GEOMETRIC_REPRESENTATION_CONTEXT ( 3 ) GLOBAL_UNCERTAINTY_ASSIGNED_CONTEXT ( ( #1324 ) ) GLOBAL_UNIT_ASSIGNED_CONTEXT ( ( #1241, #761, #1537 ) ) REPRESENTATION_CONTEXT ( 'NONE', 'WORKASPACE' ) );
#1940 = PRODUCT ( '500', '500', '', ( #534 ) ) ;
#1941 = SURFACE_SIDE_STYLE ('',( #200 ) ) ;
#1942 = UNCERTAINTY_MEASURE_WITH_UNIT (LENGTH_MEASURE( 1.000000000000000082E-05 ), #1257, 'distance_accuracy_value', 'NONE');
#1943 = DIRECTION ( 'NONE',  ( 1.000000000000000000, 0.000000000000000000, 0.000000000000000000 ) ) ;
#1944 = CIRCLE ( 'NONE', #1433, 7.531099999999999461 ) ;
#1945 = DIRECTION ( 'NONE',  ( 0.000000000000000000, 0.000000000000000000, -1.000000000000000000 ) ) ;
#1946 = AXIS2_PLACEMENT_3D ( 'NONE', #1660, #1180, #691 ) ;
#1947 = AXIS2_PLACEMENT_3D ( 'NONE', #2532, #3026, #1576 ) ;
#1948 = ORIENTED_EDGE ( 'NONE', *, *, #2220, .F. ) ;
#1949 = LINE ( 'NONE', #38, #157 ) ;
#1950 =( NAMED_UNIT ( * ) PLANE_ANGLE_UNIT ( ) SI_UNIT ( $, .RADIAN. ) );
#1951 = EDGE_CURVE ( 'NONE', #343, #1466, #1831, .T. ) ;
#1952 = STYLED_ITEM ( 'NONE', ( #2413 ), #3119 ) ;
#1953 = ORIENTED_EDGE ( 'NONE', *, *, #2016, .T. ) ;
#1954 = DIRECTION ( 'NONE',  ( 2.736225955192569839E-17, 1.000000000000000000, 0.000000000000000000 ) ) ;
#1955 = LINE ( 'NONE', #1477, #1135 ) ;
#1956 = CIRCLE ( 'NONE', #3093, 7.531099999999999461 ) ;
#1957 = DIRECTION ( 'NONE',  ( 2.709451824002081435E-15, 0.9816271834476624214, 0.1908089953765525759 ) ) ;
#1958 = LINE ( 'NONE', #1444, #2967 ) ;
#1959 = ORIENTED_EDGE ( 'NONE', *, *, #1706, .F. ) ;
#1960 = ORIENTED_EDGE ( 'NONE', *, *, #2449, .T. ) ;
#1961 = LINE ( 'NONE', #2763, #1250 ) ;
#1962 =( NAMED_UNIT ( * ) SI_UNIT ( $, .STERADIAN. ) SOLID_ANGLE_UNIT ( ) );
#1963 = ORIENTED_EDGE ( 'NONE', *, *, #1152, .T. ) ;
#1964 = ADVANCED_FACE ( 'NONE', ( #184 ), #1645, .F. ) ;
#1965 = PLANE ( 'NONE',  #3128 ) ;
#1966 = DIRECTION ( 'NONE',  ( -0.000000000000000000, 0.9816271834476625324, 0.1908089953765519098 ) ) ;
#1967 = VERTEX_POINT ( 'NONE', #2189 ) ;
#1968 = CARTESIAN_POINT ( 'NONE',  ( -3.143250000000000099, -1.778000000000000025, 4.124445985523379932 ) ) ;
#1969 = DIRECTION ( 'NONE',  ( 1.000000000000000000, -1.930109995523665315E-15, 0.000000000000000000 ) ) ;
#1970 =( LENGTH_UNIT ( ) NAMED_UNIT ( * ) SI_UNIT ( .MILLI., .METRE. ) );
#1971 = FILL_AREA_STYLE_COLOUR ( '', #179 ) ;
#1972 = CARTESIAN_POINT ( 'NONE',  ( -0.4445000000000000062, -6.477000000000000313, 10.17269999999999897 ) ) ;
#1973 = DIRECTION ( 'NONE',  ( 0.000000000000000000, 0.000000000000000000, 1.000000000000000000 ) ) ;
#1974 = VECTOR ( 'NONE', #2738, 1000.000000000000000 ) ;
#1975 = MECHANICAL_DESIGN_GEOMETRIC_PRESENTATION_REPRESENTATION (  '', ( #1983 ), #2906 ) ;
#1976 = CYLINDRICAL_SURFACE ( 'NONE', #1982, 1.193800000000000416 ) ;
#1977 = ADVANCED_FACE ( 'NONE', ( #2913, #1194 ), #2388, .T. ) ;
#1978 = ORIENTED_EDGE ( 'NONE', *, *, #1460, .F. ) ;
#1979 = CARTESIAN_POINT ( 'NONE',  ( 1.193799999999999972, 3.227283930490484565, 5.181719571481609776 ) ) ;
#1980 = CARTESIAN_POINT ( 'NONE',  ( 1.193799999999999972, -2.514600000000000168, 10.17269999999999897 ) ) ;
#1981 = VERTEX_POINT ( 'NONE', #2162 ) ;
#1982 = AXIS2_PLACEMENT_3D ( 'NONE', #2898, #698, #433 ) ;
#1983 = STYLED_ITEM ( 'NONE', ( #742 ), #348 ) ;
#1984 = CARTESIAN_POINT ( 'NONE',  ( 0.000000000000000000, 0.000000000000000000, 0.000000000000000000 ) ) ;
#1985 = ORIENTED_EDGE ( 'NONE', *, *, #975, .F. ) ;
#1986 =( LENGTH_UNIT ( ) NAMED_UNIT ( * ) SI_UNIT ( .MILLI., .METRE. ) );
#1987 = PRESENTATION_LAYER_ASSIGNMENT (  '', '', ( #642 ) ) ;
#1988 = CYLINDRICAL_SURFACE ( 'NONE', #2011, 1.181100000000000039 ) ;
#1989 = CARTESIAN_POINT ( 'NONE',  ( 4.463187292171315157, 3.810000000000000053, -4.463187292171425291 ) ) ;
#1990 = AXIS2_PLACEMENT_3D ( 'NONE', #1552, #2726, #472 ) ;
#1991 = CARTESIAN_POINT ( 'NONE',  ( -2.381249999999960121, -2.540000000000000036, -4.124445985523414571 ) ) ;
#1992 = MECHANICAL_DESIGN_GEOMETRIC_PRESENTATION_REPRESENTATION (  '', ( #1898 ), #73 ) ;
#1993 = EDGE_CURVE ( 'NONE', #2736, #1361, #1147, .T. ) ;
#1994 = LINE ( 'NONE', #2467, #3110 ) ;
#1995 = VERTEX_POINT ( 'NONE', #3136 ) ;
#1996 = CARTESIAN_POINT ( 'NONE',  ( -2.381250000000000089, 0.000000000000000000, 4.124445985523379932 ) ) ;
#1997 = UNCERTAINTY_MEASURE_WITH_UNIT (LENGTH_MEASURE( 1.000000000000000082E-05 ), #1002, 'distance_accuracy_value', 'NONE');
#1998 = DIRECTION ( 'NONE',  ( -1.000000000000000000, 0.000000000000000000, 2.297000337666140112E-16 ) ) ;
#1999 = CARTESIAN_POINT ( 'NONE',  ( 0.000000000000000000, 1.397000000000000020, 0.000000000000000000 ) ) ;
#2000 = AXIS2_PLACEMENT_3D ( 'NONE', #1079, #2065, #2549 ) ;
#2001 = PRESENTATION_STYLE_ASSIGNMENT (( #686 ) ) ;
#2002 = ORIENTED_EDGE ( 'NONE', *, *, #726, .T. ) ;
#2003 = AXIS2_PLACEMENT_3D ( 'NONE', #1158, #2860, #2128 ) ;
#2004 = SURFACE_SIDE_STYLE ('',( #1627 ) ) ;
#2005 = DIRECTION ( 'NONE',  ( 3.742257525567495337E-15, 0.000000000000000000, -1.000000000000000000 ) ) ;
#2006 = CARTESIAN_POINT ( 'NONE',  ( 0.000000000000000000, 3.810000000000000053, -7.531099999999999461 ) ) ;
#2007 = DIRECTION ( 'NONE',  ( 1.000000000000000000, 0.000000000000000000, -1.138269997360132058E-15 ) ) ;
#2008 = SURFACE_STYLE_FILL_AREA ( #2483 ) ;
#2009 = DIRECTION ( 'NONE',  ( -2.736225955192570147E-16, 1.000000000000000000, 0.000000000000000000 ) ) ;
#2010 = CARTESIAN_POINT ( 'NONE',  ( 5.287850235805029851E-17, 1.397000000000000020, 0.4317999999999999616 ) ) ;
#2011 = AXIS2_PLACEMENT_3D ( 'NONE', #2978, #1754, #1266 ) ;
#2012 = UNCERTAINTY_MEASURE_WITH_UNIT (LENGTH_MEASURE( 1.000000000000000082E-05 ), #835, 'distance_accuracy_value', 'NONE');
#2013 = ORIENTED_EDGE ( 'NONE', *, *, #21, .F. ) ;
#2014 = CARTESIAN_POINT ( 'NONE',  ( -1.244599999999999929, -1.270000000000000018, 10.17269999999999897 ) ) ;
#2015 = CARTESIAN_POINT ( 'NONE',  ( 0.09595948984263109882, 4.343544974893959854, 8.010470340222120456 ) ) ;
#2016 = EDGE_CURVE ( 'NONE', #2953, #1449, #2147, .T. ) ;
#2017 = ORIENTED_EDGE ( 'NONE', *, *, #3177, .F. ) ;
#2018 = CARTESIAN_POINT ( 'NONE',  ( 1.193799999999999972, -2.514600000000000168, 9.791700000000000514 ) ) ;
#2019 = EDGE_CURVE ( 'NONE', #2936, #2577, #1662, .T. ) ;
#2020 = EDGE_LOOP ( 'NONE', ( #2903, #759, #884, #390 ) ) ;
#2021 = DIRECTION ( 'NONE',  ( 1.000000000000000000, 0.000000000000000000, -1.148500168833074000E-16 ) ) ;
#2022 = LINE ( 'NONE', #821, #1837 ) ;
#2023 = DIRECTION ( 'NONE',  ( 0.000000000000000000, 1.000000000000000000, 0.000000000000000000 ) ) ;
#2024 = CARTESIAN_POINT ( 'NONE',  ( -0.4901943563112149960, 4.273245732988959489, 7.566618395163899891 ) ) ;
#2025 = DIRECTION ( 'NONE',  ( 0.000000000000000000, -1.000000000000000000, 0.000000000000000000 ) ) ;
#2026 = PRESENTATION_LAYER_ASSIGNMENT (  '', '', ( #1571 ) ) ;
#2027 = ADVANCED_FACE ( 'NONE', ( #2400 ), #168, .T. ) ;
#2028 = VERTEX_POINT ( 'NONE', #768 ) ;
#2029 = DIRECTION ( 'NONE',  ( 1.000000000000000000, 0.000000000000000000, 0.000000000000000000 ) ) ;
#2030 = CARTESIAN_POINT ( 'NONE',  ( 4.762500000000000178, -2.540000000000000036, 0.000000000000000000 ) ) ;
#2031 = DIRECTION ( 'NONE',  ( 0.000000000000000000, -1.000000000000000000, 0.000000000000000000 ) ) ;
#2032 = STYLED_ITEM ( 'NONE', ( #2311 ), #1510 ) ;
#2033 = CARTESIAN_POINT ( 'NONE',  ( 1.244599999999999929, 0.000000000000000000, 10.17269999999999897 ) ) ;
#2034 = UNCERTAINTY_MEASURE_WITH_UNIT (LENGTH_MEASURE( 1.000000000000000082E-05 ), #1110, 'distance_accuracy_value', 'NONE');
#2035 = DIRECTION ( 'NONE',  ( 0.000000000000000000, 0.000000000000000000, 1.000000000000000000 ) ) ;
#2036 = ORIENTED_EDGE ( 'NONE', *, *, #1445, .F. ) ;
#2037 = ADVANCED_FACE ( 'NONE', ( #1246 ), #2509, .T. ) ;
#2038 = ADVANCED_FACE ( 'NONE', ( #538 ), #51, .F. ) ;
#2039 = VERTEX_POINT ( 'NONE', #2268 ) ;
#2040 = COLOUR_RGB ( '',0.2941176470588235392, 0.2941176470588235392, 0.2941176470588235392 ) ;
#2041 = DIRECTION ( 'NONE',  ( -1.000000000000000000, 0.000000000000000000, -1.224646799147353700E-16 ) ) ;
#2042 = DIRECTION ( 'NONE',  ( 0.000000000000000000, 0.000000000000000000, -1.000000000000000000 ) ) ;
#2043 = EDGE_CURVE ( 'NONE', #1142, #3124, #901, .T. ) ;
#2044 = DIRECTION ( 'NONE',  ( 1.000000000000000000, 0.000000000000000000, 0.000000000000000000 ) ) ;
#2045 =( LENGTH_UNIT ( ) NAMED_UNIT ( * ) SI_UNIT ( .MILLI., .METRE. ) );
#2046 = AXIS2_PLACEMENT_3D ( 'NONE', #2426, #192, #982 ) ;
#2047 = PLANE ( 'NONE',  #2401 ) ;
#2048 = PRESENTATION_LAYER_ASSIGNMENT (  '', '', ( #1429 ) ) ;
#2049 = ORIENTED_EDGE ( 'NONE', *, *, #3096, .T. ) ;
#2050 = CARTESIAN_POINT ( 'NONE',  ( -0.4445000000000000062, -6.477000000000000313, 10.17269999999999897 ) ) ;
#2051 = COLOUR_RGB ( '',0.2941176470588235392, 0.2941176470588235392, 0.2941176470588235392 ) ;
#2052 = DIRECTION ( 'NONE',  ( 0.000000000000000000, 1.000000000000000000, 0.000000000000000000 ) ) ;
#2053 = CARTESIAN_POINT ( 'NONE',  ( 0.000000000000000000, 0.000000000000000000, -7.531099999999999461 ) ) ;
#2054 = CYLINDRICAL_SURFACE ( 'NONE', #1544, 0.7619999999999996776 ) ;
#2055 = AXIS2_PLACEMENT_3D ( 'NONE', #123, #2912, #1413 ) ;
#2056 = VERTEX_POINT ( 'NONE', #1989 ) ;
#2057 = ORIENTED_EDGE ( 'NONE', *, *, #535, .T. ) ;
#2058 = CIRCLE ( 'NONE', #1646, 0.7620000000000001217 ) ;
#2059 = ADVANCED_FACE ( 'NONE', ( #1260 ), #2530, .F. ) ;
#2060 = ORIENTED_EDGE ( 'NONE', *, *, #250, .F. ) ;
#2061 = PRESENTATION_STYLE_ASSIGNMENT (( #1828 ) ) ;
#2062 = LINE ( 'NONE', #1782, #337 ) ;
#2063 = CARTESIAN_POINT ( 'NONE',  ( 0.09595948984263109882, 4.181551069634609874, 6.987681075522749197 ) ) ;
#2064 = AXIS2_PLACEMENT_3D ( 'NONE', #3115, #1670, #1607 ) ;
#2065 = DIRECTION ( 'NONE',  ( 0.000000000000000000, 1.000000000000000000, 0.000000000000000000 ) ) ;
#2066 = ORIENTED_EDGE ( 'NONE', *, *, #1721, .F. ) ;
#2067 = DIRECTION ( 'NONE',  ( -2.669017357425335314E-15, -1.000000000000000000, 0.000000000000000000 ) ) ;
#2068 = FILL_AREA_STYLE ('',( #2103 ) ) ;
#2069 = DIRECTION ( 'NONE',  ( -6.038714492370660185E-16, -0.1564344650402234582, -0.9876883405951389916 ) ) ;
#2070 = PLANE ( 'NONE',  #2614 ) ;
#2071 = FACE_OUTER_BOUND ( 'NONE', #1792, .T. ) ;
#2072 = DIRECTION ( 'NONE',  ( 0.000000000000000000, -1.000000000000000000, 0.000000000000000000 ) ) ;
#2073 = ORIENTED_EDGE ( 'NONE', *, *, #163, .T. ) ;
#2074 = ORIENTED_EDGE ( 'NONE', *, *, #2838, .F. ) ;
#2075 = VERTEX_POINT ( 'NONE', #1233 ) ;
#2076 = EDGE_CURVE ( 'NONE', #2791, #133, #1319, .T. ) ;
#2077 = FACE_OUTER_BOUND ( 'NONE', #2186, .T. ) ;
#2078 = LINE ( 'NONE', #2786, #2418 ) ;
#2079 = EDGE_CURVE ( 'NONE', #596, #2287, #2561, .T. ) ;
#2080 = ORIENTED_EDGE ( 'NONE', *, *, #1203, .T. ) ;
#2081 = DIRECTION ( 'NONE',  ( 1.000000000000000000, 0.000000000000000000, 0.000000000000000000 ) ) ;
#2082 = ADVANCED_FACE ( 'NONE', ( #1797 ), #1049, .T. ) ;
#2083 = DIRECTION ( 'NONE',  ( 0.000000000000000000, 0.1908089953765519098, -0.9816271834476625324 ) ) ;
#2084 =( LENGTH_UNIT ( ) NAMED_UNIT ( * ) SI_UNIT ( .MILLI., .METRE. ) );
#2085 = UNCERTAINTY_MEASURE_WITH_UNIT (LENGTH_MEASURE( 1.000000000000000082E-05 ), #788, 'distance_accuracy_value', 'NONE');
#2086 = CARTESIAN_POINT ( 'NONE',  ( -2.381250000000000089, -1.778000000000000025, 4.124445985523379932 ) ) ;
#2087 =( NAMED_UNIT ( * ) SI_UNIT ( $, .STERADIAN. ) SOLID_ANGLE_UNIT ( ) );
#2088 = VERTEX_POINT ( 'NONE', #2829 ) ;
#2089 = ORIENTED_EDGE ( 'NONE', *, *, #644, .F. ) ;
#2090 = CIRCLE ( 'NONE', #838, 0.7620000000000001217 ) ;
#2091 = CIRCLE ( 'NONE', #2706, 1.193800000000000638 ) ;
#2092 = DIRECTION ( 'NONE',  ( 0.000000000000000000, -1.000000000000000000, 0.000000000000000000 ) ) ;
#2093 = ORIENTED_EDGE ( 'NONE', *, *, #3029, .F. ) ;
#2094 = VECTOR ( 'NONE', #526, 1000.000000000000000 ) ;
#2095 = DIRECTION ( 'NONE',  ( 0.000000000000000000, 0.000000000000000000, -1.000000000000000000 ) ) ;
#2097 = CYLINDRICAL_SURFACE ( 'NONE', #2108, 0.4445000000000000062 ) ;
#2096 = CARTESIAN_POINT ( 'NONE',  ( 1.193799999999999972, 2.767361338074904697, 0.007258257762572029557 ) ) ;
#2098 = DIRECTION ( 'NONE',  ( 2.709451824002074729E-15, 0.9876883405951388806, -0.1564344650402234582 ) ) ;
#2099 = VECTOR ( 'NONE', #2928, 1000.000000000000000 ) ;
#2100 = EDGE_CURVE ( 'NONE', #913, #615, #113, .T. ) ;
#2101 = AXIS2_PLACEMENT_3D ( 'NONE', #164, #2638, #1745 ) ;
#2102 = ORIENTED_EDGE ( 'NONE', *, *, #486, .T. ) ;
#2103 = FILL_AREA_STYLE_COLOUR ( '', #9 ) ;
#2104 = FILL_AREA_STYLE ('',( #3126 ) ) ;
#2105 = VECTOR ( 'NONE', #2123, 1000.000000000000000 ) ;
#2106 = VECTOR ( 'NONE', #2480, 1000.000000000000000 ) ;
#2107 = ORIENTED_EDGE ( 'NONE', *, *, #67, .F. ) ;
#2108 = AXIS2_PLACEMENT_3D ( 'NONE', #2397, #2879, #3071 ) ;
#2109 = VERTEX_POINT ( 'NONE', #1591 ) ;
#2110 = CARTESIAN_POINT ( 'NONE',  ( 5.287850235805029851E-17, -5.664200000000000124, 0.4317999999999999616 ) ) ;
#2111 = ORIENTED_EDGE ( 'NONE', *, *, #224, .F. ) ;
#2112 = CARTESIAN_POINT ( 'NONE',  ( 0.5453441052272470779, 4.327112163092960095, 7.419612714344899551 ) ) ;
#2113 = CARTESIAN_POINT ( 'NONE',  ( 0.000000000000000000, 2.667000000000000259, 0.000000000000000000 ) ) ;
#2114 = AXIS2_PLACEMENT_3D ( 'NONE', #1756, #1575, #72 ) ;
#2116 = FILL_AREA_STYLE_COLOUR ( '', #174 ) ;
#2115 = DIRECTION ( 'NONE',  ( 0.000000000000000000, 0.000000000000000000, 1.000000000000000000 ) ) ;
#2117 = CARTESIAN_POINT ( 'NONE',  ( -2.168404344971009854E-16, 2.719169534808270061, -1.606384331069774962 ) ) ;
#2118 = LINE ( 'NONE', #1863, #2678 ) ;
#2119 = VERTEX_POINT ( 'NONE', #330 ) ;
#2120 = CARTESIAN_POINT ( 'NONE',  ( -0.04080974092659969688, 4.251850311539610239, 7.431533020580969762 ) ) ;
#2121 = ORIENTED_EDGE ( 'NONE', *, *, #574, .T. ) ;
#2122 = ORIENTED_EDGE ( 'NONE', *, *, #2320, .T. ) ;
#2123 = DIRECTION ( 'NONE',  ( 2.057114453060439919E-16, -1.000000000000000000, 0.000000000000000000 ) ) ;
#2124 = ADVANCED_FACE ( 'NONE', ( #1334 ), #3021, .F. ) ;
#2125 = ORIENTED_EDGE ( 'NONE', *, *, #1256, .T. ) ;
#2126 = CARTESIAN_POINT ( 'NONE',  ( 0.09595948984263109882, 4.251850311539610239, 7.431533020580969762 ) ) ;
#2127 = FILL_AREA_STYLE ('',( #1131 ) ) ;
#2129 = FILL_AREA_STYLE ('',( #2116 ) ) ;
#2128 = DIRECTION ( 'NONE',  ( 0.000000000000000000, -1.000000000000000000, 0.000000000000000000 ) ) ;
#2130 = EDGE_CURVE ( 'NONE', #2119, #2345, #1881, .T. ) ;
#2131 = CARTESIAN_POINT ( 'NONE',  ( 0.000000000000000000, 1.905000000000000027, -7.754561288221230395E-33 ) ) ;
#2132 = FACE_OUTER_BOUND ( 'NONE', #3079, .T. ) ;
#2133 = ORIENTED_EDGE ( 'NONE', *, *, #1802, .T. ) ;
#2134 = LINE ( 'NONE', #2587, #1530 ) ;
#2135 = DIRECTION ( 'NONE',  ( 0.000000000000000000, -1.000000000000000000, 0.000000000000000000 ) ) ;
#2136 = ORIENTED_EDGE ( 'NONE', *, *, #1162, .T. ) ;
#2137 = VERTEX_POINT ( 'NONE', #2112 ) ;
#2138 = ORIENTED_EDGE ( 'NONE', *, *, #786, .T. ) ;
#2139 = ADVANCED_FACE ( 'NONE', ( #2077 ), #362, .F. ) ;
#2140 = AXIS2_PLACEMENT_3D ( 'NONE', #820, #508, #569 ) ;
#2141 = FACE_OUTER_BOUND ( 'NONE', #1045, .T. ) ;
#2142 = EDGE_CURVE ( 'NONE', #328, #2956, #996, .T. ) ;
#2143 = CARTESIAN_POINT ( 'NONE',  ( -1.244599999999999929, 0.000000000000000000, 10.17269999999999897 ) ) ;
#2144 = LINE ( 'NONE', #2833, #234 ) ;
#2145 = ORIENTED_EDGE ( 'NONE', *, *, #1742, .T. ) ;
#2146 = EDGE_CURVE ( 'NONE', #1601, #84, #1786, .T. ) ;
#2147 = LINE ( 'NONE', #1938, #689 ) ;
#2148 = UNCERTAINTY_MEASURE_WITH_UNIT (LENGTH_MEASURE( 1.000000000000000082E-05 ), #2639, 'distance_accuracy_value', 'NONE');
#2149 = CARTESIAN_POINT ( 'NONE',  ( -1.193799999999999972, 2.491381756127740044, -0.4345177994699565005 ) ) ;
#2150 = LINE ( 'NONE', #2340, #792 ) ;
#2151 = ORIENTED_EDGE ( 'NONE', *, *, #975, .T. ) ;
#2152 = VERTEX_POINT ( 'NONE', #902 ) ;
#2153 = VECTOR ( 'NONE', #340, 1000.000000000000000 ) ;
#2154 = EDGE_LOOP ( 'NONE', ( #2407, #2607, #99, #2422 ) ) ;
#2155 = STYLED_ITEM ( 'NONE', ( #176 ), #745 ) ;
#2156 = LINE ( 'NONE', #3099, #694 ) ;
#2157 = CARTESIAN_POINT ( 'NONE',  ( -0.4901943563112149960, 4.348507584542310234, 7.554698088927840338 ) ) ;
#2158 = EDGE_CURVE ( 'NONE', #84, #1601, #2768, .T. ) ;
#2159 = CARTESIAN_POINT ( 'NONE',  ( 0.000000000000000000, 1.397000000000000020, 0.000000000000000000 ) ) ;
#2160 = SPHERICAL_SURFACE ( 'NONE', #2055, 0.7620000000000000107 ) ;
#2161 = VECTOR ( 'NONE', #1561, 1000.000000000000000 ) ;
#2162 = CARTESIAN_POINT ( 'NONE',  ( -1.244599999999999929, 3.810000000000000053, 9.791700000000000514 ) ) ;
#2163 = VECTOR ( 'NONE', #2580, 1000.000000000000000 ) ;
#2164 = ORIENTED_EDGE ( 'NONE', *, *, #1693, .F. ) ;
#2165 = FACE_OUTER_BOUND ( 'NONE', #2825, .T. ) ;
#2166 = AXIS2_PLACEMENT_3D ( 'NONE', #424, #180, #2352 ) ;
#2167 = VERTEX_POINT ( 'NONE', #1157 ) ;
#2168 = SURFACE_STYLE_FILL_AREA ( #1667 ) ;
#2169 = ORIENTED_EDGE ( 'NONE', *, *, #86, .T. ) ;
#2170 = DIRECTION ( 'NONE',  ( 0.000000000000000000, 0.000000000000000000, 1.000000000000000000 ) ) ;
#2172 = SURFACE_SIDE_STYLE ('',( #425 ) ) ;
#2171 = CARTESIAN_POINT ( 'NONE',  ( -1.244599999999999929, 3.810000000000000053, 9.791700000000000514 ) ) ;
#2173 = CYLINDRICAL_SURFACE ( 'NONE', #1053, 0.6350000000000001199 ) ;
#2174 = CYLINDRICAL_SURFACE ( 'NONE', #3167, 0.8498438653775884921 ) ;
#2175 = VERTEX_POINT ( 'NONE', #2126 ) ;
#2176 = EDGE_CURVE ( 'NONE', #703, #1590, #2918, .T. ) ;
#2177 = CARTESIAN_POINT ( 'NONE',  ( 4.762500000000000178, -1.778000000000000025, -0.7620000000000000107 ) ) ;
#2178 = ADVANCED_FACE ( 'NONE', ( #2674 ), #1396, .T. ) ;
#2179 = EDGE_LOOP ( 'NONE', ( #226, #2676, #3094, #531 ) ) ;
#2180 = SURFACE_STYLE_FILL_AREA ( #2127 ) ;
#2181 = CARTESIAN_POINT ( 'NONE',  ( -2.381250000000000089, -2.540000000000000036, 4.124445985523379932 ) ) ;
#2182 = ORIENTED_EDGE ( 'NONE', *, *, #1115, .F. ) ;
#2183 = DIRECTION ( 'NONE',  ( 0.000000000000000000, 0.000000000000000000, -1.000000000000000000 ) ) ;
#2185 = CARTESIAN_POINT ( 'NONE',  ( -1.244599999999999929, -1.270000000000000018, 10.17269999999999897 ) ) ;
#2184 = DIRECTION ( 'NONE',  ( 0.000000000000000000, 0.000000000000000000, 1.000000000000000000 ) ) ;
#2186 = EDGE_LOOP ( 'NONE', ( #1569, #2919, #1763, #2922 ) ) ;
#2187 = PRESENTATION_LAYER_ASSIGNMENT (  '', '', ( #1513 ) ) ;
#2188 = CARTESIAN_POINT ( 'NONE',  ( -0.04080974092659969688, 4.181551069634609874, 6.987681075522749197 ) ) ;
#2189 = CARTESIAN_POINT ( 'NONE',  ( 1.193799999999999972, 0.000000000000000000, 9.791700000000000514 ) ) ;
#2190 = CARTESIAN_POINT ( 'NONE',  ( 0.09595948984263109882, 4.343544974893959854, 8.010470340222120456 ) ) ;
#2191 = AXIS2_PLACEMENT_3D ( 'NONE', #2050, #3033, #3061 ) ;
#2192 = CARTESIAN_POINT ( 'NONE',  ( -4.509934548111450495E-16, 2.840059565313375334, -0.3667416991309874752 ) ) ;
#2193 = MECHANICAL_DESIGN_GEOMETRIC_PRESENTATION_REPRESENTATION (  '', ( #1926 ), #212 ) ;
#2194 = DIRECTION ( 'NONE',  ( 1.000000000000000000, 0.000000000000000000, 0.000000000000000000 ) ) ;
#2195 = CARTESIAN_POINT ( 'NONE',  ( -0.4445000000000000062, -2.514600000000000168, 10.17269999999999897 ) ) ;
#2196 = EDGE_CURVE ( 'NONE', #266, #343, #1176, .T. ) ;
#2197 = PRESENTATION_LAYER_ASSIGNMENT (  '', '', ( #525 ) ) ;
#2198 = VERTEX_POINT ( 'NONE', #423 ) ;
#2199 = DIRECTION ( 'NONE',  ( 0.000000000000000000, 0.000000000000000000, -1.000000000000000000 ) ) ;
#2200 =( GEOMETRIC_REPRESENTATION_CONTEXT ( 3 ) GLOBAL_UNCERTAINTY_ASSIGNED_CONTEXT ( ( #2751 ) ) GLOBAL_UNIT_ASSIGNED_CONTEXT ( ( #1359, #3062, #1631 ) ) REPRESENTATION_CONTEXT ( 'NONE', 'WORKASPACE' ) );
#2201 = DIRECTION ( 'NONE',  ( 0.000000000000000000, 0.000000000000000000, 1.000000000000000000 ) ) ;
#2202 = EDGE_LOOP ( 'NONE', ( #1040, #1333, #942, #1173 ) ) ;
#2203 = CIRCLE ( 'NONE', #3073, 1.181100000000000039 ) ;
#2204 = FILL_AREA_STYLE_COLOUR ( '', #3090 ) ;
#2205 = SURFACE_SIDE_STYLE ('',( #2460 ) ) ;
#2206 = ORIENTED_EDGE ( 'NONE', *, *, #574, .F. ) ;
#2207 = DIRECTION ( 'NONE',  ( 0.000000000000000000, 0.000000000000000000, -1.000000000000000000 ) ) ;
#2208 = DIRECTION ( 'NONE',  ( 0.000000000000000000, 0.1908089953765525759, -0.9816271834476624214 ) ) ;
#2209 = SURFACE_SIDE_STYLE ('',( #3169 ) ) ;
#2210 = AXIS2_PLACEMENT_3D ( 'NONE', #1736, #2007, #3166 ) ;
#2211 = CARTESIAN_POINT ( 'NONE',  ( 0.000000000000000000, -5.664200000000000124, -0.4317999999999999616 ) ) ;
#2212 = CIRCLE ( 'NONE', #131, 0.4317999999999999616 ) ;
#2213 = EDGE_CURVE ( 'NONE', #3065, #247, #3020, .T. ) ;
#2214 = ORIENTED_EDGE ( 'NONE', *, *, #2430, .F. ) ;
#2215 = DIRECTION ( 'NONE',  ( 1.000000000000000000, 0.000000000000000000, 0.000000000000000000 ) ) ;
#2216 = SURFACE_STYLE_FILL_AREA ( #1224 ) ;
#2217 = EDGE_LOOP ( 'NONE', ( #1145, #2851, #2461, #1435 ) ) ;
#2218 = STYLED_ITEM ( 'NONE', ( #2396 ), #3157 ) ;
#2219 = CARTESIAN_POINT ( 'NONE',  ( 0.000000000000000000, 0.000000000000000000, 0.000000000000000000 ) ) ;
#2220 = EDGE_CURVE ( 'NONE', #2109, #1258, #1409, .T. ) ;
#2221 = CARTESIAN_POINT ( 'NONE',  ( -0.04080974092659969688, 4.181551069634609874, 6.987681075522749197 ) ) ;
#2222 = DIRECTION ( 'NONE',  ( 0.000000000000000000, 0.000000000000000000, -1.000000000000000000 ) ) ;
#2223 = CARTESIAN_POINT ( 'NONE',  ( 1.193799999999999972, 3.378200000000000092, 9.059727763149499680 ) ) ;
#2224 = EDGE_CURVE ( 'NONE', #228, #1981, #410, .T. ) ;
#2225 = CARTESIAN_POINT ( 'NONE',  ( -1.193799999999999972, 4.184913584487254923, 8.792430572510230746 ) ) ;
#2226 = FILL_AREA_STYLE_COLOUR ( '', #295 ) ;
#2227 = DIRECTION ( 'NONE',  ( -6.038714492370660185E-16, -0.1564344650402234582, -0.9876883405951389916 ) ) ;
#2228 = FACE_OUTER_BOUND ( 'NONE', #242, .T. ) ;
#2229 = ORIENTED_EDGE ( 'NONE', *, *, #2558, .F. ) ;
#2230 = CARTESIAN_POINT ( 'NONE',  ( -0.4901943563112149960, 4.273245732988959489, 7.566618395163899891 ) ) ;
#2231 = CARTESIAN_POINT ( 'NONE',  ( -2.381250000000000089, -1.778000000000000025, 4.124445985523379932 ) ) ;
#2232 = ORIENTED_EDGE ( 'NONE', *, *, #1606, .F. ) ;
#2233 = DIRECTION ( 'NONE',  ( 0.000000000000000000, 0.000000000000000000, 1.000000000000000000 ) ) ;
#2234 = EDGE_CURVE ( 'NONE', #3053, #292, #2203, .T. ) ;
#2235 = ORIENTED_EDGE ( 'NONE', *, *, #548, .F. ) ;
#2236 = LINE ( 'NONE', #2252, #35 ) ;
#2237 = CARTESIAN_POINT ( 'NONE',  ( 1.244599999999999929, -1.270000000000000018, 10.17269999999999897 ) ) ;
#2238 = COLOUR_RGB ( '',0.2941176470588235392, 0.2941176470588235392, 0.2941176470588235392 ) ;
#2239 = SURFACE_SIDE_STYLE ('',( #951 ) ) ;
#2240 = LINE ( 'NONE', #1010, #2094 ) ;
#2241 = VECTOR ( 'NONE', #938, 1000.000000000000000 ) ;
#2242 = MECHANICAL_DESIGN_GEOMETRIC_PRESENTATION_REPRESENTATION (  '', ( #2499 ), #839 ) ;
#2243 = CARTESIAN_POINT ( 'NONE',  ( 0.8000867046139792382, 3.786003424334135392, 6.273810944624085728 ) ) ;
#2244 = ORIENTED_EDGE ( 'NONE', *, *, #1388, .T. ) ;
#2245 = CARTESIAN_POINT ( 'NONE',  ( 0.09595948984263109882, 4.251850311539610239, 7.431533020580969762 ) ) ;
#2246 = DIRECTION ( 'NONE',  ( 0.000000000000000000, 0.000000000000000000, 1.000000000000000000 ) ) ;
#2247 = CARTESIAN_POINT ( 'NONE',  ( 0.4445000000000000062, -6.477000000000000313, 10.17269999999999897 ) ) ;
#2248 = DIRECTION ( 'NONE',  ( 0.000000000000000000, 1.000000000000000000, 0.000000000000000000 ) ) ;
#2249 = PRESENTATION_LAYER_ASSIGNMENT (  '', '', ( #1420 ) ) ;
#2250 = DIRECTION ( 'NONE',  ( 1.000000000000000000, 0.000000000000000000, 0.000000000000000000 ) ) ;
#2251 = ORIENTED_EDGE ( 'NONE', *, *, #2272, .T. ) ;
#2252 = CARTESIAN_POINT ( 'NONE',  ( 0.4445000000000000062, -6.477000000000000313, 10.17269999999999897 ) ) ;
#2253 = AXIS2_PLACEMENT_3D ( 'NONE', #685, #1889, #1669 ) ;
#2254 = DIRECTION ( 'NONE',  ( 0.000000000000000000, 0.000000000000000000, -1.000000000000000000 ) ) ;
#2255 = STYLED_ITEM ( 'NONE', ( #194 ), #2419 ) ;
#2256 = FILL_AREA_STYLE_COLOUR ( '', #1579 ) ;
#2257 = MECHANICAL_DESIGN_GEOMETRIC_PRESENTATION_REPRESENTATION (  '', ( #1429 ), #3175 ) ;
#2258 = DIRECTION ( 'NONE',  ( 1.000000000000000000, 0.000000000000000000, 0.000000000000000000 ) ) ;
#2259 = CARTESIAN_POINT ( 'NONE',  ( 1.244599999999999929, 3.810000000000000053, 10.17269999999999897 ) ) ;
#2260 = ORIENTED_EDGE ( 'NONE', *, *, #2748, .F. ) ;
#2261 =( GEOMETRIC_REPRESENTATION_CONTEXT ( 3 ) GLOBAL_UNCERTAINTY_ASSIGNED_CONTEXT ( ( #2310 ) ) GLOBAL_UNIT_ASSIGNED_CONTEXT ( ( #1478, #756, #2948 ) ) REPRESENTATION_CONTEXT ( 'NONE', 'WORKASPACE' ) );
#2262 = CARTESIAN_POINT ( 'NONE',  ( -0.04080974092659949565, 4.256812921187960619, 6.975760769286689644 ) ) ;
#2263 = EDGE_CURVE ( 'NONE', #881, #2500, #1188, .T. ) ;
#2264 = SURFACE_STYLE_FILL_AREA ( #1323 ) ;
#2265 = ORIENTED_EDGE ( 'NONE', *, *, #165, .F. ) ;
#2266 = CARTESIAN_POINT ( 'NONE',  ( 0.000000000000000000, 1.397000000000000020, 0.000000000000000000 ) ) ;
#2267 = ORIENTED_EDGE ( 'NONE', *, *, #1742, .F. ) ;
#2268 = CARTESIAN_POINT ( 'NONE',  ( 0.000000000000000000, 1.397000000000000020, 5.041900000000000048 ) ) ;
#2269 = CARTESIAN_POINT ( 'NONE',  ( 0.000000000000000000, 5.080000000000000071, -0.4445000000000000062 ) ) ;
#2270 = MECHANICAL_DESIGN_GEOMETRIC_PRESENTATION_REPRESENTATION (  '', ( #1441 ), #42 ) ;
#2271 = UNCERTAINTY_MEASURE_WITH_UNIT (LENGTH_MEASURE( 1.000000000000000082E-05 ), #990, 'distance_accuracy_value', 'NONE');
#2272 = EDGE_CURVE ( 'NONE', #446, #1242, #2156, .T. ) ;
#2273 = EDGE_CURVE ( 'NONE', #3051, #111, #3132, .T. ) ;
#2274 = ORIENTED_EDGE ( 'NONE', *, *, #2474, .T. ) ;
#2275 = FACE_OUTER_BOUND ( 'NONE', #3190, .T. ) ;
#2276 = DIRECTION ( 'NONE',  ( 1.000000000000000000, 0.000000000000000000, 0.000000000000000000 ) ) ;
#2277 = EDGE_CURVE ( 'NONE', #1981, #1219, #440, .T. ) ;
#2278 = ORIENTED_EDGE ( 'NONE', *, *, #2850, .F. ) ;
#2279 = ORIENTED_EDGE ( 'NONE', *, *, #1750, .T. ) ;
#2280 = DIRECTION ( 'NONE',  ( 1.224646799147353207E-16, 0.000000000000000000, -1.000000000000000000 ) ) ;
#2281 = DIRECTION ( 'NONE',  ( 1.000000000000000000, 0.000000000000000000, 0.000000000000000000 ) ) ;
#2282 = CARTESIAN_POINT ( 'NONE',  ( 3.565161680064409921, 1.397000000000000020, -3.565161680064495187 ) ) ;
#2283 =( NAMED_UNIT ( * ) PLANE_ANGLE_UNIT ( ) SI_UNIT ( $, .RADIAN. ) );
#2284 = EDGE_CURVE ( 'NONE', #896, #596, #1906, .T. ) ;
#2285 = DIRECTION ( 'NONE',  ( 0.000000000000000000, -1.000000000000000000, 0.000000000000000000 ) ) ;
#2286 = CIRCLE ( 'NONE', #516, 6.311899999999999622 ) ;
#2287 = VERTEX_POINT ( 'NONE', #394 ) ;
#2288 = FACE_OUTER_BOUND ( 'NONE', #130, .T. ) ;
#2289 = ADVANCED_FACE ( 'NONE', ( #2141 ), #1425, .T. ) ;
#2290 = CARTESIAN_POINT ( 'NONE',  ( 4.762500000000000178, -2.540000000000000036, -0.7620000000000000107 ) ) ;
#2291 =( NAMED_UNIT ( * ) SI_UNIT ( $, .STERADIAN. ) SOLID_ANGLE_UNIT ( ) );
#2292 = ORIENTED_EDGE ( 'NONE', *, *, #1101, .F. ) ;
#2293 = ORIENTED_EDGE ( 'NONE', *, *, #730, .T. ) ;
#2294 = CONTEXT_DEPENDENT_SHAPE_REPRESENTATION ( #1093, #462 ) ;
#2295 = ORIENTED_EDGE ( 'NONE', *, *, #2142, .T. ) ;
#2296 = VECTOR ( 'NONE', #1692, 1000.000000000000000 ) ;
#2297 = CARTESIAN_POINT ( 'NONE',  ( -1.193799999999999972, 4.557302341002480439, 8.872976298784479354 ) ) ;
#2298 = PLANE ( 'NONE',  #2003 ) ;
#2299 = PRESENTATION_LAYER_ASSIGNMENT (  '', '', ( #477 ) ) ;
#2300 = CARTESIAN_POINT ( 'NONE',  ( -1.244599999999999929, 0.000000000000000000, 9.791700000000000514 ) ) ;
#2301 = FACE_BOUND ( 'NONE', #87, .T. ) ;
#2302 = MECHANICAL_DESIGN_GEOMETRIC_PRESENTATION_REPRESENTATION (  '', ( #2255 ), #1586 ) ;
#2303 = LINE ( 'NONE', #1401, #1794 ) ;
#2304 = CIRCLE ( 'NONE', #2512, 0.6350000000000001199 ) ;
#2305 = ORIENTED_EDGE ( 'NONE', *, *, #2489, .T. ) ;
#2306 =( NAMED_UNIT ( * ) SI_UNIT ( $, .STERADIAN. ) SOLID_ANGLE_UNIT ( ) );
#2307 = STYLED_ITEM ( 'NONE', ( #1189 ), #892 ) ;
#2308 = LINE ( 'NONE', #599, #79 ) ;
#2309 = SURFACE_STYLE_USAGE ( .BOTH. , #1774 ) ;
#2310 = UNCERTAINTY_MEASURE_WITH_UNIT (LENGTH_MEASURE( 1.000000000000000082E-05 ), #1478, 'distance_accuracy_value', 'NONE');
#2311 = PRESENTATION_STYLE_ASSIGNMENT (( #2777 ) ) ;
#2312 = SURFACE_SIDE_STYLE ('',( #1326 ) ) ;
#2313 = EDGE_CURVE ( 'NONE', #2588, #41, #225, .T. ) ;
#2314 = ORIENTED_EDGE ( 'NONE', *, *, #1442, .T. ) ;
#2315 = ORIENTED_EDGE ( 'NONE', *, *, #2766, .F. ) ;
#2316 = AXIS2_PLACEMENT_3D ( 'NONE', #14, #992, #2995 ) ;
#2317 = AXIS2_PLACEMENT_3D ( 'NONE', #2266, #1017, #654 ) ;
#2318 = ORIENTED_EDGE ( 'NONE', *, *, #2608, .F. ) ;
#2319 = FILL_AREA_STYLE_COLOUR ( '', #2238 ) ;
#2320 = EDGE_CURVE ( 'NONE', #1905, #1689, #2969, .T. ) ;
#2321 = CARTESIAN_POINT ( 'NONE',  ( 0.4445000000000000062, -2.514600000000000168, 10.17269999999999897 ) ) ;
#2322 = FACE_OUTER_BOUND ( 'NONE', #817, .T. ) ;
#2323 = EDGE_CURVE ( 'NONE', #2175, #2075, #3013, .T. ) ;
#2324 =( GEOMETRIC_REPRESENTATION_CONTEXT ( 3 ) GLOBAL_UNCERTAINTY_ASSIGNED_CONTEXT ( ( #219 ) ) GLOBAL_UNIT_ASSIGNED_CONTEXT ( ( #442, #3159, #2687 ) ) REPRESENTATION_CONTEXT ( 'NONE', 'WORKASPACE' ) );
#2325 = EDGE_LOOP ( 'NONE', ( #1788, #915, #2968, #566 ) ) ;
#2326 = CARTESIAN_POINT ( 'NONE',  ( -0.04080974092659969688, 4.343544974893959854, 8.010470340222120456 ) ) ;
#2327 = DIRECTION ( 'NONE',  ( 0.000000000000000000, 1.000000000000000000, 0.000000000000000000 ) ) ;
#2328 = DIRECTION ( 'NONE',  ( 0.000000000000000000, -0.1564344650402234582, -0.9876883405951388806 ) ) ;
#2329 = VERTEX_POINT ( 'NONE', #1061 ) ;
#2330 = ORIENTED_EDGE ( 'NONE', *, *, #3179, .F. ) ;
#2331 = DIRECTION ( 'NONE',  ( 0.000000000000000000, 1.000000000000000000, 0.000000000000000000 ) ) ;
#2332 = ORIENTED_EDGE ( 'NONE', *, *, #1225, .T. ) ;
#2333 =( NAMED_UNIT ( * ) SI_UNIT ( $, .STERADIAN. ) SOLID_ANGLE_UNIT ( ) );
#2334 = CARTESIAN_POINT ( 'NONE',  ( -0.4901943563112149960, 4.251850311539614680, 7.431533020580969762 ) ) ;
#2336 = DIRECTION ( 'NONE',  ( 0.000000000000000000, -1.000000000000000000, 0.000000000000000000 ) ) ;
#2335 = DIRECTION ( 'NONE',  ( 2.736225955192570147E-16, -1.000000000000000000, 0.000000000000000000 ) ) ;
#2337 = ADVANCED_FACE ( 'NONE', ( #304 ), #1041, .T. ) ;
#2338 = LINE ( 'NONE', #2063, #2679 ) ;
#2339 = EDGE_LOOP ( 'NONE', ( #2813, #2889, #576, #2145 ) ) ;
#2340 = CARTESIAN_POINT ( 'NONE',  ( 2.489199999999999857, 0.000000000000000000, 10.88390000000000057 ) ) ;
#2341 = CARTESIAN_POINT ( 'NONE',  ( 0.000000000000000000, 3.810000000000000053, 0.000000000000000000 ) ) ;
#2342 = VECTOR ( 'NONE', #2, 1000.000000000000000 ) ;
#2343 = EDGE_LOOP ( 'NONE', ( #862, #718, #1475, #2169, #3019 ) ) ;
#2344 = UNCERTAINTY_MEASURE_WITH_UNIT (LENGTH_MEASURE( 1.000000000000000082E-05 ), #2597, 'distance_accuracy_value', 'NONE');
#2345 = VERTEX_POINT ( 'NONE', #267 ) ;
#2346 = VECTOR ( 'NONE', #46, 1000.000000000000000 ) ;
#2347 = COLOUR_RGB ( '',0.2941176470588235392, 0.2941176470588235392, 0.2941176470588235392 ) ;
#2348 = SURFACE_STYLE_FILL_AREA ( #2393 ) ;
#2349 = VERTEX_POINT ( 'NONE', #2521 ) ;
#2350 = AXIS2_PLACEMENT_3D ( 'NONE', #415, #1913, #673 ) ;
#2351 = CARTESIAN_POINT ( 'NONE',  ( 1.854200000000000070, 3.810000000000000053, 11.51890000000000036 ) ) ;
#2353 =( NAMED_UNIT ( * ) SI_UNIT ( $, .STERADIAN. ) SOLID_ANGLE_UNIT ( ) );
#2352 = DIRECTION ( 'NONE',  ( 0.000000000000000000, 0.000000000000000000, 1.000000000000000000 ) ) ;
#2354 = AXIS2_PLACEMENT_3D ( 'NONE', #845, #142, #865 ) ;
#2355 = ORIENTED_EDGE ( 'NONE', *, *, #1857, .T. ) ;
#2356 = PLANE ( 'NONE',  #784 ) ;
#2357 = SURFACE_STYLE_USAGE ( .BOTH. , #1096 ) ;
#2358 = AXIS2_PLACEMENT_3D ( 'NONE', #2425, #1468, #469 ) ;
#2359 = UNCERTAINTY_MEASURE_WITH_UNIT (LENGTH_MEASURE( 1.000000000000000082E-05 ), #948, 'distance_accuracy_value', 'NONE');
#2360 = ORIENTED_EDGE ( 'NONE', *, *, #1550, .F. ) ;
#2361 = VECTOR ( 'NONE', #443, 1000.000000000000000 ) ;
#2362 = EDGE_CURVE ( 'NONE', #2990, #446, #286, .T. ) ;
#2363 = ORIENTED_EDGE ( 'NONE', *, *, #1676, .F. ) ;
#2364 = VERTEX_POINT ( 'NONE', #1473 ) ;
#2365 = FACE_BOUND ( 'NONE', #1813, .T. ) ;
#2366 = VECTOR ( 'NONE', #316, 1000.000000000000000 ) ;
#2368 = FACE_OUTER_BOUND ( 'NONE', #1406, .T. ) ;
#2367 =( LENGTH_UNIT ( ) NAMED_UNIT ( * ) SI_UNIT ( .MILLI., .METRE. ) );
#2369 = SURFACE_STYLE_FILL_AREA ( #2611 ) ;
#2370 = AXIS2_PLACEMENT_3D ( 'NONE', #1456, #1232, #2222 ) ;
#2371 = VECTOR ( 'NONE', #3117, 1000.000000000000000 ) ;
#2372 = PRESENTATION_STYLE_ASSIGNMENT (( #153 ) ) ;
#2373 = ADVANCED_FACE ( 'NONE', ( #799, #2924 ), #706, .T. ) ;
#2374 = DIRECTION ( 'NONE',  ( -1.000000000000000000, 0.000000000000000000, -1.218623490772740130E-14 ) ) ;
#2375 = EDGE_CURVE ( 'NONE', #2526, #1174, #273, .T. ) ;
#2376 = ADVANCED_FACE ( 'NONE', ( #3161 ), #2689, .T. ) ;
#2377 = ORIENTED_EDGE ( 'NONE', *, *, #2158, .F. ) ;
#2378 = ORIENTED_EDGE ( 'NONE', *, *, #971, .T. ) ;
#2379 =( LENGTH_UNIT ( ) NAMED_UNIT ( * ) SI_UNIT ( .MILLI., .METRE. ) );
#2380 = VECTOR ( 'NONE', #2462, 1000.000000000000000 ) ;
#2381 = ADVANCED_FACE ( 'NONE', ( #945 ), #458, .F. ) ;
#2382 = ORIENTED_EDGE ( 'NONE', *, *, #1750, .F. ) ;
#2383 = DIRECTION ( 'NONE',  ( 0.000000000000000000, 1.000000000000000000, 0.000000000000000000 ) ) ;
#2385 = DIRECTION ( 'NONE',  ( 0.000000000000000000, 1.000000000000000000, 0.000000000000000000 ) ) ;
#2384 = DIRECTION ( 'NONE',  ( 0.000000000000000000, 0.000000000000000000, -1.000000000000000000 ) ) ;
#2386 = DIRECTION ( 'NONE',  ( 0.000000000000000000, 0.000000000000000000, 1.000000000000000000 ) ) ;
#2387 = DIRECTION ( 'NONE',  ( 0.7071067811865391350, 0.000000000000000000, 0.7071067811865560104 ) ) ;
#2388 = PLANE ( 'NONE',  #265 ) ;
#2389 = ORIENTED_EDGE ( 'NONE', *, *, #1203, .F. ) ;
#2390 = VERTEX_POINT ( 'NONE', #444 ) ;
#2391 = EDGE_LOOP ( 'NONE', ( #2821, #2486, #190, #1018, #1654, #2080, #1823, #48, #393, #2685, #2314, #139 ) ) ;
#2392 = ADVANCED_FACE ( 'NONE', ( #1293 ), #1922, .F. ) ;
#2393 = FILL_AREA_STYLE ('',( #1362 ) ) ;
#2394 = ORIENTED_EDGE ( 'NONE', *, *, #2883, .F. ) ;
#2395 = DIRECTION ( 'NONE',  ( 1.000000000000000000, 0.000000000000000000, -2.787599993534960045E-15 ) ) ;
#2397 = CARTESIAN_POINT ( 'NONE',  ( 0.000000000000000000, 5.080000000000000071, 0.000000000000000000 ) ) ;
#2396 = PRESENTATION_STYLE_ASSIGNMENT (( #670 ) ) ;
#2398 = SURFACE_STYLE_USAGE ( .BOTH. , #1908 ) ;
#2399 = DIRECTION ( 'NONE',  ( 0.000000000000000000, -0.1564344650402234582, -0.9876883405951388806 ) ) ;
#2400 = FACE_OUTER_BOUND ( 'NONE', #2528, .T. ) ;
#2401 = AXIS2_PLACEMENT_3D ( 'NONE', #56, #20, #2517 ) ;
#2402 = PRESENTATION_LAYER_ASSIGNMENT (  '', '', ( #1873 ) ) ;
#2403 = FACE_OUTER_BOUND ( 'NONE', #294, .T. ) ;
#2404 = LINE ( 'NONE', #416, #2605 ) ;
#2405 = DIRECTION ( 'NONE',  ( -1.000000000000000000, 2.553542470335179923E-15, -1.197611400974460050E-15 ) ) ;
#2406 = DIRECTION ( 'NONE',  ( 0.000000000000000000, 0.000000000000000000, -1.000000000000000000 ) ) ;
#2407 = ORIENTED_EDGE ( 'NONE', *, *, #151, .F. ) ;
#2408 = PRODUCT_DEFINITION ( 'UNKNOWN', '', #1394, #911 ) ;
#2409 = CARTESIAN_POINT ( 'NONE',  ( 4.762500000000000178, -1.778000000000000025, 0.000000000000000000 ) ) ;
#2410 = ORIENTED_EDGE ( 'NONE', *, *, #683, .T. ) ;
#2411 = STYLED_ITEM ( 'NONE', ( #3133 ), #870 ) ;
#2412 = DIRECTION ( 'NONE',  ( 0.000000000000000000, -0.9876883405951389916, 0.1564344650402234582 ) ) ;
#2413 = PRESENTATION_STYLE_ASSIGNMENT (( #2628 ) ) ;
#2414 = DIRECTION ( 'NONE',  ( 0.000000000000000000, 1.145909393315546027E-16, -1.000000000000000000 ) ) ;
#2415 =( LENGTH_UNIT ( ) NAMED_UNIT ( * ) SI_UNIT ( .MILLI., .METRE. ) );
#2416 = EDGE_CURVE ( 'NONE', #247, #133, #1719, .T. ) ;
#2417 = DIRECTION ( 'NONE',  ( 1.000000000000000000, 0.000000000000000000, -2.787599993534960045E-15 ) ) ;
#2418 = VECTOR ( 'NONE', #3054, 1000.000000000000000 ) ;
#2419 = ADVANCED_FACE ( 'NONE', ( #2958 ), #2703, .F. ) ;
#2420 = ORIENTED_EDGE ( 'NONE', *, *, #940, .F. ) ;
#2421 = LINE ( 'NONE', #173, #2560 ) ;
#2422 = ORIENTED_EDGE ( 'NONE', *, *, #1785, .T. ) ;
#2423 = EDGE_LOOP ( 'NONE', ( #2089, #336, #652, #2671 ) ) ;
#2424 =( LENGTH_UNIT ( ) NAMED_UNIT ( * ) SI_UNIT ( .MILLI., .METRE. ) );
#2425 = CARTESIAN_POINT ( 'NONE',  ( -0.04080974092659969688, 4.181551069634609874, 6.987681075522749197 ) ) ;
#2426 = CARTESIAN_POINT ( 'NONE',  ( 0.000000000000000000, 1.397000000000000020, -5.821219718042969812E-17 ) ) ;
#2427 = CARTESIAN_POINT ( 'NONE',  ( -0.04080974092659949565, 4.418806826447305269, 7.998550033986050245 ) ) ;
#2428 = VERTEX_POINT ( 'NONE', #2427 ) ;
#2429 = DIRECTION ( 'NONE',  ( 0.000000000000000000, -1.000000000000000000, 0.000000000000000000 ) ) ;
#2430 = EDGE_CURVE ( 'NONE', #567, #512, #1190, .T. ) ;
#2431 = APPLICATION_CONTEXT ( 'automotive_design' ) ;
#2432 = FACE_OUTER_BOUND ( 'NONE', #1227, .T. ) ;
#2433 = CARTESIAN_POINT ( 'NONE',  ( -0.04080974092659969688, 4.273245732988959489, 7.566618395163899891 ) ) ;
#2434 = ORIENTED_EDGE ( 'NONE', *, *, #1140, .F. ) ;
#2435 = DIRECTION ( 'NONE',  ( 0.000000000000000000, 1.000000000000000000, 0.000000000000000000 ) ) ;
#2436 = DIRECTION ( 'NONE',  ( 1.000000000000000000, 5.787813545898870539E-16, 0.000000000000000000 ) ) ;
#2437 = ORIENTED_EDGE ( 'NONE', *, *, #1501, .T. ) ;
#2439 = CARTESIAN_POINT ( 'NONE',  ( -1.193799999999999972, 3.773992562110954907, 6.197977345069920041 ) ) ;
#2438 = CARTESIAN_POINT ( 'NONE',  ( -1.193799999999999972, 4.032808866615614996, 5.561454830437099872 ) ) ;
#2440 = DIRECTION ( 'NONE',  ( 1.000000000000000000, 0.000000000000000000, 0.000000000000000000 ) ) ;
#2441 = ORIENTED_EDGE ( 'NONE', *, *, #1951, .F. ) ;
#2442 = VECTOR ( 'NONE', #1272, 1000.000000000000000 ) ;
#2443 = FILL_AREA_STYLE_COLOUR ( '', #1729 ) ;
#2444 = FACE_OUTER_BOUND ( 'NONE', #832, .T. ) ;
#2445 =( GEOMETRIC_REPRESENTATION_CONTEXT ( 3 ) GLOBAL_UNCERTAINTY_ASSIGNED_CONTEXT ( ( #502 ) ) GLOBAL_UNIT_ASSIGNED_CONTEXT ( ( #1291, #1585, #2291 ) ) REPRESENTATION_CONTEXT ( 'NONE', 'WORKASPACE' ) );
#2446 =( LENGTH_UNIT ( ) NAMED_UNIT ( * ) SI_UNIT ( .MILLI., .METRE. ) );
#2447 = FACE_OUTER_BOUND ( 'NONE', #485, .T. ) ;
#2448 = DIRECTION ( 'NONE',  ( 2.709451824002074729E-15, 0.9876883405951388806, -0.1564344650402234582 ) ) ;
#2449 = EDGE_CURVE ( 'NONE', #767, #2956, #2513, .T. ) ;
#2450 = ORIENTED_EDGE ( 'NONE', *, *, #543, .T. ) ;
#2451 = CARTESIAN_POINT ( 'NONE',  ( 4.762500000000000178, -2.540000000000000036, 0.000000000000000000 ) ) ;
#2452 = MECHANICAL_DESIGN_GEOMETRIC_PRESENTATION_REPRESENTATION (  '', ( #1783 ), #2200 ) ;
#2453 = UNCERTAINTY_MEASURE_WITH_UNIT (LENGTH_MEASURE( 1.000000000000000082E-05 ), #778, 'distance_accuracy_value', 'NONE');
#2454 = FILL_AREA_STYLE_COLOUR ( '', #434 ) ;
#2455 = ORIENTED_EDGE ( 'NONE', *, *, #306, .T. ) ;
#2456 = EDGE_CURVE ( 'NONE', #2345, #615, #1838, .T. ) ;
#2457 = PRESENTATION_LAYER_ASSIGNMENT (  '', '', ( #169 ) ) ;
#2458 = DIRECTION ( 'NONE',  ( 0.000000000000000000, 1.000000000000000000, 0.000000000000000000 ) ) ;
#2459 = PRESENTATION_LAYER_ASSIGNMENT (  '', '', ( #2621 ) ) ;
#2460 = SURFACE_STYLE_FILL_AREA ( #2539 ) ;
#2461 = ORIENTED_EDGE ( 'NONE', *, *, #1839, .F. ) ;
#2462 = DIRECTION ( 'NONE',  ( 2.057114453060439919E-16, -1.000000000000000000, 0.000000000000000000 ) ) ;
#2463 =( GEOMETRIC_REPRESENTATION_CONTEXT ( 3 ) GLOBAL_UNCERTAINTY_ASSIGNED_CONTEXT ( ( #2034 ) ) GLOBAL_UNIT_ASSIGNED_CONTEXT ( ( #1110, #1907, #2581 ) ) REPRESENTATION_CONTEXT ( 'NONE', 'WORKASPACE' ) );
#2464 = DIRECTION ( 'NONE',  ( 0.000000000000000000, 0.000000000000000000, 1.000000000000000000 ) ) ;
#2465 = CIRCLE ( 'NONE', #1744, 0.6350000000000001199 ) ;
#2466 = PRESENTATION_STYLE_ASSIGNMENT (( #17 ) ) ;
#2467 = CARTESIAN_POINT ( 'NONE',  ( 0.000000000000000000, -3.644899999999934970, 0.000000000000000000 ) ) ;
#2468 = EDGE_CURVE ( 'NONE', #1868, #147, #2723, .T. ) ;
#2469 =( GEOMETRIC_REPRESENTATION_CONTEXT ( 3 ) GLOBAL_UNCERTAINTY_ASSIGNED_CONTEXT ( ( #846 ) ) GLOBAL_UNIT_ASSIGNED_CONTEXT ( ( #3182, #2708, #725 ) ) REPRESENTATION_CONTEXT ( 'NONE', 'WORKASPACE' ) );
#2470 = DIRECTION ( 'NONE',  ( 0.000000000000000000, -1.000000000000000000, -1.145909393315546027E-16 ) ) ;
#2471 = AXIS2_PLACEMENT_3D ( 'NONE', #2131, #641, #2414 ) ;
#2472 = ORIENTED_EDGE ( 'NONE', *, *, #2963, .T. ) ;
#2473 = DIRECTION ( 'NONE',  ( -1.000000000000000000, 0.000000000000000000, 0.000000000000000000 ) ) ;
#2474 = EDGE_CURVE ( 'NONE', #512, #2175, #1082, .T. ) ;
#2475 = FACE_OUTER_BOUND ( 'NONE', #409, .T. ) ;
#2476 = ADVANCED_FACE ( 'NONE', ( #3050 ), #2054, .T. ) ;
#2477 = ORIENTED_EDGE ( 'NONE', *, *, #1488, .T. ) ;
#2478 =( GEOMETRIC_REPRESENTATION_CONTEXT ( 3 ) GLOBAL_UNCERTAINTY_ASSIGNED_CONTEXT ( ( #154 ) ) GLOBAL_UNIT_ASSIGNED_CONTEXT ( ( #2367, #888, #2892 ) ) REPRESENTATION_CONTEXT ( 'NONE', 'WORKASPACE' ) );
#2479 = DIRECTION ( 'NONE',  ( 1.000000000000000000, 1.387778780781443518E-17, 1.283695372222837250E-16 ) ) ;
#2480 = DIRECTION ( 'NONE',  ( 1.000000000000000000, 0.000000000000000000, 0.000000000000000000 ) ) ;
#2481 = ORIENTED_EDGE ( 'NONE', *, *, #188, .T. ) ;
#2482 =( NAMED_UNIT ( * ) PLANE_ANGLE_UNIT ( ) SI_UNIT ( $, .RADIAN. ) );
#2483 = FILL_AREA_STYLE ('',( #2256 ) ) ;
#2484 = CARTESIAN_POINT ( 'NONE',  ( -1.193799999999999972, 3.810000000000000053, 10.17269999999999897 ) ) ;
#2485 = CARTESIAN_POINT ( 'NONE',  ( 0.000000000000000000, 3.792036138052339744, 6.311899999999999622 ) ) ;
#2486 = ORIENTED_EDGE ( 'NONE', *, *, #151, .T. ) ;
#2487 = CARTESIAN_POINT ( 'NONE',  ( -1.193799999999999972, 3.378200000000000092, 9.059727763149499680 ) ) ;
#2488 = CARTESIAN_POINT ( 'NONE',  ( -0.4901943563112149960, 4.251850311539614680, 7.431533020580969762 ) ) ;
#2489 = EDGE_CURVE ( 'NONE', #947, #422, #859, .T. ) ;
#2490 =( NAMED_UNIT ( * ) SI_UNIT ( $, .STERADIAN. ) SOLID_ANGLE_UNIT ( ) );
#2491 = VERTEX_POINT ( 'NONE', #1830 ) ;
#2492 = FACE_OUTER_BOUND ( 'NONE', #919, .T. ) ;
#2493 = DIRECTION ( 'NONE',  ( 0.000000000000000000, -1.000000000000000000, 0.000000000000000000 ) ) ;
#2494 = CARTESIAN_POINT ( 'NONE',  ( 1.244599999999999929, 3.810000000000000053, 10.17269999999999897 ) ) ;
#2495 = AXIS2_PLACEMENT_3D ( 'NONE', #558, #1035, #2254 ) ;
#2496 = CARTESIAN_POINT ( 'NONE',  ( 0.000000000000000000, 1.397000000000000020, -5.821219718042969812E-17 ) ) ;
#2497 = SURFACE_STYLE_USAGE ( .BOTH. , #2209 ) ;
#2498 = VECTOR ( 'NONE', #2897, 1000.000000000000114 ) ;
#2499 = STYLED_ITEM ( 'NONE', ( #2803 ), #366 ) ;
#2500 = VERTEX_POINT ( 'NONE', #2300 ) ;
#2501 = LINE ( 'NONE', #1980, #1461 ) ;
#2502 = LINE ( 'NONE', #1790, #1730 ) ;
#2503 = PLANE ( 'NONE',  #3059 ) ;
#2504 = EDGE_LOOP ( 'NONE', ( #2573, #2102, #2873, #1070, #1634, #2943, #2121, #1681 ) ) ;
#2505 = AXIS2_PLACEMENT_3D ( 'NONE', #1696, #714, #2917 ) ;
#2506 = SHAPE_DEFINITION_REPRESENTATION ( #1450, #445 ) ;
#2507 = EDGE_LOOP ( 'NONE', ( #1346, #4, #666, #2332 ) ) ;
#2508 = VECTOR ( 'NONE', #1637, 1000.000000000000000 ) ;
#2509 = CYLINDRICAL_SURFACE ( 'NONE', #375, 0.4317999999999999616 ) ;
#2510 = DIRECTION ( 'NONE',  ( 1.000000000000000000, -1.930109995523665315E-15, 0.000000000000000000 ) ) ;
#2511 = CARTESIAN_POINT ( 'NONE',  ( 1.193799999999999972, 4.032808866615609666, 5.561454830437099872 ) ) ;
#2512 = AXIS2_PLACEMENT_3D ( 'NONE', #504, #2385, #2594 ) ;
#2513 = CIRCLE ( 'NONE', #1107, 0.7620000000000001217 ) ;
#2514 = SURFACE_STYLE_FILL_AREA ( #333 ) ;
#2515 = DIRECTION ( 'NONE',  ( 0.000000000000000000, 1.000000000000000000, 0.000000000000000000 ) ) ;
#2516 = PRESENTATION_LAYER_ASSIGNMENT (  '', '', ( #1891 ) ) ;
#2517 = DIRECTION ( 'NONE',  ( 0.000000000000000000, 0.1908089953765519098, -0.9816271834476625324 ) ) ;
#2518 = ADVANCED_FACE ( 'NONE', ( #1283 ), #1531, .T. ) ;
#2519 = ORIENTED_EDGE ( 'NONE', *, *, #3195, .T. ) ;
#2520 = VECTOR ( 'NONE', #1282, 1000.000000000000000 ) ;
#2521 = CARTESIAN_POINT ( 'NONE',  ( 1.193799999999999972, 2.767361338074904697, 0.007258257762572029557 ) ) ;
#2522 = CARTESIAN_POINT ( 'NONE',  ( -0.4901943563112149960, 4.348507584542310234, 7.554698088927840338 ) ) ;
#2523 = UNCERTAINTY_MEASURE_WITH_UNIT (LENGTH_MEASURE( 1.000000000000000082E-05 ), #2424, 'distance_accuracy_value', 'NONE');
#2524 = SPHERICAL_SURFACE ( 'NONE', #1253, 0.7620000000000000107 ) ;
#2525 = MECHANICAL_DESIGN_GEOMETRIC_PRESENTATION_REPRESENTATION (  '', ( #1228 ), #283 ) ;
#2526 = VERTEX_POINT ( 'NONE', #2582 ) ;
#2527 = APPLICATION_PROTOCOL_DEFINITION ( 'draft international standard', 'automotive_design', 1998, #88 ) ;
#2528 = EDGE_LOOP ( 'NONE', ( #1604, #878, #2274, #1151 ) ) ;
#2529 = AXIS2_PLACEMENT_3D ( 'NONE', #6, #1471, #2250 ) ;
#2530 = PLANE ( 'NONE',  #1833 ) ;
#2531 = CARTESIAN_POINT ( 'NONE',  ( 1.193799999999999972, 3.773992562110954907, 6.197977345069920041 ) ) ;
#2532 = CARTESIAN_POINT ( 'NONE',  ( -1.854200000000000070, 3.810000000000000053, 10.88390000000000057 ) ) ;
#2533 = FACE_OUTER_BOUND ( 'NONE', #98, .T. ) ;
#2534 = ADVANCED_FACE ( 'NONE', ( #560 ), #299, .F. ) ;
#2535 = VECTOR ( 'NONE', #216, 1000.000000000000000 ) ;
#2536 = ORIENTED_EDGE ( 'NONE', *, *, #588, .F. ) ;
#2537 = CARTESIAN_POINT ( 'NONE',  ( 1.193799999999999972, 3.810000000000000053, 9.791700000000000514 ) ) ;
#2538 = CARTESIAN_POINT ( 'NONE',  ( 1.446382564499610173E-16, 1.397000000000000020, 1.181100000000000039 ) ) ;
#2539 = FILL_AREA_STYLE ('',( #1207 ) ) ;
#2540 = ORIENTED_EDGE ( 'NONE', *, *, #826, .F. ) ;
#2541 = ORIENTED_EDGE ( 'NONE', *, *, #1370, .T. ) ;
#2542 = ORIENTED_EDGE ( 'NONE', *, *, #1008, .F. ) ;
#2543 = FILL_AREA_STYLE ('',( #623 ) ) ;
#2544 = DIRECTION ( 'NONE',  ( 0.000000000000000000, 0.9816271834476625324, 0.1908089953765524094 ) ) ;
#2545 = CARTESIAN_POINT ( 'NONE',  ( 0.4445000000000000062, -6.477000000000000313, 9.791700000000000514 ) ) ;
#2546 = LINE ( 'NONE', #1352, #2780 ) ;
#2547 = LINE ( 'NONE', #315, #1050 ) ;
#2548 =( NAMED_UNIT ( * ) PLANE_ANGLE_UNIT ( ) SI_UNIT ( $, .RADIAN. ) );
#2549 = DIRECTION ( 'NONE',  ( 0.000000000000000000, 0.000000000000000000, 1.000000000000000000 ) ) ;
#2550 = AXIS2_PLACEMENT_3D ( 'NONE', #276, #2544, #311 ) ;
#2551 = ORIENTED_EDGE ( 'NONE', *, *, #782, .T. ) ;
#2552 = DIRECTION ( 'NONE',  ( 1.000000000000000000, 0.000000000000000000, 0.000000000000000000 ) ) ;
#2553 = CARTESIAN_POINT ( 'NONE',  ( 0.09595948984263130699, 4.348507584542310234, 7.554698088927840338 ) ) ;
#2554 = DIRECTION ( 'NONE',  ( 1.000000000000000000, 0.000000000000000000, 0.000000000000000000 ) ) ;
#2555 = DIRECTION ( 'NONE',  ( 0.000000000000000000, 0.000000000000000000, 1.000000000000000000 ) ) ;
#2556 = ORIENTED_EDGE ( 'NONE', *, *, #302, .F. ) ;
#2557 = EDGE_LOOP ( 'NONE', ( #1928, #2279, #3037, #1845 ) ) ;
#2558 = EDGE_CURVE ( 'NONE', #1819, #93, #313, .T. ) ;
#2559 = ORIENTED_EDGE ( 'NONE', *, *, #2899, .T. ) ;
#2560 = VECTOR ( 'NONE', #1169, 1000.000000000000000 ) ;
#2561 = LINE ( 'NONE', #590, #382 ) ;
#2562 = FACE_OUTER_BOUND ( 'NONE', #895, .T. ) ;
#2563 = DIRECTION ( 'NONE',  ( 1.224646799147353207E-16, 0.000000000000000000, -1.000000000000000000 ) ) ;
#2564 = PRESENTATION_LAYER_ASSIGNMENT (  '', '', ( #2719 ) ) ;
#2565 = DIRECTION ( 'NONE',  ( 2.709451824002074729E-15, 0.9876883405951388806, -0.1564344650402234582 ) ) ;
#2566 =( GEOMETRIC_REPRESENTATION_CONTEXT ( 3 ) GLOBAL_UNCERTAINTY_ASSIGNED_CONTEXT ( ( #2012 ) ) GLOBAL_UNIT_ASSIGNED_CONTEXT ( ( #835, #2800, #2333 ) ) REPRESENTATION_CONTEXT ( 'NONE', 'WORKASPACE' ) );
#2567 = CIRCLE ( 'NONE', #801, 0.7620000000000000107 ) ;
#2568 = ORIENTED_EDGE ( 'NONE', *, *, #1693, .T. ) ;
#2569 =( LENGTH_UNIT ( ) NAMED_UNIT ( * ) SI_UNIT ( .MILLI., .METRE. ) );
#2570 = FILL_AREA_STYLE ('',( #3064 ) ) ;
#2571 = CARTESIAN_POINT ( 'NONE',  ( 0.5453441052272470779, 4.348507584542304905, 7.554698088927840338 ) ) ;
#2572 = AXIS2_PLACEMENT_3D ( 'NONE', #2771, #545, #1038 ) ;
#2573 = ORIENTED_EDGE ( 'NONE', *, *, #2949, .T. ) ;
#2574 = EDGE_CURVE ( 'NONE', #3053, #84, #1052, .T. ) ;
#2575 =( GEOMETRIC_REPRESENTATION_CONTEXT ( 3 ) GLOBAL_UNCERTAINTY_ASSIGNED_CONTEXT ( ( #96 ) ) GLOBAL_UNIT_ASSIGNED_CONTEXT ( ( #2893, #1144, #2660 ) ) REPRESENTATION_CONTEXT ( 'NONE', 'WORKASPACE' ) );
#2576 = DIRECTION ( 'NONE',  ( 0.000000000000000000, 1.000000000000000000, 0.000000000000000000 ) ) ;
#2577 = VERTEX_POINT ( 'NONE', #1037 ) ;
#2578 = DIRECTION ( 'NONE',  ( -5.787813545898870539E-16, 1.000000000000000000, 0.000000000000000000 ) ) ;
#2579 = FACE_BOUND ( 'NONE', #3098, .T. ) ;
#2581 =( NAMED_UNIT ( * ) SI_UNIT ( $, .STERADIAN. ) SOLID_ANGLE_UNIT ( ) );
#2580 = DIRECTION ( 'NONE',  ( 0.000000000000000000, 0.1908089953765519098, -0.9816271834476625324 ) ) ;
#2582 = CARTESIAN_POINT ( 'NONE',  ( -2.381249999999960121, -2.540000000000000036, -4.124445985523414571 ) ) ;
#2583 = COLOUR_RGB ( '',0.2941176470588235392, 0.2941176470588235392, 0.2941176470588235392 ) ;
#2584 = DIRECTION ( 'NONE',  ( 0.000000000000000000, 1.000000000000000000, 0.000000000000000000 ) ) ;
#2585 = SURFACE_STYLE_FILL_AREA ( #239 ) ;
#2586 = ORIENTED_EDGE ( 'NONE', *, *, #2263, .T. ) ;
#2587 = CARTESIAN_POINT ( 'NONE',  ( 0.000000000000000000, 1.397000000000000020, 0.000000000000000000 ) ) ;
#2588 = VERTEX_POINT ( 'NONE', #350 ) ;
#2589 = ORIENTED_EDGE ( 'NONE', *, *, #1832, .T. ) ;
#2590 = FACE_OUTER_BOUND ( 'NONE', #1731, .T. ) ;
#2591 = ORIENTED_EDGE ( 'NONE', *, *, #2076, .F. ) ;
#2592 = CARTESIAN_POINT ( 'NONE',  ( 4.762500000000000178, -2.540000000000000036, 0.7620000000000000107 ) ) ;
#2594 = DIRECTION ( 'NONE',  ( 0.000000000000000000, 0.000000000000000000, -1.000000000000000000 ) ) ;
#2593 = DIRECTION ( 'NONE',  ( -1.000000000000000000, 0.000000000000000000, 0.000000000000000000 ) ) ;
#2595 = LINE ( 'NONE', #1671, #1391 ) ;
#2596 = CARTESIAN_POINT ( 'NONE',  ( 0.09595948984263109882, 4.181551069634609874, 6.987681075522749197 ) ) ;
#2597 =( LENGTH_UNIT ( ) NAMED_UNIT ( * ) SI_UNIT ( .MILLI., .METRE. ) );
#2598 = EDGE_CURVE ( 'NONE', #2953, #715, #2546, .T. ) ;
#2599 = VERTEX_POINT ( 'NONE', #74 ) ;
#2600 = CARTESIAN_POINT ( 'NONE',  ( 1.193799999999999972, 1.397000000000000020, 6.197977345069920041 ) ) ;
#2601 = VECTOR ( 'NONE', #3000, 1000.000000000000000 ) ;
#2602 = VERTEX_POINT ( 'NONE', #808 ) ;
#2603 = UNCERTAINTY_MEASURE_WITH_UNIT (LENGTH_MEASURE( 1.000000000000000082E-05 ), #2446, 'distance_accuracy_value', 'NONE');
#2604 = ORIENTED_EDGE ( 'NONE', *, *, #2320, .F. ) ;
#2605 = VECTOR ( 'NONE', #3105, 1000.000000000000000 ) ;
#2606 = DIRECTION ( 'NONE',  ( 0.000000000000000000, -1.000000000000000000, 0.000000000000000000 ) ) ;
#2607 = ORIENTED_EDGE ( 'NONE', *, *, #1225, .F. ) ;
#2608 = EDGE_CURVE ( 'NONE', #2826, #133, #1338, .T. ) ;
#2609 = FILL_AREA_STYLE_COLOUR ( '', #530 ) ;
#2610 = LINE ( 'NONE', #1365, #1871 ) ;
#2611 = FILL_AREA_STYLE ('',( #1625 ) ) ;
#2612 = COLOUR_RGB ( '',0.2941176470588235392, 0.2941176470588235392, 0.2941176470588235392 ) ;
#2613 = DIRECTION ( 'NONE',  ( 0.000000000000000000, 1.000000000000000000, 0.000000000000000000 ) ) ;
#2614 = AXIS2_PLACEMENT_3D ( 'NONE', #828, #1998, #2987 ) ;
#2615 = EDGE_CURVE ( 'NONE', #1505, #2167, #92, .T. ) ;
#2616 = EDGE_CURVE ( 'NONE', #512, #1375, #2338, .T. ) ;
#2617 = VECTOR ( 'NONE', #920, 1000.000000000000000 ) ;
#2618 = ORIENTED_EDGE ( 'NONE', *, *, #630, .T. ) ;
#2619 = EDGE_CURVE ( 'NONE', #133, #2915, #3044, .T. ) ;
#2620 = DIRECTION ( 'NONE',  ( 0.000000000000000000, 1.000000000000000000, 0.000000000000000000 ) ) ;
#2621 = STYLED_ITEM ( 'NONE', ( #2640 ), #841 ) ;
#2622 = ORIENTED_EDGE ( 'NONE', *, *, #404, .T. ) ;
#2623 = CIRCLE ( 'NONE', #536, 0.7620000000000000107 ) ;
#2624 = ORIENTED_EDGE ( 'NONE', *, *, #2196, .T. ) ;
#2625 = CYLINDRICAL_SURFACE ( 'NONE', #1841, 0.7620000000000000107 ) ;
#2626 = EDGE_LOOP ( 'NONE', ( #307, #1668, #388, #783 ) ) ;
#2627 = CARTESIAN_POINT ( 'NONE',  ( -1.244599999999999929, 3.810000000000000053, 10.17269999999999897 ) ) ;
#2628 = SURFACE_STYLE_USAGE ( .BOTH. , #332 ) ;
#2629 = LINE ( 'NONE', #932, #3181 ) ;
#2630 = VECTOR ( 'NONE', #922, 999.9999999999998863 ) ;
#2631 = EDGE_CURVE ( 'NONE', #2791, #3047, #2802, .T. ) ;
#2632 = CIRCLE ( 'NONE', #1235, 7.531099999999999461 ) ;
#2633 = EDGE_LOOP ( 'NONE', ( #459, #2229, #3131, #1882 ) ) ;
#2634 = ORIENTED_EDGE ( 'NONE', *, *, #2449, .F. ) ;
#2635 = VERTEX_POINT ( 'NONE', #875 ) ;
#2636 = CARTESIAN_POINT ( 'NONE',  ( 1.244599999999999929, 3.810000000000000053, 9.791700000000000514 ) ) ;
#2637 = ORIENTED_EDGE ( 'NONE', *, *, #1229, .F. ) ;
#2638 = DIRECTION ( 'NONE',  ( 0.000000000000000000, 1.000000000000000000, 0.000000000000000000 ) ) ;
#2640 = PRESENTATION_STYLE_ASSIGNMENT (( #1089 ) ) ;
#2639 =( LENGTH_UNIT ( ) NAMED_UNIT ( * ) SI_UNIT ( .MILLI., .METRE. ) );
#2641 = FACE_OUTER_BOUND ( 'NONE', #2507, .T. ) ;
#2642 =( NAMED_UNIT ( * ) SI_UNIT ( $, .STERADIAN. ) SOLID_ANGLE_UNIT ( ) );
#2643 = CARTESIAN_POINT ( 'NONE',  ( -0.04080974092659969688, 4.343544974893959854, 8.010470340222120456 ) ) ;
#2644 =( GEOMETRIC_REPRESENTATION_CONTEXT ( 3 ) GLOBAL_UNCERTAINTY_ASSIGNED_CONTEXT ( ( #2359 ) ) GLOBAL_UNIT_ASSIGNED_CONTEXT ( ( #948, #492, #248 ) ) REPRESENTATION_CONTEXT ( 'NONE', 'WORKASPACE' ) );
#2645 = VERTEX_POINT ( 'NONE', #426 ) ;
#2646 = EDGE_CURVE ( 'NONE', #1139, #129, #1608, .T. ) ;
#2647 = CARTESIAN_POINT ( 'NONE',  ( -1.193799999999999972, 3.378200000000000092, 9.059727763149499680 ) ) ;
#2648 = ORIENTED_EDGE ( 'NONE', *, *, #21, .T. ) ;
#2649 = ORIENTED_EDGE ( 'NONE', *, *, #33, .T. ) ;
#2650 = CIRCLE ( 'NONE', #3008, 0.4445000000000000062 ) ;
#2651 = FILL_AREA_STYLE_COLOUR ( '', #2870 ) ;
#2652 = EDGE_CURVE ( 'NONE', #697, #928, #2212, .T. ) ;
#2653 = ORIENTED_EDGE ( 'NONE', *, *, #2945, .F. ) ;
#2654 = VECTOR ( 'NONE', #578, 1000.000000000000000 ) ;
#2655 = DIRECTION ( 'NONE',  ( 2.709451824002074729E-15, 0.9876883405951388806, -0.1564344650402234582 ) ) ;
#2657 = FILL_AREA_STYLE_COLOUR ( '', #2051 ) ;
#2656 = LINE ( 'NONE', #2157, #1126 ) ;
#2658 = EDGE_CURVE ( 'NONE', #1514, #2826, #1862, .T. ) ;
#2659 =( GEOMETRIC_REPRESENTATION_CONTEXT ( 3 ) GLOBAL_UNCERTAINTY_ASSIGNED_CONTEXT ( ( #1100 ) ) GLOBAL_UNIT_ASSIGNED_CONTEXT ( ( #1878, #3187, #264 ) ) REPRESENTATION_CONTEXT ( 'NONE', 'WORKASPACE' ) );
#2660 =( NAMED_UNIT ( * ) SI_UNIT ( $, .STERADIAN. ) SOLID_ANGLE_UNIT ( ) );
#2661 = CARTESIAN_POINT ( 'NONE',  ( 0.000000000000000000, 3.810000000000000053, 0.000000000000000000 ) ) ;
#2662 = AXIS2_PLACEMENT_3D ( 'NONE', #464, #952, #1945 ) ;
#2663 = ORIENTED_EDGE ( 'NONE', *, *, #730, .F. ) ;
#2664 = DIRECTION ( 'NONE',  ( 0.000000000000000000, -0.1564344650402234582, -0.9876883405951388806 ) ) ;
#2665 = DIRECTION ( 'NONE',  ( 0.000000000000000000, 1.000000000000000000, 0.000000000000000000 ) ) ;
#2666 = VECTOR ( 'NONE', #1872, 1000.000000000000114 ) ;
#2667 = ORIENTED_EDGE ( 'NONE', *, *, #2615, .T. ) ;
#2668 = SURFACE_SIDE_STYLE ('',( #2180 ) ) ;
#2669 = PRESENTATION_LAYER_ASSIGNMENT (  '', '', ( #2255 ) ) ;
#2670 = DIRECTION ( 'NONE',  ( 0.000000000000000000, -1.000000000000000000, 0.000000000000000000 ) ) ;
#2671 = ORIENTED_EDGE ( 'NONE', *, *, #86, .F. ) ;
#2672 = VECTOR ( 'NONE', #2201, 1000.000000000000000 ) ;
#2673 = ADVANCED_FACE ( 'NONE', ( #2641 ), #182, .T. ) ;
#2674 = FACE_OUTER_BOUND ( 'NONE', #2782, .T. ) ;
#2675 = CARTESIAN_POINT ( 'NONE',  ( 1.854200000000000070, 3.810000000000000053, 11.51890000000000036 ) ) ;
#2676 = ORIENTED_EDGE ( 'NONE', *, *, #2938, .F. ) ;
#2677 = CIRCLE ( 'NONE', #2000, 0.7620000000000000107 ) ;
#2678 = VECTOR ( 'NONE', #2387, 999.9999999999998863 ) ;
#2679 = VECTOR ( 'NONE', #2565, 1000.000000000000000 ) ;
#2680 = ORIENTED_EDGE ( 'NONE', *, *, #2019, .T. ) ;
#2681 = CARTESIAN_POINT ( 'NONE',  ( 0.000000000000000000, 0.000000000000000000, -0.4445000000000000062 ) ) ;
#2682 = EDGE_LOOP ( 'NONE', ( #1, #1772, #453, #144 ) ) ;
#2683 = DIRECTION ( 'NONE',  ( 0.000000000000000000, 0.000000000000000000, -1.000000000000000000 ) ) ;
#2684 =( NAMED_UNIT ( * ) SI_UNIT ( $, .STERADIAN. ) SOLID_ANGLE_UNIT ( ) );
#2685 = ORIENTED_EDGE ( 'NONE', *, *, #766, .T. ) ;
#2686 = AXIS2_PLACEMENT_3D ( 'NONE', #2496, #1499, #994 ) ;
#2688 = CARTESIAN_POINT ( 'NONE',  ( 1.193799999999999972, 4.184913584487254923, 8.792430572510230746 ) ) ;
#2687 =( NAMED_UNIT ( * ) SI_UNIT ( $, .STERADIAN. ) SOLID_ANGLE_UNIT ( ) );
#2689 = PLANE ( 'NONE',  #1688 ) ;
#2690 = ORIENTED_EDGE ( 'NONE', *, *, #2284, .F. ) ;
#2691 = DIRECTION ( 'NONE',  ( 0.000000000000000000, 0.000000000000000000, 1.000000000000000000 ) ) ;
#2692 = CARTESIAN_POINT ( 'NONE',  ( -1.193799999999999972, 2.767361338074914912, 0.007258257762572349614 ) ) ;
#2693 = FILL_AREA_STYLE ('',( #2443 ) ) ;
#2694 = CARTESIAN_POINT ( 'NONE',  ( -0.4445000000000000062, -2.514600000000000168, 9.791700000000000514 ) ) ;
#2695 = CARTESIAN_POINT ( 'NONE',  ( -1.193799999999999972, 3.810000000000000053, 6.425319360581459804 ) ) ;
#2696 = EDGE_CURVE ( 'NONE', #1652, #419, #959, .T. ) ;
#2697 = EDGE_LOOP ( 'NONE', ( #2260, #954, #2540, #2107 ) ) ;
#2698 = FACE_OUTER_BOUND ( 'NONE', #684, .T. ) ;
#2699 = LINE ( 'NONE', #1202, #643 ) ;
#2700 = ORIENTED_EDGE ( 'NONE', *, *, #3043, .T. ) ;
#2702 = FILL_AREA_STYLE_COLOUR ( '', #75 ) ;
#2701 =( NAMED_UNIT ( * ) PLANE_ANGLE_UNIT ( ) SI_UNIT ( $, .RADIAN. ) );
#2703 = PLANE ( 'NONE',  #907 ) ;
#2704 = PRESENTATION_LAYER_ASSIGNMENT (  '', '', ( #1824 ) ) ;
#2705 = CARTESIAN_POINT ( 'NONE',  ( -0.4901943563112149960, 4.327112163092960095, 7.419612714344899551 ) ) ;
#2706 = AXIS2_PLACEMENT_3D ( 'NONE', #2192, #1957, #2208 ) ;
#2707 = SURFACE_STYLE_USAGE ( .BOTH. , #520 ) ;
#2708 =( NAMED_UNIT ( * ) PLANE_ANGLE_UNIT ( ) SI_UNIT ( $, .RADIAN. ) );
#2709 = CYLINDRICAL_SURFACE ( 'NONE', #1661, 7.531099999999999461 ) ;
#2710 = EDGE_CURVE ( 'NONE', #3076, #1505, #627, .T. ) ;
#2711 = DIRECTION ( 'NONE',  ( 0.4999999999999990008, 0.7071067811865425767, -0.5000000000000079936 ) ) ;
#2712 = ADVANCED_FACE ( 'NONE', ( #671 ), #1892, .T. ) ;
#2713 = CARTESIAN_POINT ( 'NONE',  ( -0.4445000000000000062, -6.477000000000000313, 9.791700000000000514 ) ) ;
#2714 = AXIS2_PLACEMENT_3D ( 'NONE', #2647, #1713, #452 ) ;
#2715 = PRESENTATION_LAYER_ASSIGNMENT (  '', '', ( #2499 ) ) ;
#2716 = EDGE_CURVE ( 'NONE', #2973, #3017, #2595, .T. ) ;
#2717 = VERTEX_POINT ( 'NONE', #1385 ) ;
#2718 = DIRECTION ( 'NONE',  ( -6.031593736011497251E-17, 0.1564344650402244297, 0.9876883405951386585 ) ) ;
#2719 = STYLED_ITEM ( 'NONE', ( #289 ), #1642 ) ;
#2720 =( LENGTH_UNIT ( ) NAMED_UNIT ( * ) SI_UNIT ( .MILLI., .METRE. ) );
#2721 = MECHANICAL_DESIGN_GEOMETRIC_PRESENTATION_REPRESENTATION (  '', ( #169 ), #66 ) ;
#2722 = VERTEX_POINT ( 'NONE', #2117 ) ;
#2723 = CIRCLE ( 'NONE', #1325, 0.7619999999999996776 ) ;
#2724 = SURFACE_STYLE_USAGE ( .BOTH. , #2957 ) ;
#2725 = VECTOR ( 'NONE', #2436, 1000.000000000000000 ) ;
#2726 = DIRECTION ( 'NONE',  ( 0.000000000000000000, 0.000000000000000000, 1.000000000000000000 ) ) ;
#2727 = LINE ( 'NONE', #1494, #1432 ) ;
#2728 = DIRECTION ( 'NONE',  ( 0.000000000000000000, -0.1564344650402234582, -0.9876883405951388806 ) ) ;
#2729 = DIRECTION ( 'NONE',  ( -4.834249947226750240E-16, 0.000000000000000000, 1.000000000000000000 ) ) ;
#2730 = FILL_AREA_STYLE_COLOUR ( '', #1748 ) ;
#2731 = AXIS2_PLACEMENT_3D ( 'NONE', #1146, #1643, #1134 ) ;
#2732 = CARTESIAN_POINT ( 'NONE',  ( -2.381250000000000089, 0.000000000000000000, 4.886445985523380386 ) ) ;
#2733 = CARTESIAN_POINT ( 'NONE',  ( 1.854200000000000070, 0.000000000000000000, 9.791700000000000514 ) ) ;
#2734 = DIRECTION ( 'NONE',  ( 0.000000000000000000, -1.000000000000000000, 0.000000000000000000 ) ) ;
#2735 = CIRCLE ( 'NONE', #957, 0.6350000000000001199 ) ;
#2736 = VERTEX_POINT ( 'NONE', #1179 ) ;
#2737 = DIRECTION ( 'NONE',  ( 0.000000000000000000, 0.000000000000000000, -1.000000000000000000 ) ) ;
#2738 = DIRECTION ( 'NONE',  ( 2.709451824002074729E-15, 0.9876883405951388806, -0.1564344650402234582 ) ) ;
#2739 =( NAMED_UNIT ( * ) PLANE_ANGLE_UNIT ( ) SI_UNIT ( $, .RADIAN. ) );
#2740 = ORIENTED_EDGE ( 'NONE', *, *, #1624, .F. ) ;
#2741 =( GEOMETRIC_REPRESENTATION_CONTEXT ( 3 ) GLOBAL_UNCERTAINTY_ASSIGNED_CONTEXT ( ( #2148 ) ) GLOBAL_UNIT_ASSIGNED_CONTEXT ( ( #2639, #1426, #149 ) ) REPRESENTATION_CONTEXT ( 'NONE', 'WORKASPACE' ) );
#2742 = SURFACE_STYLE_FILL_AREA ( #1703 ) ;
#2743 = ORIENTED_EDGE ( 'NONE', *, *, #1445, .T. ) ;
#2744 = DIRECTION ( 'NONE',  ( 0.000000000000000000, -1.000000000000000000, 0.000000000000000000 ) ) ;
#2745 = PRESENTATION_STYLE_ASSIGNMENT (( #769 ) ) ;
#2746 = DIRECTION ( 'NONE',  ( 0.000000000000000000, 1.000000000000000000, 0.000000000000000000 ) ) ;
#2747 = DIRECTION ( 'NONE',  ( 0.000000000000000000, 1.000000000000000000, 0.000000000000000000 ) ) ;
#2748 = EDGE_CURVE ( 'NONE', #715, #1811, #1901, .T. ) ;
#2749 = ORIENTED_EDGE ( 'NONE', *, *, #2783, .T. ) ;
#2750 = CARTESIAN_POINT ( 'NONE',  ( -0.4445000000000000062, -6.477000000000000313, 10.17269999999999897 ) ) ;
#2751 = UNCERTAINTY_MEASURE_WITH_UNIT (LENGTH_MEASURE( 1.000000000000000082E-05 ), #1359, 'distance_accuracy_value', 'NONE');
#2752 = CARTESIAN_POINT ( 'NONE',  ( 1.854200000000000070, 3.810000000000000053, 10.88390000000000057 ) ) ;
#2753 = ORIENTED_EDGE ( 'NONE', *, *, #1181, .T. ) ;
#2754 = LINE ( 'NONE', #2018, #2878 ) ;
#2755 = ORIENTED_EDGE ( 'NONE', *, *, #2619, .T. ) ;
#2756 = SURFACE_STYLE_FILL_AREA ( #1765 ) ;
#2757 = ADVANCED_FACE ( 'NONE', ( #2848 ), #2173, .F. ) ;
#2758 = SURFACE_STYLE_FILL_AREA ( #3203 ) ;
#2759 = PLANE ( 'NONE',  #763 ) ;
#2760 = VECTOR ( 'NONE', #2554, 1000.000000000000000 ) ;
#2761 = VECTOR ( 'NONE', #2734, 1000.000000000000000 ) ;
#2762 = ORIENTED_EDGE ( 'NONE', *, *, #2658, .F. ) ;
#2763 = CARTESIAN_POINT ( 'NONE',  ( -2.381249999999960121, -2.540000000000000036, -4.886445985523409696 ) ) ;
#2764 = DIRECTION ( 'NONE',  ( -1.206815650011992016E-15, 0.000000000000000000, 1.000000000000000000 ) ) ;
#2765 = ORIENTED_EDGE ( 'NONE', *, *, #2196, .F. ) ;
#2766 = EDGE_CURVE ( 'NONE', #2364, #446, #2629, .T. ) ;
#2767 = ORIENTED_EDGE ( 'NONE', *, *, #977, .F. ) ;
#2768 = CIRCLE ( 'NONE', #2101, 1.181100000000000039 ) ;
#2769 = LINE ( 'NONE', #277, #2520 ) ;
#2770 =( GEOMETRIC_REPRESENTATION_CONTEXT ( 3 ) GLOBAL_UNCERTAINTY_ASSIGNED_CONTEXT ( ( #1292 ) ) GLOBAL_UNIT_ASSIGNED_CONTEXT ( ( #857, #1849, #2353 ) ) REPRESENTATION_CONTEXT ( 'NONE', 'WORKASPACE' ) );
#2771 = CARTESIAN_POINT ( 'NONE',  ( 0.000000000000000000, 1.905000000000000027, 1.925929944387234977E-31 ) ) ;
#2772 = AXIS2_PLACEMENT_3D ( 'NONE', #2185, #1704, #2233 ) ;
#2773 = ORIENTED_EDGE ( 'NONE', *, *, #880, .T. ) ;
#2774 = VECTOR ( 'NONE', #1234, 1000.000000000000000 ) ;
#2775 = DIRECTION ( 'NONE',  ( 0.000000000000000000, 0.000000000000000000, -1.000000000000000000 ) ) ;
#2776 = CARTESIAN_POINT ( 'NONE',  ( 4.762500000000000178, -1.778000000000000025, 0.7620000000000000107 ) ) ;
#2777 = SURFACE_STYLE_USAGE ( .BOTH. , #583 ) ;
#2778 = AXIS2_PLACEMENT_3D ( 'NONE', #3201, #1005, #197 ) ;
#2779 = CARTESIAN_POINT ( 'NONE',  ( 1.193799999999999972, 2.406732773752310095, 0.0009634627573477240296 ) ) ;
#2780 = VECTOR ( 'NONE', #1021, 1000.000000000000000 ) ;
#2781 = ORIENTED_EDGE ( 'NONE', *, *, #71, .T. ) ;
#2782 = EDGE_LOOP ( 'NONE', ( #1231, #586, #917, #2450 ) ) ;
#2783 = EDGE_CURVE ( 'NONE', #842, #266, #2144, .T. ) ;
#2784 = CARTESIAN_POINT ( 'NONE',  ( 0.000000000000000000, 2.667000000000000259, 0.000000000000000000 ) ) ;
#2785 = CYLINDRICAL_SURFACE ( 'NONE', #2550, 1.193800000000000416 ) ;
#2786 = CARTESIAN_POINT ( 'NONE',  ( -1.193799999999999972, 3.698044376626850038, 5.718459373932829770 ) ) ;
#2787 = DIRECTION ( 'NONE',  ( 0.000000000000000000, 1.000000000000000000, 0.000000000000000000 ) ) ;
#2788 = SURFACE_SIDE_STYLE ('',( #2585 ) ) ;
#2789 = AXIS2_PLACEMENT_3D ( 'NONE', #1972, #498, #2009 ) ;
#2790 = EDGE_CURVE ( 'NONE', #292, #1601, #1820, .T. ) ;
#2791 = VERTEX_POINT ( 'NONE', #1836 ) ;
#2792 = DIRECTION ( 'NONE',  ( 0.000000000000000000, 0.000000000000000000, 1.000000000000000000 ) ) ;
#2793 = EDGE_CURVE ( 'NONE', #2088, #1867, #2308, .T. ) ;
#2794 = FACE_OUTER_BOUND ( 'NONE', #1485, .T. ) ;
#2795 = DIRECTION ( 'NONE',  ( 2.709451824002074729E-15, 0.9876883405951388806, -0.1564344650402234582 ) ) ;
#2796 = CARTESIAN_POINT ( 'NONE',  ( -2.381250000000000089, -2.540000000000000036, 4.124445985523379932 ) ) ;
#2797 = ORIENTED_EDGE ( 'NONE', *, *, #1256, .F. ) ;
#2798 = ORIENTED_EDGE ( 'NONE', *, *, #2843, .F. ) ;
#2799 = ORIENTED_EDGE ( 'NONE', *, *, #1331, .T. ) ;
#2800 =( NAMED_UNIT ( * ) PLANE_ANGLE_UNIT ( ) SI_UNIT ( $, .RADIAN. ) );
#2801 = FILL_AREA_STYLE ('',( #1815 ) ) ;
#2802 = LINE ( 'NONE', #571, #3184 ) ;
#2803 = PRESENTATION_STYLE_ASSIGNMENT (( #1091 ) ) ;
#2804 = EDGE_CURVE ( 'NONE', #1466, #2722, #355, .T. ) ;
#2805 = CIRCLE ( 'NONE', #2140, 0.4317999999999999616 ) ;
#2806 = ORIENTED_EDGE ( 'NONE', *, *, #2416, .T. ) ;
#2807 = CARTESIAN_POINT ( 'NONE',  ( 0.4445000000000000062, -2.514600000000000168, 10.17269999999999897 ) ) ;
#2808 = CARTESIAN_POINT ( 'NONE',  ( 0.5453441052272459677, 4.273245732988954160, 7.566618395163899891 ) ) ;
#2809 = UNCERTAINTY_MEASURE_WITH_UNIT (LENGTH_MEASURE( 1.000000000000000082E-05 ), #2415, 'distance_accuracy_value', 'NONE');
#2810 = PRESENTATION_STYLE_ASSIGNMENT (( #1345 ) ) ;
#2811 = DIRECTION ( 'NONE',  ( 0.000000000000000000, 0.000000000000000000, -1.000000000000000000 ) ) ;
#2812 = ORIENTED_EDGE ( 'NONE', *, *, #1121, .F. ) ;
#2813 = ORIENTED_EDGE ( 'NONE', *, *, #543, .F. ) ;
#2814 = ORIENTED_EDGE ( 'NONE', *, *, #548, .T. ) ;
#2815 = AXIS2_PLACEMENT_3D ( 'NONE', #909, #429, #693 ) ;
#2816 = CARTESIAN_POINT ( 'NONE',  ( -1.193799999999999972, 3.773992562110954907, 6.197977345069920041 ) ) ;
#2817 = DIRECTION ( 'NONE',  ( 0.000000000000000000, 1.000000000000000000, 0.000000000000000000 ) ) ;
#2818 =( NAMED_UNIT ( * ) SI_UNIT ( $, .STERADIAN. ) SOLID_ANGLE_UNIT ( ) );
#2819 =( GEOMETRIC_REPRESENTATION_CONTEXT ( 3 ) GLOBAL_UNCERTAINTY_ASSIGNED_CONTEXT ( ( #1533 ) ) GLOBAL_UNIT_ASSIGNED_CONTEXT ( ( #378, #1381, #119 ) ) REPRESENTATION_CONTEXT ( 'NONE', 'WORKASPACE' ) );
#2820 = STYLED_ITEM ( 'NONE', ( #421 ), #819 ) ;
#2821 = ORIENTED_EDGE ( 'NONE', *, *, #3170, .T. ) ;
#2822 =( NAMED_UNIT ( * ) PLANE_ANGLE_UNIT ( ) SI_UNIT ( $, .RADIAN. ) );
#2823 = CARTESIAN_POINT ( 'NONE',  ( 1.446382564499610173E-16, -5.664200000000000124, 1.181100000000000039 ) ) ;
#2824 = CARTESIAN_POINT ( 'NONE',  ( 1.193799999999999972, 3.810000000000000053, 6.425319360581469574 ) ) ;
#2825 = EDGE_LOOP ( 'NONE', ( #2017, #1764, #2315, #631 ) ) ;
#2826 = VERTEX_POINT ( 'NONE', #339 ) ;
#2827 = LINE ( 'NONE', #376, #2105 ) ;
#2828 = ORIENTED_EDGE ( 'NONE', *, *, #436, .T. ) ;
#2829 = CARTESIAN_POINT ( 'NONE',  ( -5.325291879793939920, 1.397000000000000020, -5.325291879794080252 ) ) ;
#2830 = PLANE ( 'NONE',  #629 ) ;
#2831 = LINE ( 'NONE', #787, #914 ) ;
#2832 = ADVANCED_FACE ( 'NONE', ( #1063 ), #1322, .T. ) ;
#2833 = CARTESIAN_POINT ( 'NONE',  ( 1.193799999999999972, 2.406732773752310095, 0.0009634627573483311828 ) ) ;
#2834 = VECTOR ( 'NONE', #2593, 1000.000000000000000 ) ;
#2835 = DIRECTION ( 'NONE',  ( 0.000000000000000000, -1.000000000000000000, 0.000000000000000000 ) ) ;
#2836 = ORIENTED_EDGE ( 'NONE', *, *, #503, .F. ) ;
#2837 = SURFACE_SIDE_STYLE ('',( #1650 ) ) ;
#2838 = EDGE_CURVE ( 'NONE', #1505, #28, #1944, .T. ) ;
#2839 = ORIENTED_EDGE ( 'NONE', *, *, #2850, .T. ) ;
#2840 = ORIENTED_EDGE ( 'NONE', *, *, #448, .F. ) ;
#2841 = CARTESIAN_POINT ( 'NONE',  ( 0.4445000000000000062, -6.477000000000000313, 10.17269999999999897 ) ) ;
#2842 = ORIENTED_EDGE ( 'NONE', *, *, #1832, .F. ) ;
#2843 = EDGE_CURVE ( 'NONE', #824, #622, #650, .T. ) ;
#2844 = SURFACE_SIDE_STYLE ('',( #3068 ) ) ;
#2845 = EDGE_CURVE ( 'NONE', #419, #1726, #2677, .T. ) ;
#2847 = CARTESIAN_POINT ( 'NONE',  ( 4.762500000000000178, -1.778000000000000025, 0.000000000000000000 ) ) ;
#2846 = FILL_AREA_STYLE ('',( #1132 ) ) ;
#2848 = FACE_OUTER_BOUND ( 'NONE', #407, .T. ) ;
#2849 =( NAMED_UNIT ( * ) PLANE_ANGLE_UNIT ( ) SI_UNIT ( $, .RADIAN. ) );
#2850 = EDGE_CURVE ( 'NONE', #1251, #1967, #1059, .T. ) ;
#2851 = ORIENTED_EDGE ( 'NONE', *, *, #1027, .F. ) ;
#2852 = CARTESIAN_POINT ( 'NONE',  ( -1.193799999999999972, 4.557302341002480439, 8.872976298784479354 ) ) ;
#2853 = CIRCLE ( 'NONE', #572, 0.7619999999999996776 ) ;
#2854 = ORIENTED_EDGE ( 'NONE', *, *, #2146, .F. ) ;
#2855 = VERTEX_POINT ( 'NONE', #1317 ) ;
#2856 = AXIS2_PLACEMENT_3D ( 'NONE', #1026, #1301, #2029 ) ;
#2857 = DIRECTION ( 'NONE',  ( 0.000000000000000000, 1.000000000000000000, 0.000000000000000000 ) ) ;
#2858 = ORIENTED_EDGE ( 'NONE', *, *, #1818, .F. ) ;
#2859 = DIRECTION ( 'NONE',  ( 2.787599993534960045E-15, 0.000000000000000000, 1.000000000000000000 ) ) ;
#2861 = LINE ( 'NONE', #3089, #126 ) ;
#2860 = DIRECTION ( 'NONE',  ( 0.000000000000000000, 0.000000000000000000, -1.000000000000000000 ) ) ;
#2862 = EDGE_CURVE ( 'NONE', #2137, #596, #2303, .T. ) ;
#2863 = VECTOR ( 'NONE', #1417, 1000.000000000000000 ) ;
#2864 = CARTESIAN_POINT ( 'NONE',  ( 5.524499999999999744, -1.778000000000000025, 0.000000000000000000 ) ) ;
#2865 = FACE_OUTER_BOUND ( 'NONE', #371, .T. ) ;
#2866 = VECTOR ( 'NONE', #372, 1000.000000000000000 ) ;
#2867 = AXIS2_PLACEMENT_3D ( 'NONE', #2993, #2280, #2041 ) ;
#2868 = FACE_BOUND ( 'NONE', #1191, .T. ) ;
#2869 = CARTESIAN_POINT ( 'NONE',  ( 0.000000000000000000, 1.397000000000000020, 0.000000000000000000 ) ) ;
#2870 = COLOUR_RGB ( '',0.9882352941176471006, 1.000000000000000000, 0.9882352941176471006 ) ;
#2871 = UNCERTAINTY_MEASURE_WITH_UNIT (LENGTH_MEASURE( 1.000000000000000082E-05 ), #2379, 'distance_accuracy_value', 'NONE');
#2872 = ORIENTED_EDGE ( 'NONE', *, *, #683, .F. ) ;
#2873 = ORIENTED_EDGE ( 'NONE', *, *, #2716, .T. ) ;
#2874 = LINE ( 'NONE', #1348, #1740 ) ;
#2875 = CIRCLE ( 'NONE', #2572, 1.181100000000000039 ) ;
#2876 = ORIENTED_EDGE ( 'NONE', *, *, #2079, .F. ) ;
#2877 = DIRECTION ( 'NONE',  ( 1.000000000000000000, 0.000000000000000000, 0.000000000000000000 ) ) ;
#2878 = VECTOR ( 'NONE', #1523, 1000.000000000000000 ) ;
#2879 = DIRECTION ( 'NONE',  ( 0.000000000000000000, -1.000000000000000000, 0.000000000000000000 ) ) ;
#2880 = PRESENTATION_STYLE_ASSIGNMENT (( #2398 ) ) ;
#2881 = ORIENTED_EDGE ( 'NONE', *, *, #1411, .F. ) ;
#2882 = AXIS2_PLACEMENT_3D ( 'NONE', #1398, #367, #890 ) ;
#2883 = EDGE_CURVE ( 'NONE', #1995, #721, #2735, .T. ) ;
#2884 = ORIENTED_EDGE ( 'NONE', *, *, #1354, .T. ) ;
#2885 = EDGE_CURVE ( 'NONE', #3092, #3104, #2058, .T. ) ;
#2886 = LINE ( 'NONE', #1584, #218 ) ;
#2887 = ORIENTED_EDGE ( 'NONE', *, *, #2362, .T. ) ;
#2888 = EDGE_CURVE ( 'NONE', #326, #2152, #1116, .T. ) ;
#2889 = ORIENTED_EDGE ( 'NONE', *, *, #3195, .F. ) ;
#2890 = ORIENTED_EDGE ( 'NONE', *, *, #112, .T. ) ;
#2891 = CARTESIAN_POINT ( 'NONE',  ( -1.854200000000000070, 0.000000000000000000, 10.88390000000000057 ) ) ;
#2892 =( NAMED_UNIT ( * ) SI_UNIT ( $, .STERADIAN. ) SOLID_ANGLE_UNIT ( ) );
#2893 =( LENGTH_UNIT ( ) NAMED_UNIT ( * ) SI_UNIT ( .MILLI., .METRE. ) );
#2894 = DIRECTION ( 'NONE',  ( 0.000000000000000000, 0.000000000000000000, 1.000000000000000000 ) ) ;
#2895 = SURFACE_STYLE_USAGE ( .BOTH. , #1414 ) ;
#2896 = EDGE_LOOP ( 'NONE', ( #679, #2568, #2002, #987 ) ) ;
#2897 = DIRECTION ( 'NONE',  ( 2.019319466587198585E-16, -0.9816271834476624214, -0.1908089953765523816 ) ) ;
#2898 = CARTESIAN_POINT ( 'NONE',  ( -4.151299467742840205E-16, 2.665720660720559909, -0.4006297493004719601 ) ) ;
#2899 = EDGE_CURVE ( 'NONE', #947, #2936, #950, .T. ) ;
#2900 = ORIENTED_EDGE ( 'NONE', *, *, #1911, .T. ) ;
#2901 = DIRECTION ( 'NONE',  ( 1.138269997360132058E-15, 0.000000000000000000, 1.000000000000000000 ) ) ;
#2902 =( GEOMETRIC_REPRESENTATION_CONTEXT ( 3 ) GLOBAL_UNCERTAINTY_ASSIGNED_CONTEXT ( ( #467 ) ) GLOBAL_UNIT_ASSIGNED_CONTEXT ( ( #2569, #2822, #2306 ) ) REPRESENTATION_CONTEXT ( 'NONE', 'WORKASPACE' ) );
#2903 = ORIENTED_EDGE ( 'NONE', *, *, #2234, .T. ) ;
#2904 = PRESENTATION_LAYER_ASSIGNMENT (  '', '', ( #2032 ) ) ;
#2905 = DIRECTION ( 'NONE',  ( 0.000000000000000000, 0.000000000000000000, 1.000000000000000000 ) ) ;
#2906 =( GEOMETRIC_REPRESENTATION_CONTEXT ( 3 ) GLOBAL_UNCERTAINTY_ASSIGNED_CONTEXT ( ( #619 ) ) GLOBAL_UNIT_ASSIGNED_CONTEXT ( ( #712, #3185, #497 ) ) REPRESENTATION_CONTEXT ( 'NONE', 'WORKASPACE' ) );
#2908 = CARTESIAN_POINT ( 'NONE',  ( 0.5453441052272459677, 4.273245732988954160, 7.566618395163899891 ) ) ;
#2907 = DIRECTION ( 'NONE',  ( 0.000000000000000000, 1.000000000000000000, 0.000000000000000000 ) ) ;
#2909 = AXIS2_PLACEMENT_3D ( 'NONE', #463, #2227, #34 ) ;
#2910 =( NAMED_UNIT ( * ) PLANE_ANGLE_UNIT ( ) SI_UNIT ( $, .RADIAN. ) );
#2911 = EDGE_LOOP ( 'NONE', ( #57, #1728 ) ) ;
#2912 = DIRECTION ( 'NONE',  ( 0.000000000000000000, 0.000000000000000000, -1.000000000000000000 ) ) ;
#2913 = FACE_BOUND ( 'NONE', #1347, .T. ) ;
#2914 = VECTOR ( 'NONE', #414, 1000.000000000000227 ) ;
#2915 = VERTEX_POINT ( 'NONE', #2494 ) ;
#2916 = FACE_OUTER_BOUND ( 'NONE', #3109, .T. ) ;
#2917 = DIRECTION ( 'NONE',  ( -1.000000000000000000, 0.000000000000000000, 0.000000000000000000 ) ) ;
#2918 = CIRCLE ( 'NONE', #430, 0.6350000000000001199 ) ;
#2919 = ORIENTED_EDGE ( 'NONE', *, *, #49, .T. ) ;
#2920 = PRESENTATION_LAYER_ASSIGNMENT (  '', '', ( #2155 ) ) ;
#2921 = VECTOR ( 'NONE', #815, 1000.000000000000000 ) ;
#2922 = ORIENTED_EDGE ( 'NONE', *, *, #1804, .T. ) ;
#2923 = EDGE_CURVE ( 'NONE', #1514, #2915, #496, .T. ) ;
#2924 = FACE_OUTER_BOUND ( 'NONE', #491, .T. ) ;
#2925 = VERTEX_POINT ( 'NONE', #2225 ) ;
#2926 = PRESENTATION_STYLE_ASSIGNMENT (( #10 ) ) ;
#2927 = VECTOR ( 'NONE', #43, 1000.000000000000000 ) ;
#2928 = DIRECTION ( 'NONE',  ( 0.000000000000000000, -0.1564344650402234582, -0.9876883405951388806 ) ) ;
#2929 = ADVANCED_FACE ( 'NONE', ( #2444 ), #217, .F. ) ;
#2930 = FACE_OUTER_BOUND ( 'NONE', #2423, .T. ) ;
#2931 = VECTOR ( 'NONE', #2429, 1000.000000000000000 ) ;
#2932 = AXIS2_PLACEMENT_3D ( 'NONE', #3055, #837, #54 ) ;
#2933 = PLANE ( 'NONE',  #2909 ) ;
#2934 = LINE ( 'NONE', #1431, #2863 ) ;
#2935 = PRODUCT_DEFINITION_FORMATION_WITH_SPECIFIED_SOURCE ( 'ANY', '', #1940, .NOT_KNOWN. ) ;
#2936 = VERTEX_POINT ( 'NONE', #966 ) ;
#2937 = LINE ( 'NONE', #2986, #1771 ) ;
#2938 = EDGE_CURVE ( 'NONE', #2491, #2039, #1851, .T. ) ;
#2939 = CARTESIAN_POINT ( 'NONE',  ( 4.762500000000000178, 0.000000000000000000, 0.000000000000000000 ) ) ;
#2940 = VECTOR ( 'NONE', #2258, 1000.000000000000000 ) ;
#2941 =( LENGTH_UNIT ( ) NAMED_UNIT ( * ) SI_UNIT ( .MILLI., .METRE. ) );
#2942 = ADVANCED_FACE ( 'NONE', ( #2930 ), #1171, .F. ) ;
#2943 = ORIENTED_EDGE ( 'NONE', *, *, #1560, .T. ) ;
#2944 = FILL_AREA_STYLE_COLOUR ( '', #439 ) ;
#2945 = EDGE_CURVE ( 'NONE', #328, #308, #2831, .T. ) ;
#2946 = DIRECTION ( 'NONE',  ( -7.927237481614905427E-16, 0.1564344650402189063, 0.9876883405951396577 ) ) ;
#2947 =( NAMED_UNIT ( * ) PLANE_ANGLE_UNIT ( ) SI_UNIT ( $, .RADIAN. ) );
#2948 =( NAMED_UNIT ( * ) SI_UNIT ( $, .STERADIAN. ) SOLID_ANGLE_UNIT ( ) );
#2949 = EDGE_CURVE ( 'NONE', #633, #2826, #2062, .T. ) ;
#2950 = CARTESIAN_POINT ( 'NONE',  ( 0.000000000000000000, 1.397000000000000020, 0.000000000000000000 ) ) ;
#2951 = CARTESIAN_POINT ( 'NONE',  ( -3.792664387374230408E-16, 2.491381756127740044, -0.4345177994699565005 ) ) ;
#2952 = CARTESIAN_POINT ( 'NONE',  ( 1.193799999999999972, 4.032808866615609666, 5.561454830437099872 ) ) ;
#2953 = VERTEX_POINT ( 'NONE', #856 ) ;
#2954 = DIRECTION ( 'NONE',  ( -6.031593736011459040E-17, 0.1564344650402234582, 0.9876883405951388806 ) ) ;
#2955 = CARTESIAN_POINT ( 'NONE',  ( -1.193799999999999972, -2.514600000000000168, 9.791700000000000514 ) ) ;
#2956 = VERTEX_POINT ( 'NONE', #592 ) ;
#2957 = SURFACE_SIDE_STYLE ('',( #1472 ) ) ;
#2958 = FACE_OUTER_BOUND ( 'NONE', #2343, .T. ) ;
#2959 = EDGE_LOOP ( 'NONE', ( #2420, #2074, #2667, #1959, #1554, #361 ) ) ;
#2960 = VECTOR ( 'NONE', #2042, 1000.000000000000000 ) ;
#2961 = FILL_AREA_STYLE ('',( #2944 ) ) ;
#2962 = FACE_OUTER_BOUND ( 'NONE', #2202, .T. ) ;
#2963 = EDGE_CURVE ( 'NONE', #867, #1714, #1297, .T. ) ;
#2964 = DIRECTION ( 'NONE',  ( -1.000000000000000000, 0.000000000000000000, 0.000000000000000000 ) ) ;
#2965 = CYLINDRICAL_SURFACE ( 'NONE', #11, 0.7620000000000001217 ) ;
#2966 = CARTESIAN_POINT ( 'NONE',  ( -2.489199999999999857, 3.810000000000000053, 10.88390000000000057 ) ) ;
#2967 = VECTOR ( 'NONE', #1663, 1000.000000000000000 ) ;
#2968 = ORIENTED_EDGE ( 'NONE', *, *, #978, .F. ) ;
#2969 = LINE ( 'NONE', #747, #854 ) ;
#2970 = CARTESIAN_POINT ( 'NONE',  ( 1.244599999999999929, 0.000000000000000000, 9.791700000000000514 ) ) ;
#2971 = DIRECTION ( 'NONE',  ( 1.000000000000000000, 0.000000000000000000, 0.000000000000000000 ) ) ;
#2972 = AXIS2_PLACEMENT_3D ( 'NONE', #1034, #2005, #2744 ) ;
#2973 = VERTEX_POINT ( 'NONE', #836 ) ;
#2974 =( GEOMETRIC_REPRESENTATION_CONTEXT ( 3 ) GLOBAL_UNCERTAINTY_ASSIGNED_CONTEXT ( ( #1024 ) ) GLOBAL_UNIT_ASSIGNED_CONTEXT ( ( #1066, #97, #2087 ) ) REPRESENTATION_CONTEXT ( 'NONE', 'WORKASPACE' ) );
#2975 = MECHANICAL_DESIGN_GEOMETRIC_PRESENTATION_REPRESENTATION (  '', ( #2820 ), #125 ) ;
#2976 = VERTEX_POINT ( 'NONE', #1593 ) ;
#2977 =( NAMED_UNIT ( * ) SI_UNIT ( $, .STERADIAN. ) SOLID_ANGLE_UNIT ( ) );
#2978 = CARTESIAN_POINT ( 'NONE',  ( 0.000000000000000000, -5.664200000000000124, -8.673617379884030542E-16 ) ) ;
#2979 = COLOUR_RGB ( '',0.2941176470588235392, 0.2941176470588235392, 0.2941176470588235392 ) ;
#2980 = LINE ( 'NONE', #2733, #2940 ) ;
#2981 = CARTESIAN_POINT ( 'NONE',  ( 0.000000000000000000, 1.397000000000000020, -1.181100000000000039 ) ) ;
#2982 = VECTOR ( 'NONE', #82, 1000.000000000000114 ) ;
#2983 = CARTESIAN_POINT ( 'NONE',  ( 0.000000000000000000, 1.397000000000000020, 0.000000000000000000 ) ) ;
#2984 = ORIENTED_EDGE ( 'NONE', *, *, #404, .F. ) ;
#2985 = CARTESIAN_POINT ( 'NONE',  ( -0.04080974092659969688, 4.251850311539610239, 7.431533020580969762 ) ) ;
#2986 = CARTESIAN_POINT ( 'NONE',  ( 0.09595948984263130699, 4.256812921187960619, 6.975760769286689644 ) ) ;
#2987 = DIRECTION ( 'NONE',  ( 0.000000000000000000, 1.000000000000000000, 0.000000000000000000 ) ) ;
#2988 =( GEOMETRIC_REPRESENTATION_CONTEXT ( 3 ) GLOBAL_UNCERTAINTY_ASSIGNED_CONTEXT ( ( #1942 ) ) GLOBAL_UNIT_ASSIGNED_CONTEXT ( ( #1257, #960, #456 ) ) REPRESENTATION_CONTEXT ( 'NONE', 'WORKASPACE' ) );
#2989 = EDGE_CURVE ( 'NONE', #93, #1822, #1547, .T. ) ;
#2990 = VERTEX_POINT ( 'NONE', #2531 ) ;
#2991 = SURFACE_STYLE_FILL_AREA ( #2961 ) ;
#2992 = VECTOR ( 'NONE', #1769, 1000.000000000000000 ) ;
#2993 = CARTESIAN_POINT ( 'NONE',  ( 4.762500000000000178, -1.778000000000000025, 0.000000000000000000 ) ) ;
#2994 = DIRECTION ( 'NONE',  ( 0.000000000000000000, -1.000000000000000000, 0.000000000000000000 ) ) ;
#2995 = DIRECTION ( 'NONE',  ( 0.000000000000000000, 0.000000000000000000, 1.000000000000000000 ) ) ;
#2996 = DIRECTION ( 'NONE',  ( 2.709451824002074729E-15, 0.9876883405951388806, -0.1564344650402234582 ) ) ;
#2997 = DIRECTION ( 'NONE',  ( 0.000000000000000000, -0.1908089953765525759, 0.9816271834476624214 ) ) ;
#2998 = ORIENTED_EDGE ( 'NONE', *, *, #1308, .F. ) ;
#2999 = DIRECTION ( 'NONE',  ( 1.000000000000000000, -1.930109995523665315E-15, 0.000000000000000000 ) ) ;
#3000 = DIRECTION ( 'NONE',  ( 0.000000000000000000, 1.000000000000000000, 0.000000000000000000 ) ) ;
#3001 = ADVANCED_FACE ( 'NONE', ( #53 ), #1036, .F. ) ;
#3002 = FILL_AREA_STYLE ('',( #1566 ) ) ;
#3003 = LINE ( 'NONE', #322, #260 ) ;
#3004 = ORIENTED_EDGE ( 'NONE', *, *, #1857, .F. ) ;
#3005 = ORIENTED_EDGE ( 'NONE', *, *, #3177, .T. ) ;
#3006 = FACE_OUTER_BOUND ( 'NONE', #1502, .T. ) ;
#3007 = CARTESIAN_POINT ( 'NONE',  ( -1.193799999999999972, 4.557302341002480439, 8.872976298784479354 ) ) ;
#3008 = AXIS2_PLACEMENT_3D ( 'NONE', #1434, #379, #2683 ) ;
#3009 = DIRECTION ( 'NONE',  ( 2.709451824002074729E-15, 0.9876883405951388806, -0.1564344650402234582 ) ) ;
#3010 = VECTOR ( 'NONE', #2664, 1000.000000000000000 ) ;
#3011 = UNCERTAINTY_MEASURE_WITH_UNIT (LENGTH_MEASURE( 1.000000000000000082E-05 ), #1970, 'distance_accuracy_value', 'NONE');
#3012 = ORIENTED_EDGE ( 'NONE', *, *, #2949, .F. ) ;
#3013 = LINE ( 'NONE', #2245, #170 ) ;
#3014 = CARTESIAN_POINT ( 'NONE',  ( -2.881260653188180143, 3.810000000000000053, 6.958146610872010029 ) ) ;
#3015 = VECTOR ( 'NONE', #2470, 1000.000000000000000 ) ;
#3016 = DIRECTION ( 'NONE',  ( 1.000000000000000000, 0.000000000000000000, 0.000000000000000000 ) ) ;
#3017 = VERTEX_POINT ( 'NONE', #608 ) ;
#3018 = AXIS2_PLACEMENT_3D ( 'NONE', #1902, #2620, #3077 ) ;
#3019 = ORIENTED_EDGE ( 'NONE', *, *, #1649, .F. ) ;
#3020 = CIRCLE ( 'NONE', #1044, 1.193799999999999972 ) ;
#3021 = PLANE ( 'NONE',  #851 ) ;
#3022 = CARTESIAN_POINT ( 'NONE',  ( 0.000000000000000000, -5.664200000000000124, -0.4317999999999999616 ) ) ;
#3023 = EDGE_CURVE ( 'NONE', #2364, #2736, #2078, .T. ) ;
#3024 = LINE ( 'NONE', #2096, #2163 ) ;
#3025 =( GEOMETRIC_REPRESENTATION_CONTEXT ( 3 ) GLOBAL_UNCERTAINTY_ASSIGNED_CONTEXT ( ( #1651 ) ) GLOBAL_UNIT_ASSIGNED_CONTEXT ( ( #2720, #1950, #1962 ) ) REPRESENTATION_CONTEXT ( 'NONE', 'WORKASPACE' ) );
#3026 = DIRECTION ( 'NONE',  ( 0.000000000000000000, -1.000000000000000000, 0.000000000000000000 ) ) ;
#3027 = LINE ( 'NONE', #561, #2161 ) ;
#3028 = VECTOR ( 'NONE', #2458, 1000.000000000000000 ) ;
#3029 = EDGE_CURVE ( 'NONE', #2349, #343, #3024, .T. ) ;
#3030 = PRESENTATION_STYLE_ASSIGNMENT (( #1299 ) ) ;
#3031 = ORIENTED_EDGE ( 'NONE', *, *, #2277, .F. ) ;
#3032 = DIRECTION ( 'NONE',  ( 1.000000000000000000, -2.669017357425335314E-15, 4.685316577020169636E-16 ) ) ;
#3033 = DIRECTION ( 'NONE',  ( -0.000000000000000000, 1.000000000000000000, 0.000000000000000000 ) ) ;
#3034 = DIRECTION ( 'NONE',  ( 0.000000000000000000, -1.000000000000000000, 0.000000000000000000 ) ) ;
#3035 = CARTESIAN_POINT ( 'NONE',  ( 0.09595948984263109882, 4.251850311539610239, 7.431533020580969762 ) ) ;
#3036 = PRESENTATION_LAYER_ASSIGNMENT (  '', '', ( #1796 ) ) ;
#3037 = ORIENTED_EDGE ( 'NONE', *, *, #645, .F. ) ;
#3038 = ORIENTED_EDGE ( 'NONE', *, *, #112, .F. ) ;
#3039 = EDGE_CURVE ( 'NONE', #2577, #1139, #298, .T. ) ;
#3040 = PRODUCT_CONTEXT ( 'NONE', #88, 'mechanical' ) ;
#3041 = ORIENTED_EDGE ( 'NONE', *, *, #65, .T. ) ;
#3042 = SURFACE_SIDE_STYLE ('',( #3087 ) ) ;
#3043 = EDGE_CURVE ( 'NONE', #767, #563, #1006, .T. ) ;
#3044 = LINE ( 'NONE', #822, #547 ) ;
#3045 = EDGE_CURVE ( 'NONE', #1618, #45, #860, .T. ) ;
#3046 = AXIS2_PLACEMENT_3D ( 'NONE', #755, #1924, #709 ) ;
#3047 = VERTEX_POINT ( 'NONE', #2511 ) ;
#3048 = DIRECTION ( 'NONE',  ( 0.000000000000000000, 0.000000000000000000, -1.000000000000000000 ) ) ;
#3049 = DIRECTION ( 'NONE',  ( 0.000000000000000000, -0.9876883405951388806, 0.1564344650402234305 ) ) ;
#3050 = FACE_OUTER_BOUND ( 'NONE', #1031, .T. ) ;
#3051 = VERTEX_POINT ( 'NONE', #1848 ) ;
#3052 = ORIENTED_EDGE ( 'NONE', *, *, #341, .T. ) ;
#3053 = VERTEX_POINT ( 'NONE', #104 ) ;
#3054 = DIRECTION ( 'NONE',  ( 0.000000000000000000, -0.6593872012562607132, -0.7518035107788706428 ) ) ;
#3055 = CARTESIAN_POINT ( 'NONE',  ( 1.193799999999999972, 3.810000000000000053, 9.791700000000000514 ) ) ;
#3056 = CYLINDRICAL_SURFACE ( 'NONE', #752, 0.7619999999999996776 ) ;
#3057 = EDGE_CURVE ( 'NONE', #129, #2028, #2769, .T. ) ;
#3058 = AXIS2_PLACEMENT_3D ( 'NONE', #1467, #1252, #2473 ) ;
#3059 = AXIS2_PLACEMENT_3D ( 'NONE', #271, #39, #2764 ) ;
#3060 = ORIENTED_EDGE ( 'NONE', *, *, #302, .T. ) ;
#3061 = DIRECTION ( 'NONE',  ( 1.000000000000000000, 0.000000000000000000, 0.000000000000000000 ) ) ;
#3062 =( NAMED_UNIT ( * ) PLANE_ANGLE_UNIT ( ) SI_UNIT ( $, .RADIAN. ) );
#3063 = DIRECTION ( 'NONE',  ( 0.7071067811865391350, 0.000000000000000000, -0.7071067811865560104 ) ) ;
#3064 = FILL_AREA_STYLE_COLOUR ( '', #998 ) ;
#3065 = VERTEX_POINT ( 'NONE', #3007 ) ;
#3066 = VERTEX_POINT ( 'NONE', #1051 ) ;
#3067 = ORIENTED_EDGE ( 'NONE', *, *, #1506, .F. ) ;
#3068 = SURFACE_STYLE_FILL_AREA ( #89 ) ;
#3069 = DIRECTION ( 'NONE',  ( 0.000000000000000000, -1.000000000000000000, 0.000000000000000000 ) ) ;
#3071 = DIRECTION ( 'NONE',  ( 0.000000000000000000, 0.000000000000000000, -1.000000000000000000 ) ) ;
#3070 = CARTESIAN_POINT ( 'NONE',  ( -2.381250000000000089, -1.778000000000000025, 4.124445985523379932 ) ) ;
#3072 = PRESENTATION_STYLE_ASSIGNMENT (( #1298 ) ) ;
#3073 = AXIS2_PLACEMENT_3D ( 'NONE', #3158, #254, #1685 ) ;
#3074 = AXIS2_PLACEMENT_3D ( 'NONE', #1705, #3199, #1029 ) ;
#3075 = PRODUCT_DEFINITION ( 'UNKNOWN', '', #2935, #1458 ) ;
#3076 = VERTEX_POINT ( 'NONE', #2282 ) ;
#3077 = DIRECTION ( 'NONE',  ( 0.000000000000000000, 0.000000000000000000, 1.000000000000000000 ) ) ;
#3078 = PRESENTATION_LAYER_ASSIGNMENT (  '', '', ( #1897 ) ) ;
#3079 = EDGE_LOOP ( 'NONE', ( #2634, #2700, #1220, #359 ) ) ;
#3080 = UNCERTAINTY_MEASURE_WITH_UNIT (LENGTH_MEASURE( 1.000000000000000082E-05 ), #823, 'distance_accuracy_value', 'NONE');
#3081 = EDGE_LOOP ( 'NONE', ( #438, #303, #1289, #2151, #2812 ) ) ;
#3082 = STYLED_ITEM ( 'NONE', ( #737 ), #584 ) ;
#3083 = PRESENTATION_LAYER_ASSIGNMENT (  '', '', ( #1228 ) ) ;
#3084 = DIRECTION ( 'NONE',  ( 0.000000000000000000, 0.000000000000000000, -1.000000000000000000 ) ) ;
#3085 = EDGE_CURVE ( 'NONE', #1469, #1717, #1088, .T. ) ;
#3086 = ORIENTED_EDGE ( 'NONE', *, *, #2313, .F. ) ;
#3087 = SURFACE_STYLE_FILL_AREA ( #2543 ) ;
#3088 = CARTESIAN_POINT ( 'NONE',  ( -0.04080974092659949565, 4.327112163092960095, 7.419612714344899551 ) ) ;
#3089 = CARTESIAN_POINT ( 'NONE',  ( -0.04080974092659969688, 4.181551069634609874, 6.987681075522749197 ) ) ;
#3090 = COLOUR_RGB ( '',0.7921568627450980005, 0.8196078431372548767, 0.9333333333333333481 ) ;
#3091 = LINE ( 'NONE', #1673, #1486 ) ;
#3092 = VERTEX_POINT ( 'NONE', #1020 ) ;
#3093 = AXIS2_PLACEMENT_3D ( 'NONE', #757, #2515, #31 ) ;
#3094 = ORIENTED_EDGE ( 'NONE', *, *, #1370, .F. ) ;
#3095 = ORIENTED_EDGE ( 'NONE', *, *, #1286, .F. ) ;
#3096 = EDGE_CURVE ( 'NONE', #1590, #2198, #2022, .T. ) ;
#3097 = SURFACE_SIDE_STYLE ('',( #2348 ) ) ;
#3098 = EDGE_LOOP ( 'NONE', ( #1418, #833 ) ) ;
#3099 = CARTESIAN_POINT ( 'NONE',  ( 1.193799999999999972, 3.698044376626850038, 5.718459373932829770 ) ) ;
#3100 = SURFACE_STYLE_USAGE ( .BOTH. , #2668 ) ;
#3101 = SURFACE_SIDE_STYLE ('',( #657 ) ) ;
#3102 = CARTESIAN_POINT ( 'NONE',  ( -0.4901943563112149960, 4.273245732988959489, 7.566618395163899891 ) ) ;
#3103 = PLANE ( 'NONE',  #1168 ) ;
#3104 = VERTEX_POINT ( 'NONE', #312 ) ;
#3105 = DIRECTION ( 'NONE',  ( 1.000000000000000000, 0.000000000000000000, 3.742257525567495337E-15 ) ) ;
#3106 = FILL_AREA_STYLE_COLOUR ( '', #2040 ) ;
#3107 = AXIS2_PLACEMENT_3D ( 'NONE', #2950, #2584, #351 ) ;
#3108 = ORIENTED_EDGE ( 'NONE', *, *, #1074, .T. ) ;
#3109 = EDGE_LOOP ( 'NONE', ( #1596, #1016, #1349, #1102, #1548, #1136, #1099, #1327, #506, #613, #2214, #1363 ) ) ;
#3110 = VECTOR ( 'NONE', #2711, 1000.000000000000000 ) ;
#3111 = PRODUCT_RELATED_PRODUCT_CATEGORY ( 'part', '', ( #953 ) ) ;
#3112 =( NAMED_UNIT ( * ) PLANE_ANGLE_UNIT ( ) SI_UNIT ( $, .RADIAN. ) );
#3113 = ORIENTED_EDGE ( 'NONE', *, *, #645, .T. ) ;
#3114 = DIRECTION ( 'NONE',  ( -1.000000000000000000, 3.860219991047330630E-15, 0.000000000000000000 ) ) ;
#3116 = CARTESIAN_POINT ( 'NONE',  ( 0.4445000000000000062, -6.477000000000000313, 9.791700000000000514 ) ) ;
#3115 = CARTESIAN_POINT ( 'NONE',  ( -2.381249999999960121, -1.778000000000000025, -4.124445985523414571 ) ) ;
#3117 = DIRECTION ( 'NONE',  ( -1.000000000000000000, 0.000000000000000000, 2.787599993534960045E-15 ) ) ;
#3118 = CYLINDRICAL_SURFACE ( 'NONE', #2370, 0.6350000000000001199 ) ;
#3119 = ADVANCED_FACE ( 'NONE', ( #1312 ), #2298, .F. ) ;
#3120 = DIRECTION ( 'NONE',  ( 0.000000000000000000, -1.000000000000000000, -1.145909393315546027E-16 ) ) ;
#3121 = AXIS2_PLACEMENT_3D ( 'NONE', #2752, #514, #551 ) ;
#3122 = EDGE_CURVE ( 'NONE', #646, #2390, #1921, .T. ) ;
#3123 = STYLED_ITEM ( 'NONE', ( #2810 ), #2476 ) ;
#3124 = VERTEX_POINT ( 'NONE', #656 ) ;
#3125 = CARTESIAN_POINT ( 'NONE',  ( 5.325291879793939920, 1.397000000000000020, -5.325291879794070482 ) ) ;
#3126 = FILL_AREA_STYLE_COLOUR ( '', #1374 ) ;
#3127 = ORIENTED_EDGE ( 'NONE', *, *, #2652, .F. ) ;
#3128 = AXIS2_PLACEMENT_3D ( 'NONE', #2688, #457, #1452 ) ;
#3129 = ORIENTED_EDGE ( 'NONE', *, *, #1560, .F. ) ;
#3130 = VECTOR ( 'NONE', #3148, 1000.000000000000000 ) ;
#3131 = ORIENTED_EDGE ( 'NONE', *, *, #775, .F. ) ;
#3132 = LINE ( 'NONE', #178, #2508 ) ;
#3133 = PRESENTATION_STYLE_ASSIGNMENT (( #889 ) ) ;
#3134 = DIRECTION ( 'NONE',  ( 0.000000000000000000, -1.000000000000000000, 0.000000000000000000 ) ) ;
#3135 = LINE ( 'NONE', #908, #1336 ) ;
#3136 = CARTESIAN_POINT ( 'NONE',  ( -2.881260653188180143, 3.810000000000000053, 6.958146610872010029 ) ) ;
#3137 = EDGE_CURVE ( 'NONE', #1032, #1714, #903, .T. ) ;
#3138 = PRESENTATION_LAYER_ASSIGNMENT (  '', '', ( #1498 ) ) ;
#3139 = PLANE ( 'NONE',  #681 ) ;
#3140 = CARTESIAN_POINT ( 'NONE',  ( 1.193799999999999972, 3.698044376626850038, 5.718459373932829770 ) ) ;
#3141 = ORIENTED_EDGE ( 'NONE', *, *, #3152, .T. ) ;
#3142 = LINE ( 'NONE', #1448, #2725 ) ;
#3143 = VERTEX_POINT ( 'NONE', #1638 ) ;
#3144 = CARTESIAN_POINT ( 'NONE',  ( -0.04080974092659949565, 4.348507584542310234, 7.554698088927840338 ) ) ;
#3146 =( NAMED_UNIT ( * ) PLANE_ANGLE_UNIT ( ) SI_UNIT ( $, .RADIAN. ) );
#3145 = CARTESIAN_POINT ( 'NONE',  ( 1.193799999999999972, 3.227283930490484565, 5.181719571481609776 ) ) ;
#3147 = DIRECTION ( 'NONE',  ( 0.000000000000000000, 0.000000000000000000, -1.000000000000000000 ) ) ;
#3148 = DIRECTION ( 'NONE',  ( -1.000000000000000000, 0.000000000000000000, 2.787599993534960045E-15 ) ) ;
#3149 = AXIS2_PLACEMENT_3D ( 'NONE', #3163, #1708, #2691 ) ;
#3150 = ORIENTED_EDGE ( 'NONE', *, *, #2100, .F. ) ;
#3151 = CARTESIAN_POINT ( 'NONE',  ( -0.4445000000000000062, -6.477000000000000313, 10.17269999999999897 ) ) ;
#3152 = EDGE_CURVE ( 'NONE', #2855, #1469, #397, .T. ) ;
#3153 = ORIENTED_EDGE ( 'NONE', *, *, #630, .F. ) ;
#3154 = VECTOR ( 'NONE', #1847, 1000.000000000000000 ) ;
#3155 = CARTESIAN_POINT ( 'NONE',  ( -1.193799999999999972, 3.810000000000000053, 10.88390000000000057 ) ) ;
#3156 = ORIENTED_EDGE ( 'NONE', *, *, #1721, .T. ) ;
#3157 = ADVANCED_FACE ( 'NONE', ( #1622 ), #395, .T. ) ;
#3158 = CARTESIAN_POINT ( 'NONE',  ( 0.000000000000000000, 1.905000000000000027, 1.925929944387234977E-31 ) ) ;
#3159 =( NAMED_UNIT ( * ) PLANE_ANGLE_UNIT ( ) SI_UNIT ( $, .RADIAN. ) );
#3160 = PRESENTATION_LAYER_ASSIGNMENT (  '', '', ( #1926 ) ) ;
#3161 = FACE_OUTER_BOUND ( 'NONE', #2504, .T. ) ;
#3162 = ORIENTED_EDGE ( 'NONE', *, *, #3096, .F. ) ;
#3163 = CARTESIAN_POINT ( 'NONE',  ( 0.000000000000000000, 1.397000000000000020, 0.000000000000000000 ) ) ;
#3164 = CARTESIAN_POINT ( 'NONE',  ( -1.193799999999999972, 4.184913584487254923, 8.792430572510230746 ) ) ;
#3165 = CARTESIAN_POINT ( 'NONE',  ( -1.193799999999999972, 2.767361338074914912, 0.007258257762572139712 ) ) ;
#3166 = DIRECTION ( 'NONE',  ( -1.138269997360132058E-15, 0.000000000000000000, -1.000000000000000000 ) ) ;
#3167 = AXIS2_PLACEMENT_3D ( 'NONE', #460, #1674, #1163 ) ;
#3168 = SURFACE_SIDE_STYLE ('',( #2008 ) ) ;
#3169 = SURFACE_STYLE_FILL_AREA ( #1770 ) ;
#3170 = EDGE_CURVE ( 'NONE', #1258, #585, #2656, .T. ) ;
#3171 = CARTESIAN_POINT ( 'NONE',  ( -5.325291879793939920, 3.810000000000000053, -5.325291879794080252 ) ) ;
#3172 = VECTOR ( 'NONE', #3114, 1000.000000000000000 ) ;
#3173 = ORIENTED_EDGE ( 'NONE', *, *, #2923, .F. ) ;
#3174 = CARTESIAN_POINT ( 'NONE',  ( 0.09595948984263109882, 4.273245732988959489, 7.566618395163899891 ) ) ;
#3175 =( GEOMETRIC_REPRESENTATION_CONTEXT ( 3 ) GLOBAL_UNCERTAINTY_ASSIGNED_CONTEXT ( ( #2871 ) ) GLOBAL_UNIT_ASSIGNED_CONTEXT ( ( #2379, #3112, #2684 ) ) REPRESENTATION_CONTEXT ( 'NONE', 'WORKASPACE' ) );
#3176 = EDGE_CURVE ( 'NONE', #3124, #1652, #659, .T. ) ;
#3177 = EDGE_CURVE ( 'NONE', #1242, #2736, #1177, .T. ) ;
#3178 = VECTOR ( 'NONE', #1509, 1000.000000000000000 ) ;
#3179 = EDGE_CURVE ( 'NONE', #28, #2088, #2632, .T. ) ;
#3180 = EDGE_LOOP ( 'NONE', ( #2842, #2604, #1392, #85 ) ) ;
#3181 = VECTOR ( 'NONE', #152, 1000.000000000000000 ) ;
#3182 =( LENGTH_UNIT ( ) NAMED_UNIT ( * ) SI_UNIT ( .MILLI., .METRE. ) );
#3183 = VECTOR ( 'NONE', #1192, 1000.000000000000000 ) ;
#3184 = VECTOR ( 'NONE', #1075, 1000.000000000000000 ) ;
#3185 =( NAMED_UNIT ( * ) PLANE_ANGLE_UNIT ( ) SI_UNIT ( $, .RADIAN. ) );
#3186 = FACE_OUTER_BOUND ( 'NONE', #2339, .T. ) ;
#3187 =( NAMED_UNIT ( * ) PLANE_ANGLE_UNIT ( ) SI_UNIT ( $, .RADIAN. ) );
#3188 = CARTESIAN_POINT ( 'NONE',  ( -2.381250000000000089, 0.000000000000000000, 4.124445985523379932 ) ) ;
#3189 = MECHANICAL_DESIGN_GEOMETRIC_PRESENTATION_REPRESENTATION (  '', ( #1952 ), #2741 ) ;
#3190 = EDGE_LOOP ( 'NONE', ( #2057, #1083, #2840, #317 ) ) ;
#3191 = CARTESIAN_POINT ( 'NONE',  ( -1.193799999999999972, 0.000000000000000000, 9.791700000000000514 ) ) ;
#3192 = UNCERTAINTY_MEASURE_WITH_UNIT (LENGTH_MEASURE( 1.000000000000000082E-05 ), #2084, 'distance_accuracy_value', 'NONE');
#3193 = SURFACE_SIDE_STYLE ('',( #2216 ) ) ;
#3194 = ORIENTED_EDGE ( 'NONE', *, *, #1706, .T. ) ;
#3195 = EDGE_CURVE ( 'NONE', #2602, #2329, #26, .T. ) ;
#3196 = VECTOR ( 'NONE', #2996, 1000.000000000000000 ) ;
#3198 = SURFACE_STYLE_USAGE ( .BOTH. , #2172 ) ;
#3197 = DIRECTION ( 'NONE',  ( 1.214306433183764966E-16, -6.902532920683853297E-31, -0.9999999999999998890 ) ) ;
#3199 = DIRECTION ( 'NONE',  ( 2.709451824002072363E-15, 0.9876883405951389916, -0.1564344650402234582 ) ) ;
#3200 = ORIENTED_EDGE ( 'NONE', *, *, #782, .F. ) ;
#3201 = CARTESIAN_POINT ( 'NONE',  ( 0.000000000000000000, -5.664200000000000124, -0.4317999999999999616 ) ) ;
#3202 = DIRECTION ( 'NONE',  ( 0.000000000000000000, 0.000000000000000000, -1.000000000000000000 ) ) ;
#3203 = FILL_AREA_STYLE ('',( #1971 ) ) ;
#3204 = FILL_AREA_STYLE ('',( #2226 ) ) ;
#3205 = DIRECTION ( 'NONE',  ( -0.7071067811865560104, 0.000000000000000000, 0.7071067811865391350 ) ) ;
#3206 = NEXT_ASSEMBLY_USAGE_OCCURRENCE ( 'NAUO1', ' ', ' ', #3075, #2408, $ ) ;
ENDSEC;
END-ISO-10303-21;
