ISO-10303-21;
HEADER;
FILE_DESCRIPTION (( 'STEP AP214' ),
    '1' );
FILE_NAME ('RHH36.STEP',
    '2023-12-22T12:27:09',
    ( '' ),
    ( '' ),
    'SwSTEP 2.0',
    'SolidWorks 2021',
    '' );
FILE_SCHEMA (( 'AUTOMOTIVE_DESIGN' ));
ENDSEC;

DATA;
#1 = EDGE_CURVE ( 'NONE', #2224, #1180, #3589, .T. ) ;
#2 = EDGE_LOOP ( 'NONE', ( #7132, #8350, #10037, #9968 ) ) ;
#3 = FACE_OUTER_BOUND ( 'NONE', #649, .T. ) ;
#4 = ORIENTED_EDGE ( 'NONE', *, *, #9658, .T. ) ;
#5 = EDGE_CURVE ( 'NONE', #2493, #10665, #4707, .T. ) ;
#6 = VERTEX_POINT ( 'NONE', #874 ) ;
#7 = SURFACE_STYLE_FILL_AREA ( #1997 ) ;
#8 = CARTESIAN_POINT ( 'NONE',  ( 3.000000000000000888, 0.1999999999999999833, -1.879999999999999671 ) ) ;
#9 =( LENGTH_UNIT ( ) NAMED_UNIT ( * ) SI_UNIT ( .MILLI., .METRE. ) );
#10 = DIRECTION ( 'NONE',  ( -0.000000000000000000, -1.000000000000000000, -0.000000000000000000 ) ) ;
#11 = DIRECTION ( 'NONE',  ( -1.000000000000000000, 0.000000000000000000, -5.042800802258162337E-16 ) ) ;
#12 = LINE ( 'NONE', #7719, #10308 ) ;
#13 = DIRECTION ( 'NONE',  ( 0.000000000000000000, -1.000000000000000000, 0.000000000000000000 ) ) ;
#14 = LINE ( 'NONE', #1066, #10621 ) ;
#15 = ORIENTED_EDGE ( 'NONE', *, *, #5387, .T. ) ;
#16 = ORIENTED_EDGE ( 'NONE', *, *, #2342, .T. ) ;
#17 = ORIENTED_EDGE ( 'NONE', *, *, #4384, .T. ) ;
#18 = ORIENTED_EDGE ( 'NONE', *, *, #4010, .F. ) ;
#19 = PLANE ( 'NONE',  #5848 ) ;
#20 = ORIENTED_EDGE ( 'NONE', *, *, #5242, .T. ) ;
#21 = DIRECTION ( 'NONE',  ( 0.000000000000000000, -0.000000000000000000, 1.000000000000000000 ) ) ;
#22 = FACE_OUTER_BOUND ( 'NONE', #4620, .T. ) ;
#23 = DIRECTION ( 'NONE',  ( 0.000000000000000000, 0.000000000000000000, 1.000000000000000000 ) ) ;
#24 = DIRECTION ( 'NONE',  ( -0.000000000000000000, -0.000000000000000000, -1.000000000000000000 ) ) ;
#25 =( LENGTH_UNIT ( ) NAMED_UNIT ( * ) SI_UNIT ( .MILLI., .METRE. ) );
#26 = VECTOR ( 'NONE', #11949, 1000.000000000000000 ) ;
#27 = LINE ( 'NONE', #6709, #10218 ) ;
#28 = CARTESIAN_POINT ( 'NONE',  ( 2.570000000000000284, 0.1999999999999999833, 0.4999999999999995559 ) ) ;
#29 = VERTEX_POINT ( 'NONE', #10312 ) ;
#30 = VERTEX_POINT ( 'NONE', #12037 ) ;
#31 = ORIENTED_EDGE ( 'NONE', *, *, #1833, .F. ) ;
#32 = ORIENTED_EDGE ( 'NONE', *, *, #8117, .F. ) ;
#33 = ADVANCED_FACE ( 'NONE', ( #10123 ), #4638, .T. ) ;
#34 = AXIS2_PLACEMENT_3D ( 'NONE', #8829, #4204, #5182 ) ;
#35 = CARTESIAN_POINT ( 'NONE',  ( -1.379999999999999671, 0.2000000000000000111, 3.000000000000001776 ) ) ;
#36 = CARTESIAN_POINT ( 'NONE',  ( -1.879999999999999671, 0.8000833275471003203, 3.000000000000001776 ) ) ;
#37 = EDGE_CURVE ( 'NONE', #116, #755, #10622, .T. ) ;
#38 = DIRECTION ( 'NONE',  ( 0.000000000000000000, 0.000000000000000000, 1.000000000000000000 ) ) ;
#39 = PLANE ( 'NONE',  #3467 ) ;
#40 = DIRECTION ( 'NONE',  ( 0.000000000000000000, 0.000000000000000000, -1.000000000000000000 ) ) ;
#41 = VERTEX_POINT ( 'NONE', #5614 ) ;
#42 = CARTESIAN_POINT ( 'NONE',  ( 1.379999999999999671, 0.2000000000000005107, -3.000000000000001332 ) ) ;
#43 = ORIENTED_EDGE ( 'NONE', *, *, #7962, .T. ) ;
#44 = EDGE_CURVE ( 'NONE', #6813, #8870, #11112, .T. ) ;
#45 = DIRECTION ( 'NONE',  ( -0.000000000000000000, -1.000000000000000000, 0.000000000000000000 ) ) ;
#46 = EDGE_CURVE ( 'NONE', #8564, #6937, #5437, .T. ) ;
#47 = EDGE_LOOP ( 'NONE', ( #3590, #1585, #9113, #7627 ) ) ;
#48 = ADVANCED_FACE ( 'NONE', ( #1746 ), #2672, .T. ) ;
#49 = DIRECTION ( 'NONE',  ( 0.000000000000000000, 1.000000000000000000, 0.000000000000000000 ) ) ;
#50 = EDGE_CURVE ( 'NONE', #4447, #10612, #9267, .T. ) ;
#51 = ORIENTED_EDGE ( 'NONE', *, *, #8187, .F. ) ;
#52 = AXIS2_PLACEMENT_3D ( 'NONE', #7058, #11855, #8769 ) ;
#53 = DIRECTION ( 'NONE',  ( 0.000000000000000000, 1.000000000000000000, 0.000000000000000000 ) ) ;
#54 = ADVANCED_FACE ( 'NONE', ( #818 ), #11293, .T. ) ;
#55 = CARTESIAN_POINT ( 'NONE',  ( 3.000000000000000888, 0.8000833275471006534, 0.8800000000000001155 ) ) ;
#56 = DIRECTION ( 'NONE',  ( 0.000000000000000000, 0.000000000000000000, -1.000000000000000000 ) ) ;
#57 = DIRECTION ( 'NONE',  ( 0.000000000000000000, 0.000000000000000000, 1.000000000000000000 ) ) ;
#58 = DIRECTION ( 'NONE',  ( -1.445602896647338917E-16, 0.000000000000000000, -1.000000000000000000 ) ) ;
#59 = CIRCLE ( 'NONE', #2640, 0.2500000000000002220 ) ;
#60 = ORIENTED_EDGE ( 'NONE', *, *, #4384, .F. ) ;
#61 = SURFACE_STYLE_USAGE ( .BOTH. , #5676 ) ;
#62 = ORIENTED_EDGE ( 'NONE', *, *, #4279, .F. ) ;
#63 = ORIENTED_EDGE ( 'NONE', *, *, #11357, .F. ) ;
#64 = VECTOR ( 'NONE', #2460, 1000.000000000000000 ) ;
#65 = DIRECTION ( 'NONE',  ( -1.000000000000000000, 0.000000000000000000, 0.000000000000000000 ) ) ;
#66 = CARTESIAN_POINT ( 'NONE',  ( -0.8799999999999996714, 0.2000000000000000111, -2.570000000000001616 ) ) ;
#67 = LINE ( 'NONE', #8588, #9603 ) ;
#68 = CARTESIAN_POINT ( 'NONE',  ( 2.049999999999999822, 0.1999999999999996503, 2.049999999999999822 ) ) ;
#69 = CARTESIAN_POINT ( 'NONE',  ( -1.120000000000000329, 0.2000000000000005107, -3.000000000000001332 ) ) ;
#70 = LINE ( 'NONE', #1190, #10227 ) ;
#71 = ORIENTED_EDGE ( 'NONE', *, *, #4793, .T. ) ;
#72 = ORIENTED_EDGE ( 'NONE', *, *, #112, .T. ) ;
#73 = VECTOR ( 'NONE', #10598, 1000.000000000000000 ) ;
#74 = VERTEX_POINT ( 'NONE', #11983 ) ;
#75 = AXIS2_PLACEMENT_3D ( 'NONE', #10466, #2765, #9350 ) ;
#76 = ORIENTED_EDGE ( 'NONE', *, *, #2252, .T. ) ;
#77 = LINE ( 'NONE', #9460, #9586 ) ;
#78 = VERTEX_POINT ( 'NONE', #9383 ) ;
#79 = CARTESIAN_POINT ( 'NONE',  ( 2.570000000000001172, 0.1999999999999999833, 2.120000000000000551 ) ) ;
#80 = FACE_OUTER_BOUND ( 'NONE', #7162, .T. ) ;
#81 = LINE ( 'NONE', #3744, #1210 ) ;
#82 = ADVANCED_FACE ( 'NONE', ( #3 ), #7479, .T. ) ;
#83 = AXIS2_PLACEMENT_3D ( 'NONE', #8042, #10645, #11677 ) ;
#84 = DIRECTION ( 'NONE',  ( 0.000000000000000000, 1.000000000000000000, 0.000000000000000000 ) ) ;
#85 = VECTOR ( 'NONE', #7772, 1000.000000000000000 ) ;
#86 = LINE ( 'NONE', #6760, #4508 ) ;
#87 = LINE ( 'NONE', #1967, #6986 ) ;
#88 = EDGE_CURVE ( 'NONE', #8696, #116, #11235, .T. ) ;
#89 = ORIENTED_EDGE ( 'NONE', *, *, #4982, .F. ) ;
#90 = VECTOR ( 'NONE', #1390, 1000.000000000000000 ) ;
#91 = ORIENTED_EDGE ( 'NONE', *, *, #7149, .F. ) ;
#92 = VERTEX_POINT ( 'NONE', #756 ) ;
#93 = EDGE_CURVE ( 'NONE', #9983, #11592, #6615, .T. ) ;
#94 = ORIENTED_EDGE ( 'NONE', *, *, #6752, .T. ) ;
#95 = VECTOR ( 'NONE', #3764, 1000.000000000000000 ) ;
#96 = CARTESIAN_POINT ( 'NONE',  ( -2.000000000000000000, 0.2000000000000000111, -2.570000000000001616 ) ) ;
#97 = VECTOR ( 'NONE', #11332, 1000.000000000000000 ) ;
#98 = FACE_OUTER_BOUND ( 'NONE', #8476, .T. ) ;
#99 = VECTOR ( 'NONE', #11467, 1000.000000000000000 ) ;
#100 = DIRECTION ( 'NONE',  ( 0.000000000000000000, 0.000000000000000000, -1.000000000000000000 ) ) ;
#101 = CARTESIAN_POINT ( 'NONE',  ( -2.570000000000001172, 0.1999999999999999833, 0.1200000000000000927 ) ) ;
#102 = CARTESIAN_POINT ( 'NONE',  ( -1.379999999999999671, 0.000000000000000000, -2.570000000000001616 ) ) ;
#103 = DIRECTION ( 'NONE',  ( 0.000000000000000000, -0.000000000000000000, 1.000000000000000000 ) ) ;
#104 = VECTOR ( 'NONE', #7028, 1000.000000000000000 ) ;
#105 = FACE_OUTER_BOUND ( 'NONE', #8957, .T. ) ;
#106 = ORIENTED_EDGE ( 'NONE', *, *, #1325, .T. ) ;
#107 = ORIENTED_EDGE ( 'NONE', *, *, #2370, .F. ) ;
#108 = VECTOR ( 'NONE', #7679, 1000.000000000000000 ) ;
#109 = VECTOR ( 'NONE', #6440, 1000.000000000000000 ) ;
#110 = ADVANCED_FACE ( 'NONE', ( #1864 ), #8395, .T. ) ;
#111 = EDGE_CURVE ( 'NONE', #4837, #10905, #8050, .T. ) ;
#112 = EDGE_CURVE ( 'NONE', #11020, #3900, #7858, .T. ) ;
#113 = CARTESIAN_POINT ( 'NONE',  ( -1.619999999999999440, 0.04999999999999969746, 3.000000000000001776 ) ) ;
#114 = ORIENTED_EDGE ( 'NONE', *, *, #3070, .T. ) ;
#115 = DIRECTION ( 'NONE',  ( 0.000000000000000000, 1.000000000000000000, 0.000000000000000000 ) ) ;
#116 = VERTEX_POINT ( 'NONE', #186 ) ;
#117 = CARTESIAN_POINT ( 'NONE',  ( 1.120000000000000329, 0.8000833275471003203, 3.000000000000001776 ) ) ;
#118 = AXIS2_PLACEMENT_3D ( 'NONE', #2679, #2439, #7243 ) ;
#119 = LINE ( 'NONE', #55, #1838 ) ;
#120 = CARTESIAN_POINT ( 'NONE',  ( -2.000000000000000000, 0.2000000000000000111, -2.570000000000001616 ) ) ;
#121 = EDGE_CURVE ( 'NONE', #7685, #7267, #4884, .T. ) ;
#122 = CARTESIAN_POINT ( 'NONE',  ( 2.570000000000001172, 0.1999999999999999833, -1.620000000000000329 ) ) ;
#123 = DIRECTION ( 'NONE',  ( 0.000000000000000000, -0.000000000000000000, 1.000000000000000000 ) ) ;
#124 = EDGE_CURVE ( 'NONE', #9574, #4724, #8694, .T. ) ;
#125 = DIRECTION ( 'NONE',  ( 0.000000000000000000, -0.000000000000000000, -1.000000000000000000 ) ) ;
#126 = STYLED_ITEM ( 'NONE', ( #9789 ), #9913 ) ;
#127 = AXIS2_PLACEMENT_3D ( 'NONE', #1621, #8960, #6311 ) ;
#128 = ORIENTED_EDGE ( 'NONE', *, *, #9861, .F. ) ;
#129 = ORIENTED_EDGE ( 'NONE', *, *, #11744, .T. ) ;
#130 =( NAMED_UNIT ( * ) SI_UNIT ( $, .STERADIAN. ) SOLID_ANGLE_UNIT ( ) );
#131 = LINE ( 'NONE', #9503, #6257 ) ;
#132 = DIRECTION ( 'NONE',  ( 0.000000000000000000, 0.000000000000000000, 1.000000000000000000 ) ) ;
#133 = DIRECTION ( 'NONE',  ( 0.000000000000000000, 0.000000000000000000, -1.000000000000000000 ) ) ;
#134 = LINE ( 'NONE', #4892, #3612 ) ;
#135 = AXIS2_PLACEMENT_3D ( 'NONE', #10276, #8235, #12009 ) ;
#136 = FACE_OUTER_BOUND ( 'NONE', #6965, .T. ) ;
#137 = VECTOR ( 'NONE', #8169, 1000.000000000000000 ) ;
#138 = CARTESIAN_POINT ( 'NONE',  ( 0.5000000000000000000, 0.2000000000000000111, -2.570000000000001616 ) ) ;
#139 = EDGE_LOOP ( 'NONE', ( #4181, #7227, #7307, #7791 ) ) ;
#140 = EDGE_LOOP ( 'NONE', ( #10971, #8225, #1015, #1968, #533 ) ) ;
#141 = ORIENTED_EDGE ( 'NONE', *, *, #5694, .F. ) ;
#142 = ORIENTED_EDGE ( 'NONE', *, *, #6570, .F. ) ;
#143 = DIRECTION ( 'NONE',  ( 1.000000000000000000, -0.000000000000000000, 5.042800802258162337E-16 ) ) ;
#144 = VECTOR ( 'NONE', #4165, 1000.000000000000000 ) ;
#145 = ORIENTED_EDGE ( 'NONE', *, *, #9023, .T. ) ;
#146 = CARTESIAN_POINT ( 'NONE',  ( -3.000000000000000888, 0.8000833275471006534, 0.3800000000000001155 ) ) ;
#147 = DIRECTION ( 'NONE',  ( 1.000000000000000000, -0.000000000000000000, -0.000000000000000000 ) ) ;
#148 = CARTESIAN_POINT ( 'NONE',  ( 1.620000000000000329, 0.1999999999999999833, -2.570000000000001616 ) ) ;
#149 = DIRECTION ( 'NONE',  ( 0.000000000000000000, 0.000000000000000000, -1.000000000000000000 ) ) ;
#150 = CYLINDRICAL_SURFACE ( 'NONE', #4114, 0.1199999999999998845 ) ;
#151 = LINE ( 'NONE', #6892, #4419 ) ;
#152 = AXIS2_PLACEMENT_3D ( 'NONE', #236, #6921, #6117 ) ;
#153 = ORIENTED_EDGE ( 'NONE', *, *, #8686, .T. ) ;
#154 = ORIENTED_EDGE ( 'NONE', *, *, #11693, .T. ) ;
#155 = VERTEX_POINT ( 'NONE', #3836 ) ;
#156 = EDGE_CURVE ( 'NONE', #10358, #11438, #1954, .T. ) ;
#157 = VERTEX_POINT ( 'NONE', #2919 ) ;
#158 = EDGE_CURVE ( 'NONE', #620, #9351, #5735, .T. ) ;
#159 = DIRECTION ( 'NONE',  ( 0.000000000000000000, 0.000000000000000000, 1.000000000000000000 ) ) ;
#160 = EDGE_CURVE ( 'NONE', #1410, #4130, #8638, .T. ) ;
#161 = CIRCLE ( 'NONE', #3131, 0.1199999999999998845 ) ;
#162 =( NAMED_UNIT ( * ) PLANE_ANGLE_UNIT ( ) SI_UNIT ( $, .RADIAN. ) );
#163 = CIRCLE ( 'NONE', #5882, 0.1199999999999998845 ) ;
#164 = CARTESIAN_POINT ( 'NONE',  ( 0.000000000000000000, 0.1999999999999999833, 2.570000000000001616 ) ) ;
#165 = FILL_AREA_STYLE ('',( #8618 ) ) ;
#166 = DIRECTION ( 'NONE',  ( -1.000000000000000000, 0.000000000000000000, -0.000000000000000000 ) ) ;
#167 = DIRECTION ( 'NONE',  ( -0.000000000000000000, -1.000000000000000000, -0.000000000000000000 ) ) ;
#168 = PLANE ( 'NONE',  #1861 ) ;
#169 = ORIENTED_EDGE ( 'NONE', *, *, #6535, .T. ) ;
#170 = VERTEX_POINT ( 'NONE', #4999 ) ;
#171 = VECTOR ( 'NONE', #3604, 1000.000000000000000 ) ;
#172 = VECTOR ( 'NONE', #1920, 1000.000000000000000 ) ;
#173 = LINE ( 'NONE', #7641, #10630 ) ;
#174 = ORIENTED_EDGE ( 'NONE', *, *, #8176, .T. ) ;
#175 = CARTESIAN_POINT ( 'NONE',  ( 3.000000000000000888, 0.000000000000000000, 1.120000000000000329 ) ) ;
#176 = ORIENTED_EDGE ( 'NONE', *, *, #8146, .F. ) ;
#177 = CARTESIAN_POINT ( 'NONE',  ( -2.000000000000000000, 0.2000000000000000111, -2.570000000000001616 ) ) ;
#178 = DIRECTION ( 'NONE',  ( -1.008560160451631481E-15, 0.000000000000000000, -1.000000000000000000 ) ) ;
#179 = AXIS2_PLACEMENT_3D ( 'NONE', #10031, #10146, #6387 ) ;
#180 = CARTESIAN_POINT ( 'NONE',  ( 3.000000000000000888, 0.1999999999999999833, -1.879999999999999671 ) ) ;
#181 = CARTESIAN_POINT ( 'NONE',  ( 2.570000000000001172, 0.8000833275471006534, -0.1200000000000003147 ) ) ;
#182 = DIRECTION ( 'NONE',  ( 0.000000000000000000, -1.000000000000000000, 0.000000000000000000 ) ) ;
#183 = DIRECTION ( 'NONE',  ( -1.000000000000000000, 0.000000000000000000, 0.000000000000000000 ) ) ;
#184 = EDGE_CURVE ( 'NONE', #1218, #8287, #7712, .T. ) ;
#185 = VECTOR ( 'NONE', #9153, 1000.000000000000000 ) ;
#186 = CARTESIAN_POINT ( 'NONE',  ( 2.570000000000001172, 0.1999999999999999833, -2.120000000000000551 ) ) ;
#187 = ORIENTED_EDGE ( 'NONE', *, *, #8558, .F. ) ;
#188 = EDGE_CURVE ( 'NONE', #9513, #9885, #11472, .T. ) ;
#189 = ORIENTED_EDGE ( 'NONE', *, *, #214, .T. ) ;
#190 = ADVANCED_FACE ( 'NONE', ( #8758 ), #3101, .F. ) ;
#191 = CYLINDRICAL_SURFACE ( 'NONE', #10144, 0.1199999999999998845 ) ;
#192 = CARTESIAN_POINT ( 'NONE',  ( -1.619999999999999440, 0.2000000000000000111, 3.000000000000001776 ) ) ;
#193 = DIRECTION ( 'NONE',  ( -0.000000000000000000, -1.000000000000000000, -0.000000000000000000 ) ) ;
#194 = CARTESIAN_POINT ( 'NONE',  ( 9.480465508245352884E-16, 0.05000000000000000278, -1.880000000000001226 ) ) ;
#195 = FACE_OUTER_BOUND ( 'NONE', #1592, .T. ) ;
#196 = EDGE_LOOP ( 'NONE', ( #5709, #1451, #574, #4407 ) ) ;
#197 = ORIENTED_EDGE ( 'NONE', *, *, #10376, .F. ) ;
#198 = ORIENTED_EDGE ( 'NONE', *, *, #1442, .T. ) ;
#199 = VERTEX_POINT ( 'NONE', #4821 ) ;
#200 = ORIENTED_EDGE ( 'NONE', *, *, #610, .F. ) ;
#201 = CARTESIAN_POINT ( 'NONE',  ( 0.000000000000000000, 0.8000833275471003203, 2.450000000000001510 ) ) ;
#202 = EDGE_LOOP ( 'NONE', ( #11737, #5540, #2808, #8452 ) ) ;
#203 = EDGE_CURVE ( 'NONE', #116, #12170, #10438, .T. ) ;
#204 = CARTESIAN_POINT ( 'NONE',  ( 2.999999999999999112, 0.9999999999999991118, 2.999999999999998224 ) ) ;
#205 = DIRECTION ( 'NONE',  ( 0.000000000000000000, 0.000000000000000000, -1.000000000000000000 ) ) ;
#206 = CARTESIAN_POINT ( 'NONE',  ( -2.570000000000001172, 0.1999999999999999833, 1.620000000000000107 ) ) ;
#207 = CARTESIAN_POINT ( 'NONE',  ( 1.500000000000000000, 0.000000000000000000, 2.450000000000001510 ) ) ;
#208 = FACE_OUTER_BOUND ( 'NONE', #7495, .T. ) ;
#209 = CARTESIAN_POINT ( 'NONE',  ( -3.000000000000000888, 0.8000833275471006534, 0.3800000000000001155 ) ) ;
#210 = ORIENTED_EDGE ( 'NONE', *, *, #6272, .F. ) ;
#211 = ORIENTED_EDGE ( 'NONE', *, *, #2145, .F. ) ;
#212 = VERTEX_POINT ( 'NONE', #1994 ) ;
#213 = ORIENTED_EDGE ( 'NONE', *, *, #9976, .F. ) ;
#214 = EDGE_CURVE ( 'NONE', #11376, #11003, #5866, .T. ) ;
#215 = DIRECTION ( 'NONE',  ( 0.000000000000000000, 0.000000000000000000, -1.000000000000000000 ) ) ;
#216 = VECTOR ( 'NONE', #8234, 1000.000000000000000 ) ;
#217 = PLANE ( 'NONE',  #11718 ) ;
#218 = DIRECTION ( 'NONE',  ( 0.000000000000000000, 0.000000000000000000, -1.000000000000000000 ) ) ;
#219 = CARTESIAN_POINT ( 'NONE',  ( -3.000000000000000888, 0.05000000000000000278, 2.999999999999999112 ) ) ;
#220 = FACE_OUTER_BOUND ( 'NONE', #2286, .T. ) ;
#221 = EDGE_CURVE ( 'NONE', #6654, #6177, #163, .T. ) ;
#222 = FACE_OUTER_BOUND ( 'NONE', #5940, .T. ) ;
#223 = ORIENTED_EDGE ( 'NONE', *, *, #7105, .F. ) ;
#224 = VERTEX_POINT ( 'NONE', #2182 ) ;
#225 = EDGE_CURVE ( 'NONE', #6396, #7333, #1179, .T. ) ;
#226 = ADVANCED_FACE ( 'NONE', ( #9498 ), #4019, .T. ) ;
#227 = AXIS2_PLACEMENT_3D ( 'NONE', #1963, #4845, #2015 ) ;
#228 = CARTESIAN_POINT ( 'NONE',  ( -3.000000000000000888, 0.1999999999999999833, -0.1199999999999998845 ) ) ;
#229 = VERTEX_POINT ( 'NONE', #11418 ) ;
#230 = DIRECTION ( 'NONE',  ( 0.000000000000000000, -0.000000000000000000, 1.000000000000000000 ) ) ;
#231 = ORIENTED_EDGE ( 'NONE', *, *, #12122, .F. ) ;
#232 = CARTESIAN_POINT ( 'NONE',  ( 1.380000000000000560, 0.8000833275471003203, -3.000000000000001776 ) ) ;
#233 = CARTESIAN_POINT ( 'NONE',  ( 0.000000000000000000, 0.05000000000000000278, 0.8800000000000001155 ) ) ;
#234 = CARTESIAN_POINT ( 'NONE',  ( -2.570000000000001172, 0.000000000000000000, 1.500000000000000000 ) ) ;
#235 = LINE ( 'NONE', #6974, #1687 ) ;
#236 = CARTESIAN_POINT ( 'NONE',  ( 0.5000000000000000000, 0.04999999999999999584, 2.570000000000001616 ) ) ;
#237 = CARTESIAN_POINT ( 'NONE',  ( -2.000000000000000000, 0.1999999999999999833, -2.570000000000001616 ) ) ;
#238 = FACE_OUTER_BOUND ( 'NONE', #1193, .T. ) ;
#239 = ADVANCED_FACE ( 'NONE', ( #3166 ), #6867, .T. ) ;
#240 = MANIFOLD_SOLID_BREP ( 'LPattern3[10]', #1553 ) ;
#241 = DIRECTION ( 'NONE',  ( 0.000000000000000000, 0.000000000000000000, 1.000000000000000000 ) ) ;
#242 = VECTOR ( 'NONE', #3758, 1000.000000000000000 ) ;
#243 = VERTEX_POINT ( 'NONE', #5984 ) ;
#244 = ORIENTED_EDGE ( 'NONE', *, *, #6480, .F. ) ;
#245 = FILL_AREA_STYLE ('',( #6061 ) ) ;
#246 = FILL_AREA_STYLE ('',( #10750 ) ) ;
#247 = CARTESIAN_POINT ( 'NONE',  ( -3.000000000000000888, 0.1999999999999999833, -1.879999999999999671 ) ) ;
#248 = DIRECTION ( 'NONE',  ( 0.000000000000000000, 0.000000000000000000, 1.000000000000000000 ) ) ;
#249 = LINE ( 'NONE', #68, #2041 ) ;
#250 = VECTOR ( 'NONE', #12075, 1000.000000000000000 ) ;
#251 = FACE_OUTER_BOUND ( 'NONE', #3155, .T. ) ;
#252 = ORIENTED_EDGE ( 'NONE', *, *, #10038, .T. ) ;
#253 = EDGE_LOOP ( 'NONE', ( #7713, #4054, #11774, #6533 ) ) ;
#254 = ORIENTED_EDGE ( 'NONE', *, *, #8501, .F. ) ;
#255 = ADVANCED_FACE ( 'NONE', ( #6925 ), #1548, .F. ) ;
#256 = VERTEX_POINT ( 'NONE', #10807 ) ;
#257 = EDGE_CURVE ( 'NONE', #11175, #8743, #562, .T. ) ;
#258 = DIRECTION ( 'NONE',  ( 0.000000000000000000, -1.000000000000000000, 0.000000000000000000 ) ) ;
#259 = ORIENTED_EDGE ( 'NONE', *, *, #2734, .F. ) ;
#260 = VECTOR ( 'NONE', #10495, 1000.000000000000000 ) ;
#261 = CARTESIAN_POINT ( 'NONE',  ( -3.000000000000000888, 0.1999999999999999833, -1.119999999999999885 ) ) ;
#262 = CARTESIAN_POINT ( 'NONE',  ( -1.500000000000000000, 0.2000000000000000111, 2.570000000000001616 ) ) ;
#263 = PLANE ( 'NONE',  #11771 ) ;
#264 = CARTESIAN_POINT ( 'NONE',  ( -2.570000000000001172, 0.000000000000000000, -1.619999999999999885 ) ) ;
#265 = CARTESIAN_POINT ( 'NONE',  ( 2.120000000000000551, 0.1999999999999999833, -3.000000000000001776 ) ) ;
#266 = DIRECTION ( 'NONE',  ( 0.000000000000000000, 1.000000000000000000, 0.000000000000000000 ) ) ;
#267 = EDGE_CURVE ( 'NONE', #4180, #3607, #9046, .T. ) ;
#269 = CARTESIAN_POINT ( 'NONE',  ( -1.879999999999999671, 0.8000833275471003203, 2.570000000000001616 ) ) ;
#268 = AXIS2_PLACEMENT_3D ( 'NONE', #1456, #11692, #5212 ) ;
#270 = VECTOR ( 'NONE', #6408, 1000.000000000000000 ) ;
#271 = ORIENTED_EDGE ( 'NONE', *, *, #9997, .F. ) ;
#272 = EDGE_CURVE ( 'NONE', #8459, #10590, #7104, .T. ) ;
#273 = ORIENTED_EDGE ( 'NONE', *, *, #4584, .T. ) ;
#274 = ORIENTED_EDGE ( 'NONE', *, *, #6457, .T. ) ;
#275 = ORIENTED_EDGE ( 'NONE', *, *, #6529, .F. ) ;
#276 = EDGE_CURVE ( 'NONE', #6005, #9200, #10923, .T. ) ;
#277 = DIRECTION ( 'NONE',  ( 0.000000000000000000, 0.000000000000000000, -1.000000000000000000 ) ) ;
#278 = PRESENTATION_LAYER_ASSIGNMENT (  '', '', ( #1671 ) ) ;
#279 = VECTOR ( 'NONE', #9908, 1000.000000000000000 ) ;
#280 = CARTESIAN_POINT ( 'NONE',  ( 2.570000000000001172, 0.8000833275471006534, 1.620000000000000107 ) ) ;
#281 = DIRECTION ( 'NONE',  ( 0.000000000000000000, 1.000000000000000000, -0.000000000000000000 ) ) ;
#282 = DIRECTION ( 'NONE',  ( -1.000000000000000000, -0.000000000000000000, -0.000000000000000000 ) ) ;
#283 = CARTESIAN_POINT ( 'NONE',  ( 1.880000000000000560, 0.8000833275471003203, 3.000000000000001776 ) ) ;
#284 = LINE ( 'NONE', #3079, #5619 ) ;
#285 = VECTOR ( 'NONE', #5683, 1000.000000000000000 ) ;
#286 = DIRECTION ( 'NONE',  ( 0.000000000000000000, -1.000000000000000000, 0.000000000000000000 ) ) ;
#287 = ORIENTED_EDGE ( 'NONE', *, *, #9013, .T. ) ;
#288 =( GEOMETRIC_REPRESENTATION_CONTEXT ( 3 ) GLOBAL_UNCERTAINTY_ASSIGNED_CONTEXT ( ( #6145 ) ) GLOBAL_UNIT_ASSIGNED_CONTEXT ( ( #11907, #9069, #6356 ) ) REPRESENTATION_CONTEXT ( 'NONE', 'WORKASPACE' ) );
#289 = VERTEX_POINT ( 'NONE', #8825 ) ;
#290 = AXIS2_PLACEMENT_3D ( 'NONE', #954, #4714, #7491 ) ;
#291 = EDGE_LOOP ( 'NONE', ( #4173, #1971, #7418, #3962 ) ) ;
#292 = CARTESIAN_POINT ( 'NONE',  ( 2.049999999999999822, 0.04999999999999969746, -2.049999999999999378 ) ) ;
#293 = VECTOR ( 'NONE', #10351, 1000.000000000000000 ) ;
#294 = AXIS2_PLACEMENT_3D ( 'NONE', #6989, #6872, #11795 ) ;
#295 = ORIENTED_EDGE ( 'NONE', *, *, #10083, .T. ) ;
#296 = DIRECTION ( 'NONE',  ( -0.000000000000000000, -1.000000000000000000, -0.000000000000000000 ) ) ;
#297 = ORIENTED_EDGE ( 'NONE', *, *, #8982, .T. ) ;
#298 = CARTESIAN_POINT ( 'NONE',  ( 3.000000000000000888, 0.8000833275471006534, 0.6200000000000003286 ) ) ;
#299 = MECHANICAL_DESIGN_GEOMETRIC_PRESENTATION_REPRESENTATION (  '', ( #3072 ), #288 ) ;
#300 = DIRECTION ( 'NONE',  ( -0.000000000000000000, -1.000000000000000000, -0.000000000000000000 ) ) ;
#301 = DIRECTION ( 'NONE',  ( 0.000000000000000000, -1.000000000000000000, 0.000000000000000000 ) ) ;
#302 = PLANE ( 'NONE',  #11923 ) ;
#303 = DIRECTION ( 'NONE',  ( 1.000000000000000000, 0.000000000000000000, -0.000000000000000000 ) ) ;
#304 = LINE ( 'NONE', #8018, #1266 ) ;
#305 = AXIS2_PLACEMENT_3D ( 'NONE', #12127, #9105, #6389 ) ;
#306 = CIRCLE ( 'NONE', #11937, 0.1199999999999998845 ) ;
#307 = CYLINDRICAL_SURFACE ( 'NONE', #3839, 0.1199999999999998845 ) ;
#308 = CARTESIAN_POINT ( 'NONE',  ( 0.3800000000000005596, 0.8000833275471003203, -3.000000000000001776 ) ) ;
#309 = ORIENTED_EDGE ( 'NONE', *, *, #5544, .F. ) ;
#310 =( GEOMETRIC_REPRESENTATION_CONTEXT ( 3 ) GLOBAL_UNCERTAINTY_ASSIGNED_CONTEXT ( ( #10084 ) ) GLOBAL_UNIT_ASSIGNED_CONTEXT ( ( #3693, #794, #4556 ) ) REPRESENTATION_CONTEXT ( 'NONE', 'WORKASPACE' ) );
#311 = ORIENTED_EDGE ( 'NONE', *, *, #6302, .T. ) ;
#312 = AXIS2_PLACEMENT_3D ( 'NONE', #10446, #2001, #9507 ) ;
#313 = DIRECTION ( 'NONE',  ( 0.000000000000000000, -1.000000000000000000, 0.000000000000000000 ) ) ;
#314 = EDGE_CURVE ( 'NONE', #6189, #3975, #7160, .T. ) ;
#315 = EDGE_CURVE ( 'NONE', #10809, #5660, #11788, .T. ) ;
#316 = SURFACE_STYLE_USAGE ( .BOTH. , #2187 ) ;
#317 = LINE ( 'NONE', #9816, #7391 ) ;
#318 = CARTESIAN_POINT ( 'NONE',  ( 3.000000000000000888, 0.1999999999999999833, -0.3799999999999996714 ) ) ;
#319 = DIRECTION ( 'NONE',  ( -0.000000000000000000, 0.000000000000000000, 1.000000000000000000 ) ) ;
#320 = DIRECTION ( 'NONE',  ( 0.000000000000000000, 1.000000000000000000, 0.000000000000000000 ) ) ;
#321 = VECTOR ( 'NONE', #11829, 1000.000000000000000 ) ;
#322 = ORIENTED_EDGE ( 'NONE', *, *, #314, .T. ) ;
#323 = AXIS2_PLACEMENT_3D ( 'NONE', #2381, #7239, #11806 ) ;
#324 = VERTEX_POINT ( 'NONE', #3345 ) ;
#325 = EDGE_LOOP ( 'NONE', ( #3354, #6162, #3838, #5954 ) ) ;
#326 = VERTEX_POINT ( 'NONE', #377 ) ;
#327 = CARTESIAN_POINT ( 'NONE',  ( -3.000000000000000888, 0.000000000000000000, -2.120000000000000107 ) ) ;
#328 = EDGE_LOOP ( 'NONE', ( #12153, #1270, #7120, #5243 ) ) ;
#329 = CARTESIAN_POINT ( 'NONE',  ( -2.570000000000001172, 0.000000000000000000, -1.879999999999999893 ) ) ;
#330 = MECHANICAL_DESIGN_GEOMETRIC_PRESENTATION_REPRESENTATION (  '', ( #9793 ), #3495 ) ;
#331 = LINE ( 'NONE', #456, #4847 ) ;
#332 = FACE_OUTER_BOUND ( 'NONE', #6214, .T. ) ;
#333 = VECTOR ( 'NONE', #1478, 1000.000000000000000 ) ;
#334 = LINE ( 'NONE', #6193, #1470 ) ;
#335 = LINE ( 'NONE', #3310, #12155 ) ;
#336 = EDGE_CURVE ( 'NONE', #4771, #4048, #618, .T. ) ;
#337 = CARTESIAN_POINT ( 'NONE',  ( -3.000000000000000888, 0.000000000000000000, 0.3800000000000001155 ) ) ;
#338 = DIRECTION ( 'NONE',  ( 1.000000000000000000, 0.000000000000000000, -5.042800802258162337E-16 ) ) ;
#339 = FACE_OUTER_BOUND ( 'NONE', #9822, .T. ) ;
#340 = VERTEX_POINT ( 'NONE', #5123 ) ;
#341 = ORIENTED_EDGE ( 'NONE', *, *, #3379, .T. ) ;
#342 = ORIENTED_EDGE ( 'NONE', *, *, #10624, .T. ) ;
#343 = AXIS2_PLACEMENT_3D ( 'NONE', #9032, #7183, #2565 ) ;
#344 = ADVANCED_FACE ( 'NONE', ( #6980 ), #7222, .F. ) ;
#345 = EDGE_CURVE ( 'NONE', #4326, #8685, #1483, .T. ) ;
#346 = VERTEX_POINT ( 'NONE', #5066 ) ;
#347 = ADVANCED_FACE ( 'NONE', ( #6057 ), #9005, .F. ) ;
#348 = CARTESIAN_POINT ( 'NONE',  ( 0.8800000000000005596, 0.8000833275471003203, -3.000000000000001776 ) ) ;
#349 = DIRECTION ( 'NONE',  ( 0.000000000000000000, -1.000000000000000000, 0.000000000000000000 ) ) ;
#350 = DIRECTION ( 'NONE',  ( 1.000000000000000000, 0.000000000000000000, 0.000000000000000000 ) ) ;
#351 = SURFACE_SIDE_STYLE ('',( #1525 ) ) ;
#352 = VECTOR ( 'NONE', #1803, 1000.000000000000000 ) ;
#353 = MANIFOLD_SOLID_BREP ( 'LPattern3[13]', #3133 ) ;
#354 = DIRECTION ( 'NONE',  ( 1.000000000000000000, 0.000000000000000000, -1.008560160451631481E-15 ) ) ;
#355 = DIRECTION ( 'NONE',  ( 0.000000000000000000, -1.000000000000000000, 0.000000000000000000 ) ) ;
#356 = CLOSED_SHELL ( 'NONE', ( #8217, #5108, #1736, #11850, #2304, #5286 ) ) ;
#357 = EDGE_CURVE ( 'NONE', #845, #9825, #4690, .T. ) ;
#358 = LINE ( 'NONE', #8869, #7367 ) ;
#359 = EDGE_LOOP ( 'NONE', ( #8088, #2040, #9526, #571, #11058 ) ) ;
#360 = EDGE_CURVE ( 'NONE', #10421, #6940, #6120, .T. ) ;
#361 = ORIENTED_EDGE ( 'NONE', *, *, #8484, .T. ) ;
#362 = VERTEX_POINT ( 'NONE', #9195 ) ;
#363 = VECTOR ( 'NONE', #3868, 1000.000000000000000 ) ;
#364 = VECTOR ( 'NONE', #1120, 1000.000000000000000 ) ;
#365 = VERTEX_POINT ( 'NONE', #4623 ) ;
#366 = LINE ( 'NONE', #5227, #4803 ) ;
#367 = ORIENTED_EDGE ( 'NONE', *, *, #549, .T. ) ;
#368 = SURFACE_SIDE_STYLE ('',( #11709 ) ) ;
#369 = FILL_AREA_STYLE ('',( #6048 ) ) ;
#370 = DIRECTION ( 'NONE',  ( 0.000000000000000000, 1.000000000000000000, -0.000000000000000000 ) ) ;
#371 = DIRECTION ( 'NONE',  ( 0.000000000000000000, -1.000000000000000000, 0.000000000000000000 ) ) ;
#372 = DIRECTION ( 'NONE',  ( 0.000000000000000000, 0.000000000000000000, 1.000000000000000000 ) ) ;
#373 = CARTESIAN_POINT ( 'NONE',  ( -2.570000000000001172, 0.1999999999999999833, 2.120000000000000551 ) ) ;
#374 = VECTOR ( 'NONE', #5009, 1000.000000000000000 ) ;
#375 = VECTOR ( 'NONE', #1806, 1000.000000000000000 ) ;
#376 = DIRECTION ( 'NONE',  ( 0.000000000000000000, -1.000000000000000000, 0.000000000000000000 ) ) ;
#377 = CARTESIAN_POINT ( 'NONE',  ( -2.570000000000001172, 0.1999999999999999833, 1.120000000000000107 ) ) ;
#378 = ORIENTED_EDGE ( 'NONE', *, *, #5246, .F. ) ;
#379 = VERTEX_POINT ( 'NONE', #3520 ) ;
#380 = COLOUR_RGB ( '',0.7921568627450980005, 0.8196078431372548767, 0.9333333333333333481 ) ;
#381 = SURFACE_STYLE_USAGE ( .BOTH. , #8828 ) ;
#382 = CARTESIAN_POINT ( 'NONE',  ( -1.379999999999999671, 0.000000000000000000, 3.000000000000001776 ) ) ;
#383 = CARTESIAN_POINT ( 'NONE',  ( 2.570000000000001172, 0.05000000000000002359, 0.1200000000000000927 ) ) ;
#384 = CARTESIAN_POINT ( 'NONE',  ( 1.500000000000000000, 0.04999999999999999584, 2.570000000000001616 ) ) ;
#385 = DIRECTION ( 'NONE',  ( 0.000000000000000000, 0.000000000000000000, -1.000000000000000000 ) ) ;
#386 =( GEOMETRIC_REPRESENTATION_CONTEXT ( 3 ) GLOBAL_UNCERTAINTY_ASSIGNED_CONTEXT ( ( #8840 ) ) GLOBAL_UNIT_ASSIGNED_CONTEXT ( ( #2687, #3668, #10262 ) ) REPRESENTATION_CONTEXT ( 'NONE', 'WORKASPACE' ) );
#387 = EDGE_CURVE ( 'NONE', #10590, #10081, #8448, .T. ) ;
#388 = DIRECTION ( 'NONE',  ( -1.000000000000000000, 0.000000000000000000, 0.000000000000000000 ) ) ;
#389 = PRODUCT_RELATED_PRODUCT_CATEGORY ( 'part', '', ( #1305 ) ) ;
#390 = ORIENTED_EDGE ( 'NONE', *, *, #10656, .T. ) ;
#391 = VERTEX_POINT ( 'NONE', #4562 ) ;
#392 = EDGE_LOOP ( 'NONE', ( #8794, #274, #8774, #7195 ) ) ;
#393 = ADVANCED_FACE ( 'NONE', ( #10175 ), #3638, .F. ) ;
#394 = ORIENTED_EDGE ( 'NONE', *, *, #5761, .T. ) ;
#395 = FACE_OUTER_BOUND ( 'NONE', #3034, .T. ) ;
#396 = ORIENTED_EDGE ( 'NONE', *, *, #6225, .T. ) ;
#397 = PLANE ( 'NONE',  #11908 ) ;
#398 = DIRECTION ( 'NONE',  ( 0.000000000000000000, -1.000000000000000000, 0.000000000000000000 ) ) ;
#399 = PLANE ( 'NONE',  #9866 ) ;
#400 = FACE_OUTER_BOUND ( 'NONE', #4242, .T. ) ;
#401 = CARTESIAN_POINT ( 'NONE',  ( 3.000000000000000888, 0.1999999999999999833, 1.620000000000000329 ) ) ;
#402 = CARTESIAN_POINT ( 'NONE',  ( 0.000000000000000000, 0.05000000000000000278, -0.6199999999999998845 ) ) ;
#403 = LINE ( 'NONE', #461, #1570 ) ;
#404 = DIRECTION ( 'NONE',  ( 1.000000000000000000, 0.000000000000000000, -0.000000000000000000 ) ) ;
#405 = VERTEX_POINT ( 'NONE', #1664 ) ;
#406 = ORIENTED_EDGE ( 'NONE', *, *, #10506, .F. ) ;
#407 = ORIENTED_EDGE ( 'NONE', *, *, #10226, .F. ) ;
#408 = ORIENTED_EDGE ( 'NONE', *, *, #2628, .T. ) ;
#409 = CARTESIAN_POINT ( 'NONE',  ( 0.5000000000000000000, 0.1999999999999999833, 2.450000000000001510 ) ) ;
#410 = CARTESIAN_POINT ( 'NONE',  ( 2.000000000000000000, 0.2000000000000000111, 2.450000000000001510 ) ) ;
#411 = LINE ( 'NONE', #540, #9175 ) ;
#412 = SURFACE_SIDE_STYLE ('',( #2346 ) ) ;
#413 = DIRECTION ( 'NONE',  ( -0.000000000000000000, -1.000000000000000000, 0.000000000000000000 ) ) ;
#414 = DIRECTION ( 'NONE',  ( -0.000000000000000000, -1.000000000000000000, -0.000000000000000000 ) ) ;
#415 = ORIENTED_EDGE ( 'NONE', *, *, #6839, .T. ) ;
#416 = EDGE_CURVE ( 'NONE', #7293, #10382, #9256, .T. ) ;
#417 = VERTEX_POINT ( 'NONE', #1850 ) ;
#418 = ORIENTED_EDGE ( 'NONE', *, *, #7856, .T. ) ;
#419 = EDGE_CURVE ( 'NONE', #3004, #10710, #7279, .T. ) ;
#420 = EDGE_LOOP ( 'NONE', ( #6508, #4981, #1320, #9100 ) ) ;
#421 = EDGE_CURVE ( 'NONE', #5011, #11311, #860, .T. ) ;
#422 = CARTESIAN_POINT ( 'NONE',  ( -2.570000000000001172, 0.1999999999999999833, 2.000000000000000000 ) ) ;
#423 = ORIENTED_EDGE ( 'NONE', *, *, #7547, .T. ) ;
#424 = DIRECTION ( 'NONE',  ( -0.000000000000000000, -1.000000000000000000, -0.000000000000000000 ) ) ;
#425 = CARTESIAN_POINT ( 'NONE',  ( 0.5000000000000000000, 0.2000000000000000111, 2.570000000000001616 ) ) ;
#426 = CARTESIAN_POINT ( 'NONE',  ( -2.049999999999999822, 0.1999999999999996503, 2.049999999999999378 ) ) ;
#427 = DIRECTION ( 'NONE',  ( -1.000000000000000000, -0.000000000000000000, -0.000000000000000000 ) ) ;
#428 = DIRECTION ( 'NONE',  ( 0.000000000000000000, 0.000000000000000000, 1.000000000000000000 ) ) ;
#429 = LINE ( 'NONE', #4197, #871 ) ;
#430 = CIRCLE ( 'NONE', #10874, 0.1199999999999998845 ) ;
#431 = FACE_OUTER_BOUND ( 'NONE', #11279, .T. ) ;
#432 = ADVANCED_FACE ( 'NONE', ( #7400 ), #802, .F. ) ;
#433 = ADVANCED_FACE ( 'NONE', ( #12152 ), #11225, .T. ) ;
#434 = MANIFOLD_SOLID_BREP ( 'LPattern4[12]', #4899 ) ;
#435 = ADVANCED_FACE ( 'NONE', ( #6849 ), #3576, .F. ) ;
#436 = CARTESIAN_POINT ( 'NONE',  ( -0.8799999999999996714, 0.1999999999999999833, -2.570000000000001616 ) ) ;
#437 = EDGE_CURVE ( 'NONE', #5011, #6089, #3149, .T. ) ;
#438 = ORIENTED_EDGE ( 'NONE', *, *, #6097, .T. ) ;
#439 = EDGE_CURVE ( 'NONE', #6519, #8659, #3088, .T. ) ;
#440 = EDGE_LOOP ( 'NONE', ( #4785, #8531, #5662, #6027 ) ) ;
#441 = LINE ( 'NONE', #7965, #3993 ) ;
#442 = CARTESIAN_POINT ( 'NONE',  ( -3.000000000000000888, 0.1999999999999999833, -2.120000000000000107 ) ) ;
#443 = CARTESIAN_POINT ( 'NONE',  ( 2.570000000000001172, 0.1999999999999999833, -0.6200000000000003286 ) ) ;
#444 = FACE_OUTER_BOUND ( 'NONE', #1087, .T. ) ;
#445 = EDGE_CURVE ( 'NONE', #4033, #9094, #9433, .T. ) ;
#446 = DIRECTION ( 'NONE',  ( 0.000000000000000000, 0.000000000000000000, -1.000000000000000000 ) ) ;
#447 = AXIS2_PLACEMENT_3D ( 'NONE', #5166, #3095, #7766 ) ;
#448 = VERTEX_POINT ( 'NONE', #11344 ) ;
#449 = ORIENTED_EDGE ( 'NONE', *, *, #257, .T. ) ;
#450 = ORIENTED_EDGE ( 'NONE', *, *, #8177, .T. ) ;
#451 = ORIENTED_EDGE ( 'NONE', *, *, #8069, .T. ) ;
#452 = CARTESIAN_POINT ( 'NONE',  ( -1.619999999999999440, 0.000000000000000000, -3.000000000000001776 ) ) ;
#453 = ORIENTED_EDGE ( 'NONE', *, *, #345, .F. ) ;
#454 = FACE_OUTER_BOUND ( 'NONE', #3085, .T. ) ;
#455 = AXIS2_PLACEMENT_3D ( 'NONE', #9329, #11124, #827 ) ;
#456 = CARTESIAN_POINT ( 'NONE',  ( -1.119999999999999440, 0.2000000000000000111, 3.000000000000001776 ) ) ;
#457 = FILL_AREA_STYLE ('',( #7921 ) ) ;
#458 = DIRECTION ( 'NONE',  ( 0.000000000000000000, -1.000000000000000000, 0.000000000000000000 ) ) ;
#459 = CARTESIAN_POINT ( 'NONE',  ( 2.570000000000001172, 0.1999999999999999833, -1.120000000000000329 ) ) ;
#460 = CARTESIAN_POINT ( 'NONE',  ( -2.119999999999999662, 0.000000000000000000, 3.000000000000001776 ) ) ;
#461 = CARTESIAN_POINT ( 'NONE',  ( -2.570000000000001172, 0.1999999999999999833, 0.6200000000000001066 ) ) ;
#462 = PLANE ( 'NONE',  #6998 ) ;
#463 = ORIENTED_EDGE ( 'NONE', *, *, #3902, .F. ) ;
#464 = ORIENTED_EDGE ( 'NONE', *, *, #3948, .F. ) ;
#465 = EDGE_LOOP ( 'NONE', ( #7192, #4594, #6584, #3237 ) ) ;
#466 = VECTOR ( 'NONE', #5434, 1000.000000000000000 ) ;
#467 = UNCERTAINTY_MEASURE_WITH_UNIT (LENGTH_MEASURE( 1.000000000000000082E-05 ), #9701, 'distance_accuracy_value', 'NONE');
#468 = VERTEX_POINT ( 'NONE', #2037 ) ;
#469 = CARTESIAN_POINT ( 'NONE',  ( -3.000000000000000888, 0.1999999999999999833, 0.3800000000000001155 ) ) ;
#470 = FACE_OUTER_BOUND ( 'NONE', #8364, .T. ) ;
#471 = DIRECTION ( 'NONE',  ( -0.000000000000000000, -1.000000000000000000, 0.000000000000000000 ) ) ;
#472 = VECTOR ( 'NONE', #7946, 1000.000000000000000 ) ;
#473 = ADVANCED_FACE ( 'NONE', ( #2904 ), #3886, .F. ) ;
#474 = AXIS2_PLACEMENT_3D ( 'NONE', #4686, #3762, #9367 ) ;
#475 = PLANE ( 'NONE',  #10525 ) ;
#476 = EDGE_CURVE ( 'NONE', #7171, #8258, #5664, .T. ) ;
#477 = ORIENTED_EDGE ( 'NONE', *, *, #9091, .T. ) ;
#478 = ORIENTED_EDGE ( 'NONE', *, *, #4855, .T. ) ;
#479 = ORIENTED_EDGE ( 'NONE', *, *, #3218, .T. ) ;
#480 = VECTOR ( 'NONE', #2771, 1000.000000000000000 ) ;
#481 = CIRCLE ( 'NONE', #4426, 0.1199999999999998845 ) ;
#482 = VERTEX_POINT ( 'NONE', #228 ) ;
#483 = DIRECTION ( 'NONE',  ( 0.000000000000000000, 1.000000000000000000, 0.000000000000000000 ) ) ;
#484 = LINE ( 'NONE', #7038, #2891 ) ;
#485 = DIRECTION ( 'NONE',  ( 0.7071067811865485719, -0.000000000000000000, -0.7071067811865465735 ) ) ;
#486 = FACE_OUTER_BOUND ( 'NONE', #7730, .T. ) ;
#487 = CARTESIAN_POINT ( 'NONE',  ( 1.879999999999997451, 0.05000000000000000278, -1.896093101649064660E-15 ) ) ;
#488 = STYLED_ITEM ( 'NONE', ( #11118 ), #5752 ) ;
#489 = CARTESIAN_POINT ( 'NONE',  ( 1.380000000000000115, 0.000000000000000000, 2.570000000000001616 ) ) ;
#490 = LINE ( 'NONE', #7101, #2047 ) ;
#491 = CIRCLE ( 'NONE', #6400, 0.1199999999999999956 ) ;
#492 = CARTESIAN_POINT ( 'NONE',  ( 1.500000000000000000, 0.8000833275471003203, 2.450000000000001510 ) ) ;
#493 = EDGE_CURVE ( 'NONE', #4911, #1936, #6725, .T. ) ;
#494 = EDGE_CURVE ( 'NONE', #4326, #9513, #7472, .T. ) ;
#495 = DIRECTION ( 'NONE',  ( 0.000000000000000000, 0.000000000000000000, -1.000000000000000000 ) ) ;
#496 = ADVANCED_FACE ( 'NONE', ( #8507 ), #11459, .T. ) ;
#497 = PRESENTATION_LAYER_ASSIGNMENT (  '', '', ( #8369 ) ) ;
#498 = AXIS2_PLACEMENT_3D ( 'NONE', #1242, #2311, #4267 ) ;
#499 = ORIENTED_EDGE ( 'NONE', *, *, #11054, .F. ) ;
#500 = AXIS2_PLACEMENT_3D ( 'NONE', #5555, #881, #11296 ) ;
#501 = VERTEX_POINT ( 'NONE', #292 ) ;
#502 = VECTOR ( 'NONE', #2039, 1000.000000000000000 ) ;
#503 = EDGE_CURVE ( 'NONE', #10514, #3150, #11280, .T. ) ;
#504 = LINE ( 'NONE', #7287, #5824 ) ;
#505 = AXIS2_PLACEMENT_3D ( 'NONE', #6642, #7619, #2013 ) ;
#506 = DIRECTION ( 'NONE',  ( 0.000000000000000000, 0.000000000000000000, 1.000000000000000000 ) ) ;
#507 = VECTOR ( 'NONE', #9263, 1000.000000000000000 ) ;
#508 = DIRECTION ( 'NONE',  ( -0.000000000000000000, -1.000000000000000000, -0.000000000000000000 ) ) ;
#509 = CARTESIAN_POINT ( 'NONE',  ( -0.3799999999999996714, 0.2000000000000000111, 3.000000000000001776 ) ) ;
#510 = CARTESIAN_POINT ( 'NONE',  ( -2.049999999999999378, 0.000000000000000000, -1.749999999999999334 ) ) ;
#511 = EDGE_CURVE ( 'NONE', #2011, #1969, #173, .T. ) ;
#512 = VECTOR ( 'NONE', #2660, 1000.000000000000000 ) ;
#513 = ORIENTED_EDGE ( 'NONE', *, *, #6009, .F. ) ;
#514 = ORIENTED_EDGE ( 'NONE', *, *, #4608, .F. ) ;
#515 = EDGE_LOOP ( 'NONE', ( #1468, #1559, #9746, #9420 ) ) ;
#516 = VECTOR ( 'NONE', #2745, 1000.000000000000000 ) ;
#517 = AXIS2_PLACEMENT_3D ( 'NONE', #1099, #10537, #4862 ) ;
#518 = ORIENTED_EDGE ( 'NONE', *, *, #11036, .T. ) ;
#519 = DIRECTION ( 'NONE',  ( 0.000000000000000000, -1.000000000000000000, 0.000000000000000000 ) ) ;
#520 = EDGE_LOOP ( 'NONE', ( #5665, #6636, #4747, #7172, #2023 ) ) ;
#521 = DIRECTION ( 'NONE',  ( -1.000000000000000000, -0.000000000000000000, -0.000000000000000000 ) ) ;
#522 = DIRECTION ( 'NONE',  ( 1.000000000000000000, 0.000000000000000000, -5.042800802258162337E-16 ) ) ;
#523 = PLANE ( 'NONE',  #10479 ) ;
#524 = FACE_OUTER_BOUND ( 'NONE', #6768, .T. ) ;
#525 = DIRECTION ( 'NONE',  ( -1.000000000000000000, 0.000000000000000000, 0.000000000000000000 ) ) ;
#526 =( GEOMETRIC_REPRESENTATION_CONTEXT ( 3 ) GLOBAL_UNCERTAINTY_ASSIGNED_CONTEXT ( ( #2087 ) ) GLOBAL_UNIT_ASSIGNED_CONTEXT ( ( #6099, #4125, #9048 ) ) REPRESENTATION_CONTEXT ( 'NONE', 'WORKASPACE' ) );
#527 = VECTOR ( 'NONE', #10054, 1000.000000000000000 ) ;
#528 = PRESENTATION_LAYER_ASSIGNMENT (  '', '', ( #6858 ) ) ;
#529 = CARTESIAN_POINT ( 'NONE',  ( -2.000000000000000000, 0.04999999999999999584, 2.450000000000001510 ) ) ;
#530 = CYLINDRICAL_SURFACE ( 'NONE', #592, 0.1199999999999998845 ) ;
#531 = DIRECTION ( 'NONE',  ( 0.000000000000000000, 1.000000000000000000, 0.000000000000000000 ) ) ;
#532 = VERTEX_POINT ( 'NONE', #3021 ) ;
#533 = ORIENTED_EDGE ( 'NONE', *, *, #5350, .F. ) ;
#534 = VERTEX_POINT ( 'NONE', #4003 ) ;
#535 = ORIENTED_EDGE ( 'NONE', *, *, #7561, .F. ) ;
#536 = DIRECTION ( 'NONE',  ( 0.000000000000000000, 1.000000000000000000, 0.000000000000000000 ) ) ;
#537 = VECTOR ( 'NONE', #10648, 1000.000000000000000 ) ;
#538 = DIRECTION ( 'NONE',  ( -0.000000000000000000, -1.000000000000000000, -0.000000000000000000 ) ) ;
#539 = CARTESIAN_POINT ( 'NONE',  ( 2.570000000000001172, 0.000000000000000000, 1.620000000000000107 ) ) ;
#540 = CARTESIAN_POINT ( 'NONE',  ( -3.000000000000000888, 0.000000000000000000, 1.620000000000000329 ) ) ;
#541 = CARTESIAN_POINT ( 'NONE',  ( -3.000000000000000888, 0.1999999999999999833, 0.1200000000000003147 ) ) ;
#542 = VECTOR ( 'NONE', #9874, 1000.000000000000000 ) ;
#543 = ORIENTED_EDGE ( 'NONE', *, *, #2394, .T. ) ;
#544 = CIRCLE ( 'NONE', #12166, 0.1199999999999998845 ) ;
#545 = EDGE_CURVE ( 'NONE', #8062, #4028, #4802, .T. ) ;
#546 = EDGE_CURVE ( 'NONE', #1398, #10608, #7701, .T. ) ;
#547 = ORIENTED_EDGE ( 'NONE', *, *, #4251, .F. ) ;
#548 = ORIENTED_EDGE ( 'NONE', *, *, #11879, .T. ) ;
#549 = EDGE_CURVE ( 'NONE', #10430, #1513, #1165, .T. ) ;
#550 = ORIENTED_EDGE ( 'NONE', *, *, #1877, .T. ) ;
#551 = LINE ( 'NONE', #5973, #10149 ) ;
#552 = AXIS2_PLACEMENT_3D ( 'NONE', #7542, #9570, #133 ) ;
#553 = LINE ( 'NONE', #11836, #12118 ) ;
#554 = LINE ( 'NONE', #6114, #8193 ) ;
#555 = DIRECTION ( 'NONE',  ( 0.000000000000000000, 0.000000000000000000, -1.000000000000000000 ) ) ;
#556 = DIRECTION ( 'NONE',  ( -0.000000000000000000, -1.000000000000000000, -0.000000000000000000 ) ) ;
#557 = DIRECTION ( 'NONE',  ( -1.000000000000000000, 0.000000000000000000, 5.042800802258162337E-16 ) ) ;
#558 = CARTESIAN_POINT ( 'NONE',  ( 2.570000000000001172, 0.1999999999999999833, 0.3799999999999996714 ) ) ;
#559 = FACE_OUTER_BOUND ( 'NONE', #2511, .T. ) ;
#560 = DIRECTION ( 'NONE',  ( 1.000000000000000000, -0.000000000000000000, -1.445602896647339163E-16 ) ) ;
#561 = CIRCLE ( 'NONE', #7449, 0.1199999999999998845 ) ;
#562 = LINE ( 'NONE', #7901, #2557 ) ;
#563 = VERTEX_POINT ( 'NONE', #8681 ) ;
#564 = ORIENTED_EDGE ( 'NONE', *, *, #921, .T. ) ;
#565 = PLANE ( 'NONE',  #7403 ) ;
#566 = VECTOR ( 'NONE', #5578, 1000.000000000000000 ) ;
#567 = CLOSED_SHELL ( 'NONE', ( #10482, #9550, #5015, #3823, #3791, #5161, #4940 ) ) ;
#568 = DIRECTION ( 'NONE',  ( 0.000000000000000000, 0.000000000000000000, -1.000000000000000000 ) ) ;
#569 = DIRECTION ( 'NONE',  ( 1.000000000000000000, -0.000000000000000000, 0.000000000000000000 ) ) ;
#570 = LINE ( 'NONE', #11614, #12081 ) ;
#571 = ORIENTED_EDGE ( 'NONE', *, *, #6097, .F. ) ;
#572 = EDGE_CURVE ( 'NONE', #2407, #3561, #10228, .T. ) ;
#573 = VERTEX_POINT ( 'NONE', #113 ) ;
#574 = ORIENTED_EDGE ( 'NONE', *, *, #11972, .F. ) ;
#575 = AXIS2_PLACEMENT_3D ( 'NONE', #10609, #4985, #8740 ) ;
#576 = ORIENTED_EDGE ( 'NONE', *, *, #7286, .F. ) ;
#577 = FACE_OUTER_BOUND ( 'NONE', #4336, .T. ) ;
#578 = ORIENTED_EDGE ( 'NONE', *, *, #9442, .T. ) ;
#579 = EDGE_CURVE ( 'NONE', #1847, #5001, #11405, .T. ) ;
#580 = FACE_OUTER_BOUND ( 'NONE', #4674, .T. ) ;
#581 = LINE ( 'NONE', #7352, #9772 ) ;
#582 = SURFACE_SIDE_STYLE ('',( #9889 ) ) ;
#583 = PLANE ( 'NONE',  #5209 ) ;
#584 = FACE_OUTER_BOUND ( 'NONE', #6712, .T. ) ;
#585 = DIRECTION ( 'NONE',  ( 0.000000000000000000, 0.000000000000000000, -1.000000000000000000 ) ) ;
#586 = CARTESIAN_POINT ( 'NONE',  ( -0.5000000000000000000, 0.1999999999999999833, 2.570000000000001616 ) ) ;
#587 = FACE_OUTER_BOUND ( 'NONE', #8710, .T. ) ;
#588 = CARTESIAN_POINT ( 'NONE',  ( 1.120000000000000107, 0.1999999999999999833, 2.570000000000001616 ) ) ;
#589 = ORIENTED_EDGE ( 'NONE', *, *, #10857, .F. ) ;
#590 = ORIENTED_EDGE ( 'NONE', *, *, #9353, .F. ) ;
#591 = EDGE_LOOP ( 'NONE', ( #3296, #6951, #8777, #6432, #7019 ) ) ;
#592 = AXIS2_PLACEMENT_3D ( 'NONE', #1263, #10952, #3189 ) ;
#593 = UNCERTAINTY_MEASURE_WITH_UNIT (LENGTH_MEASURE( 1.000000000000000082E-05 ), #11315, 'distance_accuracy_value', 'NONE');
#594 = ORIENTED_EDGE ( 'NONE', *, *, #11470, .T. ) ;
#595 = LINE ( 'NONE', #9043, #783 ) ;
#596 = ADVANCED_FACE ( 'NONE', ( #6910 ), #10962, .T. ) ;
#597 = EDGE_CURVE ( 'NONE', #11197, #4098, #717, .T. ) ;
#598 = EDGE_CURVE ( 'NONE', #3238, #3153, #8252, .T. ) ;
#599 = CARTESIAN_POINT ( 'NONE',  ( -2.570000000000001172, 0.1999999999999999833, 0.8800000000000000044 ) ) ;
#600 = DIRECTION ( 'NONE',  ( -1.000000000000000000, 0.000000000000000000, 0.000000000000000000 ) ) ;
#601 = PLANE ( 'NONE',  #1022 ) ;
#602 = CARTESIAN_POINT ( 'NONE',  ( -3.000000000000000888, 0.8000833275471006534, 1.620000000000000329 ) ) ;
#603 = DIRECTION ( 'NONE',  ( 0.000000000000000000, -0.000000000000000000, 1.000000000000000000 ) ) ;
#604 = ORIENTED_EDGE ( 'NONE', *, *, #8493, .T. ) ;
#605 = ORIENTED_EDGE ( 'NONE', *, *, #6156, .T. ) ;
#606 = ORIENTED_EDGE ( 'NONE', *, *, #10572, .F. ) ;
#607 = VERTEX_POINT ( 'NONE', #2514 ) ;
#608 = DIRECTION ( 'NONE',  ( 1.000000000000000000, -0.000000000000000000, -0.000000000000000000 ) ) ;
#609 = DIRECTION ( 'NONE',  ( 0.000000000000000000, -1.000000000000000000, 0.000000000000000000 ) ) ;
#610 = EDGE_CURVE ( 'NONE', #8161, #11889, #4522, .T. ) ;
#611 = CARTESIAN_POINT ( 'NONE',  ( 2.999999999999999112, 0.05000000000000000278, 2.999999999999998224 ) ) ;
#612 = DIRECTION ( 'NONE',  ( 0.000000000000000000, -1.000000000000000000, 0.000000000000000000 ) ) ;
#613 = LINE ( 'NONE', #11898, #11343 ) ;
#614 = DIRECTION ( 'NONE',  ( 0.000000000000000000, 1.000000000000000000, 0.000000000000000000 ) ) ;
#615 = EDGE_CURVE ( 'NONE', #3429, #2169, #5274, .T. ) ;
#616 = FACE_OUTER_BOUND ( 'NONE', #11650, .T. ) ;
#617 = DIRECTION ( 'NONE',  ( 0.000000000000000000, -1.000000000000000000, 0.000000000000000000 ) ) ;
#618 = LINE ( 'NONE', #9932, #6295 ) ;
#619 = EDGE_LOOP ( 'NONE', ( #9950, #10172, #3478, #9096 ) ) ;
#620 = VERTEX_POINT ( 'NONE', #7196 ) ;
#621 = DIRECTION ( 'NONE',  ( -0.000000000000000000, -1.000000000000000000, -0.000000000000000000 ) ) ;
#622 = AXIS2_PLACEMENT_3D ( 'NONE', #11384, #10336, #1895 ) ;
#623 = SURFACE_STYLE_FILL_AREA ( #5361 ) ;
#624 = DIRECTION ( 'NONE',  ( -0.000000000000000000, -1.000000000000000000, -0.000000000000000000 ) ) ;
#625 = CARTESIAN_POINT ( 'NONE',  ( 3.000000000000000888, 0.04999999999999969746, 1.380000000000000115 ) ) ;
#626 = DIRECTION ( 'NONE',  ( -0.000000000000000000, -1.000000000000000000, -0.000000000000000000 ) ) ;
#627 = ADVANCED_FACE ( 'NONE', ( #1455 ), #6331, .T. ) ;
#628 = ORIENTED_EDGE ( 'NONE', *, *, #7856, .F. ) ;
#629 = ORIENTED_EDGE ( 'NONE', *, *, #8032, .F. ) ;
#630 = EDGE_LOOP ( 'NONE', ( #9758, #11617, #2985, #4799 ) ) ;
#631 = STYLED_ITEM ( 'NONE', ( #1185 ), #1795 ) ;
#632 = ORIENTED_EDGE ( 'NONE', *, *, #2166, .T. ) ;
#633 = DIRECTION ( 'NONE',  ( 0.000000000000000000, -1.000000000000000000, 0.000000000000000000 ) ) ;
#634 = ORIENTED_EDGE ( 'NONE', *, *, #7174, .T. ) ;
#635 = CARTESIAN_POINT ( 'NONE',  ( 0.5000000000000000000, 0.2000000000000000111, 2.570000000000001616 ) ) ;
#636 = CARTESIAN_POINT ( 'NONE',  ( -2.570000000000001172, 0.1999999999999999833, 1.000000000000000000 ) ) ;
#637 = DIRECTION ( 'NONE',  ( 0.000000000000000000, 0.000000000000000000, 1.000000000000000000 ) ) ;
#638 = LINE ( 'NONE', #5505, #7773 ) ;
#639 = DIRECTION ( 'NONE',  ( 0.000000000000000000, 0.000000000000000000, -1.000000000000000000 ) ) ;
#640 = PLANE ( 'NONE',  #10104 ) ;
#641 = CARTESIAN_POINT ( 'NONE',  ( 3.000000000000000888, 0.1999999999999999833, 1.120000000000000329 ) ) ;
#642 = AXIS2_PLACEMENT_3D ( 'NONE', #8014, #370, #4140 ) ;
#643 = LINE ( 'NONE', #2686, #7857 ) ;
#644 = DIRECTION ( 'NONE',  ( 0.000000000000000000, 0.000000000000000000, -1.000000000000000000 ) ) ;
#645 = FACE_OUTER_BOUND ( 'NONE', #4659, .T. ) ;
#646 = ORIENTED_EDGE ( 'NONE', *, *, #11809, .T. ) ;
#647 = EDGE_CURVE ( 'NONE', #1995, #5158, #7257, .T. ) ;
#648 = EDGE_CURVE ( 'NONE', #9983, #12040, #12007, .T. ) ;
#649 = EDGE_LOOP ( 'NONE', ( #10206, #9110, #9196, #3490 ) ) ;
#650 = EDGE_LOOP ( 'NONE', ( #11131, #4492, #4154, #8622 ) ) ;
#651 = VERTEX_POINT ( 'NONE', #5211 ) ;
#652 = DIRECTION ( 'NONE',  ( -0.000000000000000000, -1.000000000000000000, -0.000000000000000000 ) ) ;
#653 = VECTOR ( 'NONE', #2566, 1000.000000000000000 ) ;
#654 = LINE ( 'NONE', #718, #10921 ) ;
#655 = LINE ( 'NONE', #10032, #6030 ) ;
#656 = CARTESIAN_POINT ( 'NONE',  ( -1.000000000000000000, 0.2000000000000000111, 2.570000000000001616 ) ) ;
#657 = DIRECTION ( 'NONE',  ( -1.008560160451631481E-15, 0.000000000000000000, -1.000000000000000000 ) ) ;
#658 = ADVANCED_FACE ( 'NONE', ( #1586 ), #5329, .T. ) ;
#659 = DIRECTION ( 'NONE',  ( 0.000000000000000000, -1.000000000000000000, 0.000000000000000000 ) ) ;
#660 = EDGE_CURVE ( 'NONE', #4291, #3992, #8108, .T. ) ;
#661 = CARTESIAN_POINT ( 'NONE',  ( -1.879999999999999671, 0.1999999999999999833, 3.000000000000001776 ) ) ;
#662 = VECTOR ( 'NONE', #7114, 1000.000000000000000 ) ;
#663 = ORIENTED_EDGE ( 'NONE', *, *, #9022, .F. ) ;
#664 = ADVANCED_FACE ( 'NONE', ( #4410 ), #1703, .F. ) ;
#665 = EDGE_CURVE ( 'NONE', #10113, #8065, #595, .T. ) ;
#666 = ORIENTED_EDGE ( 'NONE', *, *, #7220, .F. ) ;
#667 = ORIENTED_EDGE ( 'NONE', *, *, #1667, .T. ) ;
#668 = PLANE ( 'NONE',  #2066 ) ;
#669 = VECTOR ( 'NONE', #10663, 1000.000000000000000 ) ;
#670 = LINE ( 'NONE', #9183, #5216 ) ;
#671 = DIRECTION ( 'NONE',  ( 1.000000000000000000, -0.000000000000000000, 5.042800802258162337E-16 ) ) ;
#672 = DIRECTION ( 'NONE',  ( 0.000000000000000000, 0.000000000000000000, -1.000000000000000000 ) ) ;
#673 = LINE ( 'NONE', #8074, #1654 ) ;
#674 = LINE ( 'NONE', #492, #8023 ) ;
#675 = CARTESIAN_POINT ( 'NONE',  ( 2.570000000000000284, 0.1999999999999999833, 0.9999999999999995559 ) ) ;
#676 = AXIS2_PLACEMENT_3D ( 'NONE', #3660, #11011, #8337 ) ;
#677 = VECTOR ( 'NONE', #3257, 1000.000000000000000 ) ;
#678 = VECTOR ( 'NONE', #8429, 1000.000000000000000 ) ;
#679 = CARTESIAN_POINT ( 'NONE',  ( -2.300000000000000711, 0.9000000000000000222, -2.300000000000000711 ) ) ;
#680 = ORIENTED_EDGE ( 'NONE', *, *, #12165, .T. ) ;
#681 = CARTESIAN_POINT ( 'NONE',  ( -1.619999999999999885, 0.2000000000000000111, 2.570000000000001616 ) ) ;
#682 = ORIENTED_EDGE ( 'NONE', *, *, #7740, .T. ) ;
#683 = VECTOR ( 'NONE', #9680, 1000.000000000000000 ) ;
#684 = PRESENTATION_STYLE_ASSIGNMENT (( #3466 ) ) ;
#685 = DIRECTION ( 'NONE',  ( 0.000000000000000000, -1.000000000000000000, 0.000000000000000000 ) ) ;
#686 = DIRECTION ( 'NONE',  ( 0.000000000000000000, 0.000000000000000000, 1.000000000000000000 ) ) ;
#687 = FACE_OUTER_BOUND ( 'NONE', #6250, .T. ) ;
#688 = AXIS2_PLACEMENT_3D ( 'NONE', #3598, #3418, #11122 ) ;
#689 = ORIENTED_EDGE ( 'NONE', *, *, #4958, .T. ) ;
#690 = ORIENTED_EDGE ( 'NONE', *, *, #3911, .T. ) ;
#691 = VECTOR ( 'NONE', #4090, 1000.000000000000000 ) ;
#692 = DIRECTION ( 'NONE',  ( -0.000000000000000000, -1.000000000000000000, 0.000000000000000000 ) ) ;
#693 = CIRCLE ( 'NONE', #8347, 0.1199999999999999956 ) ;
#694 = EDGE_LOOP ( 'NONE', ( #2209, #3425, #11568, #9484, #3254 ) ) ;
#695 = LINE ( 'NONE', #9826, #2507 ) ;
#696 = EDGE_CURVE ( 'NONE', #5566, #2248, #11877, .T. ) ;
#697 = MECHANICAL_DESIGN_GEOMETRIC_PRESENTATION_REPRESENTATION (  '', ( #722 ), #9750 ) ;
#698 = ORIENTED_EDGE ( 'NONE', *, *, #8004, .F. ) ;
#699 = VECTOR ( 'NONE', #371, 1000.000000000000000 ) ;
#700 = SURFACE_SIDE_STYLE ('',( #10880 ) ) ;
#701 = DIRECTION ( 'NONE',  ( 0.000000000000000000, -0.000000000000000000, 1.000000000000000000 ) ) ;
#702 = SURFACE_STYLE_USAGE ( .BOTH. , #7421 ) ;
#703 = PLANE ( 'NONE',  #2084 ) ;
#704 = CYLINDRICAL_SURFACE ( 'NONE', #4094, 0.1199999999999998845 ) ;
#705 = PLANE ( 'NONE',  #2633 ) ;
#706 = FACE_OUTER_BOUND ( 'NONE', #6183, .T. ) ;
#707 = DIRECTION ( 'NONE',  ( -0.000000000000000000, -1.000000000000000000, 0.000000000000000000 ) ) ;
#708 = FACE_OUTER_BOUND ( 'NONE', #4986, .T. ) ;
#709 = DIRECTION ( 'NONE',  ( 0.000000000000000000, 0.000000000000000000, 1.000000000000000000 ) ) ;
#710 = VECTOR ( 'NONE', #600, 1000.000000000000000 ) ;
#711 = ORIENTED_EDGE ( 'NONE', *, *, #10519, .F. ) ;
#712 = VECTOR ( 'NONE', #9277, 1000.000000000000000 ) ;
#713 = ORIENTED_EDGE ( 'NONE', *, *, #7047, .F. ) ;
#714 = ORIENTED_EDGE ( 'NONE', *, *, #11746, .F. ) ;
#715 = UNCERTAINTY_MEASURE_WITH_UNIT (LENGTH_MEASURE( 1.000000000000000082E-05 ), #7572, 'distance_accuracy_value', 'NONE');
#716 = ORIENTED_EDGE ( 'NONE', *, *, #5971, .T. ) ;
#717 = LINE ( 'NONE', #2575, #11802 ) ;
#718 = CARTESIAN_POINT ( 'NONE',  ( 2.120000000000000551, 0.8000833275471003203, -2.570000000000001616 ) ) ;
#719 = PRESENTATION_LAYER_ASSIGNMENT (  '', '', ( #6428 ) ) ;
#720 = DIRECTION ( 'NONE',  ( -1.000000000000000000, 0.000000000000000000, 0.000000000000000000 ) ) ;
#721 = DIRECTION ( 'NONE',  ( 0.000000000000000000, 0.000000000000000000, -1.000000000000000000 ) ) ;
#722 = STYLED_ITEM ( 'NONE', ( #11596 ), #8488 ) ;
#723 = EDGE_CURVE ( 'NONE', #3366, #41, #11025, .T. ) ;
#724 = DIRECTION ( 'NONE',  ( 0.000000000000000000, 0.000000000000000000, 1.000000000000000000 ) ) ;
#725 = DIRECTION ( 'NONE',  ( -1.008560160451631481E-15, 0.000000000000000000, -1.000000000000000000 ) ) ;
#726 = CARTESIAN_POINT ( 'NONE',  ( -1.120000000000000329, 0.04999999999999999584, -2.570000000000001616 ) ) ;
#727 = EDGE_CURVE ( 'NONE', #5660, #9839, #4073, .T. ) ;
#728 = ADVANCED_FACE ( 'NONE', ( #11589 ), #3151, .T. ) ;
#729 = VERTEX_POINT ( 'NONE', #5394 ) ;
#730 = EDGE_LOOP ( 'NONE', ( #2350, #6281, #11876, #4988 ) ) ;
#731 =( GEOMETRIC_REPRESENTATION_CONTEXT ( 3 ) GLOBAL_UNCERTAINTY_ASSIGNED_CONTEXT ( ( #11448 ) ) GLOBAL_UNIT_ASSIGNED_CONTEXT ( ( #9602, #2159, #8497 ) ) REPRESENTATION_CONTEXT ( 'NONE', 'WORKASPACE' ) );
#732 = AXIS2_PLACEMENT_3D ( 'NONE', #11742, #633, #6072 ) ;
#733 = ORIENTED_EDGE ( 'NONE', *, *, #6629, .F. ) ;
#734 = EDGE_CURVE ( 'NONE', #5210, #9724, #4298, .T. ) ;
#735 = LINE ( 'NONE', #5837, #10327 ) ;
#736 = CARTESIAN_POINT ( 'NONE',  ( -3.000000000000000888, 0.1999999999999999833, 1.880000000000000115 ) ) ;
#737 = ADVANCED_FACE ( 'NONE', ( #8418 ), #3739, .T. ) ;
#738 = CARTESIAN_POINT ( 'NONE',  ( -0.6200000000000003286, 0.04999999999999999584, -2.570000000000001616 ) ) ;
#739 = LINE ( 'NONE', #1540, #4192 ) ;
#740 = DIRECTION ( 'NONE',  ( 0.000000000000000000, 0.000000000000000000, -1.000000000000000000 ) ) ;
#741 = AXIS2_PLACEMENT_3D ( 'NONE', #3680, #2700, #11256 ) ;
#742 = CARTESIAN_POINT ( 'NONE',  ( -3.000000000000000888, 0.000000000000000000, -1.379999999999999671 ) ) ;
#743 = LINE ( 'NONE', #7218, #6255 ) ;
#744 = CARTESIAN_POINT ( 'NONE',  ( -2.570000000000001172, 0.8000833275471006534, 1.500000000000000000 ) ) ;
#745 = DIRECTION ( 'NONE',  ( 0.000000000000000000, -1.000000000000000000, 0.000000000000000000 ) ) ;
#746 = VECTOR ( 'NONE', #2128, 1000.000000000000000 ) ;
#747 = ORIENTED_EDGE ( 'NONE', *, *, #9900, .T. ) ;
#748 = CARTESIAN_POINT ( 'NONE',  ( -1.119999999999999885, 0.04999999999999999584, 2.570000000000001616 ) ) ;
#749 = VERTEX_POINT ( 'NONE', #2876 ) ;
#750 = CARTESIAN_POINT ( 'NONE',  ( 3.000000000000000888, 0.04999999999999969746, 1.120000000000000329 ) ) ;
#751 = DIRECTION ( 'NONE',  ( -5.042800802258162337E-16, 0.000000000000000000, -1.000000000000000000 ) ) ;
#752 = LINE ( 'NONE', #7339, #9417 ) ;
#753 = DIRECTION ( 'NONE',  ( 0.7071067811865454633, -0.000000000000000000, 0.7071067811865495711 ) ) ;
#754 = CLOSED_SHELL ( 'NONE', ( #5365, #5770, #432, #9333, #4944, #728 ) ) ;
#755 = VERTEX_POINT ( 'NONE', #11312 ) ;
#756 = CARTESIAN_POINT ( 'NONE',  ( -1.119999999999999440, 0.1999999999999999833, -3.000000000000001776 ) ) ;
#757 = ORIENTED_EDGE ( 'NONE', *, *, #8558, .T. ) ;
#758 = PLANE ( 'NONE',  #4485 ) ;
#759 = CIRCLE ( 'NONE', #5880, 0.1199999999999998845 ) ;
#760 = ORIENTED_EDGE ( 'NONE', *, *, #5485, .F. ) ;
#761 = AXIS2_PLACEMENT_3D ( 'NONE', #6736, #10496, #2050 ) ;
#762 = PLANE ( 'NONE',  #6399 ) ;
#763 = CARTESIAN_POINT ( 'NONE',  ( -2.570000000000001172, 0.8000833275471006534, 1.000000000000000000 ) ) ;
#764 =( LENGTH_UNIT ( ) NAMED_UNIT ( * ) SI_UNIT ( .MILLI., .METRE. ) );
#765 = ADVANCED_FACE ( 'NONE', ( #2758 ), #6703, .T. ) ;
#766 = DIRECTION ( 'NONE',  ( 1.000000000000000000, -0.000000000000000000, -0.000000000000000000 ) ) ;
#767 = FACE_OUTER_BOUND ( 'NONE', #8549, .T. ) ;
#768 = DIRECTION ( 'NONE',  ( 0.000000000000000000, -0.000000000000000000, 1.000000000000000000 ) ) ;
#769 = CARTESIAN_POINT ( 'NONE',  ( 0.8800000000000005596, 0.000000000000000000, 3.000000000000001776 ) ) ;
#770 = CARTESIAN_POINT ( 'NONE',  ( -0.6199999999999994404, 0.2000000000000000111, 3.000000000000001776 ) ) ;
#771 = DIRECTION ( 'NONE',  ( -1.000000000000000000, 0.000000000000000000, 5.042800802258162337E-16 ) ) ;
#772 = ADVANCED_FACE ( 'NONE', ( #2810 ), #12056, .T. ) ;
#773 = AXIS2_PLACEMENT_3D ( 'NONE', #8770, #8706, #6934 ) ;
#774 = ORIENTED_EDGE ( 'NONE', *, *, #6893, .F. ) ;
#775 = AXIS2_PLACEMENT_3D ( 'NONE', #11660, #8884, #1301 ) ;
#776 = ORIENTED_EDGE ( 'NONE', *, *, #7655, .T. ) ;
#777 = ORIENTED_EDGE ( 'NONE', *, *, #2397, .F. ) ;
#778 = EDGE_LOOP ( 'NONE', ( #9579, #6713, #2670, #11253 ) ) ;
#779 = DIRECTION ( 'NONE',  ( 0.000000000000000000, -0.000000000000000000, 1.000000000000000000 ) ) ;
#780 = CARTESIAN_POINT ( 'NONE',  ( 0.000000000000000000, 0.04999999999999999584, -2.570000000000001616 ) ) ;
#781 = CARTESIAN_POINT ( 'NONE',  ( -2.570000000000001172, 0.1999999999999999833, -1.879999999999999893 ) ) ;
#782 = DIRECTION ( 'NONE',  ( 0.000000000000000000, -0.000000000000000000, -1.000000000000000000 ) ) ;
#783 = VECTOR ( 'NONE', #4358, 1000.000000000000000 ) ;
#784 = DIRECTION ( 'NONE',  ( 0.000000000000000000, 0.000000000000000000, 1.000000000000000000 ) ) ;
#785 = PLANE ( 'NONE',  #11769 ) ;
#786 = DIRECTION ( 'NONE',  ( 0.000000000000000000, -0.000000000000000000, 1.000000000000000000 ) ) ;
#787 = CARTESIAN_POINT ( 'NONE',  ( 2.570000000000001172, 0.8000833275471006534, -1.879999999999999893 ) ) ;
#788 = PRESENTATION_LAYER_ASSIGNMENT (  '', '', ( #4137 ) ) ;
#789 = ORIENTED_EDGE ( 'NONE', *, *, #4611, .T. ) ;
#790 = EDGE_LOOP ( 'NONE', ( #5269, #4761, #5909, #9882 ) ) ;
#791 = ORIENTED_EDGE ( 'NONE', *, *, #9852, .T. ) ;
#792 = FACE_OUTER_BOUND ( 'NONE', #6091, .T. ) ;
#793 = DIRECTION ( 'NONE',  ( 0.000000000000000000, -0.000000000000000000, -1.000000000000000000 ) ) ;
#794 =( NAMED_UNIT ( * ) PLANE_ANGLE_UNIT ( ) SI_UNIT ( $, .RADIAN. ) );
#795 = DIRECTION ( 'NONE',  ( 1.000000000000000000, -0.000000000000000000, 5.042800802258162337E-16 ) ) ;
#796 = LINE ( 'NONE', #11273, #8382 ) ;
#797 = LINE ( 'NONE', #3455, #2459 ) ;
#798 = ORIENTED_EDGE ( 'NONE', *, *, #2261, .F. ) ;
#799 = SURFACE_STYLE_FILL_AREA ( #3516 ) ;
#800 = ADVANCED_FACE ( 'NONE', ( #9284, #12121 ), #3676, .F. ) ;
#801 = ADVANCED_FACE ( 'NONE', ( #4595 ), #11252, .F. ) ;
#802 = PLANE ( 'NONE',  #5491 ) ;
#803 = ORIENTED_EDGE ( 'NONE', *, *, #2333, .F. ) ;
#804 = LINE ( 'NONE', #9308, #10575 ) ;
#805 = EDGE_LOOP ( 'NONE', ( #8275, #6877, #11632, #777 ) ) ;
#806 = DIRECTION ( 'NONE',  ( -0.000000000000000000, -1.000000000000000000, -0.000000000000000000 ) ) ;
#807 = STYLED_ITEM ( 'NONE', ( #5261 ), #1566 ) ;
#808 = DIRECTION ( 'NONE',  ( 1.000000000000000000, -0.000000000000000000, 5.042800802258162337E-16 ) ) ;
#809 = CARTESIAN_POINT ( 'NONE',  ( 3.000000000000000888, 0.1999999999999999833, 1.380000000000000115 ) ) ;
#810 = EDGE_CURVE ( 'NONE', #362, #5812, #3793, .T. ) ;
#811 = DIRECTION ( 'NONE',  ( 0.000000000000000000, -1.000000000000000000, 0.000000000000000000 ) ) ;
#812 = EDGE_CURVE ( 'NONE', #2393, #10854, #1770, .T. ) ;
#813 = PLANE ( 'NONE',  #5580 ) ;
#814 = EDGE_CURVE ( 'NONE', #3135, #229, #1890, .T. ) ;
#815 = EDGE_CURVE ( 'NONE', #1465, #2842, #5570, .T. ) ;
#816 = ADVANCED_FACE ( 'NONE', ( #900, #9341 ), #19, .T. ) ;
#817 = ORIENTED_EDGE ( 'NONE', *, *, #160, .F. ) ;
#818 = FACE_OUTER_BOUND ( 'NONE', #4969, .T. ) ;
#819 = ORIENTED_EDGE ( 'NONE', *, *, #8977, .F. ) ;
#820 = DIRECTION ( 'NONE',  ( 0.000000000000000000, 0.000000000000000000, -1.000000000000000000 ) ) ;
#821 = ORIENTED_EDGE ( 'NONE', *, *, #1522, .F. ) ;
#822 = CARTESIAN_POINT ( 'NONE',  ( -2.570000000000001172, 0.8000833275471006534, -1.379999999999999893 ) ) ;
#823 = CARTESIAN_POINT ( 'NONE',  ( 2.120000000000000551, 0.2000000000000000111, -2.570000000000001616 ) ) ;
#824 = DIRECTION ( 'NONE',  ( -0.000000000000000000, -1.000000000000000000, -0.000000000000000000 ) ) ;
#825 = EDGE_CURVE ( 'NONE', #8520, #2854, #6639, .T. ) ;
#826 = LINE ( 'NONE', #8096, #10399 ) ;
#827 = DIRECTION ( 'NONE',  ( 1.000000000000000000, 0.000000000000000000, -0.000000000000000000 ) ) ;
#828 = CARTESIAN_POINT ( 'NONE',  ( -2.570000000000001172, 0.1999999999999999833, -0.3799999999999998934 ) ) ;
#829 = DIRECTION ( 'NONE',  ( 0.000000000000000000, -1.000000000000000000, 0.000000000000000000 ) ) ;
#830 = APPLICATION_PROTOCOL_DEFINITION ( 'draft international standard', 'automotive_design', 1998, #3601 ) ;
#831 = LINE ( 'NONE', #8344, #11716 ) ;
#832 = EDGE_LOOP ( 'NONE', ( #1436, #932, #3621, #6637 ) ) ;
#833 = ORIENTED_EDGE ( 'NONE', *, *, #5179, .F. ) ;
#834 = ORIENTED_EDGE ( 'NONE', *, *, #597, .F. ) ;
#835 = ORIENTED_EDGE ( 'NONE', *, *, #11052, .T. ) ;
#836 = CARTESIAN_POINT ( 'NONE',  ( 0.000000000000000000, 1.000000000000000000, 0.000000000000000000 ) ) ;
#837 = ORIENTED_EDGE ( 'NONE', *, *, #12070, .F. ) ;
#838 = CARTESIAN_POINT ( 'NONE',  ( -2.570000000000001172, 0.8000833275471006534, -0.8799999999999998934 ) ) ;
#839 = LINE ( 'NONE', #9972, #2299 ) ;
#840 = DIRECTION ( 'NONE',  ( 0.000000000000000000, -0.000000000000000000, 1.000000000000000000 ) ) ;
#841 = PLANE ( 'NONE',  #7715 ) ;
#842 = CARTESIAN_POINT ( 'NONE',  ( -1.500000000000000000, 0.1999999999999999833, 2.570000000000001616 ) ) ;
#843 = LINE ( 'NONE', #12134, #3637 ) ;
#844 = ORIENTED_EDGE ( 'NONE', *, *, #7481, .T. ) ;
#845 = VERTEX_POINT ( 'NONE', #5696 ) ;
#846 = CIRCLE ( 'NONE', #4588, 0.1199999999999998845 ) ;
#847 = ORIENTED_EDGE ( 'NONE', *, *, #850, .F. ) ;
#848 = EDGE_CURVE ( 'NONE', #11889, #11773, #77, .T. ) ;
#849 = DIRECTION ( 'NONE',  ( -1.000000000000000000, 0.000000000000000000, 0.000000000000000000 ) ) ;
#850 = EDGE_CURVE ( 'NONE', #11179, #3384, #1519, .T. ) ;
#851 = CARTESIAN_POINT ( 'NONE',  ( -2.300000000000000711, 1.000000000000000000, -2.050000000000000711 ) ) ;
#852 = CARTESIAN_POINT ( 'NONE',  ( -2.570000000000001172, 0.8000833275471006534, 0.1200000000000000927 ) ) ;
#853 = EDGE_CURVE ( 'NONE', #3806, #2011, #2901, .T. ) ;
#854 = CIRCLE ( 'NONE', #9909, 0.1199999999999998845 ) ;
#855 = CARTESIAN_POINT ( 'NONE',  ( 0.3800000000000005596, 0.2000000000000000111, 3.000000000000001776 ) ) ;
#856 = FACE_OUTER_BOUND ( 'NONE', #6522, .T. ) ;
#857 = DIRECTION ( 'NONE',  ( 0.000000000000000000, 0.000000000000000000, -1.000000000000000000 ) ) ;
#858 = VERTEX_POINT ( 'NONE', #8291 ) ;
#859 = DIRECTION ( 'NONE',  ( 1.000000000000000000, 0.000000000000000000, 5.042800802258162337E-16 ) ) ;
#860 = LINE ( 'NONE', #4446, #5690 ) ;
#861 = AXIS2_PLACEMENT_3D ( 'NONE', #6734, #11782, #9865 ) ;
#862 = ORIENTED_EDGE ( 'NONE', *, *, #3747, .F. ) ;
#863 = DIRECTION ( 'NONE',  ( 0.000000000000000000, 0.000000000000000000, -1.000000000000000000 ) ) ;
#864 = ORIENTED_EDGE ( 'NONE', *, *, #11648, .T. ) ;
#865 = DIRECTION ( 'NONE',  ( 0.000000000000000000, 0.000000000000000000, 1.000000000000000000 ) ) ;
#866 = ADVANCED_FACE ( 'NONE', ( #7369 ), #11136, .T. ) ;
#867 = DIRECTION ( 'NONE',  ( 1.000000000000000000, 0.000000000000000000, -1.008560160451631481E-15 ) ) ;
#868 = ADVANCED_FACE ( 'NONE', ( #3181 ), #8712, .T. ) ;
#869 = CARTESIAN_POINT ( 'NONE',  ( 1.500000000000000000, 0.2000000000000000111, -2.570000000000001616 ) ) ;
#870 = CARTESIAN_POINT ( 'NONE',  ( -1.749999999999999334, 5.998275605729689097, -2.050000000000000266 ) ) ;
#871 = VECTOR ( 'NONE', #11715, 1000.000000000000000 ) ;
#872 = ADVANCED_FACE ( 'NONE', ( #395 ), #2070, .F. ) ;
#873 = EDGE_LOOP ( 'NONE', ( #2271, #3006, #11558, #5454 ) ) ;
#874 = CARTESIAN_POINT ( 'NONE',  ( 0.6200000000000003286, 0.000000000000000000, 3.000000000000001776 ) ) ;
#875 = ORIENTED_EDGE ( 'NONE', *, *, #12025, .T. ) ;
#876 = CARTESIAN_POINT ( 'NONE',  ( 0.1200000000000003147, 0.8000833275471003203, -3.000000000000001776 ) ) ;
#877 = EDGE_CURVE ( 'NONE', #1807, #5651, #9642, .T. ) ;
#878 = VECTOR ( 'NONE', #8353, 1000.000000000000000 ) ;
#879 = EDGE_LOOP ( 'NONE', ( #10343, #5767, #311, #3303 ) ) ;
#880 = VECTOR ( 'NONE', #9109, 1000.000000000000000 ) ;
#881 = DIRECTION ( 'NONE',  ( 1.000000000000000000, 0.000000000000000000, -1.008560160451631481E-15 ) ) ;
#882 = PLANE ( 'NONE',  #3474 ) ;
#883 = AXIS2_PLACEMENT_3D ( 'NONE', #2564, #1756, #10072 ) ;
#884 = EDGE_CURVE ( 'NONE', #7317, #532, #3978, .T. ) ;
#885 = CARTESIAN_POINT ( 'NONE',  ( 0.000000000000000000, 0.05000000000000000278, 0.3800000000000001155 ) ) ;
#886 = CARTESIAN_POINT ( 'NONE',  ( 0.1200000000000003147, 0.2000000000000000111, 3.000000000000001776 ) ) ;
#887 = LINE ( 'NONE', #6374, #4389 ) ;
#888 = DIRECTION ( 'NONE',  ( 0.000000000000000000, 1.000000000000000000, -0.000000000000000000 ) ) ;
#889 = DIRECTION ( 'NONE',  ( 0.000000000000000000, 0.000000000000000000, -1.000000000000000000 ) ) ;
#890 = EDGE_CURVE ( 'NONE', #12001, #8119, #7795, .T. ) ;
#891 = CARTESIAN_POINT ( 'NONE',  ( -3.000000000000000888, 0.04999999999999969746, 0.3800000000000001155 ) ) ;
#892 = DIRECTION ( 'NONE',  ( 1.000000000000000000, 0.000000000000000000, -5.042800802258162337E-16 ) ) ;
#893 = AXIS2_PLACEMENT_3D ( 'NONE', #1581, #9155, #8100 ) ;
#894 = ORIENTED_EDGE ( 'NONE', *, *, #9358, .T. ) ;
#895 = EDGE_LOOP ( 'NONE', ( #6883, #5868, #7190, #11403 ) ) ;
#896 = VERTEX_POINT ( 'NONE', #6939 ) ;
#897 =( GEOMETRIC_REPRESENTATION_CONTEXT ( 3 ) GLOBAL_UNCERTAINTY_ASSIGNED_CONTEXT ( ( #1453 ) ) GLOBAL_UNIT_ASSIGNED_CONTEXT ( ( #4859, #162, #2091 ) ) REPRESENTATION_CONTEXT ( 'NONE', 'WORKASPACE' ) );
#898 = VECTOR ( 'NONE', #4517, 1000.000000000000000 ) ;
#899 = ORIENTED_EDGE ( 'NONE', *, *, #7738, .F. ) ;
#900 = FACE_BOUND ( 'NONE', #8273, .T. ) ;
#901 = ORIENTED_EDGE ( 'NONE', *, *, #4133, .F. ) ;
#902 = FILL_AREA_STYLE_COLOUR ( '', #6001 ) ;
#903 = AXIS2_PLACEMENT_3D ( 'NONE', #1003, #4762, #3840 ) ;
#904 = CARTESIAN_POINT ( 'NONE',  ( 2.120000000000000551, 0.2000000000000000111, 3.000000000000001776 ) ) ;
#905 = DIRECTION ( 'NONE',  ( 1.000000000000000000, 0.000000000000000000, -0.000000000000000000 ) ) ;
#906 = CARTESIAN_POINT ( 'NONE',  ( -2.000000000000000000, 0.2000000000000000111, -2.570000000000001616 ) ) ;
#907 = CIRCLE ( 'NONE', #2487, 0.1199999999999998845 ) ;
#908 = VECTOR ( 'NONE', #5348, 1000.000000000000000 ) ;
#909 = FACE_OUTER_BOUND ( 'NONE', #1747, .T. ) ;
#910 = LINE ( 'NONE', #8361, #4032 ) ;
#911 = ORIENTED_EDGE ( 'NONE', *, *, #4738, .T. ) ;
#912 = ORIENTED_EDGE ( 'NONE', *, *, #6245, .T. ) ;
#913 = VERTEX_POINT ( 'NONE', #5821 ) ;
#914 = VECTOR ( 'NONE', #2614, 1000.000000000000000 ) ;
#915 = AXIS2_PLACEMENT_3D ( 'NONE', #6045, #424, #8011 ) ;
#916 = CARTESIAN_POINT ( 'NONE',  ( -0.6199999999999994404, 0.000000000000000000, 3.000000000000001776 ) ) ;
#917 = DIRECTION ( 'NONE',  ( 0.000000000000000000, 0.000000000000000000, -1.000000000000000000 ) ) ;
#918 = LINE ( 'NONE', #6527, #2315 ) ;
#919 = DIRECTION ( 'NONE',  ( 0.000000000000000000, -1.000000000000000000, 0.000000000000000000 ) ) ;
#920 = DIRECTION ( 'NONE',  ( 0.000000000000000000, -0.000000000000000000, -1.000000000000000000 ) ) ;
#921 = EDGE_CURVE ( 'NONE', #2064, #9418, #10698, .T. ) ;
#922 = ADVANCED_FACE ( 'NONE', ( #9580 ), #3239, .T. ) ;
#923 = CARTESIAN_POINT ( 'NONE',  ( -2.570000000000001172, 0.1999999999999999833, -1.119999999999999885 ) ) ;
#924 = VECTOR ( 'NONE', #7512, 1000.000000000000000 ) ;
#925 = ORIENTED_EDGE ( 'NONE', *, *, #11214, .T. ) ;
#926 = DIRECTION ( 'NONE',  ( -1.057758217059028854E-16, 0.000000000000000000, 1.000000000000000000 ) ) ;
#927 = ORIENTED_EDGE ( 'NONE', *, *, #4644, .T. ) ;
#928 = ADVANCED_FACE ( 'NONE', ( #6006 ), #6882, .T. ) ;
#929 =( LENGTH_UNIT ( ) NAMED_UNIT ( * ) SI_UNIT ( .MILLI., .METRE. ) );
#930 = VERTEX_POINT ( 'NONE', #8843 ) ;
#931 = DIRECTION ( 'NONE',  ( 0.000000000000000000, 0.000000000000000000, -1.000000000000000000 ) ) ;
#932 = ORIENTED_EDGE ( 'NONE', *, *, #46, .T. ) ;
#933 = AXIS2_PLACEMENT_3D ( 'NONE', #2815, #8663, #23 ) ;
#934 = LINE ( 'NONE', #11412, #5358 ) ;
#935 = CYLINDRICAL_SURFACE ( 'NONE', #10352, 0.1199999999999998845 ) ;
#936 = CARTESIAN_POINT ( 'NONE',  ( -2.049999999999999378, 0.1999999999999996503, -1.750000000000001998 ) ) ;
#937 = CARTESIAN_POINT ( 'NONE',  ( -3.000000000000000888, 0.8000833275471006534, -1.119999999999999885 ) ) ;
#938 = VECTOR ( 'NONE', #10634, 1000.000000000000000 ) ;
#939 = AXIS2_PLACEMENT_3D ( 'NONE', #5420, #11100, #1544 ) ;
#940 = ORIENTED_EDGE ( 'NONE', *, *, #3368, .F. ) ;
#941 = DIRECTION ( 'NONE',  ( 0.000000000000000000, -0.000000000000000000, 1.000000000000000000 ) ) ;
#942 = EDGE_LOOP ( 'NONE', ( #986, #9592, #5357, #197 ) ) ;
#943 = EDGE_LOOP ( 'NONE', ( #11475, #9382, #3640, #5439 ) ) ;
#944 = FILL_AREA_STYLE_COLOUR ( '', #6811 ) ;
#945 = AXIS2_PLACEMENT_3D ( 'NONE', #6305, #10060, #1613 ) ;
#946 = FACE_OUTER_BOUND ( 'NONE', #6551, .T. ) ;
#947 = PRESENTATION_STYLE_ASSIGNMENT (( #9392 ) ) ;
#948 = DIRECTION ( 'NONE',  ( 1.008560160451631481E-15, -0.000000000000000000, 1.000000000000000000 ) ) ;
#949 = CARTESIAN_POINT ( 'NONE',  ( 1.880000000000000560, 0.000000000000000000, 3.000000000000001776 ) ) ;
#950 = DIRECTION ( 'NONE',  ( 0.000000000000000000, 0.000000000000000000, 1.000000000000000000 ) ) ;
#951 = PLANE ( 'NONE',  #3289 ) ;
#952 = PLANE ( 'NONE',  #5489 ) ;
#953 = EDGE_CURVE ( 'NONE', #4839, #4911, #11486, .T. ) ;
#954 = CARTESIAN_POINT ( 'NONE',  ( -2.570000000000001172, 0.8000833275471006534, 0.5000000000000000000 ) ) ;
#955 = ORIENTED_EDGE ( 'NONE', *, *, #9548, .F. ) ;
#956 = VERTEX_POINT ( 'NONE', #327 ) ;
#957 = EDGE_LOOP ( 'NONE', ( #634, #1532, #2611, #10924 ) ) ;
#958 = VECTOR ( 'NONE', #7248, 1000.000000000000000 ) ;
#959 = ADVANCED_FACE ( 'NONE', ( #2137 ), #7917, .F. ) ;
#960 = ORIENTED_EDGE ( 'NONE', *, *, #6924, .F. ) ;
#961 = DIRECTION ( 'NONE',  ( 0.000000000000000000, -1.000000000000000000, 0.000000000000000000 ) ) ;
#962 = ORIENTED_EDGE ( 'NONE', *, *, #3963, .T. ) ;
#963 =( NAMED_UNIT ( * ) SI_UNIT ( $, .STERADIAN. ) SOLID_ANGLE_UNIT ( ) );
#964 = CARTESIAN_POINT ( 'NONE',  ( 0.000000000000000000, 0.04999999999999999584, 2.570000000000001616 ) ) ;
#965 = DIRECTION ( 'NONE',  ( -1.000000000000000000, 0.000000000000000000, 5.042800802258162337E-16 ) ) ;
#966 = CARTESIAN_POINT ( 'NONE',  ( 3.000000000000000888, 0.04999999999999969746, 1.620000000000000329 ) ) ;
#967 = SURFACE_SIDE_STYLE ('',( #8427 ) ) ;
#968 = AXIS2_PLACEMENT_3D ( 'NONE', #11430, #2930, #9637 ) ;
#969 = AXIS2_PLACEMENT_3D ( 'NONE', #3537, #7294, #941 ) ;
#970 = LINE ( 'NONE', #7623, #10811 ) ;
#971 = CARTESIAN_POINT ( 'NONE',  ( 0.1200000000000000927, 0.8000833275471003203, 2.570000000000001616 ) ) ;
#972 = EDGE_CURVE ( 'NONE', #9655, #1650, #11675, .T. ) ;
#973 = ORIENTED_EDGE ( 'NONE', *, *, #8887, .F. ) ;
#974 = EDGE_CURVE ( 'NONE', #11020, #3873, #8658, .T. ) ;
#975 = ORIENTED_EDGE ( 'NONE', *, *, #2540, .T. ) ;
#976 = ORIENTED_EDGE ( 'NONE', *, *, #12191, .T. ) ;
#977 = ADVANCED_FACE ( 'NONE', ( #4101 ), #3053, .T. ) ;
#978 = ORIENTED_EDGE ( 'NONE', *, *, #9184, .T. ) ;
#979 = EDGE_CURVE ( 'NONE', #6813, #5425, #9698, .T. ) ;
#980 = PLANE ( 'NONE',  #6586 ) ;
#981 = SURFACE_STYLE_USAGE ( .BOTH. , #1213 ) ;
#982 = VECTOR ( 'NONE', #2843, 1000.000000000000000 ) ;
#983 = CARTESIAN_POINT ( 'NONE',  ( -3.000000000000000888, 0.04999999999999969746, 1.880000000000000115 ) ) ;
#984 = CARTESIAN_POINT ( 'NONE',  ( -2.570000000000001172, 0.1999999999999999833, -0.5000000000000000000 ) ) ;
#985 = CARTESIAN_POINT ( 'NONE',  ( 2.570000000000001172, 0.1999999999999999833, -1.379999999999999893 ) ) ;
#986 = ORIENTED_EDGE ( 'NONE', *, *, #6927, .F. ) ;
#987 = DIRECTION ( 'NONE',  ( 0.000000000000000000, -0.000000000000000000, -1.000000000000000000 ) ) ;
#988 = VERTEX_POINT ( 'NONE', #1075 ) ;
#989 = CARTESIAN_POINT ( 'NONE',  ( -2.000000000000000000, 0.1999999999999999833, 2.570000000000001616 ) ) ;
#990 = ORIENTED_EDGE ( 'NONE', *, *, #2583, .F. ) ;
#991 = LINE ( 'NONE', #175, #1681 ) ;
#992 = ORIENTED_EDGE ( 'NONE', *, *, #8182, .T. ) ;
#993 = CARTESIAN_POINT ( 'NONE',  ( -2.570000000000001172, 0.000000000000000000, -0.8799999999999998934 ) ) ;
#994 = CARTESIAN_POINT ( 'NONE',  ( -1.379999999999999671, 0.2000000000000000111, -3.000000000000001776 ) ) ;
#995 = FACE_OUTER_BOUND ( 'NONE', #10729, .T. ) ;
#996 = CARTESIAN_POINT ( 'NONE',  ( 3.000000000000000888, 0.000000000000000000, 0.6200000000000003286 ) ) ;
#997 = DIRECTION ( 'NONE',  ( -0.000000000000000000, -1.000000000000000000, -0.000000000000000000 ) ) ;
#998 = ORIENTED_EDGE ( 'NONE', *, *, #3164, .T. ) ;
#999 = CARTESIAN_POINT ( 'NONE',  ( 2.120000000000000551, 0.05000000000000000278, 0.000000000000000000 ) ) ;
#1000 = ORIENTED_EDGE ( 'NONE', *, *, #647, .F. ) ;
#1001 = ADVANCED_FACE ( 'NONE', ( #4840 ), #8598, .T. ) ;
#1002 = ORIENTED_EDGE ( 'NONE', *, *, #1515, .T. ) ;
#1003 = CARTESIAN_POINT ( 'NONE',  ( -2.570000000000001172, 0.000000000000000000, -1.500000000000000000 ) ) ;
#1004 = EDGE_CURVE ( 'NONE', #9574, #11984, #695, .T. ) ;
#1005 = DIRECTION ( 'NONE',  ( -1.057758217059028854E-16, 0.000000000000000000, 1.000000000000000000 ) ) ;
#1006 = DIRECTION ( 'NONE',  ( 1.000000000000000000, -0.000000000000000000, -0.000000000000000000 ) ) ;
#1007 = DIRECTION ( 'NONE',  ( -0.000000000000000000, -1.000000000000000000, -0.000000000000000000 ) ) ;
#1008 = LINE ( 'NONE', #4947, #5367 ) ;
#1009 = CARTESIAN_POINT ( 'NONE',  ( 2.999999999999999112, 0.05000000000000000278, 2.999999999999998224 ) ) ;
#1010 = ADVANCED_FACE ( 'NONE', ( #8143 ), #11920, .F. ) ;
#1011 = DIRECTION ( 'NONE',  ( -0.000000000000000000, -1.000000000000000000, -0.000000000000000000 ) ) ;
#1012 = ORIENTED_EDGE ( 'NONE', *, *, #3904, .T. ) ;
#1013 = ORIENTED_EDGE ( 'NONE', *, *, #9225, .F. ) ;
#1014 = ORIENTED_EDGE ( 'NONE', *, *, #2540, .F. ) ;
#1015 = ORIENTED_EDGE ( 'NONE', *, *, #11356, .F. ) ;
#1016 = CARTESIAN_POINT ( 'NONE',  ( -2.000000000000000000, 0.000000000000000000, -2.570000000000001616 ) ) ;
#1017 = ORIENTED_EDGE ( 'NONE', *, *, #3112, .F. ) ;
#1018 = CARTESIAN_POINT ( 'NONE',  ( 3.000000000000000888, 0.1999999999999999833, 0.8800000000000001155 ) ) ;
#1019 = LINE ( 'NONE', #7620, #11174 ) ;
#1020 = DIRECTION ( 'NONE',  ( -0.000000000000000000, -1.000000000000000000, -0.000000000000000000 ) ) ;
#1021 = DIRECTION ( 'NONE',  ( -1.000000000000000000, 0.000000000000000000, 1.445602896647339163E-16 ) ) ;
#1022 = AXIS2_PLACEMENT_3D ( 'NONE', #10899, #9047, #2456 ) ;
#1023 = EDGE_CURVE ( 'NONE', #9223, #9639, #8900, .T. ) ;
#1024 = ADVANCED_FACE ( 'NONE', ( #7976 ), #4394, .T. ) ;
#1025 = CARTESIAN_POINT ( 'NONE',  ( -2.570000000000001172, 0.8000833275471006534, -1.619999999999999885 ) ) ;
#1026 = EDGE_CURVE ( 'NONE', #9200, #11460, #9385, .T. ) ;
#1027 = DIRECTION ( 'NONE',  ( 1.008560160451631481E-15, -0.000000000000000000, 1.000000000000000000 ) ) ;
#1028 = VERTEX_POINT ( 'NONE', #9021 ) ;
#1029 = ORIENTED_EDGE ( 'NONE', *, *, #1515, .F. ) ;
#1030 = ORIENTED_EDGE ( 'NONE', *, *, #5922, .T. ) ;
#1031 = ORIENTED_EDGE ( 'NONE', *, *, #9775, .F. ) ;
#1032 = VECTOR ( 'NONE', #1427, 1000.000000000000000 ) ;
#1033 = ADVANCED_FACE ( 'NONE', ( #1437 ), #5372, .T. ) ;
#1034 = DIRECTION ( 'NONE',  ( 0.000000000000000000, 1.000000000000000000, 0.000000000000000000 ) ) ;
#1035 = CARTESIAN_POINT ( 'NONE',  ( 3.000000000000000888, 0.8000833275471006534, 0.6200000000000003286 ) ) ;
#1036 = DIRECTION ( 'NONE',  ( 0.000000000000000000, -1.000000000000000000, 0.000000000000000000 ) ) ;
#1037 = CARTESIAN_POINT ( 'NONE',  ( 2.120000000000000551, 0.04999999999999999584, 2.570000000000001616 ) ) ;
#1038 = PLANE ( 'NONE',  #11534 ) ;
#1039 = EDGE_CURVE ( 'NONE', #9598, #11608, #4275, .T. ) ;
#1040 = ADVANCED_FACE ( 'NONE', ( #577 ), #2559, .F. ) ;
#1041 = DIRECTION ( 'NONE',  ( 5.042800802258162337E-16, 0.000000000000000000, -1.000000000000000000 ) ) ;
#1042 = VERTEX_POINT ( 'NONE', #4462 ) ;
#1043 = ORIENTED_EDGE ( 'NONE', *, *, #12010, .T. ) ;
#1044 = CARTESIAN_POINT ( 'NONE',  ( -0.8799999999999996714, 0.1999999999999999833, 2.570000000000001616 ) ) ;
#1045 = ORIENTED_EDGE ( 'NONE', *, *, #11894, .F. ) ;
#1046 = CARTESIAN_POINT ( 'NONE',  ( 1.620000000000000329, 0.05000000000000000278, 0.000000000000000000 ) ) ;
#1047 = VERTEX_POINT ( 'NONE', #11985 ) ;
#1048 = VECTOR ( 'NONE', #7753, 1000.000000000000000 ) ;
#1049 = FACE_OUTER_BOUND ( 'NONE', #5273, .T. ) ;
#1050 = DIRECTION ( 'NONE',  ( 0.000000000000000000, 0.000000000000000000, 1.000000000000000000 ) ) ;
#1051 = PLANE ( 'NONE',  #2092 ) ;
#1052 = DIRECTION ( 'NONE',  ( -1.000000000000000000, 0.000000000000000000, 0.000000000000000000 ) ) ;
#1053 = LINE ( 'NONE', #10436, #1851 ) ;
#1054 = AXIS2_PLACEMENT_3D ( 'NONE', #5920, #6054, #4082 ) ;
#1055 = CARTESIAN_POINT ( 'NONE',  ( 0.1200000000000003147, 0.2000000000000000111, -2.570000000000001616 ) ) ;
#1056 = ORIENTED_EDGE ( 'NONE', *, *, #6507, .T. ) ;
#1057 = ORIENTED_EDGE ( 'NONE', *, *, #6240, .T. ) ;
#1058 = VECTOR ( 'NONE', #9859, 1000.000000000000000 ) ;
#1059 = AXIS2_PLACEMENT_3D ( 'NONE', #10722, #3082, #6963 ) ;
#1060 = DIRECTION ( 'NONE',  ( -0.000000000000000000, -1.000000000000000000, -0.000000000000000000 ) ) ;
#1061 = DIRECTION ( 'NONE',  ( -0.000000000000000000, -1.000000000000000000, -0.000000000000000000 ) ) ;
#1062 = PLANE ( 'NONE',  #5654 ) ;
#1063 = DIRECTION ( 'NONE',  ( 0.000000000000000000, -0.000000000000000000, 1.000000000000000000 ) ) ;
#1064 = LINE ( 'NONE', #1009, #8397 ) ;
#1065 = EDGE_CURVE ( 'NONE', #8035, #5571, #1564, .T. ) ;
#1066 = CARTESIAN_POINT ( 'NONE',  ( -3.000000000000000888, 0.1999999999999999833, -0.6199999999999998845 ) ) ;
#1067 = DIRECTION ( 'NONE',  ( 0.000000000000000000, 0.000000000000000000, 1.000000000000000000 ) ) ;
#1068 = VERTEX_POINT ( 'NONE', #7067 ) ;
#1069 = ORIENTED_EDGE ( 'NONE', *, *, #9783, .F. ) ;
#1070 = AXIS2_PLACEMENT_3D ( 'NONE', #1338, #4971, #1209 ) ;
#1071 = VERTEX_POINT ( 'NONE', #9948 ) ;
#1072 = EDGE_CURVE ( 'NONE', #2405, #6682, #10379, .T. ) ;
#1073 = AXIS2_PLACEMENT_3D ( 'NONE', #6830, #11444, #8666 ) ;
#1074 = ORIENTED_EDGE ( 'NONE', *, *, #5892, .F. ) ;
#1075 = CARTESIAN_POINT ( 'NONE',  ( 3.000000000000000888, 0.1999999999999999833, -0.6199999999999998845 ) ) ;
#1076 = ORIENTED_EDGE ( 'NONE', *, *, #2544, .T. ) ;
#1077 = CYLINDRICAL_SURFACE ( 'NONE', #11518, 0.1199999999999998845 ) ;
#1078 = DIRECTION ( 'NONE',  ( 0.000000000000000000, -1.000000000000000000, 0.000000000000000000 ) ) ;
#1079 = DIRECTION ( 'NONE',  ( -0.000000000000000000, -1.000000000000000000, -0.000000000000000000 ) ) ;
#1080 = CARTESIAN_POINT ( 'NONE',  ( -1.916264304858107900E-16, 0.05000000000000000278, -0.3800000000000012257 ) ) ;
#1081 = COLOUR_RGB ( '',0.7921568627450980005, 0.8196078431372548767, 0.9333333333333333481 ) ;
#1082 = SURFACE_STYLE_FILL_AREA ( #10518 ) ;
#1083 = VECTOR ( 'NONE', #7188, 1000.000000000000000 ) ;
#1084 = DIRECTION ( 'NONE',  ( 0.000000000000000000, 0.000000000000000000, -1.000000000000000000 ) ) ;
#1085 = DIRECTION ( 'NONE',  ( 0.000000000000000000, 1.000000000000000000, 0.000000000000000000 ) ) ;
#1086 = ORIENTED_EDGE ( 'NONE', *, *, #1291, .F. ) ;
#1087 = EDGE_LOOP ( 'NONE', ( #2239, #2336, #7930, #2005 ) ) ;
#1088 = VERTEX_POINT ( 'NONE', #1501 ) ;
#1089 = ORIENTED_EDGE ( 'NONE', *, *, #2846, .T. ) ;
#1090 = CIRCLE ( 'NONE', #5417, 0.1199999999999998845 ) ;
#1091 = VECTOR ( 'NONE', #3817, 1000.000000000000000 ) ;
#1092 = CARTESIAN_POINT ( 'NONE',  ( -2.000000000000000000, 0.000000000000000000, 2.570000000000001616 ) ) ;
#1093 = VECTOR ( 'NONE', #1440, 1000.000000000000000 ) ;
#1094 = SURFACE_STYLE_FILL_AREA ( #3012 ) ;
#1095 = VECTOR ( 'NONE', #4386, 1000.000000000000000 ) ;
#1096 = DIRECTION ( 'NONE',  ( 1.000000000000000000, 0.000000000000000000, -5.042800802258162337E-16 ) ) ;
#1097 = EDGE_CURVE ( 'NONE', #7550, #5206, #10823, .T. ) ;
#1098 = FACE_OUTER_BOUND ( 'NONE', #10330, .T. ) ;
#1099 = CARTESIAN_POINT ( 'NONE',  ( 2.120000000000000551, 0.8000833275471003203, -3.000000000000001776 ) ) ;
#1100 = CIRCLE ( 'NONE', #8771, 0.1199999999999998845 ) ;
#1101 = CARTESIAN_POINT ( 'NONE',  ( 2.570000000000001172, 0.8000833275471006534, 2.120000000000000551 ) ) ;
#1102 = VERTEX_POINT ( 'NONE', #11061 ) ;
#1103 = ADVANCED_FACE ( 'NONE', ( #6132 ), #9886, .T. ) ;
#1104 = VERTEX_POINT ( 'NONE', #3410 ) ;
#1105 = AXIS2_PLACEMENT_3D ( 'NONE', #425, #10733, #6166 ) ;
#1106 = VECTOR ( 'NONE', #7514, 1000.000000000000000 ) ;
#1107 = CARTESIAN_POINT ( 'NONE',  ( -3.000000000000000888, 0.1999999999999999833, 1.880000000000000115 ) ) ;
#1108 = ADVANCED_FACE ( 'NONE', ( #7176 ), #10938, .T. ) ;
#1109 = VERTEX_POINT ( 'NONE', #10014 ) ;
#1110 = CARTESIAN_POINT ( 'NONE',  ( 2.999999999999999112, 0.2000000000000005107, -0.6200000000000003286 ) ) ;
#1111 = EDGE_LOOP ( 'NONE', ( #973, #10990, #7116, #12069 ) ) ;
#1112 = DIRECTION ( 'NONE',  ( 1.000000000000000000, -0.000000000000000000, -0.000000000000000000 ) ) ;
#1113 = VECTOR ( 'NONE', #11810, 1000.000000000000000 ) ;
#1114 = DIRECTION ( 'NONE',  ( 0.000000000000000000, -1.000000000000000000, 0.000000000000000000 ) ) ;
#1115 = VECTOR ( 'NONE', #4511, 1000.000000000000000 ) ;
#1116 = DIRECTION ( 'NONE',  ( 0.000000000000000000, 0.000000000000000000, 1.000000000000000000 ) ) ;
#1117 = DIRECTION ( 'NONE',  ( 0.000000000000000000, -0.000000000000000000, -1.000000000000000000 ) ) ;
#1118 = DIRECTION ( 'NONE',  ( -1.000000000000000000, 0.000000000000000000, -2.115516434118057709E-16 ) ) ;
#1119 = ADVANCED_FACE ( 'NONE', ( #9079 ), #10125, .F. ) ;
#1120 = DIRECTION ( 'NONE',  ( 0.000000000000000000, -1.000000000000000000, 0.000000000000000000 ) ) ;
#1121 = AXIS2_PLACEMENT_3D ( 'NONE', #602, #9850, #11697 ) ;
#1122 = VECTOR ( 'NONE', #5754, 1000.000000000000000 ) ;
#1123 = ORIENTED_EDGE ( 'NONE', *, *, #5760, .F. ) ;
#1124 = VERTEX_POINT ( 'NONE', #1808 ) ;
#1125 = SURFACE_SIDE_STYLE ('',( #7 ) ) ;
#1126 = PLANE ( 'NONE',  #6746 ) ;
#1127 = DIRECTION ( 'NONE',  ( 0.000000000000000000, -1.000000000000000000, 0.000000000000000000 ) ) ;
#1128 = DIRECTION ( 'NONE',  ( 1.000000000000000000, 0.000000000000000000, 0.000000000000000000 ) ) ;
#1129 = DIRECTION ( 'NONE',  ( -1.000000000000000000, 0.000000000000000000, 5.042800802258162337E-16 ) ) ;
#1130 = VECTOR ( 'NONE', #1445, 1000.000000000000000 ) ;
#1131 = LINE ( 'NONE', #4893, #5632 ) ;
#1132 = AXIS2_PLACEMENT_3D ( 'NONE', #2653, #5170, #9122 ) ;
#1133 = CARTESIAN_POINT ( 'NONE',  ( 3.000000000000000888, 0.8000833275471006534, 1.620000000000000329 ) ) ;
#1134 = ORIENTED_EDGE ( 'NONE', *, *, #9023, .F. ) ;
#1135 = ADVANCED_FACE ( 'NONE', ( #2739 ), #6492, .T. ) ;
#1136 = ORIENTED_EDGE ( 'NONE', *, *, #8680, .T. ) ;
#1137 = ORIENTED_EDGE ( 'NONE', *, *, #5029, .T. ) ;
#1138 = EDGE_LOOP ( 'NONE', ( #4031, #4117, #4841, #4706 ) ) ;
#1139 = DIRECTION ( 'NONE',  ( -0.000000000000000000, -1.000000000000000000, -0.000000000000000000 ) ) ;
#1140 = VECTOR ( 'NONE', #6627, 1000.000000000000000 ) ;
#1141 = ORIENTED_EDGE ( 'NONE', *, *, #11271, .F. ) ;
#1142 = ADVANCED_FACE ( 'NONE', ( #9321 ), #3654, .F. ) ;
#1143 = DIRECTION ( 'NONE',  ( 5.042800802258162337E-16, 0.000000000000000000, -1.000000000000000000 ) ) ;
#1144 = CARTESIAN_POINT ( 'NONE',  ( 2.120000000000000551, 0.2000000000000000111, 2.570000000000001616 ) ) ;
#1145 = CARTESIAN_POINT ( 'NONE',  ( -3.000000000000000888, 0.1999999999999999833, -1.379999999999999671 ) ) ;
#1146 = ADVANCED_FACE ( 'NONE', ( #11114 ), #8399, .F. ) ;
#1147 = CARTESIAN_POINT ( 'NONE',  ( -1.619999999999999440, 0.04999999999999969746, -3.000000000000001776 ) ) ;
#1148 = PLANE ( 'NONE',  #1073 ) ;
#1149 = CIRCLE ( 'NONE', #2733, 0.1199999999999998845 ) ;
#1150 = VERTEX_POINT ( 'NONE', #3720 ) ;
#1151 = EDGE_LOOP ( 'NONE', ( #6418, #8874, #5527, #11987 ) ) ;
#1152 = ORIENTED_EDGE ( 'NONE', *, *, #3892, .F. ) ;
#1153 = ORIENTED_EDGE ( 'NONE', *, *, #7140, .T. ) ;
#1154 = FACE_OUTER_BOUND ( 'NONE', #10819, .T. ) ;
#1155 = VECTOR ( 'NONE', #3549, 1000.000000000000000 ) ;
#1156 = VECTOR ( 'NONE', #2121, 1000.000000000000000 ) ;
#1157 = DIRECTION ( 'NONE',  ( 0.000000000000000000, 1.000000000000000000, 0.000000000000000000 ) ) ;
#1158 = EDGE_CURVE ( 'NONE', #9510, #9223, #3496, .T. ) ;
#1159 = DIRECTION ( 'NONE',  ( 0.000000000000000000, 0.000000000000000000, -1.000000000000000000 ) ) ;
#1160 = CARTESIAN_POINT ( 'NONE',  ( 0.5000000000000000000, 0.04999999999999999584, -2.570000000000001616 ) ) ;
#1161 = DIRECTION ( 'NONE',  ( -0.000000000000000000, -1.000000000000000000, -0.000000000000000000 ) ) ;
#1162 = EDGE_LOOP ( 'NONE', ( #8387, #4770, #1822, #11799 ) ) ;
#1163 = ORIENTED_EDGE ( 'NONE', *, *, #8086, .F. ) ;
#1164 = AXIS2_PLACEMENT_3D ( 'NONE', #679, #10987, #6297 ) ;
#1165 = LINE ( 'NONE', #1044, #3343 ) ;
#1166 = ORIENTED_EDGE ( 'NONE', *, *, #1522, .T. ) ;
#1167 = FACE_OUTER_BOUND ( 'NONE', #6801, .T. ) ;
#1168 = ORIENTED_EDGE ( 'NONE', *, *, #5070, .T. ) ;
#1169 = PLANE ( 'NONE',  #2546 ) ;
#1170 = DIRECTION ( 'NONE',  ( 0.000000000000000000, 0.000000000000000000, -1.000000000000000000 ) ) ;
#1171 = DIRECTION ( 'NONE',  ( 0.000000000000000000, 0.000000000000000000, -1.000000000000000000 ) ) ;
#1172 = DIRECTION ( 'NONE',  ( -5.042800802258162337E-16, 0.000000000000000000, -1.000000000000000000 ) ) ;
#1173 = CARTESIAN_POINT ( 'NONE',  ( 0.3800000000000005596, 0.000000000000000000, -3.000000000000001776 ) ) ;
#1174 = DIRECTION ( 'NONE',  ( 1.000000000000000000, 0.000000000000000000, 0.000000000000000000 ) ) ;
#1175 = ADVANCED_FACE ( 'NONE', ( #1683 ), #758, .T. ) ;
#1176 = EDGE_CURVE ( 'NONE', #3707, #6813, #7417, .T. ) ;
#1177 = PLANE ( 'NONE',  #2079 ) ;
#1178 = VECTOR ( 'NONE', #11074, 1000.000000000000000 ) ;
#1179 = LINE ( 'NONE', #4938, #1752 ) ;
#1180 = VERTEX_POINT ( 'NONE', #6431 ) ;
#1181 = ORIENTED_EDGE ( 'NONE', *, *, #7076, .T. ) ;
#1182 = ADVANCED_FACE ( 'NONE', ( #10193 ), #1748, .T. ) ;
#1183 = FILL_AREA_STYLE_COLOUR ( '', #12126 ) ;
#1184 = EDGE_CURVE ( 'NONE', #1500, #845, #4259, .T. ) ;
#1185 = PRESENTATION_STYLE_ASSIGNMENT (( #316 ) ) ;
#1186 = DIRECTION ( 'NONE',  ( 0.000000000000000000, 1.000000000000000000, 0.000000000000000000 ) ) ;
#1187 = EDGE_CURVE ( 'NONE', #8009, #7685, #7277, .T. ) ;
#1188 = CARTESIAN_POINT ( 'NONE',  ( -2.570000000000001172, 0.8000833275471006534, -0.3799999999999998934 ) ) ;
#1189 = LINE ( 'NONE', #11479, #8923 ) ;
#1190 = CARTESIAN_POINT ( 'NONE',  ( -2.570000000000001172, 0.8000833275471006534, -0.1199999999999998845 ) ) ;
#1191 = ADVANCED_FACE ( 'NONE', ( #559 ), #11842, .F. ) ;
#1192 = VERTEX_POINT ( 'NONE', #11045 ) ;
#1193 = EDGE_LOOP ( 'NONE', ( #10723, #7704, #6981, #11149 ) ) ;
#1194 = ORIENTED_EDGE ( 'NONE', *, *, #7221, .T. ) ;
#1195 = ORIENTED_EDGE ( 'NONE', *, *, #7695, .F. ) ;
#1196 = DIRECTION ( 'NONE',  ( 0.000000000000000000, 1.000000000000000000, 0.000000000000000000 ) ) ;
#1197 = ORIENTED_EDGE ( 'NONE', *, *, #5406, .T. ) ;
#1198 = DIRECTION ( 'NONE',  ( -5.042800802258162337E-16, 0.000000000000000000, -1.000000000000000000 ) ) ;
#1199 = CARTESIAN_POINT ( 'NONE',  ( -0.6199999999999998845, 0.1999999999999999833, 2.570000000000001616 ) ) ;
#1200 = LINE ( 'NONE', #1144, #2131 ) ;
#1201 = CARTESIAN_POINT ( 'NONE',  ( 0.000000000000000000, 0.05000000000000000278, 1.380000000000000115 ) ) ;
#1202 = DIRECTION ( 'NONE',  ( -0.7071067811865495711, -0.000000000000000000, 0.7071067811865454633 ) ) ;
#1203 = CARTESIAN_POINT ( 'NONE',  ( -2.570000000000001172, 0.8000833275471006534, -1.879999999999999893 ) ) ;
#1204 = CARTESIAN_POINT ( 'NONE',  ( 3.000000000000000888, 0.1999999999999999833, -0.6199999999999998845 ) ) ;
#1205 = EDGE_LOOP ( 'NONE', ( #10267, #1014, #8510, #5192 ) ) ;
#1206 = ORIENTED_EDGE ( 'NONE', *, *, #44, .T. ) ;
#1207 = ORIENTED_EDGE ( 'NONE', *, *, #11579, .F. ) ;
#1208 = ORIENTED_EDGE ( 'NONE', *, *, #5242, .F. ) ;
#1209 = DIRECTION ( 'NONE',  ( 0.000000000000000000, -0.000000000000000000, -1.000000000000000000 ) ) ;
#1210 = VECTOR ( 'NONE', #3863, 1000.000000000000000 ) ;
#1211 = DIRECTION ( 'NONE',  ( 0.000000000000000000, -1.000000000000000000, 0.000000000000000000 ) ) ;
#1212 = CARTESIAN_POINT ( 'NONE',  ( 1.500000000000000000, 0.000000000000000000, 2.570000000000001616 ) ) ;
#1213 = SURFACE_SIDE_STYLE ('',( #6589 ) ) ;
#1214 = CARTESIAN_POINT ( 'NONE',  ( 0.8800000000000001155, 0.1999999999999999833, 2.570000000000001616 ) ) ;
#1215 = CARTESIAN_POINT ( 'NONE',  ( -1.000000000000000000, 0.2000000000000000111, -2.570000000000001616 ) ) ;
#1216 = CYLINDRICAL_SURFACE ( 'NONE', #4408, 0.1199999999999998845 ) ;
#1217 = ORIENTED_EDGE ( 'NONE', *, *, #11362, .F. ) ;
#1218 = VERTEX_POINT ( 'NONE', #2535 ) ;
#1219 = VECTOR ( 'NONE', #10369, 1000.000000000000000 ) ;
#1220 = ORIENTED_EDGE ( 'NONE', *, *, #11370, .T. ) ;
#1221 = EDGE_CURVE ( 'NONE', #8959, #11177, #6410, .T. ) ;
#1222 = DIRECTION ( 'NONE',  ( 0.000000000000000000, -1.000000000000000000, 0.000000000000000000 ) ) ;
#1223 = EDGE_CURVE ( 'NONE', #2192, #4074, #6172, .T. ) ;
#1224 = ORIENTED_EDGE ( 'NONE', *, *, #647, .T. ) ;
#1225 = CARTESIAN_POINT ( 'NONE',  ( 3.126536497400054930E-16, 0.05000000000000000278, 0.6199999999999987743 ) ) ;
#1226 = ORIENTED_EDGE ( 'NONE', *, *, #37, .F. ) ;
#1227 = DIRECTION ( 'NONE',  ( -1.057758217059028854E-16, 0.000000000000000000, 1.000000000000000000 ) ) ;
#1228 = CARTESIAN_POINT ( 'NONE',  ( 2.999999999999999112, 0.05000000000000000278, 2.999999999999998224 ) ) ;
#1229 = CIRCLE ( 'NONE', #7932, 0.1199999999999998845 ) ;
#1230 = DIRECTION ( 'NONE',  ( 1.000000000000000000, 0.000000000000000000, 1.057758217059028854E-16 ) ) ;
#1231 = DIRECTION ( 'NONE',  ( 1.000000000000000000, 0.000000000000000000, 0.000000000000000000 ) ) ;
#1232 = DIRECTION ( 'NONE',  ( 0.000000000000000000, -0.000000000000000000, -1.000000000000000000 ) ) ;
#1233 = CARTESIAN_POINT ( 'NONE',  ( -1.879999999999999893, 0.1999999999999999833, 2.570000000000001616 ) ) ;
#1234 = DIRECTION ( 'NONE',  ( 0.000000000000000000, 0.000000000000000000, 1.000000000000000000 ) ) ;
#1235 = CARTESIAN_POINT ( 'NONE',  ( 2.999999999999999112, 0.05000000000000000278, -3.000000000000001776 ) ) ;
#1236 = VECTOR ( 'NONE', #9088, 1000.000000000000000 ) ;
#1237 = ORIENTED_EDGE ( 'NONE', *, *, #1223, .F. ) ;
#1238 = ORIENTED_EDGE ( 'NONE', *, *, #11422, .T. ) ;
#1239 = EDGE_CURVE ( 'NONE', #11088, #7978, #6653, .T. ) ;
#1240 = DIRECTION ( 'NONE',  ( 0.000000000000000000, 1.000000000000000000, -0.000000000000000000 ) ) ;
#1241 = LINE ( 'NONE', #11545, #1032 ) ;
#1242 = CARTESIAN_POINT ( 'NONE',  ( -2.570000000000001172, 0.8000833275471006534, -1.000000000000000000 ) ) ;
#1243 = CARTESIAN_POINT ( 'NONE',  ( 1.500000000000000000, 0.2000000000000000111, 2.570000000000001616 ) ) ;
#1244 = DIRECTION ( 'NONE',  ( 0.000000000000000000, -0.000000000000000000, -1.000000000000000000 ) ) ;
#1245 = ADVANCED_FACE ( 'NONE', ( #3574 ), #8194, .F. ) ;
#1246 = EDGE_CURVE ( 'NONE', #10526, #1180, #10982, .T. ) ;
#1247 = VECTOR ( 'NONE', #4257, 1000.000000000000000 ) ;
#1248 = CARTESIAN_POINT ( 'NONE',  ( -3.000000000000000888, 0.04999999999999969746, -1.379999999999999671 ) ) ;
#1249 = ORIENTED_EDGE ( 'NONE', *, *, #3914, .T. ) ;
#1250 = ADVANCED_FACE ( 'NONE', ( #616 ), #5236, .F. ) ;
#1251 = ORIENTED_EDGE ( 'NONE', *, *, #3529, .T. ) ;
#1252 = EDGE_LOOP ( 'NONE', ( #663, #9699, #11703, #10713 ) ) ;
#1253 = ORIENTED_EDGE ( 'NONE', *, *, #6604, .F. ) ;
#1254 = DIRECTION ( 'NONE',  ( 0.000000000000000000, 1.000000000000000000, 0.000000000000000000 ) ) ;
#1255 = VERTEX_POINT ( 'NONE', #4377 ) ;
#1256 = VECTOR ( 'NONE', #4937, 1000.000000000000000 ) ;
#1257 = CARTESIAN_POINT ( 'NONE',  ( -2.570000000000001172, 0.8000833275471006534, -1.379999999999999893 ) ) ;
#1258 = CARTESIAN_POINT ( 'NONE',  ( 1.880000000000000560, 0.2000000000000000111, -3.000000000000001776 ) ) ;
#1259 = LINE ( 'NONE', #2330, #9159 ) ;
#1260 = EDGE_CURVE ( 'NONE', #10208, #8520, #8613, .T. ) ;
#1261 = CARTESIAN_POINT ( 'NONE',  ( -0.8799999999999996714, 0.2000000000000000111, -3.000000000000001776 ) ) ;
#1262 = DIRECTION ( 'NONE',  ( 0.000000000000000000, -1.000000000000000000, 0.000000000000000000 ) ) ;
#1263 = CARTESIAN_POINT ( 'NONE',  ( -2.570000000000001172, 0.8000833275471006534, 1.500000000000000000 ) ) ;
#1265 = CARTESIAN_POINT ( 'NONE',  ( -2.570000000000001172, 0.1999999999999999833, -1.619999999999999885 ) ) ;
#1264 = VECTOR ( 'NONE', #3074, 1000.000000000000000 ) ;
#1266 = VECTOR ( 'NONE', #7838, 1000.000000000000000 ) ;
#1267 = VERTEX_POINT ( 'NONE', #9192 ) ;
#1268 = ORIENTED_EDGE ( 'NONE', *, *, #10139, .T. ) ;
#1269 = ORIENTED_EDGE ( 'NONE', *, *, #4567, .T. ) ;
#1270 = ORIENTED_EDGE ( 'NONE', *, *, #7476, .F. ) ;
#1271 = DIRECTION ( 'NONE',  ( 1.000000000000000000, -0.000000000000000000, 1.008560160451631481E-15 ) ) ;
#1272 = MECHANICAL_DESIGN_GEOMETRIC_PRESENTATION_REPRESENTATION (  '', ( #488 ), #2077 ) ;
#1273 = AXIS2_PLACEMENT_3D ( 'NONE', #1527, #9049, #603 ) ;
#1274 = DIRECTION ( 'NONE',  ( -0.000000000000000000, -0.000000000000000000, -1.000000000000000000 ) ) ;
#1275 = PLANE ( 'NONE',  #10789 ) ;
#1276 = FACE_OUTER_BOUND ( 'NONE', #3224, .T. ) ;
#1277 = DIRECTION ( 'NONE',  ( 0.000000000000000000, -1.000000000000000000, 0.000000000000000000 ) ) ;
#1278 = VECTOR ( 'NONE', #5446, 1000.000000000000000 ) ;
#1279 = CARTESIAN_POINT ( 'NONE',  ( 2.000000000000000000, 0.2000000000000000111, 2.570000000000001616 ) ) ;
#1280 = VERTEX_POINT ( 'NONE', #11783 ) ;
#1281 = ORIENTED_EDGE ( 'NONE', *, *, #6245, .F. ) ;
#1282 = VECTOR ( 'NONE', #4261, 1000.000000000000000 ) ;
#1283 = ORIENTED_EDGE ( 'NONE', *, *, #8306, .T. ) ;
#1284 = VECTOR ( 'NONE', #8919, 1000.000000000000000 ) ;
#1285 = AXIS2_PLACEMENT_3D ( 'NONE', #120, #2788, #4814 ) ;
#1286 = VERTEX_POINT ( 'NONE', #4442 ) ;
#1287 = CARTESIAN_POINT ( 'NONE',  ( 0.6200000000000003286, 0.8000833275471003203, 3.000000000000001776 ) ) ;
#1288 = ORIENTED_EDGE ( 'NONE', *, *, #6763, .F. ) ;
#1289 = LINE ( 'NONE', #2409, #1908 ) ;
#1290 = EDGE_CURVE ( 'NONE', #12170, #11191, #7102, .T. ) ;
#1291 = EDGE_CURVE ( 'NONE', #5583, #7549, #743, .T. ) ;
#1292 = CIRCLE ( 'NONE', #12137, 0.1199999999999999956 ) ;
#1293 = SURFACE_SIDE_STYLE ('',( #7213 ) ) ;
#1294 = DIRECTION ( 'NONE',  ( -1.000000000000000000, 0.000000000000000000, 0.000000000000000000 ) ) ;
#1295 = CARTESIAN_POINT ( 'NONE',  ( -1.379999999999999671, 0.2000000000000000111, -2.570000000000001616 ) ) ;
#1296 = CARTESIAN_POINT ( 'NONE',  ( -1.500000000000000000, 0.000000000000000000, -2.570000000000001616 ) ) ;
#1297 = LINE ( 'NONE', #9805, #4614 ) ;
#1298 = ADVANCED_FACE ( 'NONE', ( #8077 ), #7330, .F. ) ;
#1299 = VECTOR ( 'NONE', #6273, 1000.000000000000000 ) ;
#1300 = DIRECTION ( 'NONE',  ( 0.000000000000000000, -1.000000000000000000, 0.000000000000000000 ) ) ;
#1301 = DIRECTION ( 'NONE',  ( 0.000000000000000000, 0.000000000000000000, 1.000000000000000000 ) ) ;
#1302 = EDGE_LOOP ( 'NONE', ( #6248, #3117, #3803, #7431 ) ) ;
#1303 = VECTOR ( 'NONE', #9391, 1000.000000000000000 ) ;
#1304 = ORIENTED_EDGE ( 'NONE', *, *, #3711, .T. ) ;
#1305 = PRODUCT ( 'RHH36', 'RHH36', '', ( #6696 ) ) ;
#1306 = CIRCLE ( 'NONE', #8195, 0.1199999999999999956 ) ;
#1307 = CARTESIAN_POINT ( 'NONE',  ( 2.570000000000000284, 0.000000000000000000, -1.000000000000000444 ) ) ;
#1308 = CARTESIAN_POINT ( 'NONE',  ( -0.8799999999999998934, 0.2000000000000000111, 2.570000000000001616 ) ) ;
#1309 = LINE ( 'NONE', #10567, #6795 ) ;
#1310 = LINE ( 'NONE', #10814, #6252 ) ;
#1311 = CARTESIAN_POINT ( 'NONE',  ( 2.000000000000000000, 0.1999999999999999833, 2.570000000000001616 ) ) ;
#1312 = DIRECTION ( 'NONE',  ( 1.000000000000000000, 0.000000000000000000, -0.000000000000000000 ) ) ;
#1313 = PRESENTATION_LAYER_ASSIGNMENT (  '', '', ( #126 ) ) ;
#1314 = EDGE_LOOP ( 'NONE', ( #12183, #1269, #2657, #415 ) ) ;
#1315 = AXIS2_PLACEMENT_3D ( 'NONE', #7000, #2196, #4901 ) ;
#1316 = ORIENTED_EDGE ( 'NONE', *, *, #9812, .T. ) ;
#1317 = ORIENTED_EDGE ( 'NONE', *, *, #3908, .F. ) ;
#1318 = VERTEX_POINT ( 'NONE', #8938 ) ;
#1319 = DIRECTION ( 'NONE',  ( 0.000000000000000000, -0.000000000000000000, 1.000000000000000000 ) ) ;
#1320 = ORIENTED_EDGE ( 'NONE', *, *, #3858, .T. ) ;
#1321 = PLANE ( 'NONE',  #2661 ) ;
#1322 = DIRECTION ( 'NONE',  ( -1.000000000000000000, 0.000000000000000000, -0.000000000000000000 ) ) ;
#1323 = VECTOR ( 'NONE', #1422, 1000.000000000000000 ) ;
#1324 = LINE ( 'NONE', #11625, #2668 ) ;
#1325 = EDGE_CURVE ( 'NONE', #6714, #6493, #674, .T. ) ;
#1326 = LINE ( 'NONE', #401, #144 ) ;
#1327 = DIRECTION ( 'NONE',  ( 0.000000000000000000, 1.000000000000000000, 0.000000000000000000 ) ) ;
#1328 = LINE ( 'NONE', #9035, #10838 ) ;
#1329 = LINE ( 'NONE', #9836, #6394 ) ;
#1330 = ORIENTED_EDGE ( 'NONE', *, *, #9812, .F. ) ;
#1331 = EDGE_CURVE ( 'NONE', #4628, #9208, #11967, .T. ) ;
#1332 = ADVANCED_FACE ( 'NONE', ( #9003 ), #6228, .F. ) ;
#1333 = ORIENTED_EDGE ( 'NONE', *, *, #972, .T. ) ;
#1334 = VERTEX_POINT ( 'NONE', #5335 ) ;
#1335 = AXIS2_PLACEMENT_3D ( 'NONE', #6991, #8768, #7057 ) ;
#1336 = UNCERTAINTY_MEASURE_WITH_UNIT (LENGTH_MEASURE( 1.000000000000000082E-05 ), #5323, 'distance_accuracy_value', 'NONE');
#1337 = VERTEX_POINT ( 'NONE', #6454 ) ;
#1338 = CARTESIAN_POINT ( 'NONE',  ( -2.000000000000000000, 0.2000000000000000111, 2.570000000000001616 ) ) ;
#1339 = LINE ( 'NONE', #5103, #2480 ) ;
#1340 = DIRECTION ( 'NONE',  ( 0.000000000000000000, 0.000000000000000000, -1.000000000000000000 ) ) ;
#1341 = EDGE_CURVE ( 'NONE', #10345, #5095, #2719, .T. ) ;
#1342 = EDGE_CURVE ( 'NONE', #10563, #12156, #10033, .T. ) ;
#1343 = AXIS2_PLACEMENT_3D ( 'NONE', #384, #10006, #686 ) ;
#1344 = FACE_OUTER_BOUND ( 'NONE', #6722, .T. ) ;
#1345 = CARTESIAN_POINT ( 'NONE',  ( 2.570000000000000284, 0.05000000000000002359, -1.500000000000000444 ) ) ;
#1346 = CLOSED_SHELL ( 'NONE', ( #10063, #1351, #7005, #6377, #7899, #10347 ) ) ;
#1347 = EDGE_CURVE ( 'NONE', #2102, #10759, #12196, .T. ) ;
#1348 = DIRECTION ( 'NONE',  ( -0.000000000000000000, -0.000000000000000000, 1.000000000000000000 ) ) ;
#1349 = EDGE_CURVE ( 'NONE', #7756, #1805, #7833, .T. ) ;
#1350 = ORIENTED_EDGE ( 'NONE', *, *, #727, .T. ) ;
#1351 = ADVANCED_FACE ( 'NONE', ( #4414 ), #10215, .F. ) ;
#1352 = VERTEX_POINT ( 'NONE', #11085 ) ;
#1353 = ORIENTED_EDGE ( 'NONE', *, *, #387, .F. ) ;
#1354 = AXIS2_PLACEMENT_3D ( 'NONE', #2263, #1446, #3666 ) ;
#1355 = CLOSED_SHELL ( 'NONE', ( #11805, #5386, #9527, #6776, #1411, #12022 ) ) ;
#1356 = VERTEX_POINT ( 'NONE', #9167 ) ;
#1357 = LINE ( 'NONE', #7036, #6781 ) ;
#1358 = VERTEX_POINT ( 'NONE', #10274 ) ;
#1359 = CARTESIAN_POINT ( 'NONE',  ( 0.3800000000000005596, 0.000000000000000000, 3.000000000000001776 ) ) ;
#1360 = LINE ( 'NONE', #6861, #11275 ) ;
#1361 = CARTESIAN_POINT ( 'NONE',  ( -2.300000000000000711, 0.9000000000000000222, -2.550000000000001155 ) ) ;
#1362 = DIRECTION ( 'NONE',  ( 1.000000000000000000, 0.000000000000000000, -5.042800802258162337E-16 ) ) ;
#1363 = DIRECTION ( 'NONE',  ( 1.000000000000000000, 0.000000000000000000, -5.042800802258162337E-16 ) ) ;
#1364 = AXIS2_PLACEMENT_3D ( 'NONE', #8952, #4948, #1312 ) ;
#1365 = AXIS2_PLACEMENT_3D ( 'NONE', #989, #45, #9543 ) ;
#1366 = DIRECTION ( 'NONE',  ( 0.000000000000000000, -0.000000000000000000, 1.000000000000000000 ) ) ;
#1367 = DIRECTION ( 'NONE',  ( 0.000000000000000000, -1.000000000000000000, 0.000000000000000000 ) ) ;
#1368 = ORIENTED_EDGE ( 'NONE', *, *, #4788, .T. ) ;
#1369 = ORIENTED_EDGE ( 'NONE', *, *, #9700, .T. ) ;
#1370 = AXIS2_PLACEMENT_3D ( 'NONE', #10212, #10331, #8351 ) ;
#1371 = DIRECTION ( 'NONE',  ( -1.000000000000000000, -0.000000000000000000, -0.000000000000000000 ) ) ;
#1372 = DIRECTION ( 'NONE',  ( -0.000000000000000000, -1.000000000000000000, -0.000000000000000000 ) ) ;
#1373 = DIRECTION ( 'NONE',  ( 0.000000000000000000, 0.000000000000000000, 1.000000000000000000 ) ) ;
#1374 = CARTESIAN_POINT ( 'NONE',  ( 2.570000000000001172, 0.8000833275471006534, 2.120000000000000551 ) ) ;
#1375 = CARTESIAN_POINT ( 'NONE',  ( -0.1199999999999994404, 0.1999999999999999833, 3.000000000000001776 ) ) ;
#1376 = CIRCLE ( 'NONE', #7676, 0.1199999999999998845 ) ;
#1377 = DIRECTION ( 'NONE',  ( 0.000000000000000000, 0.000000000000000000, -1.000000000000000000 ) ) ;
#1378 = ORIENTED_EDGE ( 'NONE', *, *, #4133, .T. ) ;
#1379 = ADVANCED_FACE ( 'NONE', ( #9106 ), #5519, .F. ) ;
#1380 = EDGE_LOOP ( 'NONE', ( #6671, #4538, #10794, #7811 ) ) ;
#1381 = ORIENTED_EDGE ( 'NONE', *, *, #12136, .T. ) ;
#1382 = ORIENTED_EDGE ( 'NONE', *, *, #6088, .T. ) ;
#1383 = CARTESIAN_POINT ( 'NONE',  ( 1.880000000000000560, 0.2000000000000000111, -3.000000000000001776 ) ) ;
#1384 = EDGE_CURVE ( 'NONE', #3331, #2420, #8355, .T. ) ;
#1385 = EDGE_LOOP ( 'NONE', ( #6398, #4216, #10283, #5195 ) ) ;
#1386 = CARTESIAN_POINT ( 'NONE',  ( -3.000000000000000888, 0.000000000000000000, 0.8800000000000001155 ) ) ;
#1387 = EDGE_CURVE ( 'NONE', #1318, #5011, #10151, .T. ) ;
#1388 = CARTESIAN_POINT ( 'NONE',  ( 3.000000000000000888, 0.1999999999999999833, -1.879999999999999671 ) ) ;
#1389 = DIRECTION ( 'NONE',  ( 0.000000000000000000, 1.000000000000000000, 0.000000000000000000 ) ) ;
#1390 = DIRECTION ( 'NONE',  ( 1.000000000000000000, -0.000000000000000000, -0.000000000000000000 ) ) ;
#1391 = LINE ( 'NONE', #5143, #7242 ) ;
#1392 = DIRECTION ( 'NONE',  ( -0.000000000000000000, -1.000000000000000000, 0.000000000000000000 ) ) ;
#1393 = DIRECTION ( 'NONE',  ( -5.042800802258162337E-16, 0.000000000000000000, -1.000000000000000000 ) ) ;
#1394 = DIRECTION ( 'NONE',  ( -0.000000000000000000, -0.000000000000000000, -1.000000000000000000 ) ) ;
#1395 = ORIENTED_EDGE ( 'NONE', *, *, #8873, .T. ) ;
#1396 = ORIENTED_EDGE ( 'NONE', *, *, #10222, .F. ) ;
#1397 = VERTEX_POINT ( 'NONE', #11028 ) ;
#1398 = VERTEX_POINT ( 'NONE', #12128 ) ;
#1399 = CARTESIAN_POINT ( 'NONE',  ( -2.570000000000001172, 0.000000000000000000, -0.3799999999999998934 ) ) ;
#1400 = COLOUR_RGB ( '',0.7921568627450980005, 0.8196078431372548767, 0.9333333333333333481 ) ;
#1401 =( NAMED_UNIT ( * ) SI_UNIT ( $, .STERADIAN. ) SOLID_ANGLE_UNIT ( ) );
#1402 = ADVANCED_FACE ( 'NONE', ( #4668 ), #2578, .T. ) ;
#1403 = CARTESIAN_POINT ( 'NONE',  ( -1.379999999999999671, 0.8000833275471003203, 2.570000000000001616 ) ) ;
#1404 = EDGE_CURVE ( 'NONE', #8659, #6638, #4487, .T. ) ;
#1405 = EDGE_CURVE ( 'NONE', #11875, #4968, #11200, .T. ) ;
#1406 = DIRECTION ( 'NONE',  ( 0.000000000000000000, 0.000000000000000000, -1.000000000000000000 ) ) ;
#1407 = CARTESIAN_POINT ( 'NONE',  ( -3.000000000000000888, 0.1999999999999999833, 1.380000000000000115 ) ) ;
#1408 = EDGE_LOOP ( 'NONE', ( #12139, #7842, #10225, #8826, #9459 ) ) ;
#1409 = ORIENTED_EDGE ( 'NONE', *, *, #696, .T. ) ;
#1410 = VERTEX_POINT ( 'NONE', #10093 ) ;
#1411 = ADVANCED_FACE ( 'NONE', ( #1644 ), #7443, .T. ) ;
#1412 = EDGE_LOOP ( 'NONE', ( #10667, #9524, #10236, #9870 ) ) ;
#1413 = DIRECTION ( 'NONE',  ( -0.000000000000000000, -1.000000000000000000, -0.000000000000000000 ) ) ;
#1414 =( NAMED_UNIT ( * ) PLANE_ANGLE_UNIT ( ) SI_UNIT ( $, .RADIAN. ) );
#1415 = ADVANCED_FACE ( 'NONE', ( #12006 ), #1830, .T. ) ;
#1416 = DIRECTION ( 'NONE',  ( 1.000000000000000000, 0.000000000000000000, 5.042800802258162337E-16 ) ) ;
#1417 = FACE_OUTER_BOUND ( 'NONE', #328, .T. ) ;
#1418 = CARTESIAN_POINT ( 'NONE',  ( 2.570000000000000284, 0.05000000000000002359, 0.4999999999999995559 ) ) ;
#1419 = CARTESIAN_POINT ( 'NONE',  ( -2.570000000000001172, 0.8000833275471006534, -1.879999999999999893 ) ) ;
#1420 = CARTESIAN_POINT ( 'NONE',  ( -1.879999999999999671, 0.000000000000000000, -2.570000000000001616 ) ) ;
#1421 = CIRCLE ( 'NONE', #5942, 0.1199999999999998845 ) ;
#1422 = DIRECTION ( 'NONE',  ( -1.000000000000000000, 0.000000000000000000, 0.000000000000000000 ) ) ;
#1423 = CARTESIAN_POINT ( 'NONE',  ( -2.570000000000001172, 0.1999999999999999833, 1.120000000000000107 ) ) ;
#1424 = ORIENTED_EDGE ( 'NONE', *, *, #4660, .F. ) ;
#1425 = ORIENTED_EDGE ( 'NONE', *, *, #1959, .T. ) ;
#1426 = CARTESIAN_POINT ( 'NONE',  ( 2.570000000000001172, 0.1999999999999999833, -0.3799999999999998934 ) ) ;
#1427 = DIRECTION ( 'NONE',  ( -0.000000000000000000, -0.000000000000000000, 1.000000000000000000 ) ) ;
#1428 = DIRECTION ( 'NONE',  ( -0.000000000000000000, -1.000000000000000000, -0.000000000000000000 ) ) ;
#1429 = DIRECTION ( 'NONE',  ( 0.000000000000000000, 0.000000000000000000, -1.000000000000000000 ) ) ;
#1430 = DIRECTION ( 'NONE',  ( -0.000000000000000000, -1.000000000000000000, 0.000000000000000000 ) ) ;
#1431 = FACE_OUTER_BOUND ( 'NONE', #9869, .T. ) ;
#1432 = VECTOR ( 'NONE', #9481, 1000.000000000000000 ) ;
#1433 = ORIENTED_EDGE ( 'NONE', *, *, #5136, .T. ) ;
#1434 = ORIENTED_EDGE ( 'NONE', *, *, #8326, .F. ) ;
#1435 = VERTEX_POINT ( 'NONE', #3615 ) ;
#1436 = ORIENTED_EDGE ( 'NONE', *, *, #12114, .F. ) ;
#1437 = FACE_OUTER_BOUND ( 'NONE', #2811, .T. ) ;
#1438 = ORIENTED_EDGE ( 'NONE', *, *, #8055, .F. ) ;
#1439 = VECTOR ( 'NONE', #6322, 1000.000000000000000 ) ;
#1440 = DIRECTION ( 'NONE',  ( -1.000000000000000000, -0.000000000000000000, -1.057758217059028854E-16 ) ) ;
#1441 = FACE_OUTER_BOUND ( 'NONE', #2889, .T. ) ;
#1442 = EDGE_CURVE ( 'NONE', #4835, #6785, #3743, .T. ) ;
#1443 = LINE ( 'NONE', #4164, #4952 ) ;
#1444 = ADVANCED_FACE ( 'NONE', ( #6274 ), #9585, .F. ) ;
#1445 = DIRECTION ( 'NONE',  ( 1.008560160451631481E-15, 0.000000000000000000, -1.000000000000000000 ) ) ;
#1446 = DIRECTION ( 'NONE',  ( 1.000000000000000000, 0.000000000000000000, -1.008560160451631481E-15 ) ) ;
#1447 = CARTESIAN_POINT ( 'NONE',  ( -2.570000000000001172, 0.1999999999999999833, 1.500000000000000000 ) ) ;
#1448 = ADVANCED_FACE ( 'NONE', ( #2880 ), #263, .F. ) ;
#1449 = ORIENTED_EDGE ( 'NONE', *, *, #7477, .F. ) ;
#1450 = VERTEX_POINT ( 'NONE', #148 ) ;
#1451 = ORIENTED_EDGE ( 'NONE', *, *, #1797, .F. ) ;
#1452 = AXIS2_PLACEMENT_3D ( 'NONE', #1804, #2665, #9073 ) ;
#1453 = UNCERTAINTY_MEASURE_WITH_UNIT (LENGTH_MEASURE( 1.000000000000000082E-05 ), #4859, 'distance_accuracy_value', 'NONE');
#1454 = ORIENTED_EDGE ( 'NONE', *, *, #8249, .T. ) ;
#1455 = FACE_OUTER_BOUND ( 'NONE', #1640, .T. ) ;
#1456 = CARTESIAN_POINT ( 'NONE',  ( -1.500000000000000000, 0.2000000000000000111, 2.570000000000001616 ) ) ;
#1457 = PLANE ( 'NONE',  #10939 ) ;
#1458 = CARTESIAN_POINT ( 'NONE',  ( -1.500000000000000000, 0.04999999999999999584, 2.450000000000001510 ) ) ;
#1459 = VECTOR ( 'NONE', #1413, 1000.000000000000000 ) ;
#1460 = LINE ( 'NONE', #4302, #321 ) ;
#1461 = AXIS2_PLACEMENT_3D ( 'NONE', #237, #4015, #7770 ) ;
#1462 = CARTESIAN_POINT ( 'NONE',  ( -1.119999999999999885, 0.8000833275471003203, 2.570000000000001616 ) ) ;
#1463 = ORIENTED_EDGE ( 'NONE', *, *, #11752, .T. ) ;
#1464 = ORIENTED_EDGE ( 'NONE', *, *, #2366, .F. ) ;
#1465 = VERTEX_POINT ( 'NONE', #3862 ) ;
#1466 = VECTOR ( 'NONE', #9298, 1000.000000000000000 ) ;
#1467 = VECTOR ( 'NONE', #3002, 1000.000000000000000 ) ;
#1468 = ORIENTED_EDGE ( 'NONE', *, *, #11649, .T. ) ;
#1469 = DIRECTION ( 'NONE',  ( 0.000000000000000000, 0.000000000000000000, 1.000000000000000000 ) ) ;
#1470 = VECTOR ( 'NONE', #2386, 1000.000000000000000 ) ;
#1471 = DIRECTION ( 'NONE',  ( 0.000000000000000000, -0.000000000000000000, 1.000000000000000000 ) ) ;
#1472 = CYLINDRICAL_SURFACE ( 'NONE', #11151, 0.1199999999999999956 ) ;
#1473 = ADVANCED_FACE ( 'NONE', ( #5642 ), #9517, .F. ) ;
#1474 = STYLED_ITEM ( 'NONE', ( #11747 ), #5693 ) ;
#1475 = CARTESIAN_POINT ( 'NONE',  ( 2.049999999999999822, 0.1999999999999996503, -2.049999999999999378 ) ) ;
#1476 = CARTESIAN_POINT ( 'NONE',  ( -1.619999999999999885, 0.8000833275471003203, 2.570000000000001616 ) ) ;
#1477 = CIRCLE ( 'NONE', #8367, 0.1199999999999998845 ) ;
#1478 = DIRECTION ( 'NONE',  ( -0.000000000000000000, -1.000000000000000000, -0.000000000000000000 ) ) ;
#1479 = DIRECTION ( 'NONE',  ( 0.000000000000000000, 0.000000000000000000, 1.000000000000000000 ) ) ;
#1480 = AXIS2_PLACEMENT_3D ( 'NONE', #4790, #11395, #917 ) ;
#1481 = VECTOR ( 'NONE', #3647, 1000.000000000000000 ) ;
#1482 = EDGE_CURVE ( 'NONE', #7401, #11088, #544, .T. ) ;
#1483 = LINE ( 'NONE', #5241, #8841 ) ;
#1484 = EDGE_LOOP ( 'NONE', ( #976, #3917, #11848, #2918 ) ) ;
#1485 = AXIS2_PLACEMENT_3D ( 'NONE', #10315, #6621, #11238 ) ;
#1486 = ORIENTED_EDGE ( 'NONE', *, *, #6079, .T. ) ;
#1487 = VECTOR ( 'NONE', #1211, 1000.000000000000000 ) ;
#1488 = VECTOR ( 'NONE', #11699, 1000.000000000000000 ) ;
#1489 = DIRECTION ( 'NONE',  ( 0.000000000000000000, 1.000000000000000000, -0.000000000000000000 ) ) ;
#1490 = LINE ( 'NONE', #5249, #11980 ) ;
#1491 = CARTESIAN_POINT ( 'NONE',  ( -3.000000000000000888, 0.9999999999999991118, 2.999999999999999112 ) ) ;
#1492 = EDGE_CURVE ( 'NONE', #4560, #7775, #1019, .T. ) ;
#1493 = CIRCLE ( 'NONE', #10160, 0.2500000000000002220 ) ;
#1494 = EDGE_CURVE ( 'NONE', #9840, #468, #8482, .T. ) ;
#1495 = EDGE_LOOP ( 'NONE', ( #3407, #8271, #4228, #2755 ) ) ;
#1496 = VERTEX_POINT ( 'NONE', #6643 ) ;
#1497 = ORIENTED_EDGE ( 'NONE', *, *, #6927, .T. ) ;
#1498 = AXIS2_PLACEMENT_3D ( 'NONE', #9920, #11895, #7097 ) ;
#1499 = AXIS2_PLACEMENT_3D ( 'NONE', #1345, #5107, #7938 ) ;
#1500 = VERTEX_POINT ( 'NONE', #206 ) ;
#1501 = CARTESIAN_POINT ( 'NONE',  ( 2.570000000000001172, 0.1999999999999999833, -1.379999999999999893 ) ) ;
#1502 = ORIENTED_EDGE ( 'NONE', *, *, #3444, .T. ) ;
#1503 = FILL_AREA_STYLE_COLOUR ( '', #1081 ) ;
#1504 = LINE ( 'NONE', #11924, #9191 ) ;
#1505 = DIRECTION ( 'NONE',  ( 0.000000000000000000, -1.000000000000000000, 0.000000000000000000 ) ) ;
#1506 = DIRECTION ( 'NONE',  ( 1.000000000000000000, -0.000000000000000000, 0.000000000000000000 ) ) ;
#1507 = FACE_OUTER_BOUND ( 'NONE', #11874, .T. ) ;
#1508 = VECTOR ( 'NONE', #3578, 1000.000000000000000 ) ;
#1509 = DIRECTION ( 'NONE',  ( 0.000000000000000000, -1.000000000000000000, 0.000000000000000000 ) ) ;
#1510 = DIRECTION ( 'NONE',  ( 0.000000000000000000, -1.000000000000000000, 0.000000000000000000 ) ) ;
#1511 = DIRECTION ( 'NONE',  ( 0.000000000000000000, 0.000000000000000000, 1.000000000000000000 ) ) ;
#1512 = ORIENTED_EDGE ( 'NONE', *, *, #9702, .T. ) ;
#1513 = VERTEX_POINT ( 'NONE', #8604 ) ;
#1514 = ORIENTED_EDGE ( 'NONE', *, *, #4982, .T. ) ;
#1515 = EDGE_CURVE ( 'NONE', #2134, #6189, #4039, .T. ) ;
#1516 = ORIENTED_EDGE ( 'NONE', *, *, #4484, .F. ) ;
#1517 = CARTESIAN_POINT ( 'NONE',  ( -2.570000000000001172, 0.000000000000000000, -1.379999999999999893 ) ) ;
#1518 = VECTOR ( 'NONE', #5026, 1000.000000000000000 ) ;
#1519 = CIRCLE ( 'NONE', #11552, 0.1199999999999998845 ) ;
#1520 = PLANE ( 'NONE',  #8366 ) ;
#1521 = EDGE_CURVE ( 'NONE', #8240, #9946, #11491, .T. ) ;
#1522 = EDGE_CURVE ( 'NONE', #1807, #2977, #3983, .T. ) ;
#1523 = LINE ( 'NONE', #9045, #710 ) ;
#1524 = DIRECTION ( 'NONE',  ( 0.000000000000000000, -1.000000000000000000, 0.000000000000000000 ) ) ;
#1525 = SURFACE_STYLE_FILL_AREA ( #10718 ) ;
#1526 = MANIFOLD_SOLID_BREP ( 'LPattern4[3]', #6284 ) ;
#1527 = CARTESIAN_POINT ( 'NONE',  ( -2.000000000000000000, 0.2000000000000000111, -2.570000000000001616 ) ) ;
#1528 = VECTOR ( 'NONE', #11, 1000.000000000000000 ) ;
#1529 = ORIENTED_EDGE ( 'NONE', *, *, #6314, .F. ) ;
#1530 = AXIS2_PLACEMENT_3D ( 'NONE', #7260, #3558, #7500 ) ;
#1531 = VECTOR ( 'NONE', #637, 1000.000000000000000 ) ;
#1532 = ORIENTED_EDGE ( 'NONE', *, *, #8069, .F. ) ;
#1533 = EDGE_LOOP ( 'NONE', ( #4211, #3562, #4134, #1056 ) ) ;
#1534 = ORIENTED_EDGE ( 'NONE', *, *, #46, .F. ) ;
#1535 = CARTESIAN_POINT ( 'NONE',  ( -0.6199999999999994404, 0.2000000000000000111, -3.000000000000001776 ) ) ;
#1536 = EDGE_CURVE ( 'NONE', #8330, #8816, #1200, .T. ) ;
#1537 = VECTOR ( 'NONE', #9134, 1000.000000000000000 ) ;
#1538 = FILL_AREA_STYLE_COLOUR ( '', #11352 ) ;
#1539 = DIRECTION ( 'NONE',  ( 1.000000000000000000, -0.000000000000000000, -1.445602896647339163E-16 ) ) ;
#1540 = CARTESIAN_POINT ( 'NONE',  ( 2.999999999999999112, 0.05000000000000000278, -3.000000000000001776 ) ) ;
#1541 = CARTESIAN_POINT ( 'NONE',  ( 3.000000000000000888, 0.1999999999999999833, -0.1199999999999998845 ) ) ;
#1542 = CARTESIAN_POINT ( 'NONE',  ( -0.3799999999999996714, 0.2000000000000000111, -3.000000000000001776 ) ) ;
#1543 = CARTESIAN_POINT ( 'NONE',  ( -0.8799999999999998934, 0.04999999999999999584, 2.570000000000001616 ) ) ;
#1544 = DIRECTION ( 'NONE',  ( 0.000000000000000000, 0.000000000000000000, 1.000000000000000000 ) ) ;
#1545 =( NAMED_UNIT ( * ) SI_UNIT ( $, .STERADIAN. ) SOLID_ANGLE_UNIT ( ) );
#1546 = AXIS2_PLACEMENT_3D ( 'NONE', #9519, #3987, #7737 ) ;
#1547 = CLOSED_SHELL ( 'NONE', ( #4541, #10999, #1565, #1575, #8254, #9064, #3706 ) ) ;
#1548 = PLANE ( 'NONE',  #3928 ) ;
#1549 = ORIENTED_EDGE ( 'NONE', *, *, #9098, .T. ) ;
#1550 = EDGE_LOOP ( 'NONE', ( #2282, #2149, #2483, #960 ) ) ;
#1551 = VECTOR ( 'NONE', #1112, 1000.000000000000000 ) ;
#1552 = CARTESIAN_POINT ( 'NONE',  ( 0.5000000000000000000, 0.000000000000000000, 2.570000000000001616 ) ) ;
#1553 = CLOSED_SHELL ( 'NONE', ( #2989, #1921, #1473, #2449, #6103, #8905, #6705 ) ) ;
#1554 = EDGE_CURVE ( 'NONE', #3178, #2223, #4685, .T. ) ;
#1555 = LINE ( 'NONE', #10059, #7595 ) ;
#1556 = EDGE_CURVE ( 'NONE', #8623, #5738, #9646, .T. ) ;
#1557 = FACE_OUTER_BOUND ( 'NONE', #8362, .T. ) ;
#1558 = DIRECTION ( 'NONE',  ( 0.000000000000000000, -1.000000000000000000, 0.000000000000000000 ) ) ;
#1559 = ORIENTED_EDGE ( 'NONE', *, *, #5810, .F. ) ;
#1560 = ORIENTED_EDGE ( 'NONE', *, *, #4480, .T. ) ;
#1561 = ORIENTED_EDGE ( 'NONE', *, *, #8719, .F. ) ;
#1562 = MECHANICAL_DESIGN_GEOMETRIC_PRESENTATION_REPRESENTATION (  '', ( #11404 ), #1972 ) ;
#1563 = EDGE_LOOP ( 'NONE', ( #4232, #6967, #6869, #11341 ) ) ;
#1564 = LINE ( 'NONE', #3358, #10180 ) ;
#1565 = ADVANCED_FACE ( 'NONE', ( #332 ), #6012, .F. ) ;
#1566 = MANIFOLD_SOLID_BREP ( 'LPattern3[16]', #9236 ) ;
#1567 = ORIENTED_EDGE ( 'NONE', *, *, #2394, .F. ) ;
#1568 = EDGE_CURVE ( 'NONE', #3734, #10239, #7122, .T. ) ;
#1569 = CARTESIAN_POINT ( 'NONE',  ( 2.120000000000000551, 0.000000000000000000, -2.570000000000001616 ) ) ;
#1570 = VECTOR ( 'NONE', #7077, 1000.000000000000000 ) ;
#1571 = FACE_OUTER_BOUND ( 'NONE', #591, .T. ) ;
#1572 = LINE ( 'NONE', #6317, #3115 ) ;
#1573 = CARTESIAN_POINT ( 'NONE',  ( 2.120000000000000551, 0.000000000000000000, 3.000000000000001776 ) ) ;
#1574 = ADVANCED_FACE ( 'NONE', ( #11680 ), #399, .F. ) ;
#1575 = ADVANCED_FACE ( 'NONE', ( #4346 ), #3185, .F. ) ;
#1576 = DIRECTION ( 'NONE',  ( 0.000000000000000000, 0.000000000000000000, 1.000000000000000000 ) ) ;
#1577 = CARTESIAN_POINT ( 'NONE',  ( 1.620000000000000329, 0.04999999999999969746, 3.000000000000001776 ) ) ;
#1578 = DIRECTION ( 'NONE',  ( -0.000000000000000000, -1.000000000000000000, -0.000000000000000000 ) ) ;
#1579 = DIRECTION ( 'NONE',  ( -0.000000000000000000, -1.000000000000000000, -0.000000000000000000 ) ) ;
#1580 = DIRECTION ( 'NONE',  ( 0.000000000000000000, -1.000000000000000000, 0.000000000000000000 ) ) ;
#1581 = CARTESIAN_POINT ( 'NONE',  ( -3.000000000000000888, 0.8000833275471006534, -0.1199999999999998845 ) ) ;
#1582 = ORIENTED_EDGE ( 'NONE', *, *, #2820, .T. ) ;
#1583 = ORIENTED_EDGE ( 'NONE', *, *, #10983, .F. ) ;
#1584 = VERTEX_POINT ( 'NONE', #8965 ) ;
#1585 = ORIENTED_EDGE ( 'NONE', *, *, #8104, .F. ) ;
#1586 = FACE_OUTER_BOUND ( 'NONE', #11890, .T. ) ;
#1587 = FACE_OUTER_BOUND ( 'NONE', #8856, .T. ) ;
#1588 = DIRECTION ( 'NONE',  ( -1.000000000000000000, 0.000000000000000000, -2.115516434118057709E-16 ) ) ;
#1589 = LINE ( 'NONE', #7376, #11458 ) ;
#1590 = CARTESIAN_POINT ( 'NONE',  ( -1.000000000000000000, 0.2000000000000000111, 2.570000000000001616 ) ) ;
#1591 = CARTESIAN_POINT ( 'NONE',  ( -1.500000000000000000, 0.000000000000000000, 2.450000000000001510 ) ) ;
#1592 = EDGE_LOOP ( 'NONE', ( #142, #4810, #2380, #11034 ) ) ;
#1593 = EDGE_LOOP ( 'NONE', ( #3205, #11674, #11595, #4609 ) ) ;
#1594 = ORIENTED_EDGE ( 'NONE', *, *, #10578, .F. ) ;
#1595 = ORIENTED_EDGE ( 'NONE', *, *, #3382, .F. ) ;
#1596 = PLANE ( 'NONE',  #11496 ) ;
#1597 = CARTESIAN_POINT ( 'NONE',  ( 3.000000000000000888, 0.8000833275471006534, -2.120000000000000107 ) ) ;
#1598 = DIRECTION ( 'NONE',  ( 0.000000000000000000, 1.000000000000000000, 0.000000000000000000 ) ) ;
#1599 = LINE ( 'NONE', #6344, #1632 ) ;
#1600 = FACE_OUTER_BOUND ( 'NONE', #7702, .T. ) ;
#1601 = FACE_OUTER_BOUND ( 'NONE', #3949, .T. ) ;
#1602 = CARTESIAN_POINT ( 'NONE',  ( -2.570000000000001172, 0.8000833275471006534, 1.620000000000000107 ) ) ;
#1603 = PRESENTATION_STYLE_ASSIGNMENT (( #3702 ) ) ;
#1604 = ADVANCED_FACE ( 'NONE', ( #8849 ), #11750, .T. ) ;
#1605 = MANIFOLD_SOLID_BREP ( 'Boss-Extrude3[2]', #356 ) ;
#1606 = ORIENTED_EDGE ( 'NONE', *, *, #6924, .T. ) ;
#1607 = DIRECTION ( 'NONE',  ( 1.008560160451631481E-15, -0.000000000000000000, 1.000000000000000000 ) ) ;
#1608 = ORIENTED_EDGE ( 'NONE', *, *, #8449, .T. ) ;
#1609 =( NAMED_UNIT ( * ) PLANE_ANGLE_UNIT ( ) SI_UNIT ( $, .RADIAN. ) );
#1610 = AXIS2_PLACEMENT_3D ( 'NONE', #4961, #8541, #6825 ) ;
#1611 = FILL_AREA_STYLE ('',( #8082 ) ) ;
#1612 = CARTESIAN_POINT ( 'NONE',  ( 2.999999999999999112, 10.48528137423857132, -3.000000000000001776 ) ) ;
#1613 = DIRECTION ( 'NONE',  ( 0.000000000000000000, 0.000000000000000000, -1.000000000000000000 ) ) ;
#1614 = DIRECTION ( 'NONE',  ( 0.000000000000000000, 1.000000000000000000, 0.000000000000000000 ) ) ;
#1615 = ORIENTED_EDGE ( 'NONE', *, *, #3686, .T. ) ;
#1616 = EDGE_LOOP ( 'NONE', ( #3019, #8463, #17, #451 ) ) ;
#1617 = VERTEX_POINT ( 'NONE', #2385 ) ;
#1618 = VECTOR ( 'NONE', #1372, 1000.000000000000000 ) ;
#1619 = ADVANCED_FACE ( 'NONE', ( #1441 ), #523, .F. ) ;
#1620 = ORIENTED_EDGE ( 'NONE', *, *, #4435, .F. ) ;
#1621 = CARTESIAN_POINT ( 'NONE',  ( 2.570000000000000284, 0.8000833275471006534, 0.4999999999999995559 ) ) ;
#1622 = ORIENTED_EDGE ( 'NONE', *, *, #6456, .T. ) ;
#1623 = DIRECTION ( 'NONE',  ( 1.008560160451631481E-15, 0.000000000000000000, -1.000000000000000000 ) ) ;
#1624 = EDGE_CURVE ( 'NONE', #12214, #8667, #7299, .T. ) ;
#1625 = EDGE_CURVE ( 'NONE', #10893, #3933, #2746, .T. ) ;
#1626 = CARTESIAN_POINT ( 'NONE',  ( 1.620000000000000329, 0.8000833275471003203, -3.000000000000001776 ) ) ;
#1627 = FILL_AREA_STYLE ('',( #11121 ) ) ;
#1628 = CARTESIAN_POINT ( 'NONE',  ( -1.619999999999999885, 0.1999999999999999833, 2.570000000000001616 ) ) ;
#1629 = DIRECTION ( 'NONE',  ( -0.000000000000000000, -1.000000000000000000, -0.000000000000000000 ) ) ;
#1630 = CARTESIAN_POINT ( 'NONE',  ( 2.570000000000001172, 0.1999999999999999833, 1.120000000000000107 ) ) ;
#1631 = DIRECTION ( 'NONE',  ( 0.000000000000000000, -0.000000000000000000, -1.000000000000000000 ) ) ;
#1632 = VECTOR ( 'NONE', #5477, 1000.000000000000000 ) ;
#1633 = CARTESIAN_POINT ( 'NONE',  ( -1.119999999999999885, 0.2000000000000000111, 2.570000000000001616 ) ) ;
#1634 = EDGE_CURVE ( 'NONE', #10224, #3066, #11183, .T. ) ;
#1635 = CARTESIAN_POINT ( 'NONE',  ( -1.879999999999999671, 0.2000000000000000111, 3.000000000000001776 ) ) ;
#1636 = ORIENTED_EDGE ( 'NONE', *, *, #1797, .T. ) ;
#1637 = ORIENTED_EDGE ( 'NONE', *, *, #4760, .F. ) ;
#1638 = ORIENTED_EDGE ( 'NONE', *, *, #6055, .F. ) ;
#1639 = ADVANCED_FACE ( 'NONE', ( #12044 ), #1812, .F. ) ;
#1640 = EDGE_LOOP ( 'NONE', ( #11758, #1220, #7741, #2101 ) ) ;
#1641 = DIRECTION ( 'NONE',  ( 0.000000000000000000, -0.000000000000000000, 1.000000000000000000 ) ) ;
#1642 = CYLINDRICAL_SURFACE ( 'NONE', #10337, 0.1199999999999998845 ) ;
#1643 = DIRECTION ( 'NONE',  ( -0.000000000000000000, -1.000000000000000000, -0.000000000000000000 ) ) ;
#1644 = FACE_OUTER_BOUND ( 'NONE', #7870, .T. ) ;
#1645 = DIRECTION ( 'NONE',  ( 0.000000000000000000, 1.000000000000000000, 0.000000000000000000 ) ) ;
#1646 = CARTESIAN_POINT ( 'NONE',  ( -2.570000000000001172, 0.8000833275471006534, -2.120000000000000107 ) ) ;
#1647 = DIRECTION ( 'NONE',  ( -1.000000000000000000, 0.000000000000000000, 0.000000000000000000 ) ) ;
#1648 = CIRCLE ( 'NONE', #8131, 0.1199999999999998845 ) ;
#1649 = VERTEX_POINT ( 'NONE', #5503 ) ;
#1650 = VERTEX_POINT ( 'NONE', #2615 ) ;
#1651 = ORIENTED_EDGE ( 'NONE', *, *, #1158, .T. ) ;
#1652 = CARTESIAN_POINT ( 'NONE',  ( -1.379999999999999671, 0.000000000000000000, -2.570000000000001616 ) ) ;
#1653 = VECTOR ( 'NONE', #11277, 1000.000000000000000 ) ;
#1654 = VECTOR ( 'NONE', #2652, 1000.000000000000000 ) ;
#1655 = CARTESIAN_POINT ( 'NONE',  ( -3.000000000000000888, 0.1999999999999999833, 0.8800000000000001155 ) ) ;
#1656 = CARTESIAN_POINT ( 'NONE',  ( -2.570000000000001172, 0.8000833275471006534, 0.3800000000000001155 ) ) ;
#1657 = CARTESIAN_POINT ( 'NONE',  ( 3.000000000000000888, 0.8000833275471006534, -1.119999999999999885 ) ) ;
#1658 = PLANE ( 'NONE',  #3437 ) ;
#1659 = DIRECTION ( 'NONE',  ( 1.000000000000000000, 0.000000000000000000, -0.000000000000000000 ) ) ;
#1660 = DIRECTION ( 'NONE',  ( 0.000000000000000000, 0.000000000000000000, 1.000000000000000000 ) ) ;
#1661 = PRESENTATION_LAYER_ASSIGNMENT (  '', '', ( #3830 ) ) ;
#1662 = VECTOR ( 'NONE', #11959, 1000.000000000000000 ) ;
#1663 = VECTOR ( 'NONE', #4421, 1000.000000000000000 ) ;
#1664 = CARTESIAN_POINT ( 'NONE',  ( -2.570000000000001172, 0.1999999999999999833, -1.379999999999999893 ) ) ;
#1665 = ADVANCED_FACE ( 'NONE', ( #6497 ), #9273, .T. ) ;
#1666 = ORIENTED_EDGE ( 'NONE', *, *, #9654, .T. ) ;
#1667 = EDGE_CURVE ( 'NONE', #9144, #10224, #4416, .T. ) ;
#1668 = CARTESIAN_POINT ( 'NONE',  ( -3.000000000000000888, 0.8000833275471006534, -0.6199999999999998845 ) ) ;
#1669 = EDGE_LOOP ( 'NONE', ( #689, #8394, #2038, #12053 ) ) ;
#1670 =( NAMED_UNIT ( * ) SI_UNIT ( $, .STERADIAN. ) SOLID_ANGLE_UNIT ( ) );
#1671 = STYLED_ITEM ( 'NONE', ( #7498 ), #5607 ) ;
#1672 = EDGE_CURVE ( 'NONE', #4537, #10421, #11306, .T. ) ;
#1673 = VECTOR ( 'NONE', #892, 1000.000000000000000 ) ;
#1674 = LINE ( 'NONE', #5432, #898 ) ;
#1675 = CARTESIAN_POINT ( 'NONE',  ( 0.6200000000000003286, 0.2000000000000000111, 2.570000000000001616 ) ) ;
#1676 = LINE ( 'NONE', #1743, #466 ) ;
#1677 = VECTOR ( 'NONE', #10, 1000.000000000000000 ) ;
#1678 = ORIENTED_EDGE ( 'NONE', *, *, #3376, .T. ) ;
#1679 = AXIS2_PLACEMENT_3D ( 'NONE', #5069, #10631, #5002 ) ;
#1680 = DIRECTION ( 'NONE',  ( -5.042800802258162337E-16, 0.000000000000000000, -1.000000000000000000 ) ) ;
#1681 = VECTOR ( 'NONE', #3950, 1000.000000000000000 ) ;
#1682 = ORIENTED_EDGE ( 'NONE', *, *, #5657, .F. ) ;
#1683 = FACE_OUTER_BOUND ( 'NONE', #1955, .T. ) ;
#1684 = MANIFOLD_SOLID_BREP ( 'LPattern4[16]', #7265 ) ;
#1685 = COLOUR_RGB ( '',0.7921568627450980005, 0.8196078431372548767, 0.9333333333333333481 ) ;
#1686 = ORIENTED_EDGE ( 'NONE', *, *, #10983, .T. ) ;
#1687 = VECTOR ( 'NONE', #4013, 1000.000000000000000 ) ;
#1688 = CARTESIAN_POINT ( 'NONE',  ( -2.000000000000000000, 0.8000833275471003203, -2.570000000000001616 ) ) ;
#1689 = DIRECTION ( 'NONE',  ( 1.000000000000000000, -0.000000000000000000, 0.000000000000000000 ) ) ;
#1690 = DIRECTION ( 'NONE',  ( -5.042800802258162337E-16, 0.000000000000000000, -1.000000000000000000 ) ) ;
#1691 = AXIS2_PLACEMENT_3D ( 'NONE', #5302, #621, #3013 ) ;
#1692 = CYLINDRICAL_SURFACE ( 'NONE', #4491, 0.1199999999999999956 ) ;
#1693 = DIRECTION ( 'NONE',  ( -1.000000000000000000, -0.000000000000000000, -0.000000000000000000 ) ) ;
#1694 = CARTESIAN_POINT ( 'NONE',  ( -3.000000000000000888, 0.8000833275471006534, -0.1199999999999998845 ) ) ;
#1695 = LINE ( 'NONE', #7358, #3341 ) ;
#1696 = DIRECTION ( 'NONE',  ( 1.000000000000000000, 0.000000000000000000, -1.008560160451631481E-15 ) ) ;
#1697 = PRESENTATION_STYLE_ASSIGNMENT (( #10889 ) ) ;
#1698 = CIRCLE ( 'NONE', #505, 0.1199999999999998845 ) ;
#1699 = ORIENTED_EDGE ( 'NONE', *, *, #4496, .T. ) ;
#1700 = ORIENTED_EDGE ( 'NONE', *, *, #3433, .F. ) ;
#1701 = ORIENTED_EDGE ( 'NONE', *, *, #7970, .T. ) ;
#1702 = VERTEX_POINT ( 'NONE', #6254 ) ;
#1703 = PLANE ( 'NONE',  #6698 ) ;
#1704 = EDGE_CURVE ( 'NONE', #9052, #4757, #1572, .T. ) ;
#1705 = VECTOR ( 'NONE', #300, 1000.000000000000000 ) ;
#1706 = CARTESIAN_POINT ( 'NONE',  ( 0.6200000000000003286, 0.8000833275471003203, 2.570000000000001616 ) ) ;
#1707 = CARTESIAN_POINT ( 'NONE',  ( 1.120000000000000329, 0.2000000000000000111, -2.570000000000001616 ) ) ;
#1708 = VECTOR ( 'NONE', #6744, 1000.000000000000000 ) ;
#1709 = LINE ( 'NONE', #12008, #2018 ) ;
#1710 = CARTESIAN_POINT ( 'NONE',  ( -2.000000000000000000, 0.2000000000000000111, -2.570000000000001616 ) ) ;
#1711 = EDGE_CURVE ( 'NONE', #5787, #9342, #5316, .T. ) ;
#1712 = EDGE_CURVE ( 'NONE', #11807, #9613, #4528, .T. ) ;
#1713 = DIRECTION ( 'NONE',  ( 1.000000000000000000, -0.000000000000000000, 1.008560160451631481E-15 ) ) ;
#1714 = VERTEX_POINT ( 'NONE', #4399 ) ;
#1715 = ORIENTED_EDGE ( 'NONE', *, *, #9258, .F. ) ;
#1716 = VECTOR ( 'NONE', #8188, 1000.000000000000000 ) ;
#1717 = VERTEX_POINT ( 'NONE', #8150 ) ;
#1718 = EDGE_CURVE ( 'NONE', #11619, #9727, #5377, .T. ) ;
#1719 = DIRECTION ( 'NONE',  ( 0.000000000000000000, 0.000000000000000000, -1.000000000000000000 ) ) ;
#1720 = EDGE_CURVE ( 'NONE', #8724, #10423, #3596, .T. ) ;
#1721 = FACE_OUTER_BOUND ( 'NONE', #3206, .T. ) ;
#1722 = ADVANCED_FACE ( 'NONE', ( #3841 ), #2126, .T. ) ;
#1723 = CARTESIAN_POINT ( 'NONE',  ( -2.570000000000001172, 0.8000833275471006534, 0.5000000000000000000 ) ) ;
#1724 = MECHANICAL_DESIGN_GEOMETRIC_PRESENTATION_REPRESENTATION (  '', ( #8997 ), #2716 ) ;
#1725 = EDGE_CURVE ( 'NONE', #7567, #10639, #131, .T. ) ;
#1726 = DIRECTION ( 'NONE',  ( 0.000000000000000000, -1.000000000000000000, 0.000000000000000000 ) ) ;
#1727 = CARTESIAN_POINT ( 'NONE',  ( -0.6199999999999994404, 0.2000000000000000111, 3.000000000000001776 ) ) ;
#1728 = AXIS2_PLACEMENT_3D ( 'NONE', #2477, #11901, #12021 ) ;
#1729 = ADVANCED_FACE ( 'NONE', ( #8645 ), #4648, .F. ) ;
#1730 = LINE ( 'NONE', #11044, #5196 ) ;
#1731 = ORIENTED_EDGE ( 'NONE', *, *, #2837, .T. ) ;
#1732 = DIRECTION ( 'NONE',  ( 0.000000000000000000, 1.000000000000000000, 0.000000000000000000 ) ) ;
#1733 = CARTESIAN_POINT ( 'NONE',  ( 1.880000000000000560, 0.000000000000000000, 3.000000000000001776 ) ) ;
#1734 = AXIS2_PLACEMENT_3D ( 'NONE', #10949, #9149, #4530 ) ;
#1735 = ORIENTED_EDGE ( 'NONE', *, *, #6788, .T. ) ;
#1736 = ADVANCED_FACE ( 'NONE', ( #6624 ), #11240, .F. ) ;
#1737 = CARTESIAN_POINT ( 'NONE',  ( -1.379999999999999893, 0.04999999999999999584, 2.570000000000001616 ) ) ;
#1738 = VERTEX_POINT ( 'NONE', #5622 ) ;
#1739 = LINE ( 'NONE', #7633, #3860 ) ;
#1740 = DIRECTION ( 'NONE',  ( 0.000000000000000000, -1.000000000000000000, 0.000000000000000000 ) ) ;
#1741 = DIRECTION ( 'NONE',  ( 0.000000000000000000, 1.000000000000000000, -0.000000000000000000 ) ) ;
#1742 = CARTESIAN_POINT ( 'NONE',  ( -3.000000000000000888, 0.1999999999999999833, -1.379999999999999671 ) ) ;
#1743 = CARTESIAN_POINT ( 'NONE',  ( 2.570000000000001172, 0.1999999999999999833, -1.379999999999999893 ) ) ;
#1744 = AXIS2_PLACEMENT_3D ( 'NONE', #1419, #8017, #557 ) ;
#1745 = ORIENTED_EDGE ( 'NONE', *, *, #10296, .F. ) ;
#1746 = FACE_OUTER_BOUND ( 'NONE', #420, .T. ) ;
#1747 = EDGE_LOOP ( 'NONE', ( #9068, #8300, #5500, #9827 ) ) ;
#1748 = PLANE ( 'NONE',  #9007 ) ;
#1749 = AXIS2_PLACEMENT_3D ( 'NONE', #586, #1392, #3364 ) ;
#1750 = MANIFOLD_SOLID_BREP ( 'LPattern3[14]', #1547 ) ;
#1751 = ORIENTED_EDGE ( 'NONE', *, *, #6364, .F. ) ;
#1752 = VECTOR ( 'NONE', #241, 1000.000000000000000 ) ;
#1753 = FILL_AREA_STYLE ('',( #11009 ) ) ;
#1754 = LINE ( 'NONE', #6316, #1113 ) ;
#1755 = DIRECTION ( 'NONE',  ( 0.000000000000000000, 0.000000000000000000, -1.000000000000000000 ) ) ;
#1756 = DIRECTION ( 'NONE',  ( -1.000000000000000000, 0.000000000000000000, 0.000000000000000000 ) ) ;
#1757 = LINE ( 'NONE', #2617, #2724 ) ;
#1758 = CARTESIAN_POINT ( 'NONE',  ( 1.120000000000000329, 0.2000000000000000111, 3.000000000000001776 ) ) ;
#1759 = CARTESIAN_POINT ( 'NONE',  ( 0.000000000000000000, 0.000000000000000000, 2.570000000000001616 ) ) ;
#1760 = CARTESIAN_POINT ( 'NONE',  ( 2.120000000000000551, 0.2000000000000000111, -2.570000000000001616 ) ) ;
#1761 = LINE ( 'NONE', #10136, #6111 ) ;
#1762 = DIRECTION ( 'NONE',  ( -0.000000000000000000, -1.000000000000000000, -0.000000000000000000 ) ) ;
#1763 = AXIS2_PLACEMENT_3D ( 'NONE', #7911, #8834, #446 ) ;
#1764 = EDGE_LOOP ( 'NONE', ( #4087, #4067, #94, #4941 ) ) ;
#1765 = AXIS2_PLACEMENT_3D ( 'NONE', #6666, #10427, #9487 ) ;
#1766 = ORIENTED_EDGE ( 'NONE', *, *, #11743, .F. ) ;
#1767 = ORIENTED_EDGE ( 'NONE', *, *, #9462, .F. ) ;
#1768 = ADVANCED_FACE ( 'NONE', ( #11365 ), #8467, .F. ) ;
#1769 = ORIENTED_EDGE ( 'NONE', *, *, #158, .F. ) ;
#1770 = LINE ( 'NONE', #2008, #7813 ) ;
#1771 = ADVANCED_FACE ( 'NONE', ( #2924 ), #1126, .F. ) ;
#1772 =( LENGTH_UNIT ( ) NAMED_UNIT ( * ) SI_UNIT ( .MILLI., .METRE. ) );
#1773 = DIRECTION ( 'NONE',  ( 1.000000000000000000, 0.000000000000000000, -5.042800802258162337E-16 ) ) ;
#1774 = DIRECTION ( 'NONE',  ( 0.000000000000000000, 1.000000000000000000, 0.000000000000000000 ) ) ;
#1775 = VECTOR ( 'NONE', #11825, 1000.000000000000000 ) ;
#1776 = CARTESIAN_POINT ( 'NONE',  ( 0.5000000000000000000, 0.8000833275471003203, -2.570000000000001616 ) ) ;
#1777 = CARTESIAN_POINT ( 'NONE',  ( 1.500000000000000000, 0.04999999999999999584, 2.450000000000001510 ) ) ;
#1778 = DIRECTION ( 'NONE',  ( 2.115516434118057709E-16, 0.000000000000000000, -1.000000000000000000 ) ) ;
#1779 = DIRECTION ( 'NONE',  ( 0.000000000000000000, -1.000000000000000000, 0.000000000000000000 ) ) ;
#1780 = ORIENTED_EDGE ( 'NONE', *, *, #357, .T. ) ;
#1781 = ORIENTED_EDGE ( 'NONE', *, *, #11036, .F. ) ;
#1782 = EDGE_LOOP ( 'NONE', ( #4100, #2694, #11449, #6618 ) ) ;
#1783 = EDGE_CURVE ( 'NONE', #7796, #4866, #5741, .T. ) ;
#1784 = EDGE_CURVE ( 'NONE', #170, #1496, #9633, .T. ) ;
#1785 = CARTESIAN_POINT ( 'NONE',  ( -3.000000000000000888, 0.04999999999999969746, 1.120000000000000329 ) ) ;
#1786 = DIRECTION ( 'NONE',  ( -0.000000000000000000, -0.000000000000000000, -1.000000000000000000 ) ) ;
#1787 = CARTESIAN_POINT ( 'NONE',  ( -3.000000000000000888, 0.1999999999999999833, -0.3799999999999996714 ) ) ;
#1788 = ADVANCED_FACE ( 'NONE', ( #2861 ), #2978, .T. ) ;
#1789 = CARTESIAN_POINT ( 'NONE',  ( 2.570000000000001172, 0.8000833275471006534, -1.379999999999999893 ) ) ;
#1790 = CARTESIAN_POINT ( 'NONE',  ( -2.570000000000001172, 0.8000833275471006534, 1.000000000000000000 ) ) ;
#1791 = DIRECTION ( 'NONE',  ( 1.000000000000000000, -0.000000000000000000, 5.042800802258162337E-16 ) ) ;
#1792 = ORIENTED_EDGE ( 'NONE', *, *, #11823, .F. ) ;
#1793 = LINE ( 'NONE', #4561, #4245 ) ;
#1794 = EDGE_CURVE ( 'NONE', #8311, #5769, #5351, .T. ) ;
#1795 = MANIFOLD_SOLID_BREP ( 'LPattern3[4]', #12200 ) ;
#1796 = DIRECTION ( 'NONE',  ( -5.042800802258162337E-16, 0.000000000000000000, -1.000000000000000000 ) ) ;
#1797 = EDGE_CURVE ( 'NONE', #3915, #326, #11665, .T. ) ;
#1798 = VERTEX_POINT ( 'NONE', #3726 ) ;
#1799 = DIRECTION ( 'NONE',  ( 0.000000000000000000, 1.000000000000000000, -0.000000000000000000 ) ) ;
#1800 = ORIENTED_EDGE ( 'NONE', *, *, #727, .F. ) ;
#1801 = DIRECTION ( 'NONE',  ( 0.000000000000000000, 0.000000000000000000, -1.000000000000000000 ) ) ;
#1802 = LINE ( 'NONE', #6608, #9561 ) ;
#1803 = DIRECTION ( 'NONE',  ( -0.000000000000000000, 1.000000000000000000, -0.000000000000000000 ) ) ;
#1804 = CARTESIAN_POINT ( 'NONE',  ( 2.000000000000000000, 0.8000833275471003203, 2.570000000000001616 ) ) ;
#1805 = VERTEX_POINT ( 'NONE', #7846 ) ;
#1806 = DIRECTION ( 'NONE',  ( -1.000000000000000000, 0.000000000000000000, 0.000000000000000000 ) ) ;
#1807 = VERTEX_POINT ( 'NONE', #2371 ) ;
#1808 = CARTESIAN_POINT ( 'NONE',  ( -3.000000000000000888, 0.04999999999999969746, -0.8799999999999996714 ) ) ;
#1809 = ORIENTED_EDGE ( 'NONE', *, *, #8280, .F. ) ;
#1810 = VECTOR ( 'NONE', #9414, 1000.000000000000000 ) ;
#1811 = LINE ( 'NONE', #3779, #516 ) ;
#1812 = CYLINDRICAL_SURFACE ( 'NONE', #9876, 0.1199999999999998845 ) ;
#1813 = CARTESIAN_POINT ( 'NONE',  ( 0.6200000000000003286, 0.8000833275471003203, -2.570000000000001616 ) ) ;
#1814 = DIRECTION ( 'NONE',  ( 1.008560160451631481E-15, 0.000000000000000000, -1.000000000000000000 ) ) ;
#1815 = CARTESIAN_POINT ( 'NONE',  ( 3.000000000000000888, 0.1999999999999999833, -0.3799999999999996714 ) ) ;
#1816 = CARTESIAN_POINT ( 'NONE',  ( 1.000000000000000000, 0.1999999999999999833, 2.450000000000001510 ) ) ;
#1817 = FACE_OUTER_BOUND ( 'NONE', #4271, .T. ) ;
#1818 = DIRECTION ( 'NONE',  ( 0.000000000000000000, 1.000000000000000000, 0.000000000000000000 ) ) ;
#1819 = AXIS2_PLACEMENT_3D ( 'NONE', #8765, #10867, #2240 ) ;
#1820 = ORIENTED_EDGE ( 'NONE', *, *, #6788, .F. ) ;
#1821 = ORIENTED_EDGE ( 'NONE', *, *, #9544, .F. ) ;
#1822 = ORIENTED_EDGE ( 'NONE', *, *, #12010, .F. ) ;
#1823 = VERTEX_POINT ( 'NONE', #4943 ) ;
#1824 = DIRECTION ( 'NONE',  ( 1.000000000000000000, -0.000000000000000000, -0.000000000000000000 ) ) ;
#1825 = ORIENTED_EDGE ( 'NONE', *, *, #10649, .F. ) ;
#1826 = EDGE_CURVE ( 'NONE', #1124, #4072, #1241, .T. ) ;
#1827 = CARTESIAN_POINT ( 'NONE',  ( 0.000000000000000000, 0.2000000000000000111, 2.570000000000001616 ) ) ;
#1828 = PRESENTATION_LAYER_ASSIGNMENT (  '', '', ( #631 ) ) ;
#1829 = FACE_OUTER_BOUND ( 'NONE', #9608, .T. ) ;
#1830 = PLANE ( 'NONE',  #10391 ) ;
#1831 = DIRECTION ( 'NONE',  ( 0.000000000000000000, -0.000000000000000000, 1.000000000000000000 ) ) ;
#1832 = CARTESIAN_POINT ( 'NONE',  ( -2.049999999999999378, 0.1999999999999996503, -1.749999999999999334 ) ) ;
#1833 = EDGE_CURVE ( 'NONE', #1969, #5369, #441, .T. ) ;
#1834 = FACE_OUTER_BOUND ( 'NONE', #7146, .T. ) ;
#1835 = CARTESIAN_POINT ( 'NONE',  ( -0.3799999999999996714, 0.000000000000000000, -3.000000000000001776 ) ) ;
#1836 = EDGE_LOOP ( 'NONE', ( #2674, #72, #1957, #4800 ) ) ;
#1837 = ORIENTED_EDGE ( 'NONE', *, *, #3811, .F. ) ;
#1838 = VECTOR ( 'NONE', #11351, 1000.000000000000000 ) ;
#1839 = ORIENTED_EDGE ( 'NONE', *, *, #11220, .T. ) ;
#1840 = DIRECTION ( 'NONE',  ( 5.042800802258162337E-16, 0.000000000000000000, -1.000000000000000000 ) ) ;
#1841 = LINE ( 'NONE', #8304, #5801 ) ;
#1842 = CARTESIAN_POINT ( 'NONE',  ( -1.379999999999999671, 0.1999999999999999833, 3.000000000000001776 ) ) ;
#1843 = CIRCLE ( 'NONE', #7745, 0.1199999999999998845 ) ;
#1844 = CARTESIAN_POINT ( 'NONE',  ( 3.000000000000000888, 0.1999999999999999833, 1.880000000000000115 ) ) ;
#1845 = FACE_OUTER_BOUND ( 'NONE', #2807, .T. ) ;
#1846 = DIRECTION ( 'NONE',  ( -0.000000000000000000, -1.000000000000000000, -0.000000000000000000 ) ) ;
#1847 = VERTEX_POINT ( 'NONE', #9872 ) ;
#1848 = DIRECTION ( 'NONE',  ( 0.000000000000000000, -1.000000000000000000, 0.000000000000000000 ) ) ;
#1849 = ORIENTED_EDGE ( 'NONE', *, *, #9993, .T. ) ;
#1850 = CARTESIAN_POINT ( 'NONE',  ( -1.619999999999999440, 0.000000000000000000, 3.000000000000001776 ) ) ;
#1851 = VECTOR ( 'NONE', #6792, 1000.000000000000000 ) ;
#1852 = VERTEX_POINT ( 'NONE', #1308 ) ;
#1853 = FACE_OUTER_BOUND ( 'NONE', #6007, .T. ) ;
#1854 = ORIENTED_EDGE ( 'NONE', *, *, #4188, .T. ) ;
#1855 = ADVANCED_FACE ( 'NONE', ( #5071 ), #3172, .F. ) ;
#1856 = LINE ( 'NONE', #4813, #3394 ) ;
#1857 = DIRECTION ( 'NONE',  ( -1.008560160451631481E-15, 0.000000000000000000, -1.000000000000000000 ) ) ;
#1858 = AXIS2_PLACEMENT_3D ( 'NONE', #348, #1271, #5041 ) ;
#1859 = DIRECTION ( 'NONE',  ( 1.000000000000000000, 0.000000000000000000, 5.042800802258162337E-16 ) ) ;
#1860 = LINE ( 'NONE', #5606, #260 ) ;
#1861 = AXIS2_PLACEMENT_3D ( 'NONE', #2898, #5593, #2961 ) ;
#1862 = EDGE_CURVE ( 'NONE', #4628, #5538, #2421, .T. ) ;
#1863 = VERTEX_POINT ( 'NONE', #3348 ) ;
#1864 = FACE_OUTER_BOUND ( 'NONE', #2598, .T. ) ;
#1865 = EDGE_LOOP ( 'NONE', ( #10614, #5780, #1089, #4984 ) ) ;
#1866 =( GEOMETRIC_REPRESENTATION_CONTEXT ( 3 ) GLOBAL_UNCERTAINTY_ASSIGNED_CONTEXT ( ( #467 ) ) GLOBAL_UNIT_ASSIGNED_CONTEXT ( ( #9701, #9828, #7862 ) ) REPRESENTATION_CONTEXT ( 'NONE', 'WORKASPACE' ) );
#1867 = VERTEX_POINT ( 'NONE', #11727 ) ;
#1868 = CIRCLE ( 'NONE', #3051, 0.1199999999999999956 ) ;
#1869 = FILL_AREA_STYLE_COLOUR ( '', #9164 ) ;
#1870 = LINE ( 'NONE', #1228, #2890 ) ;
#1871 = DIRECTION ( 'NONE',  ( 0.000000000000000000, -1.000000000000000000, 0.000000000000000000 ) ) ;
#1872 = AXIS2_PLACEMENT_3D ( 'NONE', #2863, #1127, #6625 ) ;
#1873 = DIRECTION ( 'NONE',  ( -1.008560160451631481E-15, 0.000000000000000000, 1.000000000000000000 ) ) ;
#1874 = ADVANCED_FACE ( 'NONE', ( #7111 ), #10685, .T. ) ;
#1875 = DIRECTION ( 'NONE',  ( 0.000000000000000000, -1.000000000000000000, 0.000000000000000000 ) ) ;
#1876 = CARTESIAN_POINT ( 'NONE',  ( 4.437664705987188576E-16, 0.05000000000000000278, -0.8800000000000012257 ) ) ;
#1877 = EDGE_CURVE ( 'NONE', #9781, #1884, #2423, .T. ) ;
#1878 = PLANE ( 'NONE',  #2701 ) ;
#1879 = PLANE ( 'NONE',  #5678 ) ;
#1880 = EDGE_CURVE ( 'NONE', #11347, #7178, #4577, .T. ) ;
#1882 = DIRECTION ( 'NONE',  ( 1.000000000000000000, 0.000000000000000000, -0.000000000000000000 ) ) ;
#1881 = VECTOR ( 'NONE', #5443, 1000.000000000000000 ) ;
#1883 = CIRCLE ( 'NONE', #8762, 0.1199999999999998845 ) ;
#1884 = VERTEX_POINT ( 'NONE', #382 ) ;
#1885 = ORIENTED_EDGE ( 'NONE', *, *, #7149, .T. ) ;
#1886 = ORIENTED_EDGE ( 'NONE', *, *, #3482, .T. ) ;
#1887 = VECTOR ( 'NONE', #1786, 1000.000000000000000 ) ;
#1888 = AXIS2_PLACEMENT_3D ( 'NONE', #6486, #5543, #11231 ) ;
#1889 = VERTEX_POINT ( 'NONE', #3227 ) ;
#1890 = LINE ( 'NONE', #9406, #9000 ) ;
#1891 = ORIENTED_EDGE ( 'NONE', *, *, #8320, .T. ) ;
#1892 = AXIS2_PLACEMENT_3D ( 'NONE', #7816, #5716, #3141 ) ;
#1893 = LINE ( 'NONE', #2814, #4247 ) ;
#1894 = CARTESIAN_POINT ( 'NONE',  ( -2.570000000000001172, 0.8000833275471006534, -0.8799999999999998934 ) ) ;
#1895 = DIRECTION ( 'NONE',  ( 0.000000000000000000, 0.000000000000000000, -1.000000000000000000 ) ) ;
#1896 = CARTESIAN_POINT ( 'NONE',  ( 2.999999999999999112, 0.05000000000000000278, -3.000000000000001776 ) ) ;
#1897 = MANIFOLD_SOLID_BREP ( 'Boss-Extrude2[1]', #8447 ) ;
#1898 = AXIS2_PLACEMENT_3D ( 'NONE', #6573, #3797, #9412 ) ;
#1899 = VECTOR ( 'NONE', #4080, 1000.000000000000000 ) ;
#1900 = DIRECTION ( 'NONE',  ( 0.000000000000000000, 0.000000000000000000, -1.000000000000000000 ) ) ;
#1901 = DIRECTION ( 'NONE',  ( 0.000000000000000000, 0.000000000000000000, 1.000000000000000000 ) ) ;
#1902 = ORIENTED_EDGE ( 'NONE', *, *, #7902, .F. ) ;
#1903 = ORIENTED_EDGE ( 'NONE', *, *, #11052, .F. ) ;
#1904 = VERTEX_POINT ( 'NONE', #2547 ) ;
#1905 = ORIENTED_EDGE ( 'NONE', *, *, #7208, .F. ) ;
#1906 = EDGE_CURVE ( 'NONE', #6002, #5912, #8701, .T. ) ;
#1907 = CIRCLE ( 'NONE', #11945, 0.1199999999999998845 ) ;
#1908 = VECTOR ( 'NONE', #10856, 1000.000000000000000 ) ;
#1909 = CARTESIAN_POINT ( 'NONE',  ( 3.000000000000000888, 0.1999999999999999833, -0.3799999999999996714 ) ) ;
#1910 = CYLINDRICAL_SURFACE ( 'NONE', #8173, 0.1199999999999998845 ) ;
#1911 = DIRECTION ( 'NONE',  ( 0.000000000000000000, -1.000000000000000000, 0.000000000000000000 ) ) ;
#1912 = DIRECTION ( 'NONE',  ( -1.000000000000000000, 0.000000000000000000, -0.000000000000000000 ) ) ;
#1913 = FACE_OUTER_BOUND ( 'NONE', #9240, .T. ) ;
#1914 = VECTOR ( 'NONE', #8674, 1000.000000000000000 ) ;
#1915 = EDGE_LOOP ( 'NONE', ( #10040, #10176, #1934, #396 ) ) ;
#1916 = PLANE ( 'NONE',  #7759 ) ;
#1917 = EDGE_CURVE ( 'NONE', #1356, #8491, #6421, .T. ) ;
#1918 = ORIENTED_EDGE ( 'NONE', *, *, #1959, .F. ) ;
#1919 = MANIFOLD_SOLID_BREP ( 'LPattern4[14]', #8635 ) ;
#1920 = DIRECTION ( 'NONE',  ( -0.000000000000000000, -1.000000000000000000, -0.000000000000000000 ) ) ;
#1921 = ADVANCED_FACE ( 'NONE', ( #10182 ), #7288, .T. ) ;
#1922 = VERTEX_POINT ( 'NONE', #750 ) ;
#1923 = DIRECTION ( 'NONE',  ( -1.000000000000000000, 0.000000000000000000, 0.000000000000000000 ) ) ;
#1924 = VECTOR ( 'NONE', #6393, 1000.000000000000000 ) ;
#1925 = ORIENTED_EDGE ( 'NONE', *, *, #848, .F. ) ;
#1926 = ADVANCED_FACE ( 'NONE', ( #11910 ), #4515, .F. ) ;
#1927 = CARTESIAN_POINT ( 'NONE',  ( -1.500000000000000000, 0.2000000000000000111, -2.570000000000001616 ) ) ;
#1928 = VECTOR ( 'NONE', #2996, 1000.000000000000000 ) ;
#1929 = LINE ( 'NONE', #1988, #9104 ) ;
#1930 = CARTESIAN_POINT ( 'NONE',  ( -2.000000000000000000, 0.04999999999999999584, -2.570000000000001616 ) ) ;
#1931 = CARTESIAN_POINT ( 'NONE',  ( 0.5000000000000000000, 0.000000000000000000, -2.570000000000001616 ) ) ;
#1932 = DIRECTION ( 'NONE',  ( 0.000000000000000000, 1.000000000000000000, 0.000000000000000000 ) ) ;
#1933 = VECTOR ( 'NONE', #7486, 1000.000000000000000 ) ;
#1934 = ORIENTED_EDGE ( 'NONE', *, *, #4495, .T. ) ;
#1935 = CARTESIAN_POINT ( 'NONE',  ( 0.000000000000000000, 0.1999999999999999833, 2.570000000000001616 ) ) ;
#1936 = VERTEX_POINT ( 'NONE', #12086 ) ;
#1937 = MANIFOLD_SOLID_BREP ( 'LPattern4[1]', #1355 ) ;
#1938 = ORIENTED_EDGE ( 'NONE', *, *, #3001, .T. ) ;
#1939 = ADVANCED_FACE ( 'NONE', ( #8513 ), #2729, .T. ) ;
#1940 = EDGE_CURVE ( 'NONE', #5373, #10824, #1856, .T. ) ;
#1941 = CYLINDRICAL_SURFACE ( 'NONE', #9554, 0.1199999999999998845 ) ;
#1942 = VECTOR ( 'NONE', #10737, 1000.000000000000000 ) ;
#1943 = DIRECTION ( 'NONE',  ( 0.000000000000000000, 0.000000000000000000, -1.000000000000000000 ) ) ;
#1944 = PLANE ( 'NONE',  #11719 ) ;
#1945 = CARTESIAN_POINT ( 'NONE',  ( -2.049999999999999378, 5.998275605729689097, -1.749999999999999334 ) ) ;
#1946 = DIRECTION ( 'NONE',  ( 0.000000000000000000, 0.000000000000000000, 1.000000000000000000 ) ) ;
#1947 = CARTESIAN_POINT ( 'NONE',  ( -0.3799999999999996714, 0.04999999999999999584, -2.570000000000001616 ) ) ;
#1948 = DIRECTION ( 'NONE',  ( -0.000000000000000000, -1.000000000000000000, -0.000000000000000000 ) ) ;
#1949 = ORIENTED_EDGE ( 'NONE', *, *, #1917, .T. ) ;
#1950 = ADVANCED_FACE ( 'NONE', ( #3954 ), #8389, .F. ) ;
#1951 = ORIENTED_EDGE ( 'NONE', *, *, #1992, .T. ) ;
#1952 = ORIENTED_EDGE ( 'NONE', *, *, #4918, .F. ) ;
#1953 = VECTOR ( 'NONE', #9588, 1000.000000000000000 ) ;
#1954 = CIRCLE ( 'NONE', #2548, 0.1199999999999998845 ) ;
#1955 = EDGE_LOOP ( 'NONE', ( #1076, #716 ) ) ;
#1956 = DIRECTION ( 'NONE',  ( 0.000000000000000000, 0.000000000000000000, -1.000000000000000000 ) ) ;
#1957 = ORIENTED_EDGE ( 'NONE', *, *, #4169, .T. ) ;
#1958 = EDGE_CURVE ( 'NONE', #6386, #8311, #4695, .T. ) ;
#1959 = EDGE_CURVE ( 'NONE', #6109, #11024, #11230, .T. ) ;
#1960 =( LENGTH_UNIT ( ) NAMED_UNIT ( * ) SI_UNIT ( .MILLI., .METRE. ) );
#1961 = DIRECTION ( 'NONE',  ( 1.008560160451631481E-15, 0.000000000000000000, -1.000000000000000000 ) ) ;
#1962 = CARTESIAN_POINT ( 'NONE',  ( -2.049999999999999378, 0.000000000000000000, -2.050000000000000266 ) ) ;
#1963 = CARTESIAN_POINT ( 'NONE',  ( -2.000000000000000000, 0.2000000000000000111, -2.570000000000001616 ) ) ;
#1964 = AXIS2_PLACEMENT_3D ( 'NONE', #5509, #829, #8343 ) ;
#1965 = AXIS2_PLACEMENT_3D ( 'NONE', #9668, #5725, #10487 ) ;
#1966 = DIRECTION ( 'NONE',  ( 0.000000000000000000, -1.000000000000000000, 0.000000000000000000 ) ) ;
#1967 = CARTESIAN_POINT ( 'NONE',  ( 1.069073770078729843E-15, 0.05000000000000000278, 2.119999999999999218 ) ) ;
#1968 = ORIENTED_EDGE ( 'NONE', *, *, #11119, .F. ) ;
#1969 = VERTEX_POINT ( 'NONE', #3828 ) ;
#1970 = ORIENTED_EDGE ( 'NONE', *, *, #2184, .F. ) ;
#1971 = ORIENTED_EDGE ( 'NONE', *, *, #2911, .T. ) ;
#1972 =( GEOMETRIC_REPRESENTATION_CONTEXT ( 3 ) GLOBAL_UNCERTAINTY_ASSIGNED_CONTEXT ( ( #5392 ) ) GLOBAL_UNIT_ASSIGNED_CONTEXT ( ( #929, #8196, #2838 ) ) REPRESENTATION_CONTEXT ( 'NONE', 'WORKASPACE' ) );
#1973 = DIRECTION ( 'NONE',  ( 0.000000000000000000, 1.000000000000000000, -0.000000000000000000 ) ) ;
#1974 = PLANE ( 'NONE',  #10155 ) ;
#1975 = LINE ( 'NONE', #11451, #6614 ) ;
#1976 = CARTESIAN_POINT ( 'NONE',  ( -2.119999999999999662, 0.2000000000000000111, 3.000000000000001776 ) ) ;
#1977 = COLOUR_RGB ( '',0.7921568627450980005, 0.8196078431372548767, 0.9333333333333333481 ) ;
#1978 = CARTESIAN_POINT ( 'NONE',  ( 0.3800000000000005596, 0.8000833275471003203, 3.000000000000001776 ) ) ;
#1979 = DIRECTION ( 'NONE',  ( -0.000000000000000000, -1.000000000000000000, -0.000000000000000000 ) ) ;
#1980 = FACE_OUTER_BOUND ( 'NONE', #11585, .T. ) ;
#1981 = ORIENTED_EDGE ( 'NONE', *, *, #9229, .T. ) ;
#1982 = LINE ( 'NONE', #8444, #1653 ) ;
#1983 = VERTEX_POINT ( 'NONE', #11466 ) ;
#1984 = ORIENTED_EDGE ( 'NONE', *, *, #4510, .T. ) ;
#1985 = CARTESIAN_POINT ( 'NONE',  ( -2.570000000000001172, 0.1999999999999999833, -1.119999999999999885 ) ) ;
#1986 = ORIENTED_EDGE ( 'NONE', *, *, #8182, .F. ) ;
#1987 = PLANE ( 'NONE',  #11604 ) ;
#1988 = CARTESIAN_POINT ( 'NONE',  ( -3.000000000000000888, 0.1999999999999999833, 2.120000000000000551 ) ) ;
#1989 = FACE_OUTER_BOUND ( 'NONE', #1993, .T. ) ;
#1990 = CARTESIAN_POINT ( 'NONE',  ( 0.6200000000000003286, 0.2000000000000005107, 2.999999999999998668 ) ) ;
#1991 = CARTESIAN_POINT ( 'NONE',  ( 2.570000000000000284, 0.05000000000000002359, 1.999999999999999556 ) ) ;
#1992 = EDGE_CURVE ( 'NONE', #8659, #1047, #1929, .T. ) ;
#1993 = EDGE_LOOP ( 'NONE', ( #5068, #9797, #5691, #3736, #1168, #5695, #2553, #646, #9040, #9444, #10642, #5339, #11484, #9980, #12036, #7492, #4523, #1622, #5289, #11392, #4596, #9020, #210, #4478, #3521, #5834, #8944, #9935, #3356, #252, #7861, #9500, #9403, #1608, #3946, #1316, #8413, #2513, #3887, #10294 ) ) ;
#1994 = CARTESIAN_POINT ( 'NONE',  ( -2.570000000000001172, 0.1999999999999999833, -1.879999999999999893 ) ) ;
#1995 = VERTEX_POINT ( 'NONE', #4751 ) ;
#1996 = EDGE_LOOP ( 'NONE', ( #4334, #2110, #10344, #7945 ) ) ;
#1997 = FILL_AREA_STYLE ('',( #944 ) ) ;
#1998 = DIRECTION ( 'NONE',  ( 0.000000000000000000, -1.000000000000000000, 0.000000000000000000 ) ) ;
#1999 = CARTESIAN_POINT ( 'NONE',  ( -2.570000000000001172, 0.05000000000000002359, 0.000000000000000000 ) ) ;
#2000 = CARTESIAN_POINT ( 'NONE',  ( -2.570000000000001172, 0.8000833275471006534, -0.3799999999999998934 ) ) ;
#2001 = DIRECTION ( 'NONE',  ( -0.000000000000000000, -1.000000000000000000, -0.000000000000000000 ) ) ;
#2002 = CARTESIAN_POINT ( 'NONE',  ( 0.6200000000000001066, 0.1999999999999999833, 2.570000000000001616 ) ) ;
#2003 = ORIENTED_EDGE ( 'NONE', *, *, #7151, .F. ) ;
#2004 = EDGE_CURVE ( 'NONE', #10975, #4307, #934, .T. ) ;
#2005 = ORIENTED_EDGE ( 'NONE', *, *, #665, .F. ) ;
#2006 = VERTEX_POINT ( 'NONE', #9312 ) ;
#2007 = ORIENTED_EDGE ( 'NONE', *, *, #4697, .T. ) ;
#2008 = CARTESIAN_POINT ( 'NONE',  ( 0.6200000000000003286, 0.2000000000000000111, 3.000000000000001776 ) ) ;
#2009 = EDGE_CURVE ( 'NONE', #9538, #7062, #119, .T. ) ;
#2010 = ADVANCED_FACE ( 'NONE', ( #5602 ), #10492, .T. ) ;
#2011 = VERTEX_POINT ( 'NONE', #2043 ) ;
#2012 = SURFACE_SIDE_STYLE ('',( #3981 ) ) ;
#2013 = DIRECTION ( 'NONE',  ( 0.000000000000000000, 0.000000000000000000, 1.000000000000000000 ) ) ;
#2014 = DIRECTION ( 'NONE',  ( -5.042800802258162337E-16, 0.000000000000000000, -1.000000000000000000 ) ) ;
#2015 = DIRECTION ( 'NONE',  ( 0.000000000000000000, -0.000000000000000000, 1.000000000000000000 ) ) ;
#2016 = ADVANCED_FACE ( 'NONE', ( #12221 ), #7529, .T. ) ;
#2017 = SURFACE_SIDE_STYLE ('',( #11385 ) ) ;
#2018 = VECTOR ( 'NONE', #6391, 1000.000000000000000 ) ;
#2019 = CARTESIAN_POINT ( 'NONE',  ( -2.049999999999999378, 0.1999999999999996503, -1.749999999999999334 ) ) ;
#2020 = DIRECTION ( 'NONE',  ( 0.000000000000000000, 1.000000000000000000, 0.000000000000000000 ) ) ;
#2021 = EDGE_LOOP ( 'NONE', ( #12216, #499, #4171, #5080 ) ) ;
#2022 = ADVANCED_FACE ( 'NONE', ( #2844 ), #9377, .T. ) ;
#2023 = ORIENTED_EDGE ( 'NONE', *, *, #2108, .F. ) ;
#2024 = EDGE_LOOP ( 'NONE', ( #6935, #1194, #7128, #6044 ) ) ;
#2025 = ORIENTED_EDGE ( 'NONE', *, *, #1239, .F. ) ;
#2026 = STYLED_ITEM ( 'NONE', ( #6871 ), #1897 ) ;
#2027 = DIRECTION ( 'NONE',  ( 0.000000000000000000, 1.000000000000000000, -0.000000000000000000 ) ) ;
#2028 = CARTESIAN_POINT ( 'NONE',  ( 2.000000000000000000, 0.8000833275471003203, -2.570000000000001616 ) ) ;
#2029 = CARTESIAN_POINT ( 'NONE',  ( 1.500000000000000000, 0.2000000000000000111, 2.570000000000001616 ) ) ;
#2030 = LINE ( 'NONE', #2828, #9384 ) ;
#2031 = DIRECTION ( 'NONE',  ( 0.000000000000000000, 0.000000000000000000, -1.000000000000000000 ) ) ;
#2032 = CARTESIAN_POINT ( 'NONE',  ( 2.570000000000000284, 0.8000833275471006534, -1.000000000000000444 ) ) ;
#2033 = FACE_OUTER_BOUND ( 'NONE', #3787, .T. ) ;
#2034 = VECTOR ( 'NONE', #7459, 1000.000000000000000 ) ;
#2035 = ORIENTED_EDGE ( 'NONE', *, *, #9534, .T. ) ;
#2036 = ORIENTED_EDGE ( 'NONE', *, *, #11161, .T. ) ;
#2037 = CARTESIAN_POINT ( 'NONE',  ( -2.570000000000001172, 0.05000000000000002359, 0.1200000000000000927 ) ) ;
#2038 = ORIENTED_EDGE ( 'NONE', *, *, #111, .T. ) ;
#2039 = DIRECTION ( 'NONE',  ( 0.000000000000000000, -0.000000000000000000, 1.000000000000000000 ) ) ;
#2040 = ORIENTED_EDGE ( 'NONE', *, *, #10121, .F. ) ;
#2041 = VECTOR ( 'NONE', #2865, 1000.000000000000000 ) ;
#2042 = DIRECTION ( 'NONE',  ( 1.000000000000000000, 0.000000000000000000, -0.000000000000000000 ) ) ;
#2043 = CARTESIAN_POINT ( 'NONE',  ( -2.570000000000001172, 0.05000000000000002359, -1.879999999999999893 ) ) ;
#2044 = FACE_OUTER_BOUND ( 'NONE', #8991, .T. ) ;
#2045 = CARTESIAN_POINT ( 'NONE',  ( 0.3799999999999996714, 0.8000833275471003203, -2.570000000000001616 ) ) ;
#2046 = CARTESIAN_POINT ( 'NONE',  ( 3.000000000000000888, 0.1999999999999999833, 0.3800000000000001155 ) ) ;
#2047 = VECTOR ( 'NONE', #7896, 1000.000000000000000 ) ;
#2048 = EDGE_CURVE ( 'NONE', #9080, #7361, #6674, .T. ) ;
#2049 = EDGE_CURVE ( 'NONE', #1286, #4636, #9438, .T. ) ;
#2050 = DIRECTION ( 'NONE',  ( 0.000000000000000000, -0.000000000000000000, -1.000000000000000000 ) ) ;
#2051 = ORIENTED_EDGE ( 'NONE', *, *, #2628, .F. ) ;
#2052 = EDGE_CURVE ( 'NONE', #10111, #11875, #6355, .T. ) ;
#2053 = ORIENTED_EDGE ( 'NONE', *, *, #11001, .F. ) ;
#2054 = CARTESIAN_POINT ( 'NONE',  ( -3.000000000000000888, 0.04999999999999969746, 0.1200000000000003147 ) ) ;
#2055 = VECTOR ( 'NONE', #12079, 1000.000000000000000 ) ;
#2056 = VECTOR ( 'NONE', #6592, 1000.000000000000000 ) ;
#2057 = CARTESIAN_POINT ( 'NONE',  ( 2.000000000000000000, 0.000000000000000000, -2.570000000000001616 ) ) ;
#2058 = LINE ( 'NONE', #9569, #10932 ) ;
#2059 = CARTESIAN_POINT ( 'NONE',  ( 1.620000000000000329, 0.000000000000000000, -3.000000000000001776 ) ) ;
#2060 = CARTESIAN_POINT ( 'NONE',  ( 0.8800000000000005596, 0.1999999999999999833, 3.000000000000001776 ) ) ;
#2061 = CARTESIAN_POINT ( 'NONE',  ( 3.000000000000000888, 0.8000833275471006534, 0.6200000000000003286 ) ) ;
#2062 = DIRECTION ( 'NONE',  ( -1.008560160451631481E-15, 0.000000000000000000, -1.000000000000000000 ) ) ;
#2063 = ORIENTED_EDGE ( 'NONE', *, *, #2740, .T. ) ;
#2064 = VERTEX_POINT ( 'NONE', #3893 ) ;
#2065 = EDGE_LOOP ( 'NONE', ( #5133, #3472, #3386, #3223 ) ) ;
#2066 = AXIS2_PLACEMENT_3D ( 'NONE', #2713, #6465, #5528 ) ;
#2067 = VERTEX_POINT ( 'NONE', #7706 ) ;
#2068 = VECTOR ( 'NONE', #4046, 1000.000000000000000 ) ;
#2069 = ORIENTED_EDGE ( 'NONE', *, *, #11266, .T. ) ;
#2070 = PLANE ( 'NONE',  #6644 ) ;
#2071 = EDGE_CURVE ( 'NONE', #5651, #9477, #6484, .T. ) ;
#2072 = ORIENTED_EDGE ( 'NONE', *, *, #810, .T. ) ;
#2073 = LINE ( 'NONE', #4903, #7187 ) ;
#2074 = LINE ( 'NONE', #5825, #8582 ) ;
#2075 = DIRECTION ( 'NONE',  ( 1.000000000000000000, 0.000000000000000000, 2.115516434118057709E-16 ) ) ;
#2076 = DIRECTION ( 'NONE',  ( 0.000000000000000000, 0.000000000000000000, -1.000000000000000000 ) ) ;
#2077 =( GEOMETRIC_REPRESENTATION_CONTEXT ( 3 ) GLOBAL_UNCERTAINTY_ASSIGNED_CONTEXT ( ( #7254 ) ) GLOBAL_UNIT_ASSIGNED_CONTEXT ( ( #8093, #2501, #4342 ) ) REPRESENTATION_CONTEXT ( 'NONE', 'WORKASPACE' ) );
#2078 = FILL_AREA_STYLE_COLOUR ( '', #11165 ) ;
#2079 = AXIS2_PLACEMENT_3D ( 'NONE', #10623, #3100, #6794 ) ;
#2080 = DIRECTION ( 'NONE',  ( 0.000000000000000000, 0.000000000000000000, 1.000000000000000000 ) ) ;
#2081 = LINE ( 'NONE', #9589, #8159 ) ;
#2082 = AXIS2_PLACEMENT_3D ( 'NONE', #8798, #349, #3198 ) ;
#2083 = ORIENTED_EDGE ( 'NONE', *, *, #7010, .T. ) ;
#2084 = AXIS2_PLACEMENT_3D ( 'NONE', #6372, #11926, #3481 ) ;
#2085 = ORIENTED_EDGE ( 'NONE', *, *, #3319, .F. ) ;
#2086 = ORIENTED_EDGE ( 'NONE', *, *, #5658, .F. ) ;
#2087 = UNCERTAINTY_MEASURE_WITH_UNIT (LENGTH_MEASURE( 1.000000000000000082E-05 ), #6099, 'distance_accuracy_value', 'NONE');
#2088 = VERTEX_POINT ( 'NONE', #5542 ) ;
#2089 = DIRECTION ( 'NONE',  ( 0.000000000000000000, 1.000000000000000000, 0.000000000000000000 ) ) ;
#2090 = AXIS2_PLACEMENT_3D ( 'NONE', #3321, #4300, #8057 ) ;
#2091 =( NAMED_UNIT ( * ) SI_UNIT ( $, .STERADIAN. ) SOLID_ANGLE_UNIT ( ) );
#2092 = AXIS2_PLACEMENT_3D ( 'NONE', #3894, #9494, #8631 ) ;
#2093 = EDGE_CURVE ( 'NONE', #5471, #11619, #1229, .T. ) ;
#2094 = DIRECTION ( 'NONE',  ( 0.000000000000000000, 0.000000000000000000, -1.000000000000000000 ) ) ;
#2095 = EDGE_CURVE ( 'NONE', #11328, #10824, #11529, .T. ) ;
#2096 = DIRECTION ( 'NONE',  ( 1.000000000000000000, -0.000000000000000000, 0.000000000000000000 ) ) ;
#2097 = DIRECTION ( 'NONE',  ( -0.000000000000000000, -1.000000000000000000, -0.000000000000000000 ) ) ;
#2098 = CARTESIAN_POINT ( 'NONE',  ( -3.000000000000000888, 0.8000833275471006534, 0.3800000000000001155 ) ) ;
#2099 = CIRCLE ( 'NONE', #4252, 0.1199999999999998845 ) ;
#2100 = CARTESIAN_POINT ( 'NONE',  ( 2.570000000000001172, 0.000000000000000000, -1.379999999999999893 ) ) ;
#2101 = ORIENTED_EDGE ( 'NONE', *, *, #221, .T. ) ;
#2102 = VERTEX_POINT ( 'NONE', #11652 ) ;
#2103 = AXIS2_PLACEMENT_3D ( 'NONE', #1626, #701, #4465 ) ;
#2104 = VECTOR ( 'NONE', #672, 1000.000000000000000 ) ;
#2105 = EDGE_CURVE ( 'NONE', #1702, #1904, #2176, .T. ) ;
#2106 = EDGE_CURVE ( 'NONE', #10612, #3035, #9675, .T. ) ;
#2107 = ORIENTED_EDGE ( 'NONE', *, *, #2541, .F. ) ;
#2108 = EDGE_CURVE ( 'NONE', #9724, #4293, #8715, .T. ) ;
#2109 = DIRECTION ( 'NONE',  ( 0.000000000000000000, -1.000000000000000000, 0.000000000000000000 ) ) ;
#2110 = ORIENTED_EDGE ( 'NONE', *, *, #7695, .T. ) ;
#2111 = CARTESIAN_POINT ( 'NONE',  ( 2.570000000000001172, 0.1999999999999999833, 1.120000000000000107 ) ) ;
#2112 = EDGE_CURVE ( 'NONE', #2355, #9566, #6115, .T. ) ;
#2113 = VECTOR ( 'NONE', #9185, 1000.000000000000000 ) ;
#2114 = FACE_OUTER_BOUND ( 'NONE', #11079, .T. ) ;
#2115 = VECTOR ( 'NONE', #863, 1000.000000000000000 ) ;
#2116 = DIRECTION ( 'NONE',  ( 0.000000000000000000, 1.000000000000000000, -0.000000000000000000 ) ) ;
#2117 = CARTESIAN_POINT ( 'NONE',  ( 0.000000000000000000, 0.1999999999999999833, 2.450000000000001510 ) ) ;
#2118 = CARTESIAN_POINT ( 'NONE',  ( 1.879999999999999671, 0.2000000000000005107, -3.000000000000001776 ) ) ;
#2119 = PRESENTATION_STYLE_ASSIGNMENT (( #8285 ) ) ;
#2120 = ADVANCED_FACE ( 'NONE', ( #8750 ), #4079, .F. ) ;
#2121 = DIRECTION ( 'NONE',  ( -1.000000000000000000, 0.000000000000000000, 1.445602896647339163E-16 ) ) ;
#2122 = AXIS2_PLACEMENT_3D ( 'NONE', #7923, #9891, #10885 ) ;
#2123 = ORIENTED_EDGE ( 'NONE', *, *, #4138, .T. ) ;
#2124 = EDGE_LOOP ( 'NONE', ( #5631, #1197, #2887, #10250 ) ) ;
#2125 = CARTESIAN_POINT ( 'NONE',  ( 2.570000000000001172, 0.8000833275471006534, 1.879999999999999671 ) ) ;
#2126 = PLANE ( 'NONE',  #10001 ) ;
#2127 = FACE_OUTER_BOUND ( 'NONE', #10872, .T. ) ;
#2128 = DIRECTION ( 'NONE',  ( -1.008560160451631481E-15, 0.000000000000000000, 1.000000000000000000 ) ) ;
#2129 = LINE ( 'NONE', #6743, #11878 ) ;
#2130 = VECTOR ( 'NONE', #7301, 1000.000000000000000 ) ;
#2131 = VECTOR ( 'NONE', #6824, 1000.000000000000000 ) ;
#2132 = DIRECTION ( 'NONE',  ( 1.008560160451631481E-15, 0.000000000000000000, -1.000000000000000000 ) ) ;
#2133 = ORIENTED_EDGE ( 'NONE', *, *, #8268, .F. ) ;
#2134 = VERTEX_POINT ( 'NONE', #5060 ) ;
#2135 = EDGE_LOOP ( 'NONE', ( #8160, #3504, #774, #4305 ) ) ;
#2136 = EDGE_LOOP ( 'NONE', ( #10817, #3446, #2659, #2154 ) ) ;
#2137 = FACE_OUTER_BOUND ( 'NONE', #630, .T. ) ;
#2138 = AXIS2_PLACEMENT_3D ( 'NONE', #8691, #4196, #2179 ) ;
#2139 = ORIENTED_EDGE ( 'NONE', *, *, #6165, .F. ) ;
#2140 = CARTESIAN_POINT ( 'NONE',  ( -1.000000000000000000, 0.000000000000000000, 2.570000000000001616 ) ) ;
#2141 = DIRECTION ( 'NONE',  ( 0.000000000000000000, 1.000000000000000000, -0.000000000000000000 ) ) ;
#2142 = CARTESIAN_POINT ( 'NONE',  ( 2.120000000000000551, 0.8000833275471003203, 3.000000000000001776 ) ) ;
#2143 =( NAMED_UNIT ( * ) SI_UNIT ( $, .STERADIAN. ) SOLID_ANGLE_UNIT ( ) );
#2144 = CARTESIAN_POINT ( 'NONE',  ( 5.647936898529136098E-16, 0.05000000000000000278, 1.119999999999998774 ) ) ;
#2145 = EDGE_CURVE ( 'NONE', #7178, #3366, #1360, .T. ) ;
#2146 = CARTESIAN_POINT ( 'NONE',  ( 0.8800000000000005596, 0.000000000000000000, -3.000000000000001776 ) ) ;
#2147 = ADVANCED_FACE ( 'NONE', ( #5118 ), #6918, .F. ) ;
#2148 = AXIS2_PLACEMENT_3D ( 'NONE', #2491, #2664, #5433 ) ;
#2149 = ORIENTED_EDGE ( 'NONE', *, *, #974, .T. ) ;
#2150 = CLOSED_SHELL ( 'NONE', ( #9627, #6577, #5131, #4195, #4867, #922 ) ) ;
#2151 = ORIENTED_EDGE ( 'NONE', *, *, #6457, .F. ) ;
#2152 = EDGE_LOOP ( 'NONE', ( #4743, #1237, #5514, #5753 ) ) ;
#2153 = ADVANCED_FACE ( 'NONE', ( #1417 ), #11600, .T. ) ;
#2154 = ORIENTED_EDGE ( 'NONE', *, *, #6009, .T. ) ;
#2155 = CARTESIAN_POINT ( 'NONE',  ( -0.3799999999999996714, 0.2000000000000000111, -2.570000000000001616 ) ) ;
#2156 = VECTOR ( 'NONE', #8969, 1000.000000000000000 ) ;
#2157 = AXIS2_PLACEMENT_3D ( 'NONE', #4703, #7534, #10378 ) ;
#2158 = CARTESIAN_POINT ( 'NONE',  ( -2.570000000000001172, 0.8000833275471006534, 0.3800000000000001155 ) ) ;
#2159 =( NAMED_UNIT ( * ) PLANE_ANGLE_UNIT ( ) SI_UNIT ( $, .RADIAN. ) );
#2160 = CARTESIAN_POINT ( 'NONE',  ( -3.000000000000000888, 0.1999999999999999833, -1.619999999999999885 ) ) ;
#2161 = CARTESIAN_POINT ( 'NONE',  ( -3.000000000000000888, 0.1999999999999999833, 0.3800000000000001155 ) ) ;
#2162 = CARTESIAN_POINT ( 'NONE',  ( -1.620000000000002549, 0.05000000000000000278, 1.633867459931645524E-15 ) ) ;
#2163 = VERTEX_POINT ( 'NONE', #7950 ) ;
#2164 = ORIENTED_EDGE ( 'NONE', *, *, #6859, .T. ) ;
#2165 = VECTOR ( 'NONE', #3820, 1000.000000000000000 ) ;
#2166 = EDGE_CURVE ( 'NONE', #913, #8532, #10734, .T. ) ;
#2167 = ADVANCED_FACE ( 'NONE', ( #486 ), #5978, .F. ) ;
#2168 = CARTESIAN_POINT ( 'NONE',  ( -0.3799999999999996714, 0.05000000000000000278, 0.000000000000000000 ) ) ;
#2169 = VERTEX_POINT ( 'NONE', #2294 ) ;
#2170 = PLANE ( 'NONE',  #10523 ) ;
#2171 = EDGE_CURVE ( 'NONE', #4307, #4737, #4254, .T. ) ;
#2172 = EDGE_CURVE ( 'NONE', #3856, #11919, #10617, .T. ) ;
#2173 = ORIENTED_EDGE ( 'NONE', *, *, #1672, .T. ) ;
#2174 = PLANE ( 'NONE',  #3525 ) ;
#2175 = DIRECTION ( 'NONE',  ( 0.000000000000000000, -0.000000000000000000, 1.000000000000000000 ) ) ;
#2176 = LINE ( 'NONE', #426, #2620 ) ;
#2177 = LINE ( 'NONE', #9676, #6828 ) ;
#2178 = EDGE_CURVE ( 'NONE', #10852, #6940, #8317, .T. ) ;
#2179 = DIRECTION ( 'NONE',  ( 0.000000000000000000, 0.000000000000000000, 1.000000000000000000 ) ) ;
#2180 = FACE_OUTER_BOUND ( 'NONE', #4494, .T. ) ;
#2181 = PLANE ( 'NONE',  #5799 ) ;
#2182 = CARTESIAN_POINT ( 'NONE',  ( 3.000000000000000888, 0.1999999999999999833, -1.119999999999999885 ) ) ;
#2183 = EDGE_LOOP ( 'NONE', ( #6463, #2821, #2051, #535 ) ) ;
#2184 = EDGE_CURVE ( 'NONE', #5515, #6279, #7535, .T. ) ;
#2185 = EDGE_LOOP ( 'NONE', ( #4089, #4461, #6855, #3991, #10792 ) ) ;
#2186 = CYLINDRICAL_SURFACE ( 'NONE', #11138, 0.1199999999999998845 ) ;
#2187 = SURFACE_SIDE_STYLE ('',( #8027 ) ) ;
#2188 = PLANE ( 'NONE',  #3650 ) ;
#2189 = PLANE ( 'NONE',  #1335 ) ;
#2190 = CARTESIAN_POINT ( 'NONE',  ( 1.380000000000000560, 0.8000833275471003203, 3.000000000000001776 ) ) ;
#2191 = FACE_OUTER_BOUND ( 'NONE', #359, .T. ) ;
#2192 = VERTEX_POINT ( 'NONE', #3027 ) ;
#2193 = ORIENTED_EDGE ( 'NONE', *, *, #2703, .T. ) ;
#2194 = ORIENTED_EDGE ( 'NONE', *, *, #9610, .T. ) ;
#2195 = VERTEX_POINT ( 'NONE', #6787 ) ;
#2196 = DIRECTION ( 'NONE',  ( 0.000000000000000000, -1.000000000000000000, 0.000000000000000000 ) ) ;
#2197 = EDGE_LOOP ( 'NONE', ( #1449, #9757, #550, #9476 ) ) ;
#2198 = LINE ( 'NONE', #11064, #11318 ) ;
#2199 = DIRECTION ( 'NONE',  ( 0.000000000000000000, -1.000000000000000000, 0.000000000000000000 ) ) ;
#2200 = CARTESIAN_POINT ( 'NONE',  ( 0.5000000000000000000, 0.04999999999999999584, 2.570000000000001616 ) ) ;
#2201 = CARTESIAN_POINT ( 'NONE',  ( 3.000000000000000888, 0.1999999999999999833, 0.8800000000000001155 ) ) ;
#2202 = CARTESIAN_POINT ( 'NONE',  ( 2.570000000000001172, 0.8000833275471006534, -0.3799999999999998934 ) ) ;
#2203 = LINE ( 'NONE', #7739, #4227 ) ;
#2204 = ORIENTED_EDGE ( 'NONE', *, *, #7002, .T. ) ;
#2205 = VERTEX_POINT ( 'NONE', #10553 ) ;
#2206 = ORIENTED_EDGE ( 'NONE', *, *, #4324, .T. ) ;
#2207 = UNCERTAINTY_MEASURE_WITH_UNIT (LENGTH_MEASURE( 1.000000000000000082E-05 ), #6576, 'distance_accuracy_value', 'NONE');
#2208 = ADVANCED_FACE ( 'NONE', ( #2114 ), #4934, .T. ) ;
#2209 = ORIENTED_EDGE ( 'NONE', *, *, #5711, .F. ) ;
#2210 = EDGE_CURVE ( 'NONE', #1852, #3561, #1599, .T. ) ;
#2211 = FACE_OUTER_BOUND ( 'NONE', #2968, .T. ) ;
#2212 = EDGE_CURVE ( 'NONE', #2006, #9667, #739, .T. ) ;
#2213 = AXIS2_PLACEMENT_3D ( 'NONE', #1403, #9849, #6901 ) ;
#2214 = CARTESIAN_POINT ( 'NONE',  ( 0.000000000000000000, 0.05000000000000000278, -1.619999999999999885 ) ) ;
#2215 = DIRECTION ( 'NONE',  ( -0.000000000000000000, -0.000000000000000000, -1.000000000000000000 ) ) ;
#2216 =( NAMED_UNIT ( * ) SI_UNIT ( $, .STERADIAN. ) SOLID_ANGLE_UNIT ( ) );
#2217 = PLANE ( 'NONE',  #2824 ) ;
#2218 = PLANE ( 'NONE',  #6422 ) ;
#2219 = CARTESIAN_POINT ( 'NONE',  ( -2.570000000000001172, 0.1999999999999999833, 1.620000000000000107 ) ) ;
#2220 = VERTEX_POINT ( 'NONE', #6168 ) ;
#2221 = ORIENTED_EDGE ( 'NONE', *, *, #11493, .F. ) ;
#2222 = AXIS2_PLACEMENT_3D ( 'NONE', #2970, #8574, #2787 ) ;
#2223 = VERTEX_POINT ( 'NONE', #9921 ) ;
#2224 = VERTEX_POINT ( 'NONE', #6291 ) ;
#2225 = CARTESIAN_POINT ( 'NONE',  ( 2.570000000000001172, 0.000000000000000000, -0.8799999999999998934 ) ) ;
#2226 = ORIENTED_EDGE ( 'NONE', *, *, #1349, .T. ) ;
#2227 = DIRECTION ( 'NONE',  ( 0.000000000000000000, 0.000000000000000000, 1.000000000000000000 ) ) ;
#2228 = CARTESIAN_POINT ( 'NONE',  ( 1.379999999999999671, 0.000000000000000000, -2.570000000000001616 ) ) ;
#2229 = VECTOR ( 'NONE', #9556, 1000.000000000000000 ) ;
#2230 = DIRECTION ( 'NONE',  ( 5.042800802258162337E-16, 0.000000000000000000, -1.000000000000000000 ) ) ;
#2231 = CARTESIAN_POINT ( 'NONE',  ( 0.000000000000000000, 0.2000000000000000111, 2.570000000000001616 ) ) ;
#2232 = CARTESIAN_POINT ( 'NONE',  ( -1.879999999999999671, 0.2000000000000000111, 2.570000000000001616 ) ) ;
#2233 = CARTESIAN_POINT ( 'NONE',  ( 2.570000000000001172, 0.8000833275471006534, 0.1200000000000000927 ) ) ;
#2234 = CARTESIAN_POINT ( 'NONE',  ( -2.000000000000000000, 0.2000000000000000111, -2.570000000000001616 ) ) ;
#2235 = DIRECTION ( 'NONE',  ( 0.000000000000000000, -1.000000000000000000, 0.000000000000000000 ) ) ;
#2236 = CIRCLE ( 'NONE', #12074, 0.1199999999999999956 ) ;
#2237 = ORIENTED_EDGE ( 'NONE', *, *, #2320, .F. ) ;
#2238 = EDGE_CURVE ( 'NONE', #6748, #9538, #11897, .T. ) ;
#2239 = ORIENTED_EDGE ( 'NONE', *, *, #7524, .T. ) ;
#2240 = DIRECTION ( 'NONE',  ( 0.000000000000000000, -0.000000000000000000, 1.000000000000000000 ) ) ;
#2241 = EDGE_CURVE ( 'NONE', #11634, #2393, #2591, .T. ) ;
#2242 = CARTESIAN_POINT ( 'NONE',  ( -1.879999999999999671, 0.2000000000000000111, 2.570000000000001616 ) ) ;
#2243 = LINE ( 'NONE', #3042, #6658 ) ;
#2244 = DIRECTION ( 'NONE',  ( 0.000000000000000000, 1.000000000000000000, 0.000000000000000000 ) ) ;
#2245 = AXIS2_PLACEMENT_3D ( 'NONE', #6874, #2374, #385 ) ;
#2246 = CYLINDRICAL_SURFACE ( 'NONE', #1763, 0.1199999999999998845 ) ;
#2247 = EDGE_LOOP ( 'NONE', ( #211, #7551, #6160, #6122 ) ) ;
#2248 = VERTEX_POINT ( 'NONE', #11779 ) ;
#2249 = ORIENTED_EDGE ( 'NONE', *, *, #9927, .F. ) ;
#2250 = EDGE_LOOP ( 'NONE', ( #5594, #6176, #341, #4783 ) ) ;
#2251 = CARTESIAN_POINT ( 'NONE',  ( 2.570000000000001172, 0.1999999999999999833, 0.6200000000000001066 ) ) ;
#2252 = EDGE_CURVE ( 'NONE', #4539, #10068, #5293, .T. ) ;
#2253 = VECTOR ( 'NONE', #9489, 1000.000000000000000 ) ;
#2254 = EDGE_CURVE ( 'NONE', #7516, #1286, #3511, .T. ) ;
#2255 = ORIENTED_EDGE ( 'NONE', *, *, #9083, .F. ) ;
#2256 = EDGE_CURVE ( 'NONE', #5612, #8139, #3390, .T. ) ;
#2257 = EDGE_CURVE ( 'NONE', #7130, #8548, #4314, .T. ) ;
#2258 = FACE_OUTER_BOUND ( 'NONE', #5677, .T. ) ;
#2259 = DIRECTION ( 'NONE',  ( 1.000000000000000000, 0.000000000000000000, -1.008560160451631481E-15 ) ) ;
#2260 = LINE ( 'NONE', #8850, #5413 ) ;
#2261 = EDGE_CURVE ( 'NONE', #340, #6042, #8189, .T. ) ;
#2262 = DIRECTION ( 'NONE',  ( 0.000000000000000000, 0.000000000000000000, 1.000000000000000000 ) ) ;
#2263 = CARTESIAN_POINT ( 'NONE',  ( -0.6199999999999994404, 0.8000833275471003203, 3.000000000000001776 ) ) ;
#2264 = AXIS2_PLACEMENT_3D ( 'NONE', #11067, #5445, #9216 ) ;
#2265 = CARTESIAN_POINT ( 'NONE',  ( -0.6199999999999994404, 0.8000833275471003203, -3.000000000000001776 ) ) ;
#2267 = CARTESIAN_POINT ( 'NONE',  ( 3.000000000000000888, 0.8000833275471006534, -0.8799999999999996714 ) ) ;
#2266 = AXIS2_PLACEMENT_3D ( 'NONE', #9163, #10147, #4542 ) ;
#2268 = ORIENTED_EDGE ( 'NONE', *, *, #44, .F. ) ;
#2269 = EDGE_LOOP ( 'NONE', ( #6328, #2987, #8141, #5596 ) ) ;
#2270 = ORIENTED_EDGE ( 'NONE', *, *, #549, .F. ) ;
#2271 = ORIENTED_EDGE ( 'NONE', *, *, #9255, .T. ) ;
#2272 = DIRECTION ( 'NONE',  ( -1.000000000000000000, -0.000000000000000000, -0.000000000000000000 ) ) ;
#2273 = AXIS2_PLACEMENT_3D ( 'NONE', #3795, #2812, #6706 ) ;
#2274 = AXIS2_PLACEMENT_3D ( 'NONE', #7103, #2364, #7159 ) ;
#2275 = DIRECTION ( 'NONE',  ( -1.000000000000000000, 0.000000000000000000, -0.000000000000000000 ) ) ;
#2276 = CARTESIAN_POINT ( 'NONE',  ( -2.000000000000000000, 0.2000000000000000111, 2.570000000000001616 ) ) ;
#2277 = DIRECTION ( 'NONE',  ( 0.000000000000000000, -0.000000000000000000, 1.000000000000000000 ) ) ;
#2278 = CARTESIAN_POINT ( 'NONE',  ( 2.999999999999999112, 0.2000000000000005107, -0.1200000000000003147 ) ) ;
#2279 = DIRECTION ( 'NONE',  ( -0.000000000000000000, -1.000000000000000000, -0.000000000000000000 ) ) ;
#2280 = VECTOR ( 'NONE', #3173, 1000.000000000000000 ) ;
#2281 = CARTESIAN_POINT ( 'NONE',  ( 0.8800000000000005596, 0.1999999999999999833, -3.000000000000001776 ) ) ;
#2282 = ORIENTED_EDGE ( 'NONE', *, *, #6105, .T. ) ;
#2283 = PRESENTATION_LAYER_ASSIGNMENT (  '', '', ( #9539 ) ) ;
#2284 = ORIENTED_EDGE ( 'NONE', *, *, #3858, .F. ) ;
#2285 = AXIS2_PLACEMENT_3D ( 'NONE', #6230, #1732, #1660 ) ;
#2286 = EDGE_LOOP ( 'NONE', ( #7825, #7931, #2609, #4172, #7283 ) ) ;
#2287 = CIRCLE ( 'NONE', #6413, 0.1199999999999998845 ) ;
#2288 = ORIENTED_EDGE ( 'NONE', *, *, #439, .F. ) ;
#2289 = CARTESIAN_POINT ( 'NONE',  ( 0.8799999999999996714, 0.2000000000000005107, -3.000000000000001332 ) ) ;
#2290 = ORIENTED_EDGE ( 'NONE', *, *, #10393, .F. ) ;
#2291 = DIRECTION ( 'NONE',  ( 0.000000000000000000, 1.000000000000000000, 0.000000000000000000 ) ) ;
#2292 = CIRCLE ( 'NONE', #9563, 0.1199999999999998845 ) ;
#2293 = DIRECTION ( 'NONE',  ( 0.000000000000000000, -0.000000000000000000, 1.000000000000000000 ) ) ;
#2294 = CARTESIAN_POINT ( 'NONE',  ( 0.3799999999999996714, 0.04999999999999999584, -2.570000000000001616 ) ) ;
#2295 = CARTESIAN_POINT ( 'NONE',  ( -0.3799999999999996714, 0.2000000000000000111, -3.000000000000001776 ) ) ;
#2296 = EDGE_CURVE ( 'NONE', #8025, #10364, #10291, .T. ) ;
#2297 = FACE_OUTER_BOUND ( 'NONE', #5679, .T. ) ;
#2298 = DIRECTION ( 'NONE',  ( 1.000000000000000000, -0.000000000000000000, -1.445602896647339163E-16 ) ) ;
#2299 = VECTOR ( 'NONE', #10214, 1000.000000000000000 ) ;
#2300 = AXIS2_PLACEMENT_3D ( 'NONE', #984, #4741, #3814 ) ;
#2301 = CARTESIAN_POINT ( 'NONE',  ( -3.000000000000000888, 10.48528137423857132, 2.999999999999999112 ) ) ;
#2302 = ADVANCED_FACE ( 'NONE', ( #2532 ), #4373, .F. ) ;
#2303 = DIRECTION ( 'NONE',  ( 0.000000000000000000, 0.000000000000000000, -1.000000000000000000 ) ) ;
#2304 = ADVANCED_FACE ( 'NONE', ( #9119 ), #2650, .F. ) ;
#2305 = ORIENTED_EDGE ( 'NONE', *, *, #3225, .F. ) ;
#2306 = VECTOR ( 'NONE', #7298, 1000.000000000000000 ) ;
#2307 = ORIENTED_EDGE ( 'NONE', *, *, #7904, .T. ) ;
#2308 = VECTOR ( 'NONE', #1578, 1000.000000000000000 ) ;
#2309 = LINE ( 'NONE', #8888, #691 ) ;
#2310 = SURFACE_STYLE_FILL_AREA ( #246 ) ;
#2311 = DIRECTION ( 'NONE',  ( 0.000000000000000000, -1.000000000000000000, 0.000000000000000000 ) ) ;
#2312 = CYLINDRICAL_SURFACE ( 'NONE', #6854, 0.1199999999999998845 ) ;
#2313 = DIRECTION ( 'NONE',  ( 1.008560160451631481E-15, 0.000000000000000000, -1.000000000000000000 ) ) ;
#2314 = CARTESIAN_POINT ( 'NONE',  ( 2.570000000000001172, 0.05000000000000002359, 1.120000000000000107 ) ) ;
#2315 = VECTOR ( 'NONE', #6404, 1000.000000000000000 ) ;
#2316 = VERTEX_POINT ( 'NONE', #2472 ) ;
#2317 = AXIS2_PLACEMENT_3D ( 'NONE', #6751, #10580, #11437 ) ;
#2318 = EDGE_LOOP ( 'NONE', ( #10853, #8445, #7175, #3288 ) ) ;
#2319 = VERTEX_POINT ( 'NONE', #5231 ) ;
#2320 = EDGE_CURVE ( 'NONE', #9368, #9386, #10105, .T. ) ;
#2321 = ORIENTED_EDGE ( 'NONE', *, *, #276, .F. ) ;
#2322 = ADVANCED_FACE ( 'NONE', ( #9187 ), #8247, .F. ) ;
#2323 = DIRECTION ( 'NONE',  ( 0.000000000000000000, -1.000000000000000000, 0.000000000000000000 ) ) ;
#2324 = EDGE_CURVE ( 'NONE', #5634, #2769, #11096, .T. ) ;
#2325 = ORIENTED_EDGE ( 'NONE', *, *, #9031, .T. ) ;
#2326 = DIRECTION ( 'NONE',  ( -1.000000000000000000, 0.000000000000000000, 0.000000000000000000 ) ) ;
#2327 = VECTOR ( 'NONE', #1021, 1000.000000000000000 ) ;
#2328 = CARTESIAN_POINT ( 'NONE',  ( 1.000000000000000000, 0.2000000000000000111, 2.570000000000001616 ) ) ;
#2329 = VECTOR ( 'NONE', #2075, 1000.000000000000000 ) ;
#2330 = CARTESIAN_POINT ( 'NONE',  ( -0.6199999999999994404, 0.8000833275471003203, -3.000000000000001776 ) ) ;
#2331 = DIRECTION ( 'NONE',  ( -0.000000000000000000, -1.000000000000000000, -0.000000000000000000 ) ) ;
#2332 = PLANE ( 'NONE',  #11590 ) ;
#2333 = EDGE_CURVE ( 'NONE', #8330, #7237, #10858, .T. ) ;
#2334 = DIRECTION ( 'NONE',  ( 1.000000000000000000, 0.000000000000000000, 0.000000000000000000 ) ) ;
#2335 = CARTESIAN_POINT ( 'NONE',  ( 2.570000000000000284, 0.000000000000000000, -4.336808689942017736E-16 ) ) ;
#2336 = ORIENTED_EDGE ( 'NONE', *, *, #11654, .T. ) ;
#2337 = EDGE_LOOP ( 'NONE', ( #8133, #9238, #11485, #9796 ) ) ;
#2338 = ORIENTED_EDGE ( 'NONE', *, *, #4297, .F. ) ;
#2339 = VECTOR ( 'NONE', #6932, 1000.000000000000000 ) ;
#2340 = UNCERTAINTY_MEASURE_WITH_UNIT (LENGTH_MEASURE( 1.000000000000000082E-05 ), #11383, 'distance_accuracy_value', 'NONE');
#2341 = EDGE_LOOP ( 'NONE', ( #9665, #5032, #5436, #4719 ) ) ;
#2342 = EDGE_CURVE ( 'NONE', #4296, #3872, #8071, .T. ) ;
#2343 = FACE_OUTER_BOUND ( 'NONE', #9387, .T. ) ;
#2344 = CARTESIAN_POINT ( 'NONE',  ( -2.000000000000000000, 0.2000000000000000111, 2.570000000000001616 ) ) ;
#2345 = CARTESIAN_POINT ( 'NONE',  ( 2.049999999999999822, 0.000000000000000000, -2.049999999999999378 ) ) ;
#2346 = SURFACE_STYLE_FILL_AREA ( #8059 ) ;
#2347 = VECTOR ( 'NONE', #10305, 1000.000000000000000 ) ;
#2348 = CARTESIAN_POINT ( 'NONE',  ( -0.1199999999999994404, 0.2000000000000000111, -3.000000000000001776 ) ) ;
#2349 = CARTESIAN_POINT ( 'NONE',  ( 3.000000000000000888, 0.04999999999999969746, -0.3799999999999996714 ) ) ;
#2350 = ORIENTED_EDGE ( 'NONE', *, *, #5548, .F. ) ;
#2351 = ORIENTED_EDGE ( 'NONE', *, *, #7107, .T. ) ;
#2352 = ORIENTED_EDGE ( 'NONE', *, *, #8112, .F. ) ;
#2353 = CIRCLE ( 'NONE', #3329, 0.1199999999999998845 ) ;
#2354 = VECTOR ( 'NONE', #8460, 1000.000000000000000 ) ;
#2355 = VERTEX_POINT ( 'NONE', #7393 ) ;
#2356 = DIRECTION ( 'NONE',  ( 1.000000000000000000, -0.000000000000000000, -1.445602896647339163E-16 ) ) ;
#2357 = SURFACE_SIDE_STYLE ('',( #10913 ) ) ;
#2358 = CARTESIAN_POINT ( 'NONE',  ( 0.000000000000000000, 0.05000000000000000278, -1.619999999999999885 ) ) ;
#2359 = CARTESIAN_POINT ( 'NONE',  ( -3.000000000000000888, 0.000000000000000000, -0.6199999999999998845 ) ) ;
#2360 = CARTESIAN_POINT ( 'NONE',  ( -3.000000000000000888, 0.1999999999999999833, -0.3799999999999996714 ) ) ;
#2361 = LINE ( 'NONE', #1476, #10120 ) ;
#2362 = VECTOR ( 'NONE', #2804, 1000.000000000000000 ) ;
#2363 = AXIS2_PLACEMENT_3D ( 'NONE', #10363, #10545, #8565 ) ;
#2364 = DIRECTION ( 'NONE',  ( -0.000000000000000000, -1.000000000000000000, -0.000000000000000000 ) ) ;
#2365 =( NAMED_UNIT ( * ) SI_UNIT ( $, .STERADIAN. ) SOLID_ANGLE_UNIT ( ) );
#2366 = EDGE_CURVE ( 'NONE', #2393, #11587, #6659, .T. ) ;
#2367 = ORIENTED_EDGE ( 'NONE', *, *, #8320, .F. ) ;
#2368 = ORIENTED_EDGE ( 'NONE', *, *, #5307, .F. ) ;
#2369 =( LENGTH_UNIT ( ) NAMED_UNIT ( * ) SI_UNIT ( .MILLI., .METRE. ) );
#2370 = EDGE_CURVE ( 'NONE', #9270, #7727, #846, .T. ) ;
#2371 = CARTESIAN_POINT ( 'NONE',  ( 2.570000000000001172, 0.1999999999999999833, 0.6200000000000001066 ) ) ;
#2372 = CARTESIAN_POINT ( 'NONE',  ( -3.000000000000000888, 0.8000833275471006534, -0.6199999999999998845 ) ) ;
#2373 = DIRECTION ( 'NONE',  ( -0.000000000000000000, -1.000000000000000000, -0.000000000000000000 ) ) ;
#2374 = DIRECTION ( 'NONE',  ( -0.000000000000000000, -1.000000000000000000, -0.000000000000000000 ) ) ;
#2375 = VECTOR ( 'NONE', #9673, 1000.000000000000000 ) ;
#2376 = LINE ( 'NONE', #4153, #6483 ) ;
#2377 = ORIENTED_EDGE ( 'NONE', *, *, #4660, .T. ) ;
#2378 = ORIENTED_EDGE ( 'NONE', *, *, #8698, .F. ) ;
#2379 = ORIENTED_EDGE ( 'NONE', *, *, #7962, .F. ) ;
#2380 = ORIENTED_EDGE ( 'NONE', *, *, #4997, .T. ) ;
#2381 = CARTESIAN_POINT ( 'NONE',  ( 1.380000000000000560, 0.2000000000000000111, -3.000000000000001776 ) ) ;
#2382 = ORIENTED_EDGE ( 'NONE', *, *, #1072, .T. ) ;
#2383 = CARTESIAN_POINT ( 'NONE',  ( -3.000000000000000888, 0.000000000000000000, -2.120000000000000107 ) ) ;
#2384 = CARTESIAN_POINT ( 'NONE',  ( -3.000000000000000888, 0.1999999999999999833, -0.6199999999999998845 ) ) ;
#2385 = CARTESIAN_POINT ( 'NONE',  ( 0.6200000000000003286, 0.04999999999999969746, -3.000000000000001776 ) ) ;
#2386 = DIRECTION ( 'NONE',  ( 0.000000000000000000, 0.000000000000000000, -1.000000000000000000 ) ) ;
#2387 = LINE ( 'NONE', #5087, #1130 ) ;
#2388 = CARTESIAN_POINT ( 'NONE',  ( -2.570000000000001172, 0.05000000000000002359, -1.500000000000000000 ) ) ;
#2389 = CARTESIAN_POINT ( 'NONE',  ( -1.749999999999997558, 0.1999999999999996503, -2.050000000000000266 ) ) ;
#2390 = CARTESIAN_POINT ( 'NONE',  ( -0.3799999999999996714, 0.1999999999999999833, -2.570000000000001616 ) ) ;
#2391 = ORIENTED_EDGE ( 'NONE', *, *, #3788, .T. ) ;
#2392 = ORIENTED_EDGE ( 'NONE', *, *, #11098, .F. ) ;
#2393 = VERTEX_POINT ( 'NONE', #9301 ) ;
#2394 = EDGE_CURVE ( 'NONE', #10026, #4382, #4683, .T. ) ;
#2395 = ORIENTED_EDGE ( 'NONE', *, *, #1794, .F. ) ;
#2396 = DIRECTION ( 'NONE',  ( 0.000000000000000000, 0.000000000000000000, 1.000000000000000000 ) ) ;
#2397 = EDGE_CURVE ( 'NONE', #2102, #7942, #2774, .T. ) ;
#2398 = FACE_OUTER_BOUND ( 'NONE', #8876, .T. ) ;
#2399 = LINE ( 'NONE', #539, #8961 ) ;
#2400 = LINE ( 'NONE', #3322, #3778 ) ;
#2401 = SURFACE_STYLE_USAGE ( .BOTH. , #351 ) ;
#2402 = EDGE_CURVE ( 'NONE', #6937, #7617, #4796, .T. ) ;
#2403 = LINE ( 'NONE', #661, #11117 ) ;
#2404 = ORIENTED_EDGE ( 'NONE', *, *, #12124, .F. ) ;
#2405 = VERTEX_POINT ( 'NONE', #11272 ) ;
#2406 = VERTEX_POINT ( 'NONE', #1037 ) ;
#2407 = VERTEX_POINT ( 'NONE', #10480 ) ;
#2408 = CARTESIAN_POINT ( 'NONE',  ( 2.999999999999999112, 10.48528137423857132, 2.999999999999998224 ) ) ;
#2409 = CARTESIAN_POINT ( 'NONE',  ( 3.000000000000000888, 0.8000833275471006534, 1.380000000000000115 ) ) ;
#2410 = ADVANCED_FACE ( 'NONE', ( #10233 ), #10288, .F. ) ;
#2411 = LINE ( 'NONE', #4313, #6039 ) ;
#2412 = CARTESIAN_POINT ( 'NONE',  ( 2.120000000000000551, 0.2000000000000000111, 3.000000000000001776 ) ) ;
#2413 = FACE_OUTER_BOUND ( 'NONE', #9616, .T. ) ;
#2414 = LINE ( 'NONE', #4548, #8438 ) ;
#2415 = CARTESIAN_POINT ( 'NONE',  ( -0.8799999999999996714, 0.1999999999999999833, 3.000000000000001776 ) ) ;
#2416 = CIRCLE ( 'NONE', #11258, 0.1199999999999998845 ) ;
#2417 = DIRECTION ( 'NONE',  ( 1.000000000000000000, 0.000000000000000000, -0.000000000000000000 ) ) ;
#2418 = PLANE ( 'NONE',  #10936 ) ;
#2419 = ORIENTED_EDGE ( 'NONE', *, *, #10453, .F. ) ;
#2420 = VERTEX_POINT ( 'NONE', #3695 ) ;
#2421 = CIRCLE ( 'NONE', #6946, 0.1199999999999998845 ) ;
#2422 = ADVANCED_FACE ( 'NONE', ( #1098 ), #6530, .T. ) ;
#2423 = LINE ( 'NONE', #4149, #1618 ) ;
#2424 = CARTESIAN_POINT ( 'NONE',  ( -0.3799999999999996714, 0.04999999999999969746, -3.000000000000001776 ) ) ;
#2425 = LINE ( 'NONE', #10117, #1537 ) ;
#2426 = CYLINDRICAL_SURFACE ( 'NONE', #2245, 0.1199999999999998845 ) ;
#2427 = EDGE_CURVE ( 'NONE', #9038, #8914, #11218, .T. ) ;
#2428 = VECTOR ( 'NONE', #10416, 1000.000000000000000 ) ;
#2429 = ORIENTED_EDGE ( 'NONE', *, *, #5657, .T. ) ;
#2430 = VERTEX_POINT ( 'NONE', #2717 ) ;
#2431 = VERTEX_POINT ( 'NONE', #983 ) ;
#2432 = EDGE_CURVE ( 'NONE', #5001, #3975, #5591, .T. ) ;
#2433 = EDGE_CURVE ( 'NONE', #9477, #8901, #11335, .T. ) ;
#2434 = ORIENTED_EDGE ( 'NONE', *, *, #416, .T. ) ;
#2435 = DIRECTION ( 'NONE',  ( 0.000000000000000000, -0.000000000000000000, -1.000000000000000000 ) ) ;
#2436 = ORIENTED_EDGE ( 'NONE', *, *, #10846, .F. ) ;
#2437 = CARTESIAN_POINT ( 'NONE',  ( 1.120000000000000107, 0.04999999999999999584, 2.570000000000001616 ) ) ;
#2438 = CIRCLE ( 'NONE', #10507, 0.2500000000000002220 ) ;
#2439 = DIRECTION ( 'NONE',  ( 0.000000000000000000, -1.000000000000000000, 0.000000000000000000 ) ) ;
#2440 = DIRECTION ( 'NONE',  ( -1.008560160451631481E-15, 0.000000000000000000, -1.000000000000000000 ) ) ;
#2441 = CARTESIAN_POINT ( 'NONE',  ( -2.000000000000000000, 0.2000000000000000111, 2.570000000000001616 ) ) ;
#2442 = CARTESIAN_POINT ( 'NONE',  ( -0.8799999999999996714, 0.000000000000000000, -2.570000000000001616 ) ) ;
#2443 = CARTESIAN_POINT ( 'NONE',  ( 0.3800000000000005596, 0.1999999999999999833, -3.000000000000001776 ) ) ;
#2444 = CARTESIAN_POINT ( 'NONE',  ( 3.000000000000000888, 0.04999999999999969746, 0.6200000000000003286 ) ) ;
#2445 = FACE_OUTER_BOUND ( 'NONE', #6846, .T. ) ;
#2446 = EDGE_LOOP ( 'NONE', ( #5822, #10745, #1002, #322, #11159 ) ) ;
#2447 = ORIENTED_EDGE ( 'NONE', *, *, #4122, .T. ) ;
#2448 = ORIENTED_EDGE ( 'NONE', *, *, #10578, .T. ) ;
#2449 = ADVANCED_FACE ( 'NONE', ( #8498 ), #8559, .F. ) ;
#2450 = VECTOR ( 'NONE', #1558, 1000.000000000000000 ) ;
#2451 = UNCERTAINTY_MEASURE_WITH_UNIT (LENGTH_MEASURE( 1.000000000000000082E-05 ), #2602, 'distance_accuracy_value', 'NONE');
#2452 = ORIENTED_EDGE ( 'NONE', *, *, #8462, .T. ) ;
#2453 = DIRECTION ( 'NONE',  ( 1.000000000000000000, 0.000000000000000000, 0.000000000000000000 ) ) ;
#2454 = LINE ( 'NONE', #5959, #7963 ) ;
#2455 = CARTESIAN_POINT ( 'NONE',  ( 2.570000000000001172, 0.000000000000000000, 1.620000000000000107 ) ) ;
#2456 = DIRECTION ( 'NONE',  ( 0.000000000000000000, 0.000000000000000000, -1.000000000000000000 ) ) ;
#2457 = MECHANICAL_DESIGN_GEOMETRIC_PRESENTATION_REPRESENTATION (  '', ( #5400 ), #6208 ) ;
#2458 =( LENGTH_UNIT ( ) NAMED_UNIT ( * ) SI_UNIT ( .MILLI., .METRE. ) );
#2459 = VECTOR ( 'NONE', #5349, 1000.000000000000000 ) ;
#2460 = DIRECTION ( 'NONE',  ( -0.000000000000000000, -1.000000000000000000, -0.000000000000000000 ) ) ;
#2461 = VERTEX_POINT ( 'NONE', #102 ) ;
#2462 = ORIENTED_EDGE ( 'NONE', *, *, #5904, .F. ) ;
#2463 = ORIENTED_EDGE ( 'NONE', *, *, #9841, .F. ) ;
#2464 = AXIS2_PLACEMENT_3D ( 'NONE', #6715, #2027, #6769 ) ;
#2465 = CIRCLE ( 'NONE', #75, 0.1199999999999999956 ) ;
#2466 = EDGE_CURVE ( 'NONE', #10590, #4664, #9703, .T. ) ;
#2467 = VERTEX_POINT ( 'NONE', #7573 ) ;
#2468 = ADVANCED_FACE ( 'NONE', ( #3880 ), #8307, .F. ) ;
#2469 = PLANE ( 'NONE',  #11725 ) ;
#2470 = DIRECTION ( 'NONE',  ( 0.000000000000000000, 1.000000000000000000, 0.000000000000000000 ) ) ;
#2471 = VECTOR ( 'NONE', #1061, 1000.000000000000000 ) ;
#2472 = CARTESIAN_POINT ( 'NONE',  ( 1.379999999999999671, 0.2000000000000000111, -2.570000000000001616 ) ) ;
#2473 = DIRECTION ( 'NONE',  ( 0.000000000000000000, -1.000000000000000000, 0.000000000000000000 ) ) ;
#2474 = AXIS2_PLACEMENT_3D ( 'NONE', #3859, #8480, #21 ) ;
#2475 = LINE ( 'NONE', #6226, #6477 ) ;
#2476 = DIRECTION ( 'NONE',  ( 0.000000000000000000, 1.000000000000000000, 0.000000000000000000 ) ) ;
#2477 = CARTESIAN_POINT ( 'NONE',  ( -0.5000000000000000000, 0.04999999999999999584, 2.570000000000001616 ) ) ;
#2478 = DIRECTION ( 'NONE',  ( 1.000000000000000000, -0.000000000000000000, 0.000000000000000000 ) ) ;
#2479 = EDGE_CURVE ( 'NONE', #5538, #8089, #5776, .T. ) ;
#2480 = VECTOR ( 'NONE', #7935, 1000.000000000000000 ) ;
#2481 = AXIS2_PLACEMENT_3D ( 'NONE', #2231, #2116, #8880 ) ;
#2482 = ADVANCED_FACE ( 'NONE', ( #3627 ), #11155, .F. ) ;
#2483 = ORIENTED_EDGE ( 'NONE', *, *, #9688, .T. ) ;
#2484 = EDGE_CURVE ( 'NONE', #5847, #12205, #10720, .T. ) ;
#2485 = VERTEX_POINT ( 'NONE', #8802 ) ;
#2486 = CARTESIAN_POINT ( 'NONE',  ( -2.570000000000001172, 0.000000000000000000, 2.120000000000000551 ) ) ;
#2487 = AXIS2_PLACEMENT_3D ( 'NONE', #7374, #3614, #4600 ) ;
#2488 =( NAMED_UNIT ( * ) SI_UNIT ( $, .STERADIAN. ) SOLID_ANGLE_UNIT ( ) );
#2489 = VECTOR ( 'NONE', #4374, 1000.000000000000000 ) ;
#2490 = LINE ( 'NONE', #10929, #10558 ) ;
#2491 = CARTESIAN_POINT ( 'NONE',  ( 2.570000000000000284, 0.1999999999999999833, 0.4999999999999995559 ) ) ;
#2492 = DIRECTION ( 'NONE',  ( 0.000000000000000000, 1.000000000000000000, 0.000000000000000000 ) ) ;
#2493 = VERTEX_POINT ( 'NONE', #3997 ) ;
#2494 = ORIENTED_EDGE ( 'NONE', *, *, #6891, .F. ) ;
#2495 = ORIENTED_EDGE ( 'NONE', *, *, #5399, .T. ) ;
#2496 = STYLED_ITEM ( 'NONE', ( #8818 ), #9687 ) ;
#2497 = VECTOR ( 'NONE', #8471, 1000.000000000000000 ) ;
#2498 = ORIENTED_EDGE ( 'NONE', *, *, #10140, .F. ) ;
#2499 = DIRECTION ( 'NONE',  ( 5.042800802258162337E-16, 0.000000000000000000, -1.000000000000000000 ) ) ;
#2500 = ORIENTED_EDGE ( 'NONE', *, *, #5932, .F. ) ;
#2501 =( NAMED_UNIT ( * ) PLANE_ANGLE_UNIT ( ) SI_UNIT ( $, .RADIAN. ) );
#2502 = CARTESIAN_POINT ( 'NONE',  ( -2.570000000000001172, 0.1999999999999999833, -0.8799999999999998934 ) ) ;
#2503 = DIRECTION ( 'NONE',  ( 0.000000000000000000, 0.000000000000000000, -1.000000000000000000 ) ) ;
#2504 = LINE ( 'NONE', #1573, #5597 ) ;
#2505 = DIRECTION ( 'NONE',  ( 1.000000000000000000, -0.000000000000000000, 5.042800802258162337E-16 ) ) ;
#2506 = CARTESIAN_POINT ( 'NONE',  ( 0.1200000000000003147, 0.8000833275471003203, 3.000000000000001776 ) ) ;
#2507 = VECTOR ( 'NONE', #8211, 1000.000000000000000 ) ;
#2508 = LINE ( 'NONE', #12049, #7652 ) ;
#2509 = DIRECTION ( 'NONE',  ( 0.000000000000000000, 1.000000000000000000, -0.000000000000000000 ) ) ;
#2510 = EDGE_LOOP ( 'NONE', ( #7440, #2377, #10765, #9111 ) ) ;
#2511 = EDGE_LOOP ( 'NONE', ( #2288, #6566, #9881, #11419 ) ) ;
#2512 = ORIENTED_EDGE ( 'NONE', *, *, #2093, .F. ) ;
#2513 = ORIENTED_EDGE ( 'NONE', *, *, #8004, .T. ) ;
#2514 = CARTESIAN_POINT ( 'NONE',  ( -1.879999999999999671, 0.000000000000000000, -3.000000000000001776 ) ) ;
#2515 = STYLED_ITEM ( 'NONE', ( #4730 ), #10042 ) ;
#2516 = VECTOR ( 'NONE', #1588, 1000.000000000000000 ) ;
#2517 = CARTESIAN_POINT ( 'NONE',  ( -0.1200000000000003147, 0.2000000000000000111, -2.570000000000001616 ) ) ;
#2518 = CARTESIAN_POINT ( 'NONE',  ( -3.000000000000000888, 0.000000000000000000, -0.6199999999999998845 ) ) ;
#2519 = DIRECTION ( 'NONE',  ( 0.000000000000000000, 0.000000000000000000, -1.000000000000000000 ) ) ;
#2520 = ADVANCED_FACE ( 'NONE', ( #3420 ), #9604, .F. ) ;
#2521 = FACE_OUTER_BOUND ( 'NONE', #2886, .T. ) ;
#2522 = ADVANCED_FACE ( 'NONE', ( #1344 ), #2217, .F. ) ;
#2523 = CARTESIAN_POINT ( 'NONE',  ( -0.6200000000000003286, 0.2000000000000005107, -3.000000000000001332 ) ) ;
#2524 = VECTOR ( 'NONE', #11242, 1000.000000000000000 ) ;
#2525 = ORIENTED_EDGE ( 'NONE', *, *, #6385, .T. ) ;
#2526 = ORIENTED_EDGE ( 'NONE', *, *, #1492, .T. ) ;
#2527 = ORIENTED_EDGE ( 'NONE', *, *, #315, .T. ) ;
#2528 = ORIENTED_EDGE ( 'NONE', *, *, #10264, .T. ) ;
#2529 = LINE ( 'NONE', #10229, #8741 ) ;
#2530 = VECTOR ( 'NONE', #5493, 1000.000000000000000 ) ;
#2531 = DIRECTION ( 'NONE',  ( -0.000000000000000000, -1.000000000000000000, -0.000000000000000000 ) ) ;
#2532 = FACE_OUTER_BOUND ( 'NONE', #2341, .T. ) ;
#2533 = LINE ( 'NONE', #9188, #6032 ) ;
#2534 = DIRECTION ( 'NONE',  ( -1.000000000000000000, -0.000000000000000000, -0.000000000000000000 ) ) ;
#2535 = CARTESIAN_POINT ( 'NONE',  ( 0.1200000000000000927, 0.04999999999999999584, 2.570000000000001616 ) ) ;
#2536 = EDGE_CURVE ( 'NONE', #10759, #1922, #4975, .T. ) ;
#2537 = CARTESIAN_POINT ( 'NONE',  ( 3.000000000000000888, 0.1999999999999999833, -2.120000000000000107 ) ) ;
#2538 = VECTOR ( 'NONE', #10076, 1000.000000000000000 ) ;
#2539 = DIRECTION ( 'NONE',  ( 0.000000000000000000, -0.000000000000000000, -1.000000000000000000 ) ) ;
#2540 = EDGE_CURVE ( 'NONE', #10905, #11445, #7184, .T. ) ;
#2541 = EDGE_CURVE ( 'NONE', #7333, #3384, #10021, .T. ) ;
#2542 = EDGE_LOOP ( 'NONE', ( #11313, #9912, #11952, #7553 ) ) ;
#2543 = ORIENTED_EDGE ( 'NONE', *, *, #421, .F. ) ;
#2544 = EDGE_CURVE ( 'NONE', #11166, #6203, #2438, .T. ) ;
#2545 = FILL_AREA_STYLE_COLOUR ( '', #4055 ) ;
#2546 = AXIS2_PLACEMENT_3D ( 'NONE', #6729, #53, #3827 ) ;
#2547 = CARTESIAN_POINT ( 'NONE',  ( 2.049999999999999822, 0.1999999999999996503, 2.049999999999999822 ) ) ;
#2548 = AXIS2_PLACEMENT_3D ( 'NONE', #6681, #8518, #3959 ) ;
#2549 = CARTESIAN_POINT ( 'NONE',  ( -1.379999999999999671, 0.04999999999999999584, -2.570000000000001616 ) ) ;
#2550 = FACE_OUTER_BOUND ( 'NONE', #11791, .T. ) ;
#2551 = CARTESIAN_POINT ( 'NONE',  ( -0.8799999999999996714, 0.2000000000000005107, 2.999999999999998668 ) ) ;
#2552 = ADVANCED_FACE ( 'NONE', ( #9033 ), #6842, .T. ) ;
#2553 = ORIENTED_EDGE ( 'NONE', *, *, #10139, .F. ) ;
#2554 = EDGE_CURVE ( 'NONE', #4296, #9880, #11868, .T. ) ;
#2555 = VERTEX_POINT ( 'NONE', #1214 ) ;
#2556 = EDGE_LOOP ( 'NONE', ( #4915, #3901, #9515, #8102 ) ) ;
#2557 = VECTOR ( 'NONE', #4323, 1000.000000000000000 ) ;
#2558 = ORIENTED_EDGE ( 'NONE', *, *, #1384, .T. ) ;
#2559 = PLANE ( 'NONE',  #7427 ) ;
#2560 = ORIENTED_EDGE ( 'NONE', *, *, #8994, .T. ) ;
#2561 = DIRECTION ( 'NONE',  ( 0.000000000000000000, -1.000000000000000000, 0.000000000000000000 ) ) ;
#2562 = AXIS2_PLACEMENT_3D ( 'NONE', #7305, #5383, #9092 ) ;
#2563 = LINE ( 'NONE', #3416, #914 ) ;
#2564 = CARTESIAN_POINT ( 'NONE',  ( 1.120000000000000329, 0.2000000000000000111, 2.570000000000001616 ) ) ;
#2565 = DIRECTION ( 'NONE',  ( 1.008560160451631481E-15, 0.000000000000000000, -1.000000000000000000 ) ) ;
#2566 = DIRECTION ( 'NONE',  ( 0.000000000000000000, 0.000000000000000000, -1.000000000000000000 ) ) ;
#2567 = DIRECTION ( 'NONE',  ( 0.000000000000000000, 0.000000000000000000, -1.000000000000000000 ) ) ;
#2568 = CARTESIAN_POINT ( 'NONE',  ( -3.000000000000000888, 0.000000000000000000, 0.1200000000000003147 ) ) ;
#2569 = PLANE ( 'NONE',  #11321 ) ;
#2570 = ORIENTED_EDGE ( 'NONE', *, *, #10424, .F. ) ;
#2571 = VERTEX_POINT ( 'NONE', #2278 ) ;
#2572 = ORIENTED_EDGE ( 'NONE', *, *, #1387, .F. ) ;
#2573 = UNCERTAINTY_MEASURE_WITH_UNIT (LENGTH_MEASURE( 1.000000000000000082E-05 ), #6222, 'distance_accuracy_value', 'NONE');
#2574 = ORIENTED_EDGE ( 'NONE', *, *, #4016, .F. ) ;
#2575 = CARTESIAN_POINT ( 'NONE',  ( 3.000000000000000888, 0.1999999999999999833, 1.880000000000000115 ) ) ;
#2576 =( NAMED_UNIT ( * ) SI_UNIT ( $, .STERADIAN. ) SOLID_ANGLE_UNIT ( ) );
#2577 = CARTESIAN_POINT ( 'NONE',  ( 2.570000000000001172, 0.1999999999999999833, 1.879999999999999671 ) ) ;
#2578 = PLANE ( 'NONE',  #741 ) ;
#2579 = CARTESIAN_POINT ( 'NONE',  ( 1.879999999999999893, 0.1999999999999999833, -2.570000000000001616 ) ) ;
#2580 = DIRECTION ( 'NONE',  ( 0.000000000000000000, -0.000000000000000000, -1.000000000000000000 ) ) ;
#2581 = CARTESIAN_POINT ( 'NONE',  ( 0.6200000000000003286, 0.05000000000000000278, 0.000000000000000000 ) ) ;
#2582 = EDGE_LOOP ( 'NONE', ( #423, #9160, #9856, #10782 ) ) ;
#2583 = EDGE_CURVE ( 'NONE', #10421, #651, #3014, .T. ) ;
#2584 = ADVANCED_FACE ( 'NONE', ( #8734 ), #8619, .F. ) ;
#2585 = ORIENTED_EDGE ( 'NONE', *, *, #5331, .T. ) ;
#2586 = VERTEX_POINT ( 'NONE', #7818 ) ;
#2587 = ADVANCED_FACE ( 'NONE', ( #4126 ), #6903, .F. ) ;
#2588 = LINE ( 'NONE', #12071, #5203 ) ;
#2589 = LINE ( 'NONE', #9247, #5608 ) ;
#2590 = CARTESIAN_POINT ( 'NONE',  ( -2.570000000000001172, 0.000000000000000000, -0.5000000000000000000 ) ) ;
#2591 = LINE ( 'NONE', #6223, #11670 ) ;
#2592 = DIRECTION ( 'NONE',  ( 0.000000000000000000, -1.000000000000000000, 0.000000000000000000 ) ) ;
#2593 = CARTESIAN_POINT ( 'NONE',  ( -2.000000000000000000, 0.2000000000000000111, -2.570000000000001616 ) ) ;
#2594 = DIRECTION ( 'NONE',  ( 0.000000000000000000, 1.000000000000000000, 0.000000000000000000 ) ) ;
#2595 = SURFACE_SIDE_STYLE ('',( #799 ) ) ;
#2596 = FILL_AREA_STYLE_COLOUR ( '', #380 ) ;
#2597 = VECTOR ( 'NONE', #1755, 1000.000000000000000 ) ;
#2598 = EDGE_LOOP ( 'NONE', ( #287, #4004, #11888, #2900 ) ) ;
#2599 = CARTESIAN_POINT ( 'NONE',  ( -0.3799999999999996714, 0.8000833275471003203, 2.570000000000001616 ) ) ;
#2600 = ORIENTED_EDGE ( 'NONE', *, *, #2256, .T. ) ;
#2601 = AXIS2_PLACEMENT_3D ( 'NONE', #7198, #11141, #2519 ) ;
#2602 =( LENGTH_UNIT ( ) NAMED_UNIT ( * ) SI_UNIT ( .MILLI., .METRE. ) );
#2603 = CARTESIAN_POINT ( 'NONE',  ( 3.000000000000000888, 0.1999999999999999833, -1.379999999999999671 ) ) ;
#2604 = DIRECTION ( 'NONE',  ( -0.000000000000000000, -1.000000000000000000, -0.000000000000000000 ) ) ;
#2605 = CARTESIAN_POINT ( 'NONE',  ( 1.120000000000000329, 0.000000000000000000, -2.570000000000001616 ) ) ;
#2606 = ADVANCED_FACE ( 'NONE', ( #1276 ), #5046, .F. ) ;
#2607 = ORIENTED_EDGE ( 'NONE', *, *, #10381, .T. ) ;
#2608 = CARTESIAN_POINT ( 'NONE',  ( -3.000000000000000888, 0.8000833275471006534, -2.120000000000000107 ) ) ;
#2609 = ORIENTED_EDGE ( 'NONE', *, *, #8877, .F. ) ;
#2610 = CARTESIAN_POINT ( 'NONE',  ( 1.500000000000000000, 0.000000000000000000, -2.570000000000001616 ) ) ;
#2611 = ORIENTED_EDGE ( 'NONE', *, *, #4498, .T. ) ;
#2612 = EDGE_CURVE ( 'NONE', #11132, #501, #3201, .T. ) ;
#2613 = EDGE_CURVE ( 'NONE', #4771, #9510, #11453, .T. ) ;
#2614 = DIRECTION ( 'NONE',  ( 0.000000000000000000, -1.000000000000000000, 0.000000000000000000 ) ) ;
#2615 = CARTESIAN_POINT ( 'NONE',  ( -1.879999999999999893, 0.04999999999999999584, 2.570000000000001616 ) ) ;
#2616 = DIRECTION ( 'NONE',  ( 0.000000000000000000, 0.000000000000000000, -1.000000000000000000 ) ) ;
#2617 = CARTESIAN_POINT ( 'NONE',  ( 2.570000000000001172, 0.1999999999999999833, 1.120000000000000107 ) ) ;
#2618 = FACE_OUTER_BOUND ( 'NONE', #10935, .T. ) ;
#2619 = DIRECTION ( 'NONE',  ( 0.000000000000000000, -1.000000000000000000, 0.000000000000000000 ) ) ;
#2620 = VECTOR ( 'NONE', #1230, 1000.000000000000000 ) ;
#2621 = CARTESIAN_POINT ( 'NONE',  ( 0.3800000000000005596, 0.04999999999999969746, 3.000000000000001776 ) ) ;
#2622 = CARTESIAN_POINT ( 'NONE',  ( 1.120000000000000107, 0.2000000000000000111, 2.570000000000001616 ) ) ;
#2623 = CARTESIAN_POINT ( 'NONE',  ( 2.570000000000001172, 0.1999999999999999833, 1.620000000000000107 ) ) ;
#2624 = ORIENTED_EDGE ( 'NONE', *, *, #7591, .T. ) ;
#2625 = ADVANCED_FACE ( 'NONE', ( #8220 ), #5560, .F. ) ;
#2626 = EDGE_LOOP ( 'NONE', ( #9227, #4715, #2500, #9309 ) ) ;
#2628 = EDGE_CURVE ( 'NONE', #10000, #6354, #9276, .T. ) ;
#2627 = VERTEX_POINT ( 'NONE', #5380 ) ;
#2629 = ORIENTED_EDGE ( 'NONE', *, *, #10687, .F. ) ;
#2630 = DIRECTION ( 'NONE',  ( 0.000000000000000000, -0.000000000000000000, -1.000000000000000000 ) ) ;
#2631 = ADVANCED_FACE ( 'NONE', ( #11071 ), #5507, .F. ) ;
#2632 = ADVANCED_FACE ( 'NONE', ( #2618 ), #640, .T. ) ;
#2633 = AXIS2_PLACEMENT_3D ( 'NONE', #5448, #4531, #11369 ) ;
#2634 = EDGE_CURVE ( 'NONE', #5707, #3009, #10903, .T. ) ;
#2635 = CARTESIAN_POINT ( 'NONE',  ( 1.000000000000000000, 0.2000000000000000111, -2.570000000000001616 ) ) ;
#2636 = PLANE ( 'NONE',  #9962 ) ;
#2637 = CARTESIAN_POINT ( 'NONE',  ( 2.570000000000000284, 0.1999999999999999833, -0.5000000000000004441 ) ) ;
#2638 = CARTESIAN_POINT ( 'NONE',  ( -2.300000000000000711, 1.000000000000000000, -2.300000000000000711 ) ) ;
#2639 = DIRECTION ( 'NONE',  ( -0.000000000000000000, 1.000000000000000000, -0.000000000000000000 ) ) ;
#2640 = AXIS2_PLACEMENT_3D ( 'NONE', #3351, #2244, #5250 ) ;
#2641 = ORIENTED_EDGE ( 'NONE', *, *, #7887, .F. ) ;
#2642 = EDGE_CURVE ( 'NONE', #8520, #1823, #4402, .T. ) ;
#2643 = ORIENTED_EDGE ( 'NONE', *, *, #10375, .F. ) ;
#2644 = VERTEX_POINT ( 'NONE', #8341 ) ;
#2645 = LINE ( 'NONE', #8302, #480 ) ;
#2646 = VECTOR ( 'NONE', #296, 1000.000000000000000 ) ;
#2647 = AXIS2_PLACEMENT_3D ( 'NONE', #5048, #8677, #8805 ) ;
#2648 = CARTESIAN_POINT ( 'NONE',  ( -2.000000000000000000, 0.2000000000000000111, 2.570000000000001616 ) ) ;
#2649 = DIRECTION ( 'NONE',  ( -0.000000000000000000, -1.000000000000000000, -0.000000000000000000 ) ) ;
#2650 = PLANE ( 'NONE',  #3018 ) ;
#2651 = CARTESIAN_POINT ( 'NONE',  ( 3.000000000000000888, 0.8000833275471006534, -0.3799999999999996714 ) ) ;
#2652 = DIRECTION ( 'NONE',  ( -0.000000000000000000, -1.000000000000000000, -0.000000000000000000 ) ) ;
#2653 = CARTESIAN_POINT ( 'NONE',  ( 0.5000000000000000000, 0.2000000000000000111, 2.570000000000001616 ) ) ;
#2654 = CARTESIAN_POINT ( 'NONE',  ( 3.000000000000000888, 0.000000000000000000, 0.8800000000000001155 ) ) ;
#2655 = CIRCLE ( 'NONE', #2464, 0.1199999999999998845 ) ;
#2656 = VECTOR ( 'NONE', #2819, 1000.000000000000000 ) ;
#2657 = ORIENTED_EDGE ( 'NONE', *, *, #11539, .T. ) ;
#2658 = LINE ( 'NONE', #11974, #2115 ) ;
#2659 = ORIENTED_EDGE ( 'NONE', *, *, #6891, .T. ) ;
#2660 = DIRECTION ( 'NONE',  ( -0.000000000000000000, -1.000000000000000000, -0.000000000000000000 ) ) ;
#2661 = AXIS2_PLACEMENT_3D ( 'NONE', #6821, #1198, #5946 ) ;
#2662 = VECTOR ( 'NONE', #10205, 1000.000000000000000 ) ;
#2663 = DIRECTION ( 'NONE',  ( -0.000000000000000000, -1.000000000000000000, -0.000000000000000000 ) ) ;
#2664 = DIRECTION ( 'NONE',  ( 0.000000000000000000, 1.000000000000000000, 0.000000000000000000 ) ) ;
#2665 = DIRECTION ( 'NONE',  ( -0.000000000000000000, -1.000000000000000000, -0.000000000000000000 ) ) ;
#2666 = EDGE_CURVE ( 'NONE', #4307, #11378, #887, .T. ) ;
#2667 =( GEOMETRIC_REPRESENTATION_CONTEXT ( 3 ) GLOBAL_UNCERTAINTY_ASSIGNED_CONTEXT ( ( #8976 ) ) GLOBAL_UNIT_ASSIGNED_CONTEXT ( ( #11765, #4120, #1401 ) ) REPRESENTATION_CONTEXT ( 'NONE', 'WORKASPACE' ) );
#2668 = VECTOR ( 'NONE', #9890, 1000.000000000000000 ) ;
#2669 = EDGE_CURVE ( 'NONE', #4338, #1465, #2684, .T. ) ;
#2670 = ORIENTED_EDGE ( 'NONE', *, *, #1004, .F. ) ;
#2671 =( GEOMETRIC_REPRESENTATION_CONTEXT ( 3 ) GLOBAL_UNCERTAINTY_ASSIGNED_CONTEXT ( ( #10839 ) ) GLOBAL_UNIT_ASSIGNED_CONTEXT ( ( #2369, #10684, #3226 ) ) REPRESENTATION_CONTEXT ( 'NONE', 'WORKASPACE' ) );
#2672 = PLANE ( 'NONE',  #7466 ) ;
#2673 = VECTOR ( 'NONE', #12151, 1000.000000000000000 ) ;
#2674 = ORIENTED_EDGE ( 'NONE', *, *, #974, .F. ) ;
#2675 = CARTESIAN_POINT ( 'NONE',  ( -3.000000000000000888, 0.1999999999999999833, -1.119999999999999885 ) ) ;
#2676 = VECTOR ( 'NONE', #3057, 1000.000000000000000 ) ;
#2677 = ORIENTED_EDGE ( 'NONE', *, *, #4344, .F. ) ;
#2678 = AXIS2_PLACEMENT_3D ( 'NONE', #10244, #867, #1857 ) ;
#2679 = CARTESIAN_POINT ( 'NONE',  ( -0.5000000000000000000, 0.000000000000000000, 2.570000000000001616 ) ) ;
#2680 = CARTESIAN_POINT ( 'NONE',  ( 2.570000000000001172, 0.8000833275471006534, 0.6200000000000001066 ) ) ;
#2681 = CARTESIAN_POINT ( 'NONE',  ( -0.3799999999999996714, 0.000000000000000000, -2.570000000000001616 ) ) ;
#2682 = VECTOR ( 'NONE', #2215, 1000.000000000000000 ) ;
#2683 = CARTESIAN_POINT ( 'NONE',  ( -0.1199999999999998845, 0.04999999999999999584, 2.570000000000001616 ) ) ;
#2684 = LINE ( 'NONE', #11186, #6560 ) ;
#2685 = LINE ( 'NONE', #6375, #3681 ) ;
#2686 = CARTESIAN_POINT ( 'NONE',  ( 2.120000000000000551, 0.8000833275471003203, 3.000000000000001776 ) ) ;
#2687 =( LENGTH_UNIT ( ) NAMED_UNIT ( * ) SI_UNIT ( .MILLI., .METRE. ) );
#2688 = LINE ( 'NONE', #11535, #4044 ) ;
#2689 = EDGE_LOOP ( 'NONE', ( #4550, #6329, #4481, #564 ) ) ;
#2690 = VECTOR ( 'NONE', #2279, 1000.000000000000000 ) ;
#2691 = ADVANCED_FACE ( 'NONE', ( #3547 ), #2749, .F. ) ;
#2692 = EDGE_CURVE ( 'NONE', #8241, #9759, #12179, .T. ) ;
#2693 = EDGE_CURVE ( 'NONE', #1071, #4895, #10201, .T. ) ;
#2694 = ORIENTED_EDGE ( 'NONE', *, *, #9997, .T. ) ;
#2695 = ORIENTED_EDGE ( 'NONE', *, *, #7140, .F. ) ;
#2696 = ORIENTED_EDGE ( 'NONE', *, *, #6528, .T. ) ;
#2697 = CARTESIAN_POINT ( 'NONE',  ( 1.880000000000000560, 0.1999999999999999833, 3.000000000000001776 ) ) ;
#2698 = FACE_OUTER_BOUND ( 'NONE', #515, .T. ) ;
#2699 = CARTESIAN_POINT ( 'NONE',  ( -3.000000000000000888, 0.000000000000000000, 2.120000000000000551 ) ) ;
#2700 = DIRECTION ( 'NONE',  ( -1.000000000000000000, 0.000000000000000000, -0.000000000000000000 ) ) ;
#2701 = AXIS2_PLACEMENT_3D ( 'NONE', #2929, #7720, #11480 ) ;
#2702 = DIRECTION ( 'NONE',  ( -0.000000000000000000, -1.000000000000000000, -0.000000000000000000 ) ) ;
#2703 = EDGE_CURVE ( 'NONE', #6108, #10970, #8406, .T. ) ;
#2704 = FILL_AREA_STYLE_COLOUR ( '', #11559 ) ;
#2705 = DIRECTION ( 'NONE',  ( 0.000000000000000000, 0.000000000000000000, -1.000000000000000000 ) ) ;
#2706 = DIRECTION ( 'NONE',  ( -0.000000000000000000, -1.000000000000000000, -0.000000000000000000 ) ) ;
#2707 = ORIENTED_EDGE ( 'NONE', *, *, #6920, .F. ) ;
#2708 = EDGE_CURVE ( 'NONE', #9880, #5369, #7302, .T. ) ;
#2709 = ORIENTED_EDGE ( 'NONE', *, *, #3674, .F. ) ;
#2710 = VECTOR ( 'NONE', #8305, 1000.000000000000000 ) ;
#2711 = VECTOR ( 'NONE', #5138, 1000.000000000000000 ) ;
#2712 = EDGE_LOOP ( 'NONE', ( #9404, #1208, #978, #1283 ) ) ;
#2713 = CARTESIAN_POINT ( 'NONE',  ( -3.000000000000000888, 0.8000833275471006534, -0.3799999999999996714 ) ) ;
#2714 = CYLINDRICAL_SURFACE ( 'NONE', #11133, 0.2500000000000002220 ) ;
#2715 = DIRECTION ( 'NONE',  ( 0.000000000000000000, -1.000000000000000000, 0.000000000000000000 ) ) ;
#2716 =( GEOMETRIC_REPRESENTATION_CONTEXT ( 3 ) GLOBAL_UNCERTAINTY_ASSIGNED_CONTEXT ( ( #9596 ) ) GLOBAL_UNIT_ASSIGNED_CONTEXT ( ( #25, #5759, #2998 ) ) REPRESENTATION_CONTEXT ( 'NONE', 'WORKASPACE' ) );
#2717 = CARTESIAN_POINT ( 'NONE',  ( -2.570000000000001172, 0.1999999999999999833, 0.3800000000000000044 ) ) ;
#2718 = CARTESIAN_POINT ( 'NONE',  ( -1.879999999999999671, 0.1999999999999999833, 3.000000000000001776 ) ) ;
#2719 = CIRCLE ( 'NONE', #1530, 0.1199999999999998845 ) ;
#2720 = DIRECTION ( 'NONE',  ( -1.000000000000000000, 0.000000000000000000, 0.000000000000000000 ) ) ;
#2721 = ORIENTED_EDGE ( 'NONE', *, *, #7481, .F. ) ;
#2722 = FACE_OUTER_BOUND ( 'NONE', #4185, .T. ) ;
#2723 = DIRECTION ( 'NONE',  ( -0.000000000000000000, -1.000000000000000000, -0.000000000000000000 ) ) ;
#2724 = VECTOR ( 'NONE', #2505, 1000.000000000000000 ) ;
#2725 = ORIENTED_EDGE ( 'NONE', *, *, #7348, .F. ) ;
#2726 = LINE ( 'NONE', #5599, #10173 ) ;
#2727 = ORIENTED_EDGE ( 'NONE', *, *, #4276, .F. ) ;
#2728 = PLANE ( 'NONE',  #8179 ) ;
#2729 = PLANE ( 'NONE',  #7528 ) ;
#2730 = PLANE ( 'NONE',  #1888 ) ;
#2731 = DIRECTION ( 'NONE',  ( 1.000000000000000000, 0.000000000000000000, -5.042800802258162337E-16 ) ) ;
#2732 = DIRECTION ( 'NONE',  ( 0.000000000000000000, 0.000000000000000000, -1.000000000000000000 ) ) ;
#2733 = AXIS2_PLACEMENT_3D ( 'NONE', #1296, #5862, #3216 ) ;
#2734 = EDGE_CURVE ( 'NONE', #8477, #7108, #5319, .T. ) ;
#2735 = EDGE_CURVE ( 'NONE', #607, #8743, #8153, .T. ) ;
#2736 = ORIENTED_EDGE ( 'NONE', *, *, #10310, .F. ) ;
#2737 = DIRECTION ( 'NONE',  ( 0.000000000000000000, 0.000000000000000000, -1.000000000000000000 ) ) ;
#2738 = ORIENTED_EDGE ( 'NONE', *, *, #9026, .T. ) ;
#2739 = FACE_OUTER_BOUND ( 'NONE', #8162, .T. ) ;
#2740 = EDGE_CURVE ( 'NONE', #8089, #5738, #4469, .T. ) ;
#2741 = VECTOR ( 'NONE', #2945, 1000.000000000000000 ) ;
#2742 = ORIENTED_EDGE ( 'NONE', *, *, #9184, .F. ) ;
#2743 = AXIS2_PLACEMENT_3D ( 'NONE', #6797, #10560, #125 ) ;
#2744 = FACE_OUTER_BOUND ( 'NONE', #392, .T. ) ;
#2745 = DIRECTION ( 'NONE',  ( 0.000000000000000000, -1.000000000000000000, 0.000000000000000000 ) ) ;
#2746 = LINE ( 'NONE', #9085, #7910 ) ;
#2747 = DIRECTION ( 'NONE',  ( -0.000000000000000000, -1.000000000000000000, -0.000000000000000000 ) ) ;
#2748 = DIRECTION ( 'NONE',  ( 0.000000000000000000, 0.000000000000000000, 1.000000000000000000 ) ) ;
#2749 = PLANE ( 'NONE',  #11284 ) ;
#2750 = CARTESIAN_POINT ( 'NONE',  ( 0.5000000000000000000, 0.2000000000000000111, -2.570000000000001616 ) ) ;
#2751 = DIRECTION ( 'NONE',  ( 0.000000000000000000, -0.000000000000000000, 1.000000000000000000 ) ) ;
#2752 = DIRECTION ( 'NONE',  ( 0.000000000000000000, 0.000000000000000000, 1.000000000000000000 ) ) ;
#2753 = DIRECTION ( 'NONE',  ( 1.000000000000000000, 0.000000000000000000, 5.042800802258162337E-16 ) ) ;
#2754 = EDGE_LOOP ( 'NONE', ( #3554, #11432, #10100, #3960, #2512 ) ) ;
#2755 = ORIENTED_EDGE ( 'NONE', *, *, #6153, .F. ) ;
#2756 = ORIENTED_EDGE ( 'NONE', *, *, #1097, .F. ) ;
#2757 = EDGE_LOOP ( 'NONE', ( #10248, #9684, #514, #2284 ) ) ;
#2758 = FACE_OUTER_BOUND ( 'NONE', #7943, .T. ) ;
#2759 = ORIENTED_EDGE ( 'NONE', *, *, #9357, .T. ) ;
#2760 = DIRECTION ( 'NONE',  ( -1.008560160451631481E-15, 0.000000000000000000, -1.000000000000000000 ) ) ;
#2761 = DIRECTION ( 'NONE',  ( -0.000000000000000000, -1.000000000000000000, -0.000000000000000000 ) ) ;
#2762 = CARTESIAN_POINT ( 'NONE',  ( 2.570000000000001172, 0.8000833275471006534, 0.8799999999999996714 ) ) ;
#2763 = DIRECTION ( 'NONE',  ( 1.000000000000000000, 0.000000000000000000, -1.008560160451631481E-15 ) ) ;
#2764 = DIRECTION ( 'NONE',  ( -0.000000000000000000, -1.000000000000000000, 0.000000000000000000 ) ) ;
#2765 = DIRECTION ( 'NONE',  ( -0.000000000000000000, -1.000000000000000000, -0.000000000000000000 ) ) ;
#2766 = VECTOR ( 'NONE', #7526, 1000.000000000000000 ) ;
#2767 = ORIENTED_EDGE ( 'NONE', *, *, #5886, .F. ) ;
#2768 = VERTEX_POINT ( 'NONE', #1630 ) ;
#2769 = VERTEX_POINT ( 'NONE', #1577 ) ;
#2770 = ADVANCED_FACE ( 'NONE', ( #11929 ), #705, .F. ) ;
#2771 = DIRECTION ( 'NONE',  ( 1.000000000000000000, -0.000000000000000000, -0.000000000000000000 ) ) ;
#2772 = LINE ( 'NONE', #1597, #10350 ) ;
#2773 = ADVANCED_FACE ( 'NONE', ( #11302 ), #6809, .T. ) ;
#2774 = LINE ( 'NONE', #4617, #11473 ) ;
#2775 = DIRECTION ( 'NONE',  ( 0.000000000000000000, -1.000000000000000000, 0.000000000000000000 ) ) ;
#2776 = LINE ( 'NONE', #10357, #10329 ) ;
#2777 = ORIENTED_EDGE ( 'NONE', *, *, #5441, .F. ) ;
#2778 = DIRECTION ( 'NONE',  ( 1.008560160451631481E-15, 0.000000000000000000, -1.000000000000000000 ) ) ;
#2779 = ORIENTED_EDGE ( 'NONE', *, *, #7221, .F. ) ;
#2780 = SURFACE_STYLE_FILL_AREA ( #12217 ) ;
#2781 = ORIENTED_EDGE ( 'NONE', *, *, #1223, .T. ) ;
#2782 = EDGE_CURVE ( 'NONE', #8816, #7052, #854, .T. ) ;
#2783 = CARTESIAN_POINT ( 'NONE',  ( -8.169337299658216773E-16, 0.05000000000000000278, 1.619999999999998774 ) ) ;
#2784 = EDGE_CURVE ( 'NONE', #10514, #9566, #10504, .T. ) ;
#2785 = EDGE_LOOP ( 'NONE', ( #713, #7053, #11741, #4735 ) ) ;
#2786 = EDGE_CURVE ( 'NONE', #1904, #11132, #249, .T. ) ;
#2787 = DIRECTION ( 'NONE',  ( 0.000000000000000000, -0.000000000000000000, 1.000000000000000000 ) ) ;
#2788 = DIRECTION ( 'NONE',  ( 0.000000000000000000, 1.000000000000000000, 0.000000000000000000 ) ) ;
#2789 = LINE ( 'NONE', #996, #2347 ) ;
#2790 = CARTESIAN_POINT ( 'NONE',  ( 3.000000000000000888, 0.8000833275471006534, 1.880000000000000115 ) ) ;
#2791 = ORIENTED_EDGE ( 'NONE', *, *, #3165, .T. ) ;
#2792 = DIRECTION ( 'NONE',  ( 0.000000000000000000, 1.000000000000000000, 0.000000000000000000 ) ) ;
#2793 = ORIENTED_EDGE ( 'NONE', *, *, #9311, .F. ) ;
#2794 = ORIENTED_EDGE ( 'NONE', *, *, #11540, .T. ) ;
#2795 = AXIS2_PLACEMENT_3D ( 'NONE', #2142, #2076, #5701 ) ;
#2796 = SURFACE_STYLE_USAGE ( .BOTH. , #1125 ) ;
#2797 = DIRECTION ( 'NONE',  ( 1.000000000000000000, 0.000000000000000000, -0.000000000000000000 ) ) ;
#2798 = CARTESIAN_POINT ( 'NONE',  ( 2.570000000000001172, 0.8000833275471006534, -1.879999999999999893 ) ) ;
#2799 = EDGE_CURVE ( 'NONE', #7285, #5284, #1189, .T. ) ;
#2800 = CARTESIAN_POINT ( 'NONE',  ( -0.1199999999999998845, 0.000000000000000000, 2.570000000000001616 ) ) ;
#2801 = CARTESIAN_POINT ( 'NONE',  ( -3.126536497400054930E-16, 0.05000000000000000278, 0.6199999999999987743 ) ) ;
#2802 = DIRECTION ( 'NONE',  ( -1.000000000000000000, 0.000000000000000000, 0.000000000000000000 ) ) ;
#2803 = FACE_OUTER_BOUND ( 'NONE', #7640, .T. ) ;
#2804 = DIRECTION ( 'NONE',  ( -1.000000000000000000, 0.000000000000000000, 0.000000000000000000 ) ) ;
#2805 = EDGE_CURVE ( 'NONE', #858, #2067, #12, .T. ) ;
#2806 = ORIENTED_EDGE ( 'NONE', *, *, #2333, .T. ) ;
#2807 = EDGE_LOOP ( 'NONE', ( #2947, #9157, #10454, #8974 ) ) ;
#2808 = ORIENTED_EDGE ( 'NONE', *, *, #11969, .T. ) ;
#2809 = ORIENTED_EDGE ( 'NONE', *, *, #8680, .F. ) ;
#2810 = FACE_OUTER_BOUND ( 'NONE', #8299, .T. ) ;
#2811 = EDGE_LOOP ( 'NONE', ( #1825, #11671, #3854, #6338 ) ) ;
#2812 = DIRECTION ( 'NONE',  ( -0.000000000000000000, -1.000000000000000000, -0.000000000000000000 ) ) ;
#2813 = AXIS2_PLACEMENT_3D ( 'NONE', #9862, #301, #1171 ) ;
#2814 = CARTESIAN_POINT ( 'NONE',  ( -2.570000000000001172, 0.1999999999999999833, -1.379999999999999893 ) ) ;
#2815 = CARTESIAN_POINT ( 'NONE',  ( 2.120000000000000551, 0.8000833275471003203, -2.570000000000001616 ) ) ;
#2816 = CARTESIAN_POINT ( 'NONE',  ( 1.620000000000000329, 0.2000000000000000111, -2.570000000000001616 ) ) ;
#2817 = LINE ( 'NONE', #6759, #11962 ) ;
#2818 = DIRECTION ( 'NONE',  ( 1.000000000000000000, 0.000000000000000000, -1.008560160451631481E-15 ) ) ;
#2819 = DIRECTION ( 'NONE',  ( -1.000000000000000000, 0.000000000000000000, 0.000000000000000000 ) ) ;
#2820 = EDGE_CURVE ( 'NONE', #6005, #1071, #134, .T. ) ;
#2821 = ORIENTED_EDGE ( 'NONE', *, *, #10881, .F. ) ;
#2822 = ORIENTED_EDGE ( 'NONE', *, *, #437, .F. ) ;
#2823 = ORIENTED_EDGE ( 'NONE', *, *, #7957, .T. ) ;
#2824 = AXIS2_PLACEMENT_3D ( 'NONE', #8675, #9790, #5963 ) ;
#2825 = ORIENTED_EDGE ( 'NONE', *, *, #8804, .T. ) ;
#2826 = FACE_OUTER_BOUND ( 'NONE', #6762, .T. ) ;
#2827 = CARTESIAN_POINT ( 'NONE',  ( 2.570000000000001172, 0.1999999999999999833, 0.6200000000000001066 ) ) ;
#2828 = CARTESIAN_POINT ( 'NONE',  ( -1.120000000000000329, 0.2000000000000000111, -2.570000000000001616 ) ) ;
#2829 = CIRCLE ( 'NONE', #10515, 0.1199999999999998845 ) ;
#2830 = DIRECTION ( 'NONE',  ( 1.000000000000000000, -0.000000000000000000, -5.042800802258162337E-16 ) ) ;
#2831 = CARTESIAN_POINT ( 'NONE',  ( 2.049999999999999822, 5.998275605729689097, 2.049999999999999822 ) ) ;
#2832 = CARTESIAN_POINT ( 'NONE',  ( 2.049999999999999822, 0.04999999999999969746, 2.049999999999999822 ) ) ;
#2833 = ORIENTED_EDGE ( 'NONE', *, *, #1331, .F. ) ;
#2834 = PLANE ( 'NONE',  #3240 ) ;
#2835 = ORIENTED_EDGE ( 'NONE', *, *, #8636, .T. ) ;
#2836 = EDGE_CURVE ( 'NONE', #1352, #11501, #1843, .T. ) ;
#2837 = EDGE_CURVE ( 'NONE', #4212, #1450, #8704, .T. ) ;
#2838 =( NAMED_UNIT ( * ) SI_UNIT ( $, .STERADIAN. ) SOLID_ANGLE_UNIT ( ) );
#2839 = AXIS2_PLACEMENT_3D ( 'NONE', #9537, #8621, #12147 ) ;
#2840 = EDGE_LOOP ( 'NONE', ( #378, #3052, #1086, #7191 ) ) ;
#2841 = LINE ( 'NONE', #1046, #502 ) ;
#2842 = VERTEX_POINT ( 'NONE', #2060 ) ;
#2843 = DIRECTION ( 'NONE',  ( 1.000000000000000000, -0.000000000000000000, -5.042800802258162337E-16 ) ) ;
#2844 = FACE_OUTER_BOUND ( 'NONE', #2556, .T. ) ;
#2845 = DIRECTION ( 'NONE',  ( -1.000000000000000000, 0.000000000000000000, -0.000000000000000000 ) ) ;
#2846 = EDGE_CURVE ( 'NONE', #10550, #6005, #2236, .T. ) ;
#2847 = AXIS2_PLACEMENT_3D ( 'NONE', #5151, #7135, #6092 ) ;
#2848 = DIRECTION ( 'NONE',  ( 0.000000000000000000, -1.000000000000000000, 0.000000000000000000 ) ) ;
#2849 = PLANE ( 'NONE',  #10316 ) ;
#2850 = VECTOR ( 'NONE', #1846, 1000.000000000000000 ) ;
#2851 = EDGE_CURVE ( 'NONE', #1435, #2872, #2129, .T. ) ;
#2852 = ADVANCED_FACE ( 'NONE', ( #5806 ), #6628, .F. ) ;
#2853 = EDGE_CURVE ( 'NONE', #7775, #1823, #3910, .T. ) ;
#2854 = VERTEX_POINT ( 'NONE', #7786 ) ;
#2855 = DIRECTION ( 'NONE',  ( 1.000000000000000000, 0.000000000000000000, 0.000000000000000000 ) ) ;
#2856 = ORIENTED_EDGE ( 'NONE', *, *, #2254, .F. ) ;
#2857 = VERTEX_POINT ( 'NONE', #8649 ) ;
#2858 = VECTOR ( 'NONE', #4672, 1000.000000000000000 ) ;
#2859 = FILL_AREA_STYLE ('',( #1869 ) ) ;
#2860 = DIRECTION ( 'NONE',  ( 0.000000000000000000, -1.000000000000000000, 0.000000000000000000 ) ) ;
#2861 = FACE_OUTER_BOUND ( 'NONE', #7412, .T. ) ;
#2862 = VECTOR ( 'NONE', #9030, 1000.000000000000000 ) ;
#2863 = CARTESIAN_POINT ( 'NONE',  ( -2.000000000000000000, 0.2000000000000000111, 2.570000000000001616 ) ) ;
#2864 = CARTESIAN_POINT ( 'NONE',  ( 1.500000000000000000, 0.2000000000000000111, -2.570000000000001616 ) ) ;
#2865 = DIRECTION ( 'NONE',  ( 0.000000000000000000, 0.000000000000000000, -1.000000000000000000 ) ) ;
#2866 = CARTESIAN_POINT ( 'NONE',  ( 2.570000000000001172, 0.1999999999999999833, -0.3799999999999998934 ) ) ;
#2867 = DIRECTION ( 'NONE',  ( -0.000000000000000000, -1.000000000000000000, -0.000000000000000000 ) ) ;
#2868 = MECHANICAL_DESIGN_GEOMETRIC_PRESENTATION_REPRESENTATION (  '', ( #6015 ), #4637 ) ;
#2869 = COLOUR_RGB ( '',0.7921568627450980005, 0.8196078431372548767, 0.9333333333333333481 ) ;
#2870 = ORIENTED_EDGE ( 'NONE', *, *, #8436, .T. ) ;
#2871 = ORIENTED_EDGE ( 'NONE', *, *, #6672, .T. ) ;
#2872 = VERTEX_POINT ( 'NONE', #5874 ) ;
#2873 = VECTOR ( 'NONE', #5715, 1000.000000000000000 ) ;
#2874 = AXIS2_PLACEMENT_3D ( 'NONE', #4632, #11170, #56 ) ;
#2875 = VERTEX_POINT ( 'NONE', #9452 ) ;
#2876 = CARTESIAN_POINT ( 'NONE',  ( 0.6200000000000003286, 0.04999999999999969746, 3.000000000000001776 ) ) ;
#2877 = ORIENTED_EDGE ( 'NONE', *, *, #5406, .F. ) ;
#2878 = AXIS2_PLACEMENT_3D ( 'NONE', #10477, #9533, #6771 ) ;
#2879 = PLANE ( 'NONE',  #6617 ) ;
#2880 = FACE_OUTER_BOUND ( 'NONE', #10596, .T. ) ;
#2881 = CARTESIAN_POINT ( 'NONE',  ( -1.620000000000000329, 0.04999999999999999584, -2.570000000000001616 ) ) ;
#2882 = VECTOR ( 'NONE', #6707, 1000.000000000000000 ) ;
#2883 = AXIS2_PLACEMENT_3D ( 'NONE', #2831, #12146, #6472 ) ;
#2884 = FACE_OUTER_BOUND ( 'NONE', #873, .T. ) ;
#2885 = PLANE ( 'NONE',  #9937 ) ;
#2886 = EDGE_LOOP ( 'NONE', ( #10790, #11905, #10332, #1516 ) ) ;
#2887 = ORIENTED_EDGE ( 'NONE', *, *, #5658, .T. ) ;
#2888 = ORIENTED_EDGE ( 'NONE', *, *, #8754, .F. ) ;
#2889 = EDGE_LOOP ( 'NONE', ( #4449, #10394, #1249, #10145 ) ) ;
#2890 = VECTOR ( 'NONE', #1943, 1000.000000000000000 ) ;
#2891 = VECTOR ( 'NONE', #4190, 1000.000000000000000 ) ;
#2892 = LINE ( 'NONE', #11330, #8946 ) ;
#2893 = EDGE_CURVE ( 'NONE', #4048, #3922, #1008, .T. ) ;
#2894 = SURFACE_STYLE_USAGE ( .BOTH. , #8439 ) ;
#2895 = SURFACE_STYLE_FILL_AREA ( #5774 ) ;
#2896 = CARTESIAN_POINT ( 'NONE',  ( -1.000000000000000000, 0.1999999999999999833, -2.570000000000001616 ) ) ;
#2897 = CARTESIAN_POINT ( 'NONE',  ( 1.620000000000000107, 0.1999999999999999833, 2.570000000000001616 ) ) ;
#2898 = CARTESIAN_POINT ( 'NONE',  ( 0.8800000000000005596, 0.2000000000000000111, 3.000000000000001776 ) ) ;
#2899 = VECTOR ( 'NONE', #10103, 1000.000000000000000 ) ;
#2900 = ORIENTED_EDGE ( 'NONE', *, *, #3811, .T. ) ;
#2901 = CIRCLE ( 'NONE', #8016, 0.1199999999999998845 ) ;
#2902 = FACE_OUTER_BOUND ( 'NONE', #11358, .T. ) ;
#2903 = ORIENTED_EDGE ( 'NONE', *, *, #8865, .F. ) ;
#2904 = FACE_OUTER_BOUND ( 'NONE', #3328, .T. ) ;
#2905 = ORIENTED_EDGE ( 'NONE', *, *, #10845, .F. ) ;
#2906 = LINE ( 'NONE', #9671, #7013 ) ;
#2907 = ORIENTED_EDGE ( 'NONE', *, *, #4234, .F. ) ;
#2908 = FACE_OUTER_BOUND ( 'NONE', #9374, .T. ) ;
#2909 = AXIS2_PLACEMENT_3D ( 'NONE', #8274, #9211, #12171 ) ;
#2910 = DIRECTION ( 'NONE',  ( 0.000000000000000000, 0.000000000000000000, -1.000000000000000000 ) ) ;
#2911 = EDGE_CURVE ( 'NONE', #2493, #8657, #11548, .T. ) ;
#2912 = PLANE ( 'NONE',  #3853 ) ;
#2913 = CARTESIAN_POINT ( 'NONE',  ( -3.000000000000000888, 0.9999999999999991118, 2.999999999999999112 ) ) ;
#2914 = CARTESIAN_POINT ( 'NONE',  ( 2.999999999999999112, 10.48528137423857132, 2.999999999999998224 ) ) ;
#2915 = VECTOR ( 'NONE', #1629, 1000.000000000000000 ) ;
#2916 = EDGE_CURVE ( 'NONE', #7267, #448, #4597, .T. ) ;
#2917 = ADVANCED_FACE ( 'NONE', ( #7543 ), #11428, .F. ) ;
#2918 = ORIENTED_EDGE ( 'NONE', *, *, #7476, .T. ) ;
#2919 = CARTESIAN_POINT ( 'NONE',  ( 0.6200000000000003286, 0.2000000000000000111, -3.000000000000001776 ) ) ;
#2920 = ORIENTED_EDGE ( 'NONE', *, *, #11644, .T. ) ;
#2921 = ADVANCED_FACE ( 'NONE', ( #7667 ), #11797, .F. ) ;
#2922 = ORIENTED_EDGE ( 'NONE', *, *, #3974, .F. ) ;
#2923 = AXIS2_PLACEMENT_3D ( 'NONE', #5304, #9072, #9014 ) ;
#2924 = FACE_OUTER_BOUND ( 'NONE', #3371, .T. ) ;
#2925 = EDGE_CURVE ( 'NONE', #379, #7482, #59, .T. ) ;
#2926 = DIRECTION ( 'NONE',  ( -1.000000000000000000, 0.000000000000000000, 0.000000000000000000 ) ) ;
#2927 = DIRECTION ( 'NONE',  ( 0.000000000000000000, 1.000000000000000000, 0.000000000000000000 ) ) ;
#2928 = CARTESIAN_POINT ( 'NONE',  ( 2.000000000000000000, 0.04999999999999999584, -2.570000000000001616 ) ) ;
#2929 = CARTESIAN_POINT ( 'NONE',  ( 3.000000000000000888, 0.8000833275471006534, -2.120000000000000107 ) ) ;
#2930 = DIRECTION ( 'NONE',  ( 0.000000000000000000, 1.000000000000000000, 0.000000000000000000 ) ) ;
#2931 = VERTEX_POINT ( 'NONE', #510 ) ;
#2932 = ORIENTED_EDGE ( 'NONE', *, *, #3453, .T. ) ;
#2933 = ORIENTED_EDGE ( 'NONE', *, *, #1958, .F. ) ;
#2934 = CIRCLE ( 'NONE', #7264, 0.1199999999999998845 ) ;
#2935 = CLOSED_SHELL ( 'NONE', ( #2631, #5435, #4041, #10349, #6150, #3964 ) ) ;
#2936 = ORIENTED_EDGE ( 'NONE', *, *, #10678, .F. ) ;
#2937 = DIRECTION ( 'NONE',  ( 0.000000000000000000, 1.000000000000000000, 0.000000000000000000 ) ) ;
#2938 = ORIENTED_EDGE ( 'NONE', *, *, #4276, .T. ) ;
#2939 = DIRECTION ( 'NONE',  ( 0.000000000000000000, 0.000000000000000000, 1.000000000000000000 ) ) ;
#2940 =( NAMED_UNIT ( * ) PLANE_ANGLE_UNIT ( ) SI_UNIT ( $, .RADIAN. ) );
#2941 = DIRECTION ( 'NONE',  ( -1.008560160451631481E-15, 0.000000000000000000, 1.000000000000000000 ) ) ;
#2942 =( NAMED_UNIT ( * ) PLANE_ANGLE_UNIT ( ) SI_UNIT ( $, .RADIAN. ) );
#2943 = CIRCLE ( 'NONE', #8640, 0.1199999999999998845 ) ;
#2944 = VECTOR ( 'NONE', #2723, 1000.000000000000000 ) ;
#2945 = DIRECTION ( 'NONE',  ( -0.000000000000000000, -1.000000000000000000, -0.000000000000000000 ) ) ;
#2946 = LINE ( 'NONE', #6648, #9530 ) ;
#2947 = ORIENTED_EDGE ( 'NONE', *, *, #11147, .F. ) ;
#2948 = ORIENTED_EDGE ( 'NONE', *, *, #2433, .T. ) ;
#2949 = ORIENTED_EDGE ( 'NONE', *, *, #4102, .T. ) ;
#2950 = ORIENTED_EDGE ( 'NONE', *, *, #6957, .F. ) ;
#2951 = VECTOR ( 'NONE', #10841, 1000.000000000000000 ) ;
#2952 = DIRECTION ( 'NONE',  ( -1.000000000000000000, 0.000000000000000000, 5.042800802258162337E-16 ) ) ;
#2953 = FILL_AREA_STYLE_COLOUR ( '', #1685 ) ;
#2954 = CYLINDRICAL_SURFACE ( 'NONE', #6822, 0.1199999999999998845 ) ;
#2955 = CARTESIAN_POINT ( 'NONE',  ( -3.000000000000000888, 0.8000833275471006534, -1.879999999999999671 ) ) ;
#2956 = VECTOR ( 'NONE', #1580, 1000.000000000000000 ) ;
#2957 = DIRECTION ( 'NONE',  ( 0.000000000000000000, -1.000000000000000000, 0.000000000000000000 ) ) ;
#2958 = CARTESIAN_POINT ( 'NONE',  ( -1.119999999999999440, 0.2000000000000000111, 3.000000000000001776 ) ) ;
#2959 = EDGE_CURVE ( 'NONE', #5284, #3268, #10815, .T. ) ;
#2960 = EDGE_CURVE ( 'NONE', #3004, #6702, #9818, .T. ) ;
#2961 = DIRECTION ( 'NONE',  ( -1.008560160451631481E-15, 0.000000000000000000, -1.000000000000000000 ) ) ;
#2962 = VERTEX_POINT ( 'NONE', #3175 ) ;
#2963 = ORIENTED_EDGE ( 'NONE', *, *, #357, .F. ) ;
#2964 = EDGE_CURVE ( 'NONE', #11060, #4839, #570, .T. ) ;
#2965 = CARTESIAN_POINT ( 'NONE',  ( -2.049999999999999822, 0.1999999999999996503, 2.049999999999999378 ) ) ;
#2966 = ORIENTED_EDGE ( 'NONE', *, *, #5399, .F. ) ;
#2967 = CARTESIAN_POINT ( 'NONE',  ( 3.000000000000000888, 0.000000000000000000, 0.8800000000000001155 ) ) ;
#2968 = EDGE_LOOP ( 'NONE', ( #3701, #11050, #7611, #4477 ) ) ;
#2969 = FACE_OUTER_BOUND ( 'NONE', #5567, .T. ) ;
#2970 = CARTESIAN_POINT ( 'NONE',  ( -2.300000000000000711, 0.9000000000000000222, -2.300000000000000711 ) ) ;
#2971 = DIRECTION ( 'NONE',  ( -0.000000000000000000, -1.000000000000000000, -0.000000000000000000 ) ) ;
#2972 = FACE_OUTER_BOUND ( 'NONE', #2785, .T. ) ;
#2973 = FACE_OUTER_BOUND ( 'NONE', #4929, .T. ) ;
#2974 = CARTESIAN_POINT ( 'NONE',  ( 0.3800000000000005596, 0.2000000000000000111, -3.000000000000001776 ) ) ;
#2975 = ORIENTED_EDGE ( 'NONE', *, *, #6312, .T. ) ;
#2976 = MECHANICAL_DESIGN_GEOMETRIC_PRESENTATION_REPRESENTATION (  '', ( #807 ), #7700 ) ;
#2977 = VERTEX_POINT ( 'NONE', #5934 ) ;
#2978 = PLANE ( 'NONE',  #3786 ) ;
#2979 = CARTESIAN_POINT ( 'NONE',  ( 1.380000000000000560, 0.2000000000000000111, -3.000000000000001776 ) ) ;
#2980 = LINE ( 'NONE', #2059, #2524 ) ;
#2981 = DIRECTION ( 'NONE',  ( -5.042800802258162337E-16, 0.000000000000000000, -1.000000000000000000 ) ) ;
#2982 = DIRECTION ( 'NONE',  ( -0.000000000000000000, 1.000000000000000000, -0.000000000000000000 ) ) ;
#2983 = DIRECTION ( 'NONE',  ( 0.000000000000000000, -1.000000000000000000, 0.000000000000000000 ) ) ;
#2984 = CARTESIAN_POINT ( 'NONE',  ( 0.000000000000000000, 0.000000000000000000, 0.000000000000000000 ) ) ;
#2985 = ORIENTED_EDGE ( 'NONE', *, *, #8533, .F. ) ;
#2986 = ORIENTED_EDGE ( 'NONE', *, *, #7066, .T. ) ;
#2987 = ORIENTED_EDGE ( 'NONE', *, *, #10140, .T. ) ;
#2988 = ORIENTED_EDGE ( 'NONE', *, *, #6852, .F. ) ;
#2989 = ADVANCED_FACE ( 'NONE', ( #444 ), #8892, .T. ) ;
#2990 = ORIENTED_EDGE ( 'NONE', *, *, #1221, .T. ) ;
#2991 = EDGE_CURVE ( 'NONE', #2169, #256, #10870, .T. ) ;
#2992 = DIRECTION ( 'NONE',  ( 0.000000000000000000, -0.000000000000000000, 1.000000000000000000 ) ) ;
#2993 = EDGE_LOOP ( 'NONE', ( #2086, #407, #11251, #3300 ) ) ;
#2994 = CARTESIAN_POINT ( 'NONE',  ( 1.620000000000000329, 0.2000000000000005107, 2.999999999999998224 ) ) ;
#2995 = DIRECTION ( 'NONE',  ( 0.000000000000000000, 0.000000000000000000, 1.000000000000000000 ) ) ;
#2996 = DIRECTION ( 'NONE',  ( 0.000000000000000000, -1.000000000000000000, 0.000000000000000000 ) ) ;
#2997 = DIRECTION ( 'NONE',  ( 0.000000000000000000, 0.000000000000000000, 1.000000000000000000 ) ) ;
#2998 =( NAMED_UNIT ( * ) SI_UNIT ( $, .STERADIAN. ) SOLID_ANGLE_UNIT ( ) );
#2999 = AXIS2_PLACEMENT_3D ( 'NONE', #4301, #11828, #8058 ) ;
#3000 = PLANE ( 'NONE',  #4308 ) ;
#3001 = EDGE_CURVE ( 'NONE', #1863, #6475, #5130, .T. ) ;
#3002 = DIRECTION ( 'NONE',  ( -1.008560160451631481E-15, 0.000000000000000000, 1.000000000000000000 ) ) ;
#3003 = ADVANCED_FACE ( 'NONE', ( #8085 ), #2426, .T. ) ;
#3004 = VERTEX_POINT ( 'NONE', #10689 ) ;
#3005 = EDGE_CURVE ( 'NONE', #7994, #10809, #6181, .T. ) ;
#3006 = ORIENTED_EDGE ( 'NONE', *, *, #8410, .T. ) ;
#3007 = ORIENTED_EDGE ( 'NONE', *, *, #7292, .F. ) ;
#3008 = ADVANCED_FACE ( 'NONE', ( #10635 ), #6065, .F. ) ;
#3009 = VERTEX_POINT ( 'NONE', #5994 ) ;
#3010 = EDGE_CURVE ( 'NONE', #2431, #10526, #5008, .T. ) ;
#3011 = DIRECTION ( 'NONE',  ( 0.000000000000000000, 1.000000000000000000, 0.000000000000000000 ) ) ;
#3012 = FILL_AREA_STYLE ('',( #2953 ) ) ;
#3013 = DIRECTION ( 'NONE',  ( 0.000000000000000000, 0.000000000000000000, -1.000000000000000000 ) ) ;
#3014 = LINE ( 'NONE', #7693, #3222 ) ;
#3015 = DIRECTION ( 'NONE',  ( -0.000000000000000000, -1.000000000000000000, -0.000000000000000000 ) ) ;
#3016 = EDGE_CURVE ( 'NONE', #5812, #1352, #6773, .T. ) ;
#3017 = DIRECTION ( 'NONE',  ( 0.000000000000000000, 1.000000000000000000, 0.000000000000000000 ) ) ;
#3018 = AXIS2_PLACEMENT_3D ( 'NONE', #4502, #7098, #4436 ) ;
#3019 = ORIENTED_EDGE ( 'NONE', *, *, #4914, .T. ) ;
#3020 = ORIENTED_EDGE ( 'NONE', *, *, #9548, .T. ) ;
#3021 = CARTESIAN_POINT ( 'NONE',  ( 0.1200000000000003147, 0.000000000000000000, -3.000000000000001776 ) ) ;
#3022 = ORIENTED_EDGE ( 'NONE', *, *, #1158, .F. ) ;
#3023 = FACE_OUTER_BOUND ( 'NONE', #694, .T. ) ;
#3024 = ORIENTED_EDGE ( 'NONE', *, *, #10916, .T. ) ;
#3025 = AXIS2_PLACEMENT_3D ( 'NONE', #6774, #7880, #9721 ) ;
#3026 = DIRECTION ( 'NONE',  ( 0.000000000000000000, 1.000000000000000000, 0.000000000000000000 ) ) ;
#3027 = CARTESIAN_POINT ( 'NONE',  ( -0.8799999999999996714, 0.000000000000000000, -3.000000000000001776 ) ) ;
#3028 = CARTESIAN_POINT ( 'NONE',  ( 2.570000000000001172, 0.8000833275471006534, -1.879999999999999893 ) ) ;
#3029 = DIRECTION ( 'NONE',  ( 0.000000000000000000, -0.000000000000000000, 1.000000000000000000 ) ) ;
#3030 = CARTESIAN_POINT ( 'NONE',  ( 1.380000000000000560, 0.000000000000000000, 3.000000000000001776 ) ) ;
#3031 = FACE_OUTER_BOUND ( 'NONE', #11672, .T. ) ;
#3032 = VECTOR ( 'NONE', #626, 1000.000000000000000 ) ;
#3033 = DIRECTION ( 'NONE',  ( 1.008560160451631481E-15, 0.000000000000000000, -1.000000000000000000 ) ) ;
#3034 = EDGE_LOOP ( 'NONE', ( #11103, #9174, #8858, #3105 ) ) ;
#3035 = VERTEX_POINT ( 'NONE', #8833 ) ;
#3036 = DIRECTION ( 'NONE',  ( 1.000000000000000000, 0.000000000000000000, 5.042800802258162337E-16 ) ) ;
#3037 = AXIS2_PLACEMENT_3D ( 'NONE', #10285, #9245, #7454 ) ;
#3038 = ADVANCED_FACE ( 'NONE', ( #4270 ), #4152, .T. ) ;
#3039 = AXIS2_PLACEMENT_3D ( 'NONE', #1101, #1041, #11221 ) ;
#3040 = DIRECTION ( 'NONE',  ( -1.000000000000000000, 0.000000000000000000, 0.000000000000000000 ) ) ;
#3041 = DIRECTION ( 'NONE',  ( 5.042800802258162337E-16, 0.000000000000000000, -1.000000000000000000 ) ) ;
#3042 = CARTESIAN_POINT ( 'NONE',  ( -1.379999999999999671, 0.1999999999999999833, -2.570000000000001616 ) ) ;
#3043 = CARTESIAN_POINT ( 'NONE',  ( 2.000000000000000000, 0.1999999999999999833, 2.570000000000001616 ) ) ;
#3044 = EDGE_CURVE ( 'NONE', #9176, #3653, #5185, .T. ) ;
#3045 = DIRECTION ( 'NONE',  ( -0.000000000000000000, -1.000000000000000000, -0.000000000000000000 ) ) ;
#3046 = SHAPE_DEFINITION_REPRESENTATION ( #10774, #7828 ) ;
#3047 = ORIENTED_EDGE ( 'NONE', *, *, #812, .T. ) ;
#3048 = ORIENTED_EDGE ( 'NONE', *, *, #4266, .T. ) ;
#3049 = VECTOR ( 'NONE', #8244, 1000.000000000000000 ) ;
#3050 = ORIENTED_EDGE ( 'NONE', *, *, #203, .T. ) ;
#3051 = AXIS2_PLACEMENT_3D ( 'NONE', #28, #10340, #3749 ) ;
#3052 = ORIENTED_EDGE ( 'NONE', *, *, #11168, .F. ) ;
#3053 = PLANE ( 'NONE',  #4472 ) ;
#3054 = ORIENTED_EDGE ( 'NONE', *, *, #4956, .F. ) ;
#3055 = AXIS2_PLACEMENT_3D ( 'NONE', #11681, #8906, #3309 ) ;
#3056 = FACE_OUTER_BOUND ( 'NONE', #5281, .T. ) ;
#3057 = DIRECTION ( 'NONE',  ( -0.000000000000000000, -1.000000000000000000, -0.000000000000000000 ) ) ;
#3058 = CARTESIAN_POINT ( 'NONE',  ( 1.000000000000000000, 0.04999999999999999584, 2.570000000000001616 ) ) ;
#3059 = STYLED_ITEM ( 'NONE', ( #6512 ), #5635 ) ;
#3060 = AXIS2_PLACEMENT_3D ( 'NONE', #2234, #5982, #5065 ) ;
#3061 = EDGE_CURVE ( 'NONE', #9342, #3651, #11733, .T. ) ;
#3062 = ADVANCED_FACE ( 'NONE', ( #6992 ), #813, .T. ) ;
#3063 = LINE ( 'NONE', #6829, #3716 ) ;
#3064 = LINE ( 'NONE', #8722, #2068 ) ;
#3065 = MECHANICAL_DESIGN_GEOMETRIC_PRESENTATION_REPRESENTATION (  '', ( #8369 ), #897 ) ;
#3066 = VERTEX_POINT ( 'NONE', #11057 ) ;
#3067 = VECTOR ( 'NONE', #10735, 1000.000000000000000 ) ;
#3068 = ORIENTED_EDGE ( 'NONE', *, *, #6419, .T. ) ;
#3069 = ORIENTED_EDGE ( 'NONE', *, *, #1184, .F. ) ;
#3070 = EDGE_CURVE ( 'NONE', #199, #9983, #5364, .T. ) ;
#3071 = ORIENTED_EDGE ( 'NONE', *, *, #3334, .F. ) ;
#3072 = STYLED_ITEM ( 'NONE', ( #4148 ), #5941 ) ;
#3073 = ADVANCED_FACE ( 'NONE', ( #7232 ), #4573, .T. ) ;
#3074 = DIRECTION ( 'NONE',  ( 0.000000000000000000, -1.000000000000000000, 0.000000000000000000 ) ) ;
#3075 = CIRCLE ( 'NONE', #3655, 0.1199999999999998845 ) ;
#3076 = CARTESIAN_POINT ( 'NONE',  ( -2.000000000000000000, 0.2000000000000000111, 2.570000000000001616 ) ) ;
#3077 = PLANE ( 'NONE',  #5835 ) ;
#3078 = CARTESIAN_POINT ( 'NONE',  ( 2.570000000000001172, 0.1999999999999999833, 0.1200000000000000927 ) ) ;
#3079 = CARTESIAN_POINT ( 'NONE',  ( -1.119999999999999440, 0.8000833275471003203, 3.000000000000001776 ) ) ;
#3080 = EDGE_CURVE ( 'NONE', #7565, #7170, #3470, .T. ) ;
#3081 = CIRCLE ( 'NONE', #5040, 0.1199999999999998845 ) ;
#3082 = DIRECTION ( 'NONE',  ( -0.000000000000000000, -1.000000000000000000, -0.000000000000000000 ) ) ;
#3083 = ORIENTED_EDGE ( 'NONE', *, *, #9532, .F. ) ;
#3084 = ADVANCED_FACE ( 'NONE', ( #687 ), #10118, .T. ) ;
#3085 = EDGE_LOOP ( 'NONE', ( #4718, #7434, #4823, #11721 ) ) ;
#3086 = VECTOR ( 'NONE', #5260, 1000.000000000000000 ) ;
#3087 = VECTOR ( 'NONE', #6417, 1000.000000000000000 ) ;
#3088 = LINE ( 'NONE', #1107, #7661 ) ;
#3089 = ORIENTED_EDGE ( 'NONE', *, *, #10881, .T. ) ;
#3090 = CARTESIAN_POINT ( 'NONE',  ( -2.000000000000000000, 0.2000000000000000111, 2.570000000000001616 ) ) ;
#3091 = EDGE_LOOP ( 'NONE', ( #9210, #11326, #3193, #11499, #7269 ) ) ;
#3092 = DIRECTION ( 'NONE',  ( 0.000000000000000000, -1.000000000000000000, 0.000000000000000000 ) ) ;
#3093 = CARTESIAN_POINT ( 'NONE',  ( -1.379999999999999671, 0.2000000000000000111, -3.000000000000001776 ) ) ;
#3094 = CIRCLE ( 'NONE', #7226, 0.1199999999999998845 ) ;
#3095 = DIRECTION ( 'NONE',  ( 0.000000000000000000, 1.000000000000000000, -0.000000000000000000 ) ) ;
#3096 = VECTOR ( 'NONE', #8283, 1000.000000000000000 ) ;
#3097 = PLANE ( 'NONE',  #8973 ) ;
#3098 = DIRECTION ( 'NONE',  ( -0.000000000000000000, -1.000000000000000000, -0.000000000000000000 ) ) ;
#3099 = CARTESIAN_POINT ( 'NONE',  ( 3.000000000000000888, 0.000000000000000000, -0.8799999999999996714 ) ) ;
#3100 = DIRECTION ( 'NONE',  ( 0.000000000000000000, -1.000000000000000000, 0.000000000000000000 ) ) ;
#3101 = PLANE ( 'NONE',  #2743 ) ;
#3102 = VECTOR ( 'NONE', #7012, 1000.000000000000000 ) ;
#3103 = AXIS2_PLACEMENT_3D ( 'NONE', #1383, #5258, #11861 ) ;
#3104 = ORIENTED_EDGE ( 'NONE', *, *, #6268, .T. ) ;
#3105 = ORIENTED_EDGE ( 'NONE', *, *, #7076, .F. ) ;
#3106 = CARTESIAN_POINT ( 'NONE',  ( -2.570000000000001172, 0.05000000000000002359, -0.1199999999999998845 ) ) ;
#3107 =( LENGTH_UNIT ( ) NAMED_UNIT ( * ) SI_UNIT ( .MILLI., .METRE. ) );
#3108 = LINE ( 'NONE', #442, #10342 ) ;
#3109 = FACE_OUTER_BOUND ( 'NONE', #12094, .T. ) ;
#3110 = CARTESIAN_POINT ( 'NONE',  ( 2.570000000000001172, 0.8000833275471006534, -1.120000000000000329 ) ) ;
#3111 = AXIS2_PLACEMENT_3D ( 'NONE', #6742, #3844, #10320 ) ;
#3112 = EDGE_CURVE ( 'NONE', #4866, #1218, #1648, .T. ) ;
#3113 = DIRECTION ( 'NONE',  ( 0.000000000000000000, -1.000000000000000000, 0.000000000000000000 ) ) ;
#3114 = ADVANCED_FACE ( 'NONE', ( #10995 ), #3649, .T. ) ;
#3115 = VECTOR ( 'NONE', #7181, 1000.000000000000000 ) ;
#3116 = VERTEX_POINT ( 'NONE', #10007 ) ;
#3117 = ORIENTED_EDGE ( 'NONE', *, *, #2342, .F. ) ;
#3118 = ORIENTED_EDGE ( 'NONE', *, *, #10041, .F. ) ;
#3119 = EDGE_CURVE ( 'NONE', #11832, #9838, #10246, .T. ) ;
#3120 = ORIENTED_EDGE ( 'NONE', *, *, #1826, .F. ) ;
#3121 = CARTESIAN_POINT ( 'NONE',  ( 3.000000000000000888, 0.1999999999999999833, -1.379999999999999671 ) ) ;
#3122 = AXIS2_PLACEMENT_3D ( 'NONE', #1931, #8515, #57 ) ;
#3123 = EDGE_LOOP ( 'NONE', ( #3180, #1905, #4970, #9502 ) ) ;
#3124 = CARTESIAN_POINT ( 'NONE',  ( 1.000000000000000000, 0.1999999999999999833, 2.570000000000001616 ) ) ;
#3125 = CARTESIAN_POINT ( 'NONE',  ( 0.3800000000000005596, 0.8000833275471003203, 3.000000000000001776 ) ) ;
#3126 = CARTESIAN_POINT ( 'NONE',  ( 1.620000000000000329, 0.8000833275471003203, 3.000000000000001776 ) ) ;
#3127 = CARTESIAN_POINT ( 'NONE',  ( -1.119999999999999440, 0.2000000000000000111, -3.000000000000001776 ) ) ;
#3128 = DIRECTION ( 'NONE',  ( 0.000000000000000000, 1.000000000000000000, 0.000000000000000000 ) ) ;
#3129 = CARTESIAN_POINT ( 'NONE',  ( -0.3799999999999996714, 0.000000000000000000, 3.000000000000001776 ) ) ;
#3130 = DIRECTION ( 'NONE',  ( 0.000000000000000000, 0.000000000000000000, 1.000000000000000000 ) ) ;
#3131 = AXIS2_PLACEMENT_3D ( 'NONE', #842, #2764, #11840 ) ;
#3132 = EDGE_LOOP ( 'NONE', ( #8461, #6367, #9177, #5636 ) ) ;
#3133 = CLOSED_SHELL ( 'NONE', ( #5704, #9411, #5405, #3898, #11940, #7803 ) ) ;
#3134 = ORIENTED_EDGE ( 'NONE', *, *, #9683, .T. ) ;
#3135 = VERTEX_POINT ( 'NONE', #2551 ) ;
#3136 = ORIENTED_EDGE ( 'NONE', *, *, #7955, .F. ) ;
#3137 = PLANE ( 'NONE',  #7569 ) ;
#3138 = VECTOR ( 'NONE', #2062, 1000.000000000000000 ) ;
#3139 = FILL_AREA_STYLE_COLOUR ( '', #9949 ) ;
#3140 = CLOSED_SHELL ( 'NONE', ( #1191, #11598, #12160, #8807, #4574, #1788 ) ) ;
#3141 = DIRECTION ( 'NONE',  ( 0.000000000000000000, 0.000000000000000000, -1.000000000000000000 ) ) ;
#3142 = CARTESIAN_POINT ( 'NONE',  ( 1.120000000000000329, 0.000000000000000000, -2.570000000000001616 ) ) ;
#3143 = DIRECTION ( 'NONE',  ( 0.000000000000000000, 0.000000000000000000, 1.000000000000000000 ) ) ;
#3144 = CARTESIAN_POINT ( 'NONE',  ( -2.000000000000000000, 0.1999999999999999833, 2.570000000000001616 ) ) ;
#3145 = FACE_OUTER_BOUND ( 'NONE', #11294, .T. ) ;
#3146 = VERTEX_POINT ( 'NONE', #7409 ) ;
#3147 = ADVANCED_FACE ( 'NONE', ( #5305 ), #4388, .T. ) ;
#3148 = ORIENTED_EDGE ( 'NONE', *, *, #3534, .T. ) ;
#3149 = CIRCLE ( 'NONE', #1365, 0.1199999999999998845 ) ;
#3150 = VERTEX_POINT ( 'NONE', #6425 ) ;
#3151 = PLANE ( 'NONE',  #8654 ) ;
#3152 = EDGE_CURVE ( 'NONE', #4968, #9176, #4455, .T. ) ;
#3153 = VERTEX_POINT ( 'NONE', #2605 ) ;
#3154 = CARTESIAN_POINT ( 'NONE',  ( -1.879999999999999671, 0.2000000000000000111, -2.570000000000001616 ) ) ;
#3155 = EDGE_LOOP ( 'NONE', ( #6247, #6134, #10762, #2727 ) ) ;
#3156 = AXIS2_PLACEMENT_3D ( 'NONE', #8156, #1696, #7490 ) ;
#3157 =( NAMED_UNIT ( * ) SI_UNIT ( $, .STERADIAN. ) SOLID_ANGLE_UNIT ( ) );
#3158 = DIRECTION ( 'NONE',  ( -1.000000000000000000, 0.000000000000000000, 0.000000000000000000 ) ) ;
#3159 = CARTESIAN_POINT ( 'NONE',  ( -3.000000000000000888, 0.1999999999999999833, 0.1200000000000003147 ) ) ;
#3160 = CARTESIAN_POINT ( 'NONE',  ( 2.570000000000001172, 0.1999999999999999833, -1.620000000000000329 ) ) ;
#3161 = PLANE ( 'NONE',  #11194 ) ;
#3162 = DIRECTION ( 'NONE',  ( -1.000000000000000000, 0.000000000000000000, 0.000000000000000000 ) ) ;
#3163 = CARTESIAN_POINT ( 'NONE',  ( 2.999999999999999112, 0.05000000000000000278, 2.999999999999998224 ) ) ;
#3164 = EDGE_CURVE ( 'NONE', #10665, #5078, #8204, .T. ) ;
#3165 = EDGE_CURVE ( 'NONE', #2768, #8062, #6306, .T. ) ;
#3166 = FACE_OUTER_BOUND ( 'NONE', #10409, .T. ) ;
#3167 = ADVANCED_FACE ( 'NONE', ( #8267 ), #11913, .T. ) ;
#3168 = ORIENTED_EDGE ( 'NONE', *, *, #8551, .T. ) ;
#3169 = EDGE_CURVE ( 'NONE', #10026, #12001, #1676, .T. ) ;
#3170 = EDGE_LOOP ( 'NONE', ( #5326, #1902, #1497, #2975 ) ) ;
#3171 = CARTESIAN_POINT ( 'NONE',  ( -1.119999999999999440, 0.8000833275471003203, -3.000000000000001776 ) ) ;
#3172 = PLANE ( 'NONE',  #34 ) ;
#3173 = DIRECTION ( 'NONE',  ( 0.000000000000000000, 0.000000000000000000, -1.000000000000000000 ) ) ;
#3174 = DIRECTION ( 'NONE',  ( 1.000000000000000000, -0.000000000000000000, -0.000000000000000000 ) ) ;
#3175 = CARTESIAN_POINT ( 'NONE',  ( -1.749999999999999334, 0.1999999999999996503, -2.050000000000000266 ) ) ;
#3176 = DIRECTION ( 'NONE',  ( 0.000000000000000000, 0.000000000000000000, 1.000000000000000000 ) ) ;
#3177 = ORIENTED_EDGE ( 'NONE', *, *, #2106, .F. ) ;
#3178 = VERTEX_POINT ( 'NONE', #6239 ) ;
#3179 = ORIENTED_EDGE ( 'NONE', *, *, #4717, .F. ) ;
#3180 = ORIENTED_EDGE ( 'NONE', *, *, #7362, .T. ) ;
#3181 = FACE_OUTER_BOUND ( 'NONE', #3471, .T. ) ;
#3182 = ORIENTED_EDGE ( 'NONE', *, *, #5251, .T. ) ;
#3183 = LINE ( 'NONE', #261, #12110 ) ;
#3184 = LINE ( 'NONE', #11560, #11533 ) ;
#3185 = PLANE ( 'NONE',  #3961 ) ;
#3186 = DIRECTION ( 'NONE',  ( -1.000000000000000000, 0.000000000000000000, -0.000000000000000000 ) ) ;
#3187 = CARTESIAN_POINT ( 'NONE',  ( 3.000000000000000888, 0.1999999999999999833, 2.120000000000000551 ) ) ;
#3188 = DIRECTION ( 'NONE',  ( 1.008560160451631481E-15, -0.000000000000000000, 1.000000000000000000 ) ) ;
#3189 = DIRECTION ( 'NONE',  ( 0.000000000000000000, 0.000000000000000000, -1.000000000000000000 ) ) ;
#3190 = DIRECTION ( 'NONE',  ( -0.000000000000000000, -1.000000000000000000, -0.000000000000000000 ) ) ;
#3191 = VERTEX_POINT ( 'NONE', #5494 ) ;
#3192 = ORIENTED_EDGE ( 'NONE', *, *, #1992, .F. ) ;
#3193 = ORIENTED_EDGE ( 'NONE', *, *, #1711, .T. ) ;
#3194 = ORIENTED_EDGE ( 'NONE', *, *, #11884, .T. ) ;
#3195 = EDGE_CURVE ( 'NONE', #7646, #11462, #11172, .T. ) ;
#3196 = DIRECTION ( 'NONE',  ( 0.000000000000000000, 0.000000000000000000, -1.000000000000000000 ) ) ;
#3197 = VECTOR ( 'NONE', #24, 1000.000000000000000 ) ;
#3198 = DIRECTION ( 'NONE',  ( 0.000000000000000000, -0.000000000000000000, -1.000000000000000000 ) ) ;
#3199 = CARTESIAN_POINT ( 'NONE',  ( -2.120000000000000551, 0.04999999999999999584, -2.570000000000001616 ) ) ;
#3200 = EDGE_CURVE ( 'NONE', #5270, #3608, #6547, .T. ) ;
#3201 = LINE ( 'NONE', #6961, #7941 ) ;
#3202 = DIRECTION ( 'NONE',  ( 0.000000000000000000, 0.000000000000000000, -1.000000000000000000 ) ) ;
#3203 = DIRECTION ( 'NONE',  ( 1.000000000000000000, 0.000000000000000000, -5.042800802258162337E-16 ) ) ;
#3204 = EDGE_CURVE ( 'NONE', #11132, #2962, #8633, .T. ) ;
#3205 = ORIENTED_EDGE ( 'NONE', *, *, #4064, .F. ) ;
#3206 = EDGE_LOOP ( 'NONE', ( #6339, #7827, #6106, #6737 ) ) ;
#3207 = ORIENTED_EDGE ( 'NONE', *, *, #4009, .T. ) ;
#3208 = EDGE_LOOP ( 'NONE', ( #3536, #513, #8226, #6753 ) ) ;
#3209 = LINE ( 'NONE', #10730, #9520 ) ;
#3210 = VERTEX_POINT ( 'NONE', #4881 ) ;
#3211 = LINE ( 'NONE', #6221, #11543 ) ;
#3212 = PLANE ( 'NONE',  #12140 ) ;
#3213 = VECTOR ( 'NONE', #671, 1000.000000000000000 ) ;
#3214 = CARTESIAN_POINT ( 'NONE',  ( -1.500000000000000000, 0.04999999999999999584, 2.570000000000001616 ) ) ;
#3215 = CARTESIAN_POINT ( 'NONE',  ( 1.120000000000000329, 0.04999999999999969746, 3.000000000000001776 ) ) ;
#3216 = DIRECTION ( 'NONE',  ( 0.000000000000000000, 0.000000000000000000, 1.000000000000000000 ) ) ;
#3217 = CARTESIAN_POINT ( 'NONE',  ( -2.570000000000001172, 0.000000000000000000, -1.000000000000000000 ) ) ;
#3218 = EDGE_CURVE ( 'NONE', #11283, #7108, #7532, .T. ) ;
#3219 = EDGE_CURVE ( 'NONE', #8914, #2627, #4754, .T. ) ;
#3220 = DIRECTION ( 'NONE',  ( -1.000000000000000000, 0.000000000000000000, 0.000000000000000000 ) ) ;
#3221 = CARTESIAN_POINT ( 'NONE',  ( 2.049999999999999822, 0.000000000000000000, 2.049999999999999822 ) ) ;
#3222 = VECTOR ( 'NONE', #9662, 1000.000000000000000 ) ;
#3223 = ORIENTED_EDGE ( 'NONE', *, *, #9762, .T. ) ;
#3224 = EDGE_LOOP ( 'NONE', ( #3851, #9463, #11761, #3194 ) ) ;
#3225 = EDGE_CURVE ( 'NONE', #2430, #7903, #3715, .T. ) ;
#3226 =( NAMED_UNIT ( * ) SI_UNIT ( $, .STERADIAN. ) SOLID_ANGLE_UNIT ( ) );
#3227 = CARTESIAN_POINT ( 'NONE',  ( -3.000000000000000888, 0.1999999999999999833, 1.620000000000000329 ) ) ;
#3228 = LINE ( 'NONE', #8949, #10538 ) ;
#3229 = DIRECTION ( 'NONE',  ( 1.008560160451631481E-15, -0.000000000000000000, 1.000000000000000000 ) ) ;
#3230 = DIRECTION ( 'NONE',  ( 0.000000000000000000, 0.000000000000000000, 1.000000000000000000 ) ) ;
#3231 = VECTOR ( 'NONE', #3292, 1000.000000000000000 ) ;
#3232 = EDGE_CURVE ( 'NONE', #3331, #3004, #1860, .T. ) ;
#3233 = CARTESIAN_POINT ( 'NONE',  ( -2.000000000000000000, 0.2000000000000000111, 2.570000000000001616 ) ) ;
#3234 = EDGE_CURVE ( 'NONE', #4552, #2248, #1053, .T. ) ;
#3235 = ORIENTED_EDGE ( 'NONE', *, *, #2893, .T. ) ;
#3236 = ORIENTED_EDGE ( 'NONE', *, *, #4183, .F. ) ;
#3237 = ORIENTED_EDGE ( 'NONE', *, *, #6304, .T. ) ;
#3238 = VERTEX_POINT ( 'NONE', #9441 ) ;
#3239 = PLANE ( 'NONE',  #6235 ) ;
#3240 = AXIS2_PLACEMENT_3D ( 'NONE', #4744, #1848, #987 ) ;
#3241 = ORIENTED_EDGE ( 'NONE', *, *, #1725, .F. ) ;
#3242 = VECTOR ( 'NONE', #11584, 1000.000000000000000 ) ;
#3243 = CARTESIAN_POINT ( 'NONE',  ( 1.120000000000000329, 0.2000000000000000111, -3.000000000000001776 ) ) ;
#3244 = DIRECTION ( 'NONE',  ( 1.008560160451631481E-15, -0.000000000000000000, 1.000000000000000000 ) ) ;
#3245 = DIRECTION ( 'NONE',  ( 1.000000000000000000, 0.000000000000000000, 1.008560160451631481E-15 ) ) ;
#3246 = LINE ( 'NONE', #10828, #9942 ) ;
#3247 = LINE ( 'NONE', #10772, #10197 ) ;
#3248 = CARTESIAN_POINT ( 'NONE',  ( -1.000000000000000000, 0.8000833275471003203, -2.570000000000001616 ) ) ;
#3249 = CARTESIAN_POINT ( 'NONE',  ( -3.000000000000000888, 10.48528137423857132, 2.999999999999999112 ) ) ;
#3251 = DIRECTION ( 'NONE',  ( 0.000000000000000000, 0.000000000000000000, 1.000000000000000000 ) ) ;
#3250 = VECTOR ( 'NONE', #4497, 1000.000000000000000 ) ;
#3252 = VECTOR ( 'NONE', #9173, 1000.000000000000000 ) ;
#3253 = VERTEX_POINT ( 'NONE', #5793 ) ;
#3254 = ORIENTED_EDGE ( 'NONE', *, *, #8912, .F. ) ;
#3255 = ORIENTED_EDGE ( 'NONE', *, *, #5179, .T. ) ;
#3256 = VERTEX_POINT ( 'NONE', #4699 ) ;
#3257 = DIRECTION ( 'NONE',  ( -1.000000000000000000, 0.000000000000000000, -0.000000000000000000 ) ) ;
#3258 = COLOUR_RGB ( '',0.7921568627450980005, 0.8196078431372548767, 0.9333333333333333481 ) ;
#3259 = VECTOR ( 'NONE', #3220, 1000.000000000000000 ) ;
#3260 = CARTESIAN_POINT ( 'NONE',  ( 2.120000000000000551, 0.2000000000000000111, 2.570000000000001616 ) ) ;
#3261 = FACE_OUTER_BOUND ( 'NONE', #3270, .T. ) ;
#3262 = CARTESIAN_POINT ( 'NONE',  ( 0.3800000000000005596, 0.1999999999999999833, 3.000000000000001776 ) ) ;
#3263 = CARTESIAN_POINT ( 'NONE',  ( -3.000000000000000888, 0.9999999999999991118, -3.000000000000000888 ) ) ;
#3264 = CIRCLE ( 'NONE', #688, 0.1199999999999999956 ) ;
#3265 = LINE ( 'NONE', #7882, #8941 ) ;
#3266 = ORIENTED_EDGE ( 'NONE', *, *, #9688, .F. ) ;
#3267 = ADVANCED_FACE ( 'NONE', ( #2973 ), #2849, .F. ) ;
#3268 = VERTEX_POINT ( 'NONE', #3030 ) ;
#3269 = CIRCLE ( 'NONE', #5389, 0.1199999999999999956 ) ;
#3270 = EDGE_LOOP ( 'NONE', ( #11345, #9672, #10451, #6104, #10906 ) ) ;
#3271 = ADVANCED_FACE ( 'NONE', ( #9623 ), #6610, .F. ) ;
#3272 = CIRCLE ( 'NONE', #5217, 0.1199999999999998845 ) ;
#3273 = ORIENTED_EDGE ( 'NONE', *, *, #3952, .T. ) ;
#3274 = CARTESIAN_POINT ( 'NONE',  ( 1.120000000000000329, 0.8000833275471003203, 3.000000000000001776 ) ) ;
#3275 = ORIENTED_EDGE ( 'NONE', *, *, #4977, .F. ) ;
#3276 = DIRECTION ( 'NONE',  ( 0.000000000000000000, 0.000000000000000000, 1.000000000000000000 ) ) ;
#3277 = AXIS2_PLACEMENT_3D ( 'NONE', #9010, #5429, #3524 ) ;
#3278 = DIRECTION ( 'NONE',  ( -0.000000000000000000, -1.000000000000000000, -0.000000000000000000 ) ) ;
#3279 = DIRECTION ( 'NONE',  ( -0.000000000000000000, -1.000000000000000000, -0.000000000000000000 ) ) ;
#3280 = FACE_OUTER_BOUND ( 'NONE', #10529, .T. ) ;
#3281 = DIRECTION ( 'NONE',  ( 0.000000000000000000, 1.000000000000000000, -0.000000000000000000 ) ) ;
#3282 = VECTOR ( 'NONE', #7981, 1000.000000000000000 ) ;
#3283 = VECTOR ( 'NONE', #1912, 1000.000000000000000 ) ;
#3284 = DIRECTION ( 'NONE',  ( -0.000000000000000000, -1.000000000000000000, -0.000000000000000000 ) ) ;
#3285 = SURFACE_STYLE_USAGE ( .BOTH. , #11720 ) ;
#3286 = ORIENTED_EDGE ( 'NONE', *, *, #1862, .F. ) ;
#3287 = VECTOR ( 'NONE', #2860, 1000.000000000000000 ) ;
#3288 = ORIENTED_EDGE ( 'NONE', *, *, #8086, .T. ) ;
#3289 = AXIS2_PLACEMENT_3D ( 'NONE', #9572, #4831, #9397 ) ;
#3290 = CARTESIAN_POINT ( 'NONE',  ( -1.879999999999999671, 0.000000000000000000, 3.000000000000001776 ) ) ;
#3291 = CARTESIAN_POINT ( 'NONE',  ( 0.1200000000000003147, 0.04999999999999969746, -3.000000000000001776 ) ) ;
#3292 = DIRECTION ( 'NONE',  ( 1.000000000000000000, -0.000000000000000000, 1.057758217059028854E-16 ) ) ;
#3293 = ADVANCED_FACE ( 'NONE', ( #7475 ), #5733, .F. ) ;
#3294 = DIRECTION ( 'NONE',  ( 0.000000000000000000, -0.000000000000000000, -1.000000000000000000 ) ) ;
#3295 = VECTOR ( 'NONE', #7879, 1000.000000000000000 ) ;
#3296 = ORIENTED_EDGE ( 'NONE', *, *, #6240, .F. ) ;
#3297 = VECTOR ( 'NONE', #5018, 1000.000000000000000 ) ;
#3298 = ADVANCED_FACE ( 'NONE', ( #4818 ), #8458, .T. ) ;
#3299 = ORIENTED_EDGE ( 'NONE', *, *, #3747, .T. ) ;
#3300 = ORIENTED_EDGE ( 'NONE', *, *, #5332, .F. ) ;
#3301 = VERTEX_POINT ( 'NONE', #2118 ) ;
#3302 = CARTESIAN_POINT ( 'NONE',  ( -2.000000000000000000, 0.2000000000000000111, 2.570000000000001616 ) ) ;
#3303 = ORIENTED_EDGE ( 'NONE', *, *, #2210, .T. ) ;
#3304 = ADVANCED_FACE ( 'NONE', ( #8516 ), #9381, .F. ) ;
#3305 = VECTOR ( 'NONE', #5521, 1000.000000000000000 ) ;
#3306 = CARTESIAN_POINT ( 'NONE',  ( 3.000000000000000888, 0.04999999999999969746, -1.879999999999999671 ) ) ;
#3307 = DIRECTION ( 'NONE',  ( 0.000000000000000000, 0.000000000000000000, -1.000000000000000000 ) ) ;
#3308 = AXIS2_PLACEMENT_3D ( 'NONE', #2637, #1774, #6390 ) ;
#3309 = DIRECTION ( 'NONE',  ( 0.000000000000000000, 0.000000000000000000, 1.000000000000000000 ) ) ;
#3310 = CARTESIAN_POINT ( 'NONE',  ( -1.879999999999999671, 0.2000000000000000111, 3.000000000000001776 ) ) ;
#3311 = LINE ( 'NONE', #11683, #9813 ) ;
#3312 = CARTESIAN_POINT ( 'NONE',  ( 0.1200000000000003147, 0.1999999999999999833, -3.000000000000001776 ) ) ;
#3313 = VERTEX_POINT ( 'NONE', #3896 ) ;
#3314 = VERTEX_POINT ( 'NONE', #8577 ) ;
#3315 = ORIENTED_EDGE ( 'NONE', *, *, #8323, .F. ) ;
#3316 = VECTOR ( 'NONE', #6258, 1000.000000000000000 ) ;
#3317 = UNCERTAINTY_MEASURE_WITH_UNIT (LENGTH_MEASURE( 1.000000000000000082E-05 ), #5800, 'distance_accuracy_value', 'NONE');
#3318 = ORIENTED_EDGE ( 'NONE', *, *, #5307, .T. ) ;
#3319 = EDGE_CURVE ( 'NONE', #6386, #5689, #12224, .T. ) ;
#3320 = CARTESIAN_POINT ( 'NONE',  ( 1.120000000000000329, 0.8000833275471003203, -2.570000000000001616 ) ) ;
#3321 = CARTESIAN_POINT ( 'NONE',  ( 2.570000000000000284, 0.1999999999999999833, 1.499999999999999556 ) ) ;
#3322 = CARTESIAN_POINT ( 'NONE',  ( 3.000000000000000888, 0.1999999999999999833, 2.120000000000000551 ) ) ;
#3323 = LINE ( 'NONE', #6960, #3295 ) ;
#3324 = VECTOR ( 'NONE', #2604, 1000.000000000000000 ) ;
#3325 = CARTESIAN_POINT ( 'NONE',  ( 0.8800000000000005596, 0.8000833275471003203, 3.000000000000001776 ) ) ;
#3326 = ORIENTED_EDGE ( 'NONE', *, *, #4188, .F. ) ;
#3327 = ORIENTED_EDGE ( 'NONE', *, *, #5663, .T. ) ;
#3328 = EDGE_LOOP ( 'NONE', ( #9322, #9682, #7639, #8835 ) ) ;
#3329 = AXIS2_PLACEMENT_3D ( 'NONE', #6376, #11995, #11870 ) ;
#3330 = COLOUR_RGB ( '',0.7921568627450980005, 0.8196078431372548767, 0.9333333333333333481 ) ;
#3331 = VERTEX_POINT ( 'NONE', #3773 ) ;
#3332 = DIRECTION ( 'NONE',  ( 1.000000000000000000, -0.000000000000000000, -1.445602896647339163E-16 ) ) ;
#3333 = FILL_AREA_STYLE ('',( #1538 ) ) ;
#3334 = EDGE_CURVE ( 'NONE', #10608, #7626, #11291, .T. ) ;
#3335 = PRESENTATION_STYLE_ASSIGNMENT (( #6972 ) ) ;
#3336 = CARTESIAN_POINT ( 'NONE',  ( -2.570000000000001172, 0.8000833275471006534, 2.120000000000000551 ) ) ;
#3337 = FACE_OUTER_BOUND ( 'NONE', #11390, .T. ) ;
#3338 = DIRECTION ( 'NONE',  ( 0.000000000000000000, 0.000000000000000000, -1.000000000000000000 ) ) ;
#3339 = CARTESIAN_POINT ( 'NONE',  ( -3.000000000000000888, 0.04999999999999969746, -0.3799999999999996714 ) ) ;
#3340 = ADVANCED_FACE ( 'NONE', ( #7593 ), #11416, .T. ) ;
#3341 = VECTOR ( 'NONE', #10022, 1000.000000000000000 ) ;
#3342 = CARTESIAN_POINT ( 'NONE',  ( -3.000000000000000888, 0.8000833275471006534, 1.880000000000000115 ) ) ;
#3343 = VECTOR ( 'NONE', #4928, 1000.000000000000000 ) ;
#3344 = FACE_OUTER_BOUND ( 'NONE', #3789, .T. ) ;
#3345 = CARTESIAN_POINT ( 'NONE',  ( 0.1200000000000003147, 0.1999999999999999833, -2.570000000000001616 ) ) ;
#3346 = VERTEX_POINT ( 'NONE', #3339 ) ;
#3347 = ORIENTED_EDGE ( 'NONE', *, *, #9542, .F. ) ;
#3348 = CARTESIAN_POINT ( 'NONE',  ( 1.380000000000000115, 0.2000000000000000111, 2.570000000000001616 ) ) ;
#3349 = FACE_OUTER_BOUND ( 'NONE', #10840, .T. ) ;
#3350 = DIRECTION ( 'NONE',  ( 1.000000000000000000, -0.000000000000000000, 1.008560160451631481E-15 ) ) ;
#3351 = CARTESIAN_POINT ( 'NONE',  ( -2.300000000000000711, 0.9000000000000000222, -2.300000000000000711 ) ) ;
#3352 = EDGE_CURVE ( 'NONE', #3651, #501, #490, .T. ) ;
#3353 =( GEOMETRIC_REPRESENTATION_CONTEXT ( 3 ) GLOBAL_UNCERTAINTY_ASSIGNED_CONTEXT ( ( #6004 ) ) GLOBAL_UNIT_ASSIGNED_CONTEXT ( ( #3732, #6325, #12109 ) ) REPRESENTATION_CONTEXT ( 'NONE', 'WORKASPACE' ) );
#3354 = ORIENTED_EDGE ( 'NONE', *, *, #5849, .T. ) ;
#3355 = ORIENTED_EDGE ( 'NONE', *, *, #494, .T. ) ;
#3356 = ORIENTED_EDGE ( 'NONE', *, *, #7902, .T. ) ;
#3357 = EDGE_LOOP ( 'NONE', ( #9695, #8683, #5867, #2793 ) ) ;
#3358 = CARTESIAN_POINT ( 'NONE',  ( -0.1199999999999994404, 0.2000000000000000111, -3.000000000000001776 ) ) ;
#3359 = ORIENTED_EDGE ( 'NONE', *, *, #5886, .T. ) ;
#3360 = DIRECTION ( 'NONE',  ( -0.000000000000000000, -1.000000000000000000, -0.000000000000000000 ) ) ;
#3361 = PRESENTATION_STYLE_ASSIGNMENT (( #11561 ) ) ;
#3362 = PLANE ( 'NONE',  #3842 ) ;
#3363 = CARTESIAN_POINT ( 'NONE',  ( -1.899999999999994582, 0.05000000000000000278, -1.900000000000005684 ) ) ;
#3364 = DIRECTION ( 'NONE',  ( 0.000000000000000000, 0.000000000000000000, -1.000000000000000000 ) ) ;
#3365 = CARTESIAN_POINT ( 'NONE',  ( -2.049999999999999822, 0.000000000000000000, 2.049999999999999378 ) ) ;
#3366 = VERTEX_POINT ( 'NONE', #7953 ) ;
#3367 = ADVANCED_FACE ( 'NONE', ( #2180 ), #6922, .T. ) ;
#3368 = EDGE_CURVE ( 'NONE', #5407, #8065, #10711, .T. ) ;
#3369 = ORIENTED_EDGE ( 'NONE', *, *, #6098, .F. ) ;
#3370 = ORIENTED_EDGE ( 'NONE', *, *, #4339, .T. ) ;
#3371 = EDGE_LOOP ( 'NONE', ( #4759, #2526, #10724, #925, #9041, #835, #11091, #7083, #3675, #1486, #11305, #3020, #3506, #6750, #8064, #1800, #7413, #10158, #5113, #6634, #3563, #8955, #8927, #5581, #10873, #4949, #4927, #11687, #8896, #4, #10195, #3642, #2948, #3685, #9694, #7853, #2351, #4341, #11261, #10695 ) ) ;
#3372 = CARTESIAN_POINT ( 'NONE',  ( 2.570000000000001172, 0.8000833275471006534, -1.379999999999999893 ) ) ;
#3373 = FACE_OUTER_BOUND ( 'NONE', #6446, .T. ) ;
#3374 = CARTESIAN_POINT ( 'NONE',  ( 0.6200000000000003286, 0.2000000000000000111, 3.000000000000001776 ) ) ;
#3375 = FACE_OUTER_BOUND ( 'NONE', #2318, .T. ) ;
#3376 = EDGE_CURVE ( 'NONE', #4900, #2355, #10620, .T. ) ;
#3377 = ADVANCED_FACE ( 'NONE', ( #10675 ), #11656, .T. ) ;
#3378 = SURFACE_STYLE_USAGE ( .BOTH. , #412 ) ;
#3379 = EDGE_CURVE ( 'NONE', #243, #2355, #2829, .T. ) ;
#3380 = DIRECTION ( 'NONE',  ( -1.000000000000000000, 0.000000000000000000, -5.042800802258162337E-16 ) ) ;
#3381 = ORIENTED_EDGE ( 'NONE', *, *, #8177, .F. ) ;
#3382 = EDGE_CURVE ( 'NONE', #5781, #7550, #10803, .T. ) ;
#3383 = ORIENTED_EDGE ( 'NONE', *, *, #11969, .F. ) ;
#3384 = VERTEX_POINT ( 'NONE', #1420 ) ;
#3385 = AXIS2_PLACEMENT_3D ( 'NONE', #7089, #4177, #10786 ) ;
#3386 = ORIENTED_EDGE ( 'NONE', *, *, #8338, .T. ) ;
#3387 = LINE ( 'NONE', #5055, #12088 ) ;
#3388 = CARTESIAN_POINT ( 'NONE',  ( 3.000000000000000888, 0.000000000000000000, -1.119999999999999885 ) ) ;
#3389 = CARTESIAN_POINT ( 'NONE',  ( -3.000000000000000888, 0.2000000000000005107, 0.6200000000000003286 ) ) ;
#3390 = LINE ( 'NONE', #10914, #3213 ) ;
#3391 = CARTESIAN_POINT ( 'NONE',  ( 2.120000000000000551, 0.04999999999999969746, -3.000000000000001776 ) ) ;
#3392 = CARTESIAN_POINT ( 'NONE',  ( 1.500000000000000000, 0.1999999999999999833, -2.570000000000001616 ) ) ;
#3393 = CARTESIAN_POINT ( 'NONE',  ( 0.3799999999999996714, 0.2000000000000005107, -3.000000000000001332 ) ) ;
#3394 = VECTOR ( 'NONE', #7471, 1000.000000000000000 ) ;
#3395 = DIRECTION ( 'NONE',  ( -0.000000000000000000, -1.000000000000000000, -0.000000000000000000 ) ) ;
#3396 = DIRECTION ( 'NONE',  ( -0.000000000000000000, -1.000000000000000000, -0.000000000000000000 ) ) ;
#3397 = FILL_AREA_STYLE_COLOUR ( '', #6485 ) ;
#3398 = VERTEX_POINT ( 'NONE', #1233 ) ;
#3399 = ORIENTED_EDGE ( 'NONE', *, *, #2692, .F. ) ;
#3400 = AXIS2_PLACEMENT_3D ( 'NONE', #10672, #5860, #7835 ) ;
#3401 = LINE ( 'NONE', #4265, #10758 ) ;
#3402 = LINE ( 'NONE', #10183, #1095 ) ;
#3403 = LINE ( 'NONE', #8265, #4103 ) ;
#3404 = DIRECTION ( 'NONE',  ( 0.000000000000000000, 0.000000000000000000, 1.000000000000000000 ) ) ;
#3405 = AXIS2_PLACEMENT_3D ( 'NONE', #8630, #6607, #4877 ) ;
#3406 = ORIENTED_EDGE ( 'NONE', *, *, #11577, .F. ) ;
#3407 = ORIENTED_EDGE ( 'NONE', *, *, #10194, .F. ) ;
#3408 = ORIENTED_EDGE ( 'NONE', *, *, #10455, .T. ) ;
#3409 = ORIENTED_EDGE ( 'NONE', *, *, #2466, .T. ) ;
#3410 = CARTESIAN_POINT ( 'NONE',  ( 0.8800000000000005596, 0.04999999999999969746, -3.000000000000001776 ) ) ;
#3411 = EDGE_CURVE ( 'NONE', #11024, #11917, #6976, .T. ) ;
#3412 = EDGE_CURVE ( 'NONE', #1513, #12055, #4143, .T. ) ;
#3413 = ORIENTED_EDGE ( 'NONE', *, *, #10624, .F. ) ;
#3414 =( NAMED_UNIT ( * ) PLANE_ANGLE_UNIT ( ) SI_UNIT ( $, .RADIAN. ) );
#3415 = AXIS2_PLACEMENT_3D ( 'NONE', #2928, #193, #950 ) ;
#3416 = CARTESIAN_POINT ( 'NONE',  ( -2.570000000000001172, 0.8000833275471006534, -0.1199999999999998845 ) ) ;
#3417 = DIRECTION ( 'NONE',  ( 0.000000000000000000, 0.000000000000000000, -1.000000000000000000 ) ) ;
#3418 = DIRECTION ( 'NONE',  ( 0.000000000000000000, 1.000000000000000000, 0.000000000000000000 ) ) ;
#3419 = CARTESIAN_POINT ( 'NONE',  ( 2.570000000000000284, 0.8000833275471006534, -1.500000000000000444 ) ) ;
#3420 = FACE_OUTER_BOUND ( 'NONE', #11542, .T. ) ;
#3421 = DIRECTION ( 'NONE',  ( -0.000000000000000000, -1.000000000000000000, -0.000000000000000000 ) ) ;
#3422 = DIRECTION ( 'NONE',  ( 0.000000000000000000, -0.000000000000000000, 1.000000000000000000 ) ) ;
#3423 =( NAMED_UNIT ( * ) PLANE_ANGLE_UNIT ( ) SI_UNIT ( $, .RADIAN. ) );
#3424 = ORIENTED_EDGE ( 'NONE', *, *, #1554, .T. ) ;
#3425 = ORIENTED_EDGE ( 'NONE', *, *, #11729, .F. ) ;
#3426 = ORIENTED_EDGE ( 'NONE', *, *, #9726, .T. ) ;
#3427 = AXIS2_PLACEMENT_3D ( 'NONE', #6126, #9691, #1244 ) ;
#3428 = UNCERTAINTY_MEASURE_WITH_UNIT (LENGTH_MEASURE( 1.000000000000000082E-05 ), #10632, 'distance_accuracy_value', 'NONE');
#3429 = VERTEX_POINT ( 'NONE', #10738 ) ;
#3430 = CARTESIAN_POINT ( 'NONE',  ( 2.000000000000000000, 0.000000000000000000, 2.570000000000001616 ) ) ;
#3431 = LINE ( 'NONE', #8165, #6985 ) ;
#3432 = CARTESIAN_POINT ( 'NONE',  ( -2.570000000000001172, 0.1999999999999999833, 0.1200000000000000927 ) ) ;
#3433 = EDGE_CURVE ( 'NONE', #468, #5847, #1297, .T. ) ;
#3434 = DIRECTION ( 'NONE',  ( 0.000000000000000000, 0.000000000000000000, -1.000000000000000000 ) ) ;
#3435 = VECTOR ( 'NONE', #5411, 1000.000000000000000 ) ;
#3436 = PLANE ( 'NONE',  #8612 ) ;
#3437 = AXIS2_PLACEMENT_3D ( 'NONE', #10170, #3631, #6346 ) ;
#3438 = CARTESIAN_POINT ( 'NONE',  ( 2.570000000000001172, 0.000000000000000000, -1.620000000000000329 ) ) ;
#3439 = EDGE_CURVE ( 'NONE', #4837, #7567, #304, .T. ) ;
#3440 = EDGE_CURVE ( 'NONE', #11445, #2571, #6171, .T. ) ;
#3441 = ORIENTED_EDGE ( 'NONE', *, *, #9993, .F. ) ;
#3442 = ORIENTED_EDGE ( 'NONE', *, *, #5808, .T. ) ;
#3443 = ORIENTED_EDGE ( 'NONE', *, *, #7410, .F. ) ;
#3444 = EDGE_CURVE ( 'NONE', #1047, #340, #11603, .T. ) ;
#3445 = VECTOR ( 'NONE', #1779, 1000.000000000000000 ) ;
#3446 = ORIENTED_EDGE ( 'NONE', *, *, #11588, .F. ) ;
#3447 = LINE ( 'NONE', #7211, #5791 ) ;
#3448 = CARTESIAN_POINT ( 'NONE',  ( 1.916264304858107900E-16, 0.05000000000000000278, -0.3800000000000012257 ) ) ;
#3449 = CIRCLE ( 'NONE', #4240, 0.1199999999999998845 ) ;
#3450 = FILL_AREA_STYLE_COLOUR ( '', #5827 ) ;
#3451 = DIRECTION ( 'NONE',  ( -0.000000000000000000, -1.000000000000000000, -0.000000000000000000 ) ) ;
#3452 = LINE ( 'NONE', #5416, #908 ) ;
#3453 = EDGE_CURVE ( 'NONE', #7756, #1649, #429, .T. ) ;
#3454 = VECTOR ( 'NONE', #7844, 1000.000000000000000 ) ;
#3455 = CARTESIAN_POINT ( 'NONE',  ( -1.749999999999999334, 0.05000000000000000278, -2.050000000000000266 ) ) ;
#3456 = VECTOR ( 'NONE', #1234, 1000.000000000000000 ) ;
#3457 = CARTESIAN_POINT ( 'NONE',  ( 2.999999999999999112, 0.05000000000000000278, -3.000000000000001776 ) ) ;
#3458 = CARTESIAN_POINT ( 'NONE',  ( 0.8800000000000005596, 0.2000000000000000111, -3.000000000000001776 ) ) ;
#3459 = VECTOR ( 'NONE', #12072, 1000.000000000000000 ) ;
#3460 = VECTOR ( 'NONE', #7230, 1000.000000000000000 ) ;
#3461 = DIRECTION ( 'NONE',  ( 1.008560160451631481E-15, 0.000000000000000000, -1.000000000000000000 ) ) ;
#3462 = ORIENTED_EDGE ( 'NONE', *, *, #2853, .F. ) ;
#3463 = AXIS2_PLACEMENT_3D ( 'NONE', #4568, #7405, #3878 ) ;
#3464 = EDGE_LOOP ( 'NONE', ( #7807, #1925, #5312, #1433 ) ) ;
#3465 = AXIS2_PLACEMENT_3D ( 'NONE', #262, #2199, #10826 ) ;
#3466 = SURFACE_STYLE_USAGE ( .BOTH. , #9938 ) ;
#3467 = AXIS2_PLACEMENT_3D ( 'NONE', #10417, #8308, #920 ) ;
#3468 = CARTESIAN_POINT ( 'NONE',  ( 2.120000000000000551, 0.04999999999999999584, -2.570000000000001616 ) ) ;
#3469 = CYLINDRICAL_SURFACE ( 'NONE', #945, 0.1199999999999998845 ) ;
#3470 = LINE ( 'NONE', #6488, #5775 ) ;
#3471 = EDGE_LOOP ( 'NONE', ( #4871, #4069, #6749, #9511 ) ) ;
#3472 = ORIENTED_EDGE ( 'NONE', *, *, #7740, .F. ) ;
#3473 = ORIENTED_EDGE ( 'NONE', *, *, #5173, .T. ) ;
#3474 = AXIS2_PLACEMENT_3D ( 'NONE', #12175, #4647, #2175 ) ;
#3475 = AXIS2_PLACEMENT_3D ( 'NONE', #3912, #2982, #7668 ) ;
#3476 = ORIENTED_EDGE ( 'NONE', *, *, #8847, .F. ) ;
#3477 = CARTESIAN_POINT ( 'NONE',  ( -2.000000000000000000, 0.2000000000000000111, 2.570000000000001616 ) ) ;
#3478 = ORIENTED_EDGE ( 'NONE', *, *, #8844, .T. ) ;
#3479 = CARTESIAN_POINT ( 'NONE',  ( -2.570000000000001172, 0.05000000000000002359, 0.3800000000000001155 ) ) ;
#3480 = EDGE_CURVE ( 'NONE', #2067, #8433, #7045, .T. ) ;
#3481 = DIRECTION ( 'NONE',  ( -1.000000000000000000, 0.000000000000000000, -5.042800802258162337E-16 ) ) ;
#3482 = EDGE_CURVE ( 'NONE', #6906, #10879, #2361, .T. ) ;
#3483 = CARTESIAN_POINT ( 'NONE',  ( 2.570000000000000284, 0.8000833275471006534, 1.499999999999999556 ) ) ;
#3484 = DIRECTION ( 'NONE',  ( 1.000000000000000000, 0.000000000000000000, 0.000000000000000000 ) ) ;
#3485 = CARTESIAN_POINT ( 'NONE',  ( -1.000000000000000000, 0.000000000000000000, 2.570000000000001616 ) ) ;
#3486 = VECTOR ( 'NONE', #10766, 1000.000000000000000 ) ;
#3487 = LINE ( 'NONE', #11126, #4898 ) ;
#3488 = CARTESIAN_POINT ( 'NONE',  ( 2.570000000000001172, 0.000000000000000000, -0.3799999999999998934 ) ) ;
#3489 = EDGE_CURVE ( 'NONE', #7333, #10925, #5589, .T. ) ;
#3490 = ORIENTED_EDGE ( 'NONE', *, *, #360, .F. ) ;
#3491 = ORIENTED_EDGE ( 'NONE', *, *, #2666, .T. ) ;
#3492 = ORIENTED_EDGE ( 'NONE', *, *, #8306, .F. ) ;
#3493 = ORIENTED_EDGE ( 'NONE', *, *, #8326, .T. ) ;
#3494 = DIRECTION ( 'NONE',  ( -0.000000000000000000, -1.000000000000000000, -0.000000000000000000 ) ) ;
#3495 =( GEOMETRIC_REPRESENTATION_CONTEXT ( 3 ) GLOBAL_UNCERTAINTY_ASSIGNED_CONTEXT ( ( #6898 ) ) GLOBAL_UNIT_ASSIGNED_CONTEXT ( ( #4363, #9290, #10095 ) ) REPRESENTATION_CONTEXT ( 'NONE', 'WORKASPACE' ) );
#3496 = CIRCLE ( 'NONE', #10791, 0.1199999999999998845 ) ;
#3497 = CARTESIAN_POINT ( 'NONE',  ( -2.119999999999999662, 0.2000000000000000111, -3.000000000000001776 ) ) ;
#3498 = DIRECTION ( 'NONE',  ( -0.000000000000000000, -1.000000000000000000, -0.000000000000000000 ) ) ;
#3499 = CARTESIAN_POINT ( 'NONE',  ( -2.119999999999999662, 0.1999999999999999833, 3.000000000000001776 ) ) ;
#3500 = CARTESIAN_POINT ( 'NONE',  ( 1.880000000000000560, 0.2000000000000000111, 3.000000000000001776 ) ) ;
#3501 = DIRECTION ( 'NONE',  ( 0.000000000000000000, -0.000000000000000000, 1.000000000000000000 ) ) ;
#3502 = DIRECTION ( 'NONE',  ( -0.000000000000000000, -1.000000000000000000, -0.000000000000000000 ) ) ;
#3503 = CIRCLE ( 'NONE', #5075, 0.1199999999999999956 ) ;
#3504 = ORIENTED_EDGE ( 'NONE', *, *, #272, .F. ) ;
#3505 = ORIENTED_EDGE ( 'NONE', *, *, #5, .T. ) ;
#3506 = ORIENTED_EDGE ( 'NONE', *, *, #8600, .T. ) ;
#3507 = PLANE ( 'NONE',  #3635 ) ;
#3508 = CIRCLE ( 'NONE', #11786, 0.1199999999999998845 ) ;
#3509 = DIRECTION ( 'NONE',  ( 0.000000000000000000, -1.000000000000000000, 0.000000000000000000 ) ) ;
#3510 = DIRECTION ( 'NONE',  ( 0.000000000000000000, 1.000000000000000000, -0.000000000000000000 ) ) ;
#3511 = LINE ( 'NONE', #10168, #3796 ) ;
#3512 = DIRECTION ( 'NONE',  ( -1.000000000000000000, 0.000000000000000000, 0.000000000000000000 ) ) ;
#3513 = ADVANCED_FACE ( 'NONE', ( #11532 ), #6864, .T. ) ;
#3514 = CARTESIAN_POINT ( 'NONE',  ( -0.3799999999999996714, 0.2000000000000005107, 2.999999999999998668 ) ) ;
#3515 = CARTESIAN_POINT ( 'NONE',  ( -2.570000000000001172, 0.8000833275471006534, 1.120000000000000107 ) ) ;
#3516 = FILL_AREA_STYLE ('',( #11160 ) ) ;
#3517 = AXIS2_PLACEMENT_3D ( 'NONE', #2388, #8909, #6140 ) ;
#3518 = VECTOR ( 'NONE', #12169, 1000.000000000000000 ) ;
#3519 = ADVANCED_FACE ( 'NONE', ( #11900 ), #1658, .F. ) ;
#3520 = CARTESIAN_POINT ( 'NONE',  ( -2.300000000000000711, 0.9000000000000000222, -2.050000000000000711 ) ) ;
#3521 = ORIENTED_EDGE ( 'NONE', *, *, #11286, .T. ) ;
#3522 = LINE ( 'NONE', #7284, #3087 ) ;
#3523 = ORIENTED_EDGE ( 'NONE', *, *, #10692, .F. ) ;
#3524 = DIRECTION ( 'NONE',  ( 0.000000000000000000, 0.000000000000000000, 1.000000000000000000 ) ) ;
#3525 = AXIS2_PLACEMENT_3D ( 'NONE', #5788, #7764, #11527 ) ;
#3526 =( NAMED_UNIT ( * ) PLANE_ANGLE_UNIT ( ) SI_UNIT ( $, .RADIAN. ) );
#3527 = VECTOR ( 'NONE', #7758, 1000.000000000000000 ) ;
#3528 = CARTESIAN_POINT ( 'NONE',  ( 2.570000000000001172, 0.1999999999999999833, -1.879999999999999893 ) ) ;
#3529 = EDGE_CURVE ( 'NONE', #11501, #6362, #9190, .T. ) ;
#3530 = CARTESIAN_POINT ( 'NONE',  ( 2.570000000000001172, 0.8000833275471006534, 2.120000000000000551 ) ) ;
#3531 = EDGE_CURVE ( 'NONE', #11003, #1042, #5479, .T. ) ;
#3532 = DIRECTION ( 'NONE',  ( -0.000000000000000000, -1.000000000000000000, -0.000000000000000000 ) ) ;
#3533 = EDGE_CURVE ( 'NONE', #10904, #1702, #10107, .T. ) ;
#3534 = EDGE_CURVE ( 'NONE', #10925, #11179, #673, .T. ) ;
#3535 = EDGE_CURVE ( 'NONE', #9318, #1983, #9522, .T. ) ;
#3536 = ORIENTED_EDGE ( 'NONE', *, *, #9373, .T. ) ;
#3537 = CARTESIAN_POINT ( 'NONE',  ( -2.000000000000000000, 0.2000000000000000111, -2.570000000000001616 ) ) ;
#3538 = AXIS2_PLACEMENT_3D ( 'NONE', #7616, #5516, #4662 ) ;
#3539 = EDGE_LOOP ( 'NONE', ( #4775, #3476, #7725, #6337 ) ) ;
#3540 = CARTESIAN_POINT ( 'NONE',  ( 1.000000000000000000, 0.000000000000000000, 2.570000000000001616 ) ) ;
#3541 = VERTEX_POINT ( 'NONE', #11157 ) ;
#3542 = AXIS2_PLACEMENT_3D ( 'NONE', #2984, #1067, #4833 ) ;
#3543 = DIRECTION ( 'NONE',  ( 0.000000000000000000, 1.000000000000000000, 0.000000000000000000 ) ) ;
#3544 = DIRECTION ( 'NONE',  ( -1.000000000000000000, 0.000000000000000000, -0.000000000000000000 ) ) ;
#3545 = LINE ( 'NONE', #3661, #9352 ) ;
#3546 = DIRECTION ( 'NONE',  ( -0.000000000000000000, -1.000000000000000000, -0.000000000000000000 ) ) ;
#3547 = FACE_OUTER_BOUND ( 'NONE', #196, .T. ) ;
#3548 = CARTESIAN_POINT ( 'NONE',  ( -1.500000000000000000, 0.2000000000000000111, 2.570000000000001616 ) ) ;
#3549 = DIRECTION ( 'NONE',  ( -1.000000000000000000, 0.000000000000000000, 0.000000000000000000 ) ) ;
#3550 = CARTESIAN_POINT ( 'NONE',  ( -2.570000000000001172, 0.1999999999999999833, 0.6200000000000001066 ) ) ;
#3551 = ORIENTED_EDGE ( 'NONE', *, *, #8660, .F. ) ;
#3552 = EDGE_LOOP ( 'NONE', ( #169, #6583, #5388, #7883 ) ) ;
#3553 = ORIENTED_EDGE ( 'NONE', *, *, #5877, .T. ) ;
#3554 = ORIENTED_EDGE ( 'NONE', *, *, #7524, .F. ) ;
#3555 = DIRECTION ( 'NONE',  ( 0.000000000000000000, 0.000000000000000000, 1.000000000000000000 ) ) ;
#3556 = DIRECTION ( 'NONE',  ( 0.000000000000000000, 0.000000000000000000, 1.000000000000000000 ) ) ;
#3557 = CARTESIAN_POINT ( 'NONE',  ( 1.380000000000000115, 0.1999999999999999833, 2.570000000000001616 ) ) ;
#3558 = DIRECTION ( 'NONE',  ( 0.000000000000000000, 1.000000000000000000, -0.000000000000000000 ) ) ;
#3559 = DIRECTION ( 'NONE',  ( 0.000000000000000000, 1.000000000000000000, 0.000000000000000000 ) ) ;
#3560 = DIRECTION ( 'NONE',  ( 0.000000000000000000, -0.000000000000000000, 1.000000000000000000 ) ) ;
#3561 = VERTEX_POINT ( 'NONE', #1543 ) ;
#3562 = ORIENTED_EDGE ( 'NONE', *, *, #6312, .F. ) ;
#3563 = ORIENTED_EDGE ( 'NONE', *, *, #9456, .T. ) ;
#3564 = EDGE_CURVE ( 'NONE', #4856, #1995, #12020, .T. ) ;
#3565 = VECTOR ( 'NONE', #8717, 1000.000000000000000 ) ;
#3566 = CARTESIAN_POINT ( 'NONE',  ( -2.570000000000001172, 0.000000000000000000, -1.379999999999999893 ) ) ;
#3567 = ADVANCED_FACE ( 'NONE', ( #10918 ), #5296, .F. ) ;
#3568 = CARTESIAN_POINT ( 'NONE',  ( 2.570000000000001172, 0.1999999999999999833, -0.8799999999999998934 ) ) ;
#3569 = CARTESIAN_POINT ( 'NONE',  ( 2.570000000000001172, 0.000000000000000000, 0.8799999999999996714 ) ) ;
#3570 = ADVANCED_FACE ( 'NONE', ( #7276 ), #8192, .T. ) ;
#3571 = DIRECTION ( 'NONE',  ( -1.000000000000000000, 0.000000000000000000, 0.000000000000000000 ) ) ;
#3572 = DIRECTION ( 'NONE',  ( 0.000000000000000000, 0.000000000000000000, 1.000000000000000000 ) ) ;
#3573 = DIRECTION ( 'NONE',  ( 0.000000000000000000, 0.000000000000000000, 1.000000000000000000 ) ) ;
#3574 = FACE_OUTER_BOUND ( 'NONE', #7548, .T. ) ;
#3575 = CARTESIAN_POINT ( 'NONE',  ( 0.1200000000000003147, 0.04999999999999999584, -2.570000000000001616 ) ) ;
#3576 = PLANE ( 'NONE',  #1965 ) ;
#3577 = VERTEX_POINT ( 'NONE', #7216 ) ;
#3578 = DIRECTION ( 'NONE',  ( 0.000000000000000000, -1.000000000000000000, 0.000000000000000000 ) ) ;
#3579 = ORIENTED_EDGE ( 'NONE', *, *, #6542, .T. ) ;
#3580 = CARTESIAN_POINT ( 'NONE',  ( -2.300000000000000711, 1.000000000000000000, -2.300000000000000711 ) ) ;
#3581 = AXIS2_PLACEMENT_3D ( 'NONE', #2276, #11882, #9788 ) ;
#3582 = EDGE_CURVE ( 'NONE', #2962, #4051, #797, .T. ) ;
#3583 = DIRECTION ( 'NONE',  ( 0.000000000000000000, 0.000000000000000000, 1.000000000000000000 ) ) ;
#3584 = EDGE_CURVE ( 'NONE', #3009, #10430, #9720, .T. ) ;
#3585 = ADVANCED_FACE ( 'NONE', ( #1601 ), #10049, .T. ) ;
#3586 = LINE ( 'NONE', #8203, #8625 ) ;
#3587 = DIRECTION ( 'NONE',  ( 0.000000000000000000, 0.000000000000000000, 1.000000000000000000 ) ) ;
#3588 = VERTEX_POINT ( 'NONE', #3514 ) ;
#3589 = LINE ( 'NONE', #4521, #9815 ) ;
#3590 = ORIENTED_EDGE ( 'NONE', *, *, #10467, .T. ) ;
#3591 = DIRECTION ( 'NONE',  ( 0.000000000000000000, 0.000000000000000000, 1.000000000000000000 ) ) ;
#3592 = EDGE_CURVE ( 'NONE', #11984, #8035, #1730, .T. ) ;
#3593 = EDGE_LOOP ( 'NONE', ( #8611, #1615, #10561, #7777 ) ) ;
#3594 = CARTESIAN_POINT ( 'NONE',  ( -2.119999999999999662, 0.2000000000000000111, -3.000000000000001776 ) ) ;
#3595 = DIRECTION ( 'NONE',  ( 0.000000000000000000, 0.000000000000000000, -1.000000000000000000 ) ) ;
#3596 = LINE ( 'NONE', #2680, #11574 ) ;
#3597 = EDGE_CURVE ( 'NONE', #4885, #3951, #6474, .T. ) ;
#3598 = CARTESIAN_POINT ( 'NONE',  ( -2.570000000000001172, 0.1999999999999999833, -1.000000000000000000 ) ) ;
#3599 = PLANE ( 'NONE',  #6066 ) ;
#3600 = DIRECTION ( 'NONE',  ( 1.000000000000000000, -0.000000000000000000, -0.000000000000000000 ) ) ;
#3602 = DIRECTION ( 'NONE',  ( 1.000000000000000000, 0.000000000000000000, 0.000000000000000000 ) ) ;
#3601 = APPLICATION_CONTEXT ( 'automotive_design' ) ;
#3603 = AXIS2_PLACEMENT_3D ( 'NONE', #12018, #3571, #7326 ) ;
#3604 = DIRECTION ( 'NONE',  ( 0.000000000000000000, -1.000000000000000000, 0.000000000000000000 ) ) ;
#3605 = LINE ( 'NONE', #7429, #185 ) ;
#3606 = DIRECTION ( 'NONE',  ( 0.000000000000000000, 0.000000000000000000, 1.000000000000000000 ) ) ;
#3607 = VERTEX_POINT ( 'NONE', #10235 ) ;
#3608 = VERTEX_POINT ( 'NONE', #558 ) ;
#3609 = VERTEX_POINT ( 'NONE', #3393 ) ;
#3610 = ORIENTED_EDGE ( 'NONE', *, *, #1634, .T. ) ;
#3611 = CARTESIAN_POINT ( 'NONE',  ( 2.570000000000000284, 0.8000833275471006534, 0.9999999999999995559 ) ) ;
#3612 = VECTOR ( 'NONE', #4026, 1000.000000000000000 ) ;
#3613 = DIRECTION ( 'NONE',  ( -0.000000000000000000, -1.000000000000000000, -0.000000000000000000 ) ) ;
#3614 = DIRECTION ( 'NONE',  ( 0.000000000000000000, 1.000000000000000000, -0.000000000000000000 ) ) ;
#3615 = CARTESIAN_POINT ( 'NONE',  ( -1.879999999999999671, 0.000000000000000000, 3.000000000000001776 ) ) ;
#3616 = CARTESIAN_POINT ( 'NONE',  ( 1.120000000000000107, 0.8000833275471003203, 2.570000000000001616 ) ) ;
#3617 = DIRECTION ( 'NONE',  ( 0.000000000000000000, 0.000000000000000000, -1.000000000000000000 ) ) ;
#3618 = FACE_OUTER_BOUND ( 'NONE', #3932, .T. ) ;
#3619 = LINE ( 'NONE', #1835, #2656 ) ;
#3620 = ORIENTED_EDGE ( 'NONE', *, *, #10520, .F. ) ;
#3621 = ORIENTED_EDGE ( 'NONE', *, *, #2402, .T. ) ;
#3622 = VERTEX_POINT ( 'NONE', #6227 ) ;
#3623 = FACE_OUTER_BOUND ( 'NONE', #9711, .T. ) ;
#3624 = VECTOR ( 'NONE', #1348, 1000.000000000000000 ) ;
#3625 = FACE_OUTER_BOUND ( 'NONE', #9638, .T. ) ;
#3626 = DIRECTION ( 'NONE',  ( 0.000000000000000000, -1.000000000000000000, 0.000000000000000000 ) ) ;
#3627 = FACE_OUTER_BOUND ( 'NONE', #3774, .T. ) ;
#3628 = LINE ( 'NONE', #7394, #2690 ) ;
#3629 = EDGE_CURVE ( 'NONE', #11618, #1397, #4375, .T. ) ;
#3630 = EDGE_CURVE ( 'NONE', #10208, #563, #7515, .T. ) ;
#3631 = DIRECTION ( 'NONE',  ( 0.000000000000000000, 0.000000000000000000, -1.000000000000000000 ) ) ;
#3632 = ORIENTED_EDGE ( 'NONE', *, *, #5173, .F. ) ;
#3633 = DIRECTION ( 'NONE',  ( 0.000000000000000000, 0.000000000000000000, 1.000000000000000000 ) ) ;
#3634 =( GEOMETRIC_REPRESENTATION_CONTEXT ( 3 ) GLOBAL_UNCERTAINTY_ASSIGNED_CONTEXT ( ( #7131 ) ) GLOBAL_UNIT_ASSIGNED_CONTEXT ( ( #764, #6435, #11865 ) ) REPRESENTATION_CONTEXT ( 'NONE', 'WORKASPACE' ) );
#3635 = AXIS2_PLACEMENT_3D ( 'NONE', #11152, #849, #10976 ) ;
#3636 = EDGE_CURVE ( 'NONE', #1088, #7251, #11338, .T. ) ;
#3637 = VECTOR ( 'NONE', #8487, 1000.000000000000000 ) ;
#3638 = PLANE ( 'NONE',  #11211 ) ;
#3639 = VECTOR ( 'NONE', #7966, 1000.000000000000000 ) ;
#3640 = ORIENTED_EDGE ( 'NONE', *, *, #10626, .T. ) ;
#3641 = LINE ( 'NONE', #10112, #527 ) ;
#3642 = ORIENTED_EDGE ( 'NONE', *, *, #2071, .T. ) ;
#3643 = CARTESIAN_POINT ( 'NONE',  ( -2.000000000000000000, 0.1999999999999999833, 2.450000000000001510 ) ) ;
#3644 = MECHANICAL_DESIGN_GEOMETRIC_PRESENTATION_REPRESENTATION (  '', ( #1474 ), #1866 ) ;
#3645 = AXIS2_PLACEMENT_3D ( 'NONE', #11817, #531, #709 ) ;
#3646 = FILL_AREA_STYLE_COLOUR ( '', #7329 ) ;
#3647 = DIRECTION ( 'NONE',  ( -0.000000000000000000, -1.000000000000000000, -0.000000000000000000 ) ) ;
#3648 = LINE ( 'NONE', #11171, #5870 ) ;
#3649 = PLANE ( 'NONE',  #10110 ) ;
#3650 = AXIS2_PLACEMENT_3D ( 'NONE', #2372, #1373, #9873 ) ;
#3651 = VERTEX_POINT ( 'NONE', #2832 ) ;
#3652 = DIRECTION ( 'NONE',  ( -0.000000000000000000, -1.000000000000000000, -0.000000000000000000 ) ) ;
#3653 = VERTEX_POINT ( 'NONE', #8502 ) ;
#3654 = PLANE ( 'NONE',  #9398 ) ;
#3655 = AXIS2_PLACEMENT_3D ( 'NONE', #5641, #4726, #3924 ) ;
#3656 = EDGE_LOOP ( 'NONE', ( #7091, #7855 ) ) ;
#3657 = VECTOR ( 'NONE', #3279, 1000.000000000000000 ) ;
#3658 = FACE_OUTER_BOUND ( 'NONE', #5692, .T. ) ;
#3659 = CARTESIAN_POINT ( 'NONE',  ( 1.000000000000000000, 0.1999999999999999833, -2.570000000000001616 ) ) ;
#3660 = CARTESIAN_POINT ( 'NONE',  ( 2.000000000000000000, 0.2000000000000000111, -2.570000000000001616 ) ) ;
#3661 = CARTESIAN_POINT ( 'NONE',  ( -3.000000000000000888, 0.05000000000000000278, 2.999999999999999112 ) ) ;
#3662 = VECTOR ( 'NONE', #12085, 1000.000000000000000 ) ;
#3663 = PLANE ( 'NONE',  #4682 ) ;
#3664 = DIRECTION ( 'NONE',  ( 0.000000000000000000, 0.000000000000000000, -1.000000000000000000 ) ) ;
#3665 = DIRECTION ( 'NONE',  ( 0.000000000000000000, 1.000000000000000000, 0.000000000000000000 ) ) ;
#3666 = DIRECTION ( 'NONE',  ( -1.008560160451631481E-15, 0.000000000000000000, -1.000000000000000000 ) ) ;
#3667 = ADVANCED_FACE ( 'NONE', ( #3699 ), #168, .T. ) ;
#3668 =( NAMED_UNIT ( * ) PLANE_ANGLE_UNIT ( ) SI_UNIT ( $, .RADIAN. ) );
#3669 = CARTESIAN_POINT ( 'NONE',  ( 2.570000000000001172, 0.8000833275471006534, -0.3799999999999998934 ) ) ;
#3670 = ORIENTED_EDGE ( 'NONE', *, *, #214, .F. ) ;
#3671 = AXIS2_PLACEMENT_3D ( 'NONE', #7099, #11839, #4503 ) ;
#3672 = ORIENTED_EDGE ( 'NONE', *, *, #10902, .F. ) ;
#3673 = EDGE_LOOP ( 'NONE', ( #9897, #5013, #10053, #5943 ) ) ;
#3674 = EDGE_CURVE ( 'NONE', #8433, #8657, #3944, .T. ) ;
#3675 = ORIENTED_EDGE ( 'NONE', *, *, #7022, .T. ) ;
#3676 = PLANE ( 'NONE',  #10433 ) ;
#3677 = ORIENTED_EDGE ( 'NONE', *, *, #2734, .T. ) ;
#3678 = AXIS2_PLACEMENT_3D ( 'NONE', #1723, #2715, #9300 ) ;
#3679 = DIRECTION ( 'NONE',  ( -0.000000000000000000, -1.000000000000000000, 0.000000000000000000 ) ) ;
#3680 = CARTESIAN_POINT ( 'NONE',  ( -0.8799999999999996714, 0.2000000000000000111, -2.570000000000001616 ) ) ;
#3681 = VECTOR ( 'NONE', #6100, 1000.000000000000000 ) ;
#3682 = DIRECTION ( 'NONE',  ( 0.000000000000000000, 0.000000000000000000, -1.000000000000000000 ) ) ;
#3683 = LINE ( 'NONE', #5233, #6266 ) ;
#3684 = DIRECTION ( 'NONE',  ( 0.000000000000000000, -0.000000000000000000, 1.000000000000000000 ) ) ;
#3685 = ORIENTED_EDGE ( 'NONE', *, *, #7220, .T. ) ;
#3686 = EDGE_CURVE ( 'NONE', #7031, #5785, #2776, .T. ) ;
#3687 = ORIENTED_EDGE ( 'NONE', *, *, #5366, .F. ) ;
#3688 = MECHANICAL_DESIGN_GEOMETRIC_PRESENTATION_REPRESENTATION (  '', ( #8205 ), #10186 ) ;
#3689 = AXIS2_PLACEMENT_3D ( 'NONE', #9765, #4954, #10641 ) ;
#3690 = EDGE_LOOP ( 'NONE', ( #11229, #60, #5831, #12138 ) ) ;
#3691 = CARTESIAN_POINT ( 'NONE',  ( 3.000000000000000888, 0.1999999999999999833, -0.6199999999999998845 ) ) ;
#3692 = CARTESIAN_POINT ( 'NONE',  ( -2.300000000000000711, 1.000000000000000000, -2.300000000000000711 ) ) ;
#3693 =( LENGTH_UNIT ( ) NAMED_UNIT ( * ) SI_UNIT ( .MILLI., .METRE. ) );
#3694 = VECTOR ( 'NONE', #3174, 1000.000000000000000 ) ;
#3695 = CARTESIAN_POINT ( 'NONE',  ( 0.1200000000000003147, 0.000000000000000000, 3.000000000000001776 ) ) ;
#3696 = DIRECTION ( 'NONE',  ( 0.000000000000000000, -1.000000000000000000, 0.000000000000000000 ) ) ;
#3697 = VECTOR ( 'NONE', #11178, 1000.000000000000000 ) ;
#3698 = AXIS2_PLACEMENT_3D ( 'NONE', #2798, #6690, #11425 ) ;
#3699 = FACE_OUTER_BOUND ( 'NONE', #2065, .T. ) ;
#3700 = EDGE_CURVE ( 'NONE', #11875, #3653, #12213, .T. ) ;
#3701 = ORIENTED_EDGE ( 'NONE', *, *, #6524, .F. ) ;
#3702 = SURFACE_STYLE_USAGE ( .BOTH. , #2595 ) ;
#3703 = ORIENTED_EDGE ( 'NONE', *, *, #8865, .T. ) ;
#3704 = DIRECTION ( 'NONE',  ( 1.008560160451631481E-15, -0.000000000000000000, 1.000000000000000000 ) ) ;
#3705 = VECTOR ( 'NONE', #4994, 1000.000000000000000 ) ;
#3706 = ADVANCED_FACE ( 'NONE', ( #6721 ), #6777, .F. ) ;
#3707 = VERTEX_POINT ( 'NONE', #923 ) ;
#3708 = DIRECTION ( 'NONE',  ( -0.000000000000000000, -0.000000000000000000, 1.000000000000000000 ) ) ;
#3709 = ORIENTED_EDGE ( 'NONE', *, *, #10755, .F. ) ;
#3710 = ADVANCED_FACE ( 'NONE', ( #1913 ), #6532, .F. ) ;
#3711 = EDGE_CURVE ( 'NONE', #4664, #5456, #8442, .T. ) ;
#3712 = DIRECTION ( 'NONE',  ( -0.000000000000000000, -1.000000000000000000, 0.000000000000000000 ) ) ;
#3713 = CARTESIAN_POINT ( 'NONE',  ( -0.6199999999999998845, 0.04999999999999999584, 2.570000000000001616 ) ) ;
#3714 = DIRECTION ( 'NONE',  ( 0.000000000000000000, 1.000000000000000000, 0.000000000000000000 ) ) ;
#3715 = LINE ( 'NONE', #10374, #11689 ) ;
#3716 = VECTOR ( 'NONE', #10404, 1000.000000000000000 ) ;
#3717 = EDGE_LOOP ( 'NONE', ( #2378, #4292, #9778, #2986 ) ) ;
#3718 = CARTESIAN_POINT ( 'NONE',  ( 3.000000000000000888, 0.000000000000000000, 1.620000000000000329 ) ) ;
#3719 = ORIENTED_EDGE ( 'NONE', *, *, #8660, .T. ) ;
#3720 = CARTESIAN_POINT ( 'NONE',  ( 3.000000000000000888, 0.1999999999999999833, 1.380000000000000115 ) ) ;
#3721 = CIRCLE ( 'NONE', #4701, 0.1199999999999998845 ) ;
#3722 = ORIENTED_EDGE ( 'NONE', *, *, #9130, .T. ) ;
#3723 = CLOSED_SHELL ( 'NONE', ( #10570, #9410, #8748, #11464, #627, #8266, #347 ) ) ;
#3724 = ADVANCED_FACE ( 'NONE', ( #1980 ), #10290, .F. ) ;
#3725 = DIRECTION ( 'NONE',  ( -1.000000000000000000, 0.000000000000000000, 5.042800802258162337E-16 ) ) ;
#3726 = CARTESIAN_POINT ( 'NONE',  ( -0.6199999999999994404, 0.04999999999999969746, 3.000000000000001776 ) ) ;
#3727 = LINE ( 'NONE', #2979, #8963 ) ;
#3728 = PLANE ( 'NONE',  #11776 ) ;
#3729 = CARTESIAN_POINT ( 'NONE',  ( -3.000000000000000888, 0.05000000000000000278, 2.999999999999999112 ) ) ;
#3730 = LINE ( 'NONE', #2348, #9193 ) ;
#3731 = CARTESIAN_POINT ( 'NONE',  ( 0.6200000000000003286, 0.000000000000000000, -3.000000000000001776 ) ) ;
#3732 =( LENGTH_UNIT ( ) NAMED_UNIT ( * ) SI_UNIT ( .MILLI., .METRE. ) );
#3733 = LINE ( 'NONE', #5565, #1673 ) ;
#3734 = VERTEX_POINT ( 'NONE', #4863 ) ;
#3735 = VECTOR ( 'NONE', #7520, 1000.000000000000000 ) ;
#3736 = ORIENTED_EDGE ( 'NONE', *, *, #11168, .T. ) ;
#3737 = ORIENTED_EDGE ( 'NONE', *, *, #9130, .F. ) ;
#3738 = EDGE_LOOP ( 'NONE', ( #8668, #10485, #189, #6814 ) ) ;
#3739 = CYLINDRICAL_SURFACE ( 'NONE', #1370, 0.1199999999999998845 ) ;
#3740 = ORIENTED_EDGE ( 'NONE', *, *, #12070, .T. ) ;
#3741 = DIRECTION ( 'NONE',  ( -1.000000000000000000, 0.000000000000000000, 0.000000000000000000 ) ) ;
#3742 = DIRECTION ( 'NONE',  ( 0.000000000000000000, 0.000000000000000000, -1.000000000000000000 ) ) ;
#3743 = LINE ( 'NONE', #7375, #11965 ) ;
#3744 = CARTESIAN_POINT ( 'NONE',  ( 3.000000000000000888, 0.8000833275471006534, -1.119999999999999885 ) ) ;
#3745 =( LENGTH_UNIT ( ) NAMED_UNIT ( * ) SI_UNIT ( .MILLI., .METRE. ) );
#3746 = EDGE_CURVE ( 'NONE', #10068, #11197, #5720, .T. ) ;
#3747 = EDGE_CURVE ( 'NONE', #8695, #5158, #3815, .T. ) ;
#3748 = DIRECTION ( 'NONE',  ( -1.000000000000000000, 0.000000000000000000, -2.115516434118057709E-16 ) ) ;
#3749 = DIRECTION ( 'NONE',  ( 0.000000000000000000, 0.000000000000000000, 1.000000000000000000 ) ) ;
#3750 = EDGE_LOOP ( 'NONE', ( #9222, #5750, #7521, #477 ) ) ;
#3751 = EDGE_LOOP ( 'NONE', ( #4147, #8384, #6564, #9854 ) ) ;
#3752 = ORIENTED_EDGE ( 'NONE', *, *, #3636, .T. ) ;
#3753 = EDGE_CURVE ( 'NONE', #8959, #6714, #6782, .T. ) ;
#3754 = PLANE ( 'NONE',  #12096 ) ;
#3755 = CARTESIAN_POINT ( 'NONE',  ( -0.3799999999999996714, 0.8000833275471003203, 3.000000000000001776 ) ) ;
#3756 = ADVANCED_FACE ( 'NONE', ( #105 ), #3882, .T. ) ;
#3757 = CARTESIAN_POINT ( 'NONE',  ( 1.120000000000000329, 0.2000000000000000111, 3.000000000000001776 ) ) ;
#3758 = DIRECTION ( 'NONE',  ( 0.000000000000000000, -1.000000000000000000, 0.000000000000000000 ) ) ;
#3759 = CARTESIAN_POINT ( 'NONE',  ( 0.8800000000000001155, 0.2000000000000000111, 2.570000000000001616 ) ) ;
#3760 = EDGE_CURVE ( 'NONE', #6950, #5371, #10483, .T. ) ;
#3761 = ADVANCED_FACE ( 'NONE', ( #2033 ), #8377, .T. ) ;
#3762 = DIRECTION ( 'NONE',  ( 0.000000000000000000, -1.000000000000000000, 0.000000000000000000 ) ) ;
#3763 = EDGE_LOOP ( 'NONE', ( #11236, #11035, #11706, #10574, #8915 ) ) ;
#3764 = DIRECTION ( 'NONE',  ( -0.000000000000000000, -1.000000000000000000, -0.000000000000000000 ) ) ;
#3765 = ORIENTED_EDGE ( 'NONE', *, *, #3531, .F. ) ;
#3766 = ORIENTED_EDGE ( 'NONE', *, *, #4097, .T. ) ;
#3767 = DIRECTION ( 'NONE',  ( 0.000000000000000000, -1.000000000000000000, 0.000000000000000000 ) ) ;
#3768 = ORIENTED_EDGE ( 'NONE', *, *, #8699, .T. ) ;
#3769 = DIRECTION ( 'NONE',  ( 0.000000000000000000, 0.000000000000000000, 1.000000000000000000 ) ) ;
#3770 = DIRECTION ( 'NONE',  ( -0.000000000000000000, -0.000000000000000000, 1.000000000000000000 ) ) ;
#3771 = CARTESIAN_POINT ( 'NONE',  ( 2.570000000000001172, 0.8000833275471006534, 1.379999999999999671 ) ) ;
#3772 = DIRECTION ( 'NONE',  ( 0.000000000000000000, 0.000000000000000000, 1.000000000000000000 ) ) ;
#3773 = CARTESIAN_POINT ( 'NONE',  ( 0.1200000000000003147, 0.1999999999999999833, 3.000000000000001776 ) ) ;
#3774 = EDGE_LOOP ( 'NONE', ( #2525, #4405, #518, #2290 ) ) ;
#3775 = DIRECTION ( 'NONE',  ( 0.000000000000000000, -1.000000000000000000, 0.000000000000000000 ) ) ;
#3776 = ORIENTED_EDGE ( 'NONE', *, *, #734, .T. ) ;
#3777 = ORIENTED_EDGE ( 'NONE', *, *, #9978, .F. ) ;
#3778 = VECTOR ( 'NONE', #10844, 1000.000000000000000 ) ;
#3779 = CARTESIAN_POINT ( 'NONE',  ( 1.880000000000000115, 0.2000000000000000111, 2.570000000000001616 ) ) ;
#3780 = DIRECTION ( 'NONE',  ( 0.000000000000000000, -1.000000000000000000, 0.000000000000000000 ) ) ;
#3781 = CYLINDRICAL_SURFACE ( 'NONE', #1872, 0.1199999999999998845 ) ;
#3782 = CARTESIAN_POINT ( 'NONE',  ( 0.6200000000000001066, 0.2000000000000000111, 2.570000000000001616 ) ) ;
#3783 = DIRECTION ( 'NONE',  ( 0.000000000000000000, 0.000000000000000000, 1.000000000000000000 ) ) ;
#3784 = CARTESIAN_POINT ( 'NONE',  ( -3.000000000000000888, 0.1999999999999999833, -0.1199999999999998845 ) ) ;
#3785 = PLANE ( 'NONE',  #968 ) ;
#3786 = AXIS2_PLACEMENT_3D ( 'NONE', #10384, #6740, #7540 ) ;
#3787 = EDGE_LOOP ( 'NONE', ( #7363, #3083, #11833, #8002 ) ) ;
#3788 = EDGE_CURVE ( 'NONE', #1904, #3651, #5109, .T. ) ;
#3789 = EDGE_LOOP ( 'NONE', ( #9809, #106, #10161, #7452 ) ) ;
#3790 = ORIENTED_EDGE ( 'NONE', *, *, #5987, .T. ) ;
#3791 = ADVANCED_FACE ( 'NONE', ( #9664 ), #6905, .T. ) ;
#3792 = VERTEX_POINT ( 'NONE', #2349 ) ;
#3793 = LINE ( 'NONE', #2697, #7043 ) ;
#3794 = EDGE_LOOP ( 'NONE', ( #7806, #11116, #3327, #6059 ) ) ;
#3795 = CARTESIAN_POINT ( 'NONE',  ( -2.000000000000000000, 0.04999999999999999584, 2.570000000000001616 ) ) ;
#3796 = VECTOR ( 'NONE', #10047, 1000.000000000000000 ) ;
#3797 = DIRECTION ( 'NONE',  ( 0.000000000000000000, 1.000000000000000000, 0.000000000000000000 ) ) ;
#3798 = CARTESIAN_POINT ( 'NONE',  ( 1.500000000000000000, 0.2000000000000000111, 2.450000000000001510 ) ) ;
#3799 = CARTESIAN_POINT ( 'NONE',  ( 2.570000000000000284, 0.05000000000000002359, -1.000000000000000444 ) ) ;
#3800 = FACE_OUTER_BOUND ( 'NONE', #8260, .T. ) ;
#3801 = CARTESIAN_POINT ( 'NONE',  ( -3.000000000000000888, 0.04999999999999969746, -0.6199999999999998845 ) ) ;
#3802 = ORIENTED_EDGE ( 'NONE', *, *, #11500, .F. ) ;
#3803 = ORIENTED_EDGE ( 'NONE', *, *, #2554, .T. ) ;
#3804 = ORIENTED_EDGE ( 'NONE', *, *, #6796, .T. ) ;
#3805 = VECTOR ( 'NONE', #7607, 1000.000000000000000 ) ;
#3806 = VERTEX_POINT ( 'NONE', #11700 ) ;
#3807 = ADVANCED_FACE ( 'NONE', ( #3999 ), #1216, .F. ) ;
#3808 = CARTESIAN_POINT ( 'NONE',  ( 0.000000000000000000, 0.000000000000000000, -2.570000000000001616 ) ) ;
#3809 = FACE_OUTER_BOUND ( 'NONE', #7603, .T. ) ;
#3810 = EDGE_CURVE ( 'NONE', #8415, #620, #9723, .T. ) ;
#3811 = EDGE_CURVE ( 'NONE', #8724, #896, #5155, .T. ) ;
#3812 = AXIS2_PLACEMENT_3D ( 'NONE', #2233, #5169, #5121 ) ;
#3813 = DIRECTION ( 'NONE',  ( 0.000000000000000000, 0.000000000000000000, -1.000000000000000000 ) ) ;
#3814 = DIRECTION ( 'NONE',  ( 0.000000000000000000, 0.000000000000000000, 1.000000000000000000 ) ) ;
#3815 = LINE ( 'NONE', #6661, #2850 ) ;
#3816 = ORIENTED_EDGE ( 'NONE', *, *, #5865, .F. ) ;
#3817 = DIRECTION ( 'NONE',  ( -0.000000000000000000, -1.000000000000000000, -0.000000000000000000 ) ) ;
#3818 = ADVANCED_FACE ( 'NONE', ( #11514 ), #7030, .F. ) ;
#3819 = EDGE_LOOP ( 'NONE', ( #7319, #6881, #10655, #3024 ) ) ;
#3820 = DIRECTION ( 'NONE',  ( -0.000000000000000000, 0.000000000000000000, 1.000000000000000000 ) ) ;
#3821 = VECTOR ( 'NONE', #10365, 1000.000000000000000 ) ;
#3822 = VECTOR ( 'NONE', #7395, 1000.000000000000000 ) ;
#3823 = ADVANCED_FACE ( 'NONE', ( #222 ), #6036, .F. ) ;
#3824 = ORIENTED_EDGE ( 'NONE', *, *, #8191, .F. ) ;
#3825 = DIRECTION ( 'NONE',  ( 0.000000000000000000, 0.000000000000000000, 1.000000000000000000 ) ) ;
#3826 = ORIENTED_EDGE ( 'NONE', *, *, #2004, .F. ) ;
#3827 = DIRECTION ( 'NONE',  ( 0.000000000000000000, -0.000000000000000000, 1.000000000000000000 ) ) ;
#3828 = CARTESIAN_POINT ( 'NONE',  ( -3.000000000000000888, 0.04999999999999969746, -1.879999999999999671 ) ) ;
#3829 = CARTESIAN_POINT ( 'NONE',  ( -1.879999999999999671, 0.1999999999999999833, -2.570000000000001616 ) ) ;
#3830 = STYLED_ITEM ( 'NONE', ( #9325 ), #1684 ) ;
#3831 = VECTOR ( 'NONE', #3613, 1000.000000000000000 ) ;
#3832 = LINE ( 'NONE', #2045, #8228 ) ;
#3833 = DIRECTION ( 'NONE',  ( 0.000000000000000000, 0.000000000000000000, 1.000000000000000000 ) ) ;
#3834 = CIRCLE ( 'NONE', #10128, 0.1199999999999998845 ) ;
#3835 = EDGE_LOOP ( 'NONE', ( #8132, #4274, #4116, #1382 ) ) ;
#3836 = CARTESIAN_POINT ( 'NONE',  ( -3.000000000000000888, 0.000000000000000000, 1.120000000000000329 ) ) ;
#3837 = ORIENTED_EDGE ( 'NONE', *, *, #7433, .T. ) ;
#3838 = ORIENTED_EDGE ( 'NONE', *, *, #5034, .T. ) ;
#3839 = AXIS2_PLACEMENT_3D ( 'NONE', #7839, #1300, #495 ) ;
#3840 = DIRECTION ( 'NONE',  ( 0.000000000000000000, 0.000000000000000000, -1.000000000000000000 ) ) ;
#3841 = FACE_OUTER_BOUND ( 'NONE', #3539, .T. ) ;
#3842 = AXIS2_PLACEMENT_3D ( 'NONE', #10703, #9830, #5024 ) ;
#3843 = PLANE ( 'NONE',  #6008 ) ;
#3844 = DIRECTION ( 'NONE',  ( 0.000000000000000000, 1.000000000000000000, 0.000000000000000000 ) ) ;
#3845 = DIRECTION ( 'NONE',  ( -1.000000000000000000, 0.000000000000000000, 0.000000000000000000 ) ) ;
#3846 = CYLINDRICAL_SURFACE ( 'NONE', #3475, 0.2500000000000002220 ) ;
#3847 = DIRECTION ( 'NONE',  ( 0.000000000000000000, 0.000000000000000000, -1.000000000000000000 ) ) ;
#3848 = AXIS2_PLACEMENT_3D ( 'NONE', #3090, #2109, #9614 ) ;
#3849 = ORIENTED_EDGE ( 'NONE', *, *, #9497, .F. ) ;
#3850 = ORIENTED_EDGE ( 'NONE', *, *, #7631, .T. ) ;
#3851 = ORIENTED_EDGE ( 'NONE', *, *, #1384, .F. ) ;
#3852 = VECTOR ( 'NONE', #6770, 1000.000000000000000 ) ;
#3853 = AXIS2_PLACEMENT_3D ( 'NONE', #8456, #7407, #7590 ) ;
#3854 = ORIENTED_EDGE ( 'NONE', *, *, #6153, .T. ) ;
#3855 = DIRECTION ( 'NONE',  ( -0.000000000000000000, -1.000000000000000000, -0.000000000000000000 ) ) ;
#3856 = VERTEX_POINT ( 'NONE', #4128 ) ;
#3857 = EDGE_CURVE ( 'NONE', #11984, #10499, #358, .T. ) ;
#3858 = EDGE_CURVE ( 'NONE', #4551, #4704, #5845, .T. ) ;
#3859 = CARTESIAN_POINT ( 'NONE',  ( -2.000000000000000000, 0.2000000000000000111, -2.570000000000001616 ) ) ;
#3860 = VECTOR ( 'NONE', #11167, 1000.000000000000000 ) ;
#3861 = CARTESIAN_POINT ( 'NONE',  ( 1.620000000000000107, 0.8000833275471003203, 2.570000000000001616 ) ) ;
#3862 = CARTESIAN_POINT ( 'NONE',  ( 1.120000000000000329, 0.1999999999999999833, 3.000000000000001776 ) ) ;
#3863 = DIRECTION ( 'NONE',  ( 0.000000000000000000, -1.000000000000000000, 0.000000000000000000 ) ) ;
#3864 = FILL_AREA_STYLE ('',( #2078 ) ) ;
#3865 = EDGE_CURVE ( 'NONE', #7095, #2586, #3265, .T. ) ;
#3866 = VECTOR ( 'NONE', #3498, 1000.000000000000000 ) ;
#3867 = AXIS2_PLACEMENT_3D ( 'NONE', #2750, #3665, #4587 ) ;
#3868 = DIRECTION ( 'NONE',  ( -0.000000000000000000, -1.000000000000000000, -0.000000000000000000 ) ) ;
#3869 = CARTESIAN_POINT ( 'NONE',  ( -2.570000000000001172, 0.1999999999999999833, 0.000000000000000000 ) ) ;
#3870 = VERTEX_POINT ( 'NONE', #2100 ) ;
#3871 = ORIENTED_EDGE ( 'NONE', *, *, #5359, .F. ) ;
#3872 = VERTEX_POINT ( 'NONE', #4065 ) ;
#3873 = VERTEX_POINT ( 'NONE', #9792 ) ;
#3874 = AXIS2_PLACEMENT_3D ( 'NONE', #1688, #9028, #3595 ) ;
#3875 = VECTOR ( 'NONE', #6559, 1000.000000000000000 ) ;
#3876 = LINE ( 'NONE', #2155, #11308 ) ;
#3877 = DIRECTION ( 'NONE',  ( 0.000000000000000000, 1.000000000000000000, 0.000000000000000000 ) ) ;
#3878 = DIRECTION ( 'NONE',  ( 0.000000000000000000, 0.000000000000000000, 1.000000000000000000 ) ) ;
#3879 = LINE ( 'NONE', #4061, #6835 ) ;
#3880 = FACE_OUTER_BOUND ( 'NONE', #5037, .T. ) ;
#3881 = CARTESIAN_POINT ( 'NONE',  ( 0.3800000000000005596, 0.1999999999999999833, 3.000000000000001776 ) ) ;
#3882 = PLANE ( 'NONE',  #8138 ) ;
#3883 = PRESENTATION_LAYER_ASSIGNMENT (  '', '', ( #9981 ) ) ;
#3884 = ORIENTED_EDGE ( 'NONE', *, *, #8847, .T. ) ;
#3885 = EDGE_LOOP ( 'NONE', ( #9458, #8707, #9266, #3022 ) ) ;
#3886 = CYLINDRICAL_SURFACE ( 'NONE', #6095, 0.1199999999999998845 ) ;
#3887 = ORIENTED_EDGE ( 'NONE', *, *, #3857, .F. ) ;
#3888 = DIRECTION ( 'NONE',  ( 0.000000000000000000, 0.000000000000000000, 1.000000000000000000 ) ) ;
#3889 = COLOUR_RGB ( '',0.7921568627450980005, 0.8196078431372548767, 0.9333333333333333481 ) ;
#3890 = EDGE_LOOP ( 'NONE', ( #6907, #11760, #1224, #862 ) ) ;
#3891 = FACE_OUTER_BOUND ( 'NONE', #1563, .T. ) ;
#3892 = EDGE_CURVE ( 'NONE', #11804, #5425, #8922, .T. ) ;
#3893 = CARTESIAN_POINT ( 'NONE',  ( -0.6199999999999994404, 0.000000000000000000, -3.000000000000001776 ) ) ;
#3894 = CARTESIAN_POINT ( 'NONE',  ( 2.570000000000001172, 0.8000833275471006534, 2.120000000000000551 ) ) ;
#3895 = DIRECTION ( 'NONE',  ( 0.000000000000000000, 0.000000000000000000, -1.000000000000000000 ) ) ;
#3896 = CARTESIAN_POINT ( 'NONE',  ( -3.000000000000000888, 0.1999999999999999833, 0.8800000000000001155 ) ) ;
#3897 = ADVANCED_FACE ( 'NONE', ( #3145 ), #475, .T. ) ;
#3898 = ADVANCED_FACE ( 'NONE', ( #6102 ), #11768, .T. ) ;
#3899 = CARTESIAN_POINT ( 'NONE',  ( 0.8800000000000005596, 0.8000833275471003203, -3.000000000000001776 ) ) ;
#3900 = VERTEX_POINT ( 'NONE', #4925 ) ;
#3901 = ORIENTED_EDGE ( 'NONE', *, *, #9189, .F. ) ;
#3902 = EDGE_CURVE ( 'NONE', #573, #5515, #11641, .T. ) ;
#3903 = LINE ( 'NONE', #6739, #9747 ) ;
#3904 = EDGE_CURVE ( 'NONE', #1267, #1500, #4978, .T. ) ;
#3905 = CIRCLE ( 'NONE', #2138, 0.1199999999999998845 ) ;
#3906 = SURFACE_STYLE_FILL_AREA ( #10442 ) ;
#3907 = LINE ( 'NONE', #4764, #8566 ) ;
#3908 = EDGE_CURVE ( 'NONE', #5707, #5926, #8238, .T. ) ;
#3909 = CARTESIAN_POINT ( 'NONE',  ( -2.300000000000000711, 1.000000000000000000, -2.300000000000000711 ) ) ;
#3910 = LINE ( 'NONE', #1876, #6766 ) ;
#3911 = EDGE_CURVE ( 'NONE', #1102, #7170, #12011, .T. ) ;
#3912 = CARTESIAN_POINT ( 'NONE',  ( -2.300000000000000711, 0.9000000000000000222, -2.300000000000000711 ) ) ;
#3913 = CARTESIAN_POINT ( 'NONE',  ( 3.000000000000000888, 0.1999999999999999833, -0.8799999999999996714 ) ) ;
#3914 = EDGE_CURVE ( 'NONE', #1397, #11524, #10036, .T. ) ;
#3915 = VERTEX_POINT ( 'NONE', #4364 ) ;
#3916 = ORIENTED_EDGE ( 'NONE', *, *, #853, .F. ) ;
#3917 = ORIENTED_EDGE ( 'NONE', *, *, #203, .F. ) ;
#3918 = AXIS2_PLACEMENT_3D ( 'NONE', #7804, #266, #4045 ) ;
#3919 = CLOSED_SHELL ( 'NONE', ( #11212, #9914, #6850, #4700, #2208, #5616 ) ) ;
#3920 = VERTEX_POINT ( 'NONE', #2523 ) ;
#3921 = DIRECTION ( 'NONE',  ( -1.008560160451631481E-15, 0.000000000000000000, 1.000000000000000000 ) ) ;
#3922 = VERTEX_POINT ( 'NONE', #10096 ) ;
#3923 = EDGE_CURVE ( 'NONE', #956, #8530, #4490, .T. ) ;
#3924 = DIRECTION ( 'NONE',  ( 0.000000000000000000, 0.000000000000000000, -1.000000000000000000 ) ) ;
#3925 = CARTESIAN_POINT ( 'NONE',  ( -2.570000000000001172, 0.8000833275471006534, 0.1200000000000000927 ) ) ;
#3926 = DIRECTION ( 'NONE',  ( -1.000000000000000000, 0.000000000000000000, 5.042800802258162337E-16 ) ) ;
#3927 = VECTOR ( 'NONE', #3092, 1000.000000000000000 ) ;
#3928 = AXIS2_PLACEMENT_3D ( 'NONE', #11904, #4262, #4145 ) ;
#3929 = LINE ( 'NONE', #7683, #1953 ) ;
#3930 = DIRECTION ( 'NONE',  ( 1.000000000000000000, -0.000000000000000000, 0.000000000000000000 ) ) ;
#3931 = ORIENTED_EDGE ( 'NONE', *, *, #7884, .F. ) ;
#3932 = EDGE_LOOP ( 'NONE', ( #9050, #8414, #6613, #6327 ) ) ;
#3933 = VERTEX_POINT ( 'NONE', #3438 ) ;
#3934 = UNCERTAINTY_MEASURE_WITH_UNIT (LENGTH_MEASURE( 1.000000000000000082E-05 ), #9769, 'distance_accuracy_value', 'NONE');
#3935 = ORIENTED_EDGE ( 'NONE', *, *, #7809, .F. ) ;
#3936 = VECTOR ( 'NONE', #3494, 1000.000000000000000 ) ;
#3937 = PLANE ( 'NONE',  #10126 ) ;
#3938 = FACE_OUTER_BOUND ( 'NONE', #5208, .T. ) ;
#3939 = LINE ( 'NONE', #2158, #10356 ) ;
#3940 = PRESENTATION_STYLE_ASSIGNMENT (( #981 ) ) ;
#3941 = VECTOR ( 'NONE', #7015, 1000.000000000000000 ) ;
#3942 = DIRECTION ( 'NONE',  ( -0.000000000000000000, -1.000000000000000000, -0.000000000000000000 ) ) ;
#3943 = LINE ( 'NONE', #9791, #8984 ) ;
#3944 = LINE ( 'NONE', #4619, #2056 ) ;
#3945 = ORIENTED_EDGE ( 'NONE', *, *, #7699, .T. ) ;
#3946 = ORIENTED_EDGE ( 'NONE', *, *, #10295, .F. ) ;
#3947 = DIRECTION ( 'NONE',  ( -1.000000000000000000, 0.000000000000000000, 5.042800802258162337E-16 ) ) ;
#3948 = EDGE_CURVE ( 'NONE', #7794, #1318, #2403, .T. ) ;
#3949 = EDGE_LOOP ( 'NONE', ( #1029, #4479, #4661, #3207 ) ) ;
#3950 = DIRECTION ( 'NONE',  ( 0.000000000000000000, 0.000000000000000000, -1.000000000000000000 ) ) ;
#3951 = VERTEX_POINT ( 'NONE', #7090 ) ;
#3952 = EDGE_CURVE ( 'NONE', #482, #10468, #8986, .T. ) ;
#3953 = LINE ( 'NONE', #10431, #6093 ) ;
#3954 = FACE_OUTER_BOUND ( 'NONE', #8147, .T. ) ;
#3955 = DIRECTION ( 'NONE',  ( 0.000000000000000000, 1.000000000000000000, -0.000000000000000000 ) ) ;
#3956 = CARTESIAN_POINT ( 'NONE',  ( -0.3799999999999998934, 0.1999999999999999833, 2.570000000000001616 ) ) ;
#3957 = CARTESIAN_POINT ( 'NONE',  ( -2.000000000000000000, 0.2000000000000000111, -2.570000000000001616 ) ) ;
#3958 = CARTESIAN_POINT ( 'NONE',  ( -1.000000000000000000, 0.000000000000000000, -2.570000000000001616 ) ) ;
#3959 = DIRECTION ( 'NONE',  ( 0.000000000000000000, 0.000000000000000000, 1.000000000000000000 ) ) ;
#3960 = ORIENTED_EDGE ( 'NONE', *, *, #1718, .F. ) ;
#3961 = AXIS2_PLACEMENT_3D ( 'NONE', #11811, #2259, #2440 ) ;
#3962 = ORIENTED_EDGE ( 'NONE', *, *, #3164, .F. ) ;
#3963 = EDGE_CURVE ( 'NONE', #12002, #8025, #7266, .T. ) ;
#3964 = ADVANCED_FACE ( 'NONE', ( #6395 ), #8175, .T. ) ;
#3965 = FACE_OUTER_BOUND ( 'NONE', #3123, .T. ) ;
#3966 = EDGE_CURVE ( 'NONE', #10162, #749, #6278, .T. ) ;
#3967 = FACE_OUTER_BOUND ( 'NONE', #11724, .T. ) ;
#3968 = DIRECTION ( 'NONE',  ( 0.000000000000000000, -0.000000000000000000, -1.000000000000000000 ) ) ;
#3969 = DIRECTION ( 'NONE',  ( -0.000000000000000000, -1.000000000000000000, 0.000000000000000000 ) ) ;
#3970 = EDGE_CURVE ( 'NONE', #8669, #8568, #6213, .T. ) ;
#3971 = LINE ( 'NONE', #6694, #10370 ) ;
#3972 = DIRECTION ( 'NONE',  ( 1.000000000000000000, 0.000000000000000000, 1.008560160451631481E-15 ) ) ;
#3973 = ORIENTED_EDGE ( 'NONE', *, *, #4507, .F. ) ;
#3974 = EDGE_CURVE ( 'NONE', #5738, #155, #7201, .T. ) ;
#3975 = VERTEX_POINT ( 'NONE', #7141 ) ;
#3976 = ORIENTED_EDGE ( 'NONE', *, *, #7174, .F. ) ;
#3977 = ORIENTED_EDGE ( 'NONE', *, *, #3480, .T. ) ;
#3978 = LINE ( 'NONE', #4034, #3297 ) ;
#3979 = ORIENTED_EDGE ( 'NONE', *, *, #10448, .F. ) ;
#3980 = ADVANCED_FACE ( 'NONE', ( #10157 ), #12064, .F. ) ;
#3981 = SURFACE_STYLE_FILL_AREA ( #4725 ) ;
#3982 = DIRECTION ( 'NONE',  ( -0.000000000000000000, -1.000000000000000000, -0.000000000000000000 ) ) ;
#3983 = LINE ( 'NONE', #4844, #8809 ) ;
#3984 = DIRECTION ( 'NONE',  ( -0.000000000000000000, -1.000000000000000000, -0.000000000000000000 ) ) ;
#3985 = CARTESIAN_POINT ( 'NONE',  ( 1.120000000000000329, 0.000000000000000000, 3.000000000000001776 ) ) ;
#3986 = VECTOR ( 'NONE', #350, 1000.000000000000000 ) ;
#3987 = DIRECTION ( 'NONE',  ( 1.000000000000000000, 0.000000000000000000, 1.008560160451631481E-15 ) ) ;
#3988 = DIRECTION ( 'NONE',  ( 0.000000000000000000, 0.000000000000000000, 1.000000000000000000 ) ) ;
#3989 = ORIENTED_EDGE ( 'NONE', *, *, #9456, .F. ) ;
#3990 = EDGE_LOOP ( 'NONE', ( #11023, #844, #10450, #2738 ) ) ;
#3991 = ORIENTED_EDGE ( 'NONE', *, *, #2786, .F. ) ;
#3992 = VERTEX_POINT ( 'NONE', #1591 ) ;
#3993 = VECTOR ( 'NONE', #5005, 1000.000000000000000 ) ;
#3994 = DIRECTION ( 'NONE',  ( -5.042800802258162337E-16, 0.000000000000000000, -1.000000000000000000 ) ) ;
#3995 = DIRECTION ( 'NONE',  ( 0.000000000000000000, 0.000000000000000000, -1.000000000000000000 ) ) ;
#3996 = FACE_OUTER_BOUND ( 'NONE', #2024, .T. ) ;
#3997 = CARTESIAN_POINT ( 'NONE',  ( 2.570000000000001172, 0.1999999999999999833, -1.120000000000000329 ) ) ;
#3998 = LINE ( 'NONE', #8620, #6816 ) ;
#3999 = FACE_OUTER_BOUND ( 'NONE', #6445, .T. ) ;
#4000 = VECTOR ( 'NONE', #3451, 1000.000000000000000 ) ;
#4001 = ORIENTED_EDGE ( 'NONE', *, *, #9900, .F. ) ;
#4002 = ORIENTED_EDGE ( 'NONE', *, *, #11422, .F. ) ;
#4003 = CARTESIAN_POINT ( 'NONE',  ( 1.380000000000000560, 0.04999999999999969746, -3.000000000000001776 ) ) ;
#4004 = ORIENTED_EDGE ( 'NONE', *, *, #3200, .T. ) ;
#4005 = CARTESIAN_POINT ( 'NONE',  ( 0.000000000000000000, 0.04999999999999999584, 2.450000000000001510 ) ) ;
#4006 = ORIENTED_EDGE ( 'NONE', *, *, #10307, .T. ) ;
#4007 = VECTOR ( 'NONE', #11993, 1000.000000000000000 ) ;
#4008 = CARTESIAN_POINT ( 'NONE',  ( -3.000000000000000888, 0.8000833275471006534, 1.120000000000000329 ) ) ;
#4009 = EDGE_CURVE ( 'NONE', #10563, #6189, #5218, .T. ) ;
#4010 = EDGE_CURVE ( 'NONE', #7978, #1102, #5466, .T. ) ;
#4011 = DIRECTION ( 'NONE',  ( 1.000000000000000000, 0.000000000000000000, 0.000000000000000000 ) ) ;
#4012 = DIRECTION ( 'NONE',  ( -1.000000000000000000, 0.000000000000000000, 0.000000000000000000 ) ) ;
#4013 = DIRECTION ( 'NONE',  ( -0.000000000000000000, -1.000000000000000000, -0.000000000000000000 ) ) ;
#4014 = CARTESIAN_POINT ( 'NONE',  ( -2.000000000000000000, 0.2000000000000000111, -2.570000000000001616 ) ) ;
#4015 = DIRECTION ( 'NONE',  ( -0.000000000000000000, -1.000000000000000000, 0.000000000000000000 ) ) ;
#4016 = EDGE_CURVE ( 'NONE', #7178, #11819, #11032, .T. ) ;
#4017 = DIRECTION ( 'NONE',  ( 5.042800802258162337E-16, 0.000000000000000000, -1.000000000000000000 ) ) ;
#4018 = VECTOR ( 'NONE', #11233, 1000.000000000000000 ) ;
#4019 = PLANE ( 'NONE',  #5680 ) ;
#4020 = ORIENTED_EDGE ( 'NONE', *, *, #8112, .T. ) ;
#4021 = EDGE_LOOP ( 'NONE', ( #576, #7297, #8609, #1651 ) ) ;
#4022 = DIRECTION ( 'NONE',  ( 0.000000000000000000, 0.000000000000000000, -1.000000000000000000 ) ) ;
#4023 = VECTOR ( 'NONE', #1791, 1000.000000000000000 ) ;
#4024 = CARTESIAN_POINT ( 'NONE',  ( 2.120000000000000551, 0.1999999999999999833, -3.000000000000001776 ) ) ;
#4025 = DIRECTION ( 'NONE',  ( 0.000000000000000000, 0.000000000000000000, 1.000000000000000000 ) ) ;
#4026 = DIRECTION ( 'NONE',  ( 1.000000000000000000, -0.000000000000000000, 5.042800802258162337E-16 ) ) ;
#4027 = PLANE ( 'NONE',  #11998 ) ;
#4028 = VERTEX_POINT ( 'NONE', #6336 ) ;
#4029 = ORIENTED_EDGE ( 'NONE', *, *, #2052, .T. ) ;
#4030 = VECTOR ( 'NONE', #521, 1000.000000000000000 ) ;
#4031 = ORIENTED_EDGE ( 'NONE', *, *, #2693, .F. ) ;
#4032 = VECTOR ( 'NONE', #11387, 1000.000000000000000 ) ;
#4033 = VERTEX_POINT ( 'NONE', #726 ) ;
#4034 = CARTESIAN_POINT ( 'NONE',  ( 0.1200000000000003147, 0.8000833275471003203, -3.000000000000001776 ) ) ;
#4035 = ORIENTED_EDGE ( 'NONE', *, *, #93, .T. ) ;
#4036 = AXIS2_PLACEMENT_3D ( 'NONE', #9086, #10257, #11068 ) ;
#4037 = DIRECTION ( 'NONE',  ( 0.000000000000000000, -0.000000000000000000, -1.000000000000000000 ) ) ;
#4038 = DIRECTION ( 'NONE',  ( -1.008560160451631481E-15, 0.000000000000000000, 1.000000000000000000 ) ) ;
#4039 = LINE ( 'NONE', #1962, #2329 ) ;
#4040 = CARTESIAN_POINT ( 'NONE',  ( 3.000000000000000888, 0.1999999999999999833, 1.120000000000000329 ) ) ;
#4041 = ADVANCED_FACE ( 'NONE', ( #9237 ), #8297, .F. ) ;
#4042 = AXIS2_PLACEMENT_3D ( 'NONE', #4218, #5021, #10700 ) ;
#4043 = FACE_OUTER_BOUND ( 'NONE', #8838, .T. ) ;
#4044 = VECTOR ( 'NONE', #1762, 1000.000000000000000 ) ;
#4045 = DIRECTION ( 'NONE',  ( 0.000000000000000000, 0.000000000000000000, 1.000000000000000000 ) ) ;
#4046 = DIRECTION ( 'NONE',  ( -0.000000000000000000, -1.000000000000000000, -0.000000000000000000 ) ) ;
#4047 = MECHANICAL_DESIGN_GEOMETRIC_PRESENTATION_REPRESENTATION (  '', ( #4826 ), #2667 ) ;
#4048 = VERTEX_POINT ( 'NONE', #10901 ) ;
#4049 = VECTOR ( 'NONE', #10992, 1000.000000000000000 ) ;
#4050 = EDGE_CURVE ( 'NONE', #11832, #1807, #1868, .T. ) ;
#4051 = VERTEX_POINT ( 'NONE', #6579 ) ;
#4052 = ORIENTED_EDGE ( 'NONE', *, *, #121, .F. ) ;
#4053 = UNCERTAINTY_MEASURE_WITH_UNIT (LENGTH_MEASURE( 1.000000000000000082E-05 ), #7109, 'distance_accuracy_value', 'NONE');
#4054 = ORIENTED_EDGE ( 'NONE', *, *, #3630, .F. ) ;
#4055 = COLOUR_RGB ( '',0.7921568627450980005, 0.8196078431372548767, 0.9333333333333333481 ) ;
#4056 = DIRECTION ( 'NONE',  ( 0.000000000000000000, 1.000000000000000000, 0.000000000000000000 ) ) ;
#4057 = AXIS2_PLACEMENT_3D ( 'NONE', #4108, #7863, #6942 ) ;
#4058 = DIRECTION ( 'NONE',  ( 5.042800802258162337E-16, 0.000000000000000000, -1.000000000000000000 ) ) ;
#4059 = AXIS2_PLACEMENT_3D ( 'NONE', #11780, #7275, #8190 ) ;
#4060 = DIRECTION ( 'NONE',  ( -1.008560160451631481E-15, 0.000000000000000000, 1.000000000000000000 ) ) ;
#4061 = CARTESIAN_POINT ( 'NONE',  ( 1.000000000000000000, 0.8000833275471003203, 2.450000000000001510 ) ) ;
#4062 = DIRECTION ( 'NONE',  ( -1.008560160451631481E-15, 0.000000000000000000, -1.000000000000000000 ) ) ;
#4063 = LINE ( 'NONE', #9605, #9761 ) ;
#4064 = EDGE_CURVE ( 'NONE', #9840, #11192, #10533, .T. ) ;
#4065 = CARTESIAN_POINT ( 'NONE',  ( -2.570000000000001172, 0.05000000000000002359, -1.619999999999999885 ) ) ;
#4066 = EDGE_CURVE ( 'NONE', #5634, #170, #2946, .T. ) ;
#4067 = ORIENTED_EDGE ( 'NONE', *, *, #9782, .F. ) ;
#4068 = EDGE_CURVE ( 'NONE', #4939, #1867, #2465, .T. ) ;
#4069 = ORIENTED_EDGE ( 'NONE', *, *, #9745, .F. ) ;
#4070 = VECTOR ( 'NONE', #5502, 1000.000000000000000 ) ;
#4071 = VECTOR ( 'NONE', #6112, 1000.000000000000000 ) ;
#4072 = VERTEX_POINT ( 'NONE', #3801 ) ;
#4073 = LINE ( 'NONE', #7826, #11413 ) ;
#4074 = VERTEX_POINT ( 'NONE', #6710 ) ;
#4075 = CARTESIAN_POINT ( 'NONE',  ( 3.000000000000000888, 0.000000000000000000, 0.1200000000000003147 ) ) ;
#4076 = ORIENTED_EDGE ( 'NONE', *, *, #853, .T. ) ;
#4077 = LINE ( 'NONE', #6623, #4857 ) ;
#4078 = MECHANICAL_DESIGN_GEOMETRIC_PRESENTATION_REPRESENTATION (  '', ( #10178 ), #7618 ) ;
#4079 = CYLINDRICAL_SURFACE ( 'NONE', #3400, 0.2500000000000002220 ) ;
#4080 = DIRECTION ( 'NONE',  ( -0.000000000000000000, -1.000000000000000000, -0.000000000000000000 ) ) ;
#4081 = CARTESIAN_POINT ( 'NONE',  ( 1.120000000000000329, 0.2000000000000005107, 2.999999999999998668 ) ) ;
#4082 = DIRECTION ( 'NONE',  ( -0.000000000000000000, 0.000000000000000000, 1.000000000000000000 ) ) ;
#4083 = LINE ( 'NONE', #11606, #1282 ) ;
#4084 = ADVANCED_FACE ( 'NONE', ( #7624 ), #7560, .F. ) ;
#4085 = DIRECTION ( 'NONE',  ( -0.000000000000000000, -1.000000000000000000, -0.000000000000000000 ) ) ;
#4086 = VECTOR ( 'NONE', #3395, 1000.000000000000000 ) ;
#4087 = ORIENTED_EDGE ( 'NONE', *, *, #3382, .T. ) ;
#4088 = EDGE_CURVE ( 'NONE', #5945, #2064, #3619, .T. ) ;
#4089 = ORIENTED_EDGE ( 'NONE', *, *, #3533, .F. ) ;
#4090 = DIRECTION ( 'NONE',  ( 0.000000000000000000, 0.000000000000000000, 1.000000000000000000 ) ) ;
#4091 = LINE ( 'NONE', #4205, #2280 ) ;
#4092 = DIRECTION ( 'NONE',  ( 0.000000000000000000, -0.000000000000000000, 1.000000000000000000 ) ) ;
#4093 = DIRECTION ( 'NONE',  ( -1.008560160451631481E-15, 0.000000000000000000, -1.000000000000000000 ) ) ;
#4094 = AXIS2_PLACEMENT_3D ( 'NONE', #3483, #3546, #639 ) ;
#4095 = FACE_OUTER_BOUND ( 'NONE', #2510, .T. ) ;
#4096 = EDGE_LOOP ( 'NONE', ( #71, #2368, #3776, #9766 ) ) ;
#4097 = EDGE_CURVE ( 'NONE', #1180, #6109, #87, .T. ) ;
#4098 = VERTEX_POINT ( 'NONE', #11260 ) ;
#4099 = ORIENTED_EDGE ( 'NONE', *, *, #7022, .F. ) ;
#4100 = ORIENTED_EDGE ( 'NONE', *, *, #3200, .F. ) ;
#4101 = FACE_OUTER_BOUND ( 'NONE', #10298, .T. ) ;
#4102 = EDGE_CURVE ( 'NONE', #6279, #8378, #3834, .T. ) ;
#4103 = VECTOR ( 'NONE', #12033, 1000.000000000000000 ) ;
#4104 = ORIENTED_EDGE ( 'NONE', *, *, #10385, .T. ) ;
#4105 = CLOSED_SHELL ( 'NONE', ( #2552, #5313, #2606, #12163, #11789, #2921, #6242 ) ) ;
#4106 = DIRECTION ( 'NONE',  ( 0.000000000000000000, 0.000000000000000000, -1.000000000000000000 ) ) ;
#4107 = ADVANCED_FACE ( 'NONE', ( #12202 ), #2885, .F. ) ;
#4108 = CARTESIAN_POINT ( 'NONE',  ( -2.000000000000000000, 0.2000000000000000111, 2.570000000000001616 ) ) ;
#4109 = DIRECTION ( 'NONE',  ( 0.000000000000000000, 1.000000000000000000, 0.000000000000000000 ) ) ;
#4110 = CARTESIAN_POINT ( 'NONE',  ( 2.120000000000000551, 0.8000833275471003203, -3.000000000000001776 ) ) ;
#4111 = FACE_OUTER_BOUND ( 'NONE', #4367, .T. ) ;
#4112 = PLANE ( 'NONE',  #7873 ) ;
#4113 = CARTESIAN_POINT ( 'NONE',  ( 1.120000000000000329, 0.000000000000000000, 2.570000000000001616 ) ) ;
#4114 = AXIS2_PLACEMENT_3D ( 'NONE', #6578, #6647, #1900 ) ;
#4115 = ORIENTED_EDGE ( 'NONE', *, *, #877, .F. ) ;
#4116 = ORIENTED_EDGE ( 'NONE', *, *, #503, .T. ) ;
#4117 = ORIENTED_EDGE ( 'NONE', *, *, #2820, .F. ) ;
#4118 = ORIENTED_EDGE ( 'NONE', *, *, #8264, .T. ) ;
#4119 = PLANE ( 'NONE',  #2847 ) ;
#4120 =( NAMED_UNIT ( * ) PLANE_ANGLE_UNIT ( ) SI_UNIT ( $, .RADIAN. ) );
#4121 = AXIS2_PLACEMENT_3D ( 'NONE', #9139, #2792, #6363 ) ;
#4122 = EDGE_CURVE ( 'NONE', #3541, #6928, #481, .T. ) ;
#4123 = LINE ( 'NONE', #7878, #11657 ) ;
#4124 = EDGE_CURVE ( 'NONE', #5736, #6950, #5579, .T. ) ;
#4125 =( NAMED_UNIT ( * ) PLANE_ANGLE_UNIT ( ) SI_UNIT ( $, .RADIAN. ) );
#4126 = FACE_OUTER_BOUND ( 'NONE', #6711, .T. ) ;
#4127 = FACE_OUTER_BOUND ( 'NONE', #3738, .T. ) ;
#4128 = CARTESIAN_POINT ( 'NONE',  ( -3.000000000000000888, 0.1999999999999999833, -0.1199999999999998845 ) ) ;
#4129 = ORIENTED_EDGE ( 'NONE', *, *, #10474, .F. ) ;
#4130 = VERTEX_POINT ( 'NONE', #9416 ) ;
#4131 =( GEOMETRIC_REPRESENTATION_CONTEXT ( 3 ) GLOBAL_UNCERTAINTY_ASSIGNED_CONTEXT ( ( #11822 ) ) GLOBAL_UNIT_ASSIGNED_CONTEXT ( ( #6538, #9124, #6351 ) ) REPRESENTATION_CONTEXT ( 'NONE', 'WORKASPACE' ) );
#4132 = ORIENTED_EDGE ( 'NONE', *, *, #4124, .F. ) ;
#4133 = EDGE_CURVE ( 'NONE', #7032, #6906, #910, .T. ) ;
#4134 = ORIENTED_EDGE ( 'NONE', *, *, #10376, .T. ) ;
#4135 = DIRECTION ( 'NONE',  ( -0.000000000000000000, -1.000000000000000000, -0.000000000000000000 ) ) ;
#4136 = EDGE_LOOP ( 'NONE', ( #10377, #11691, #8599, #2791 ) ) ;
#4137 = STYLED_ITEM ( 'NONE', ( #11996 ), #7828 ) ;
#4138 = EDGE_CURVE ( 'NONE', #5093, #10111, #4850, .T. ) ;
#4139 = EDGE_CURVE ( 'NONE', #1356, #3541, #10221, .T. ) ;
#4140 = DIRECTION ( 'NONE',  ( 0.000000000000000000, 0.000000000000000000, -1.000000000000000000 ) ) ;
#4141 = LINE ( 'NONE', #5167, #5609 ) ;
#4142 = PLANE ( 'NONE',  #10806 ) ;
#4143 = LINE ( 'NONE', #2415, #11903 ) ;
#4144 = CARTESIAN_POINT ( 'NONE',  ( -3.000000000000000888, 0.1999999999999999833, -1.619999999999999885 ) ) ;
#4145 = DIRECTION ( 'NONE',  ( 0.000000000000000000, 0.000000000000000000, 1.000000000000000000 ) ) ;
#4146 = EDGE_LOOP ( 'NONE', ( #7615, #8121, #3273, #9305 ) ) ;
#4147 = ORIENTED_EDGE ( 'NONE', *, *, #8465, .F. ) ;
#4148 = PRESENTATION_STYLE_ASSIGNMENT (( #381 ) ) ;
#4149 = CARTESIAN_POINT ( 'NONE',  ( -1.379999999999999671, 0.8000833275471003203, 3.000000000000001776 ) ) ;
#4150 = CARTESIAN_POINT ( 'NONE',  ( 2.120000000000000551, 0.000000000000000000, 3.000000000000001776 ) ) ;
#4151 = FACE_OUTER_BOUND ( 'NONE', #5328, .T. ) ;
#4152 = CYLINDRICAL_SURFACE ( 'NONE', #9323, 0.1199999999999998845 ) ;
#4153 = CARTESIAN_POINT ( 'NONE',  ( 2.999999999999999112, 0.05000000000000000278, 2.999999999999998224 ) ) ;
#4154 = ORIENTED_EDGE ( 'NONE', *, *, #2612, .T. ) ;
#4155 = ORIENTED_EDGE ( 'NONE', *, *, #5246, .T. ) ;
#4156 = ORIENTED_EDGE ( 'NONE', *, *, #8935, .F. ) ;
#4157 = STYLED_ITEM ( 'NONE', ( #3361 ), #1605 ) ;
#4158 = ORIENTED_EDGE ( 'NONE', *, *, #9258, .T. ) ;
#4159 = CARTESIAN_POINT ( 'NONE',  ( 3.000000000000000888, 0.8000833275471006534, 0.1200000000000003147 ) ) ;
#4160 = EDGE_LOOP ( 'NONE', ( #9296, #11195, #5878, #9887 ) ) ;
#4161 = PLANE ( 'NONE',  #83 ) ;
#4162 = CARTESIAN_POINT ( 'NONE',  ( 2.570000000000001172, 0.000000000000000000, 0.6200000000000001066 ) ) ;
#4163 = CARTESIAN_POINT ( 'NONE',  ( 0.8800000000000005596, 0.2000000000000000111, -3.000000000000001776 ) ) ;
#4164 = CARTESIAN_POINT ( 'NONE',  ( 0.000000000000000000, 0.05000000000000000278, 0.8800000000000001155 ) ) ;
#4165 = DIRECTION ( 'NONE',  ( 0.000000000000000000, 0.000000000000000000, -1.000000000000000000 ) ) ;
#4166 = PLANE ( 'NONE',  #7079 ) ;
#4167 = FACE_OUTER_BOUND ( 'NONE', #8593, .T. ) ;
#4168 = CARTESIAN_POINT ( 'NONE',  ( -1.879999999999999671, 0.04999999999999999584, -2.570000000000001616 ) ) ;
#4169 = EDGE_CURVE ( 'NONE', #3900, #74, #9293, .T. ) ;
#4170 = ORIENTED_EDGE ( 'NONE', *, *, #1246, .F. ) ;
#4171 = ORIENTED_EDGE ( 'NONE', *, *, #8032, .T. ) ;
#4172 = ORIENTED_EDGE ( 'NONE', *, *, #5330, .F. ) ;
#4173 = ORIENTED_EDGE ( 'NONE', *, *, #5, .F. ) ;
#4174 = LINE ( 'NONE', #8729, #8145 ) ;
#4175 = VECTOR ( 'NONE', #657, 1000.000000000000000 ) ;
#4176 = DIRECTION ( 'NONE',  ( 0.000000000000000000, -1.000000000000000000, 0.000000000000000000 ) ) ;
#4177 = DIRECTION ( 'NONE',  ( 0.000000000000000000, 1.000000000000000000, 0.000000000000000000 ) ) ;
#4178 = FACE_OUTER_BOUND ( 'NONE', #2269, .T. ) ;
#4179 = CARTESIAN_POINT ( 'NONE',  ( -0.1199999999999994404, 0.2000000000000000111, 3.000000000000001776 ) ) ;
#4180 = VERTEX_POINT ( 'NONE', #5705 ) ;
#4181 = ORIENTED_EDGE ( 'NONE', *, *, #10472, .T. ) ;
#4182 = VECTOR ( 'NONE', #4328, 1000.000000000000000 ) ;
#4183 = EDGE_CURVE ( 'NONE', #11554, #7854, #4732, .T. ) ;
#4184 = ORIENTED_EDGE ( 'NONE', *, *, #696, .F. ) ;
#4185 = EDGE_LOOP ( 'NONE', ( #8759, #2462, #9429, #6778 ) ) ;
#4186 = DIRECTION ( 'NONE',  ( -0.000000000000000000, -1.000000000000000000, -0.000000000000000000 ) ) ;
#4187 = EDGE_CURVE ( 'NONE', #10958, #9598, #843, .T. ) ;
#4188 = EDGE_CURVE ( 'NONE', #9208, #8089, #6597, .T. ) ;
#4189 = ORIENTED_EDGE ( 'NONE', *, *, #9879, .T. ) ;
#4190 = DIRECTION ( 'NONE',  ( -0.000000000000000000, -1.000000000000000000, -0.000000000000000000 ) ) ;
#4191 = CARTESIAN_POINT ( 'NONE',  ( 1.620000000000000329, 0.04999999999999969746, -3.000000000000001776 ) ) ;
#4192 = VECTOR ( 'NONE', #8127, 1000.000000000000000 ) ;
#4193 = CARTESIAN_POINT ( 'NONE',  ( -3.000000000000000888, 0.000000000000000000, -1.119999999999999885 ) ) ;
#4194 = DIRECTION ( 'NONE',  ( -0.000000000000000000, -1.000000000000000000, -0.000000000000000000 ) ) ;
#4195 = ADVANCED_FACE ( 'NONE', ( #6949 ), #4910, .F. ) ;
#4196 = DIRECTION ( 'NONE',  ( 0.000000000000000000, 1.000000000000000000, 0.000000000000000000 ) ) ;
#4197 = CARTESIAN_POINT ( 'NONE',  ( 2.570000000000001172, 0.8000833275471006534, -0.6200000000000003286 ) ) ;
#4198 = DIRECTION ( 'NONE',  ( 0.000000000000000000, -0.000000000000000000, -1.000000000000000000 ) ) ;
#4199 = ADVANCED_FACE ( 'NONE', ( #7869 ), #11566, .F. ) ;
#4200 = FILL_AREA_STYLE ('',( #3397 ) ) ;
#4201 = AXIS2_PLACEMENT_3D ( 'NONE', #6471, #8097, #6034 ) ;
#4202 = VERTEX_POINT ( 'NONE', #5895 ) ;
#4203 = ORIENTED_EDGE ( 'NONE', *, *, #2642, .F. ) ;
#4204 = DIRECTION ( 'NONE',  ( 0.000000000000000000, 0.000000000000000000, -1.000000000000000000 ) ) ;
#4205 = CARTESIAN_POINT ( 'NONE',  ( 3.000000000000000888, 0.1999999999999999833, 1.120000000000000329 ) ) ;
#4206 = CARTESIAN_POINT ( 'NONE',  ( 2.570000000000001172, 0.1999999999999999833, 1.620000000000000107 ) ) ;
#4207 = DIRECTION ( 'NONE',  ( 0.000000000000000000, 0.000000000000000000, -1.000000000000000000 ) ) ;
#4208 = AXIS2_PLACEMENT_3D ( 'NONE', #4331, #9015, #6933 ) ;
#4209 = CARTESIAN_POINT ( 'NONE',  ( -3.000000000000000888, 0.1999999999999999833, 0.3800000000000001155 ) ) ;
#4210 = EDGE_LOOP ( 'NONE', ( #12052, #6491, #6157, #1069 ) ) ;
#4211 = ORIENTED_EDGE ( 'NONE', *, *, #5865, .T. ) ;
#4212 = VERTEX_POINT ( 'NONE', #7016 ) ;
#4213 = ORIENTED_EDGE ( 'NONE', *, *, #11374, .F. ) ;
#4214 = CARTESIAN_POINT ( 'NONE',  ( 2.570000000000000284, 0.05000000000000002359, -0.5000000000000004441 ) ) ;
#4215 = AXIS2_PLACEMENT_3D ( 'NONE', #422, #483, #4250 ) ;
#4216 = ORIENTED_EDGE ( 'NONE', *, *, #5251, .F. ) ;
#4217 = VECTOR ( 'NONE', #4742, 1000.000000000000000 ) ;
#4218 = CARTESIAN_POINT ( 'NONE',  ( 1.500000000000000000, 0.000000000000000000, -2.570000000000001616 ) ) ;
#4219 = DIRECTION ( 'NONE',  ( -1.008560160451631481E-15, 0.000000000000000000, -1.000000000000000000 ) ) ;
#4220 =( LENGTH_UNIT ( ) NAMED_UNIT ( * ) SI_UNIT ( .MILLI., .METRE. ) );
#4221 = DIRECTION ( 'NONE',  ( 0.000000000000000000, -0.000000000000000000, -1.000000000000000000 ) ) ;
#4222 = FACE_OUTER_BOUND ( 'NONE', #2993, .T. ) ;
#4223 = FACE_OUTER_BOUND ( 'NONE', #2021, .T. ) ;
#4224 = DIRECTION ( 'NONE',  ( -1.000000000000000000, 0.000000000000000000, 5.042800802258162337E-16 ) ) ;
#4226 = CARTESIAN_POINT ( 'NONE',  ( 3.000000000000000888, 0.8000833275471006534, -0.6199999999999998845 ) ) ;
#4225 = VECTOR ( 'NONE', #6956, 1000.000000000000000 ) ;
#4227 = VECTOR ( 'NONE', #3190, 1000.000000000000000 ) ;
#4228 = ORIENTED_EDGE ( 'NONE', *, *, #9186, .F. ) ;
#4229 = EDGE_LOOP ( 'NONE', ( #5116, #5649, #1251, #8779 ) ) ;
#4230 = VERTEX_POINT ( 'NONE', #9710 ) ;
#4231 = ADVANCED_FACE ( 'NONE', ( #339 ), #10778, .F. ) ;
#4232 = ORIENTED_EDGE ( 'NONE', *, *, #579, .F. ) ;
#4233 = CARTESIAN_POINT ( 'NONE',  ( -2.049999999999999378, 0.1999999999999996503, -1.750000000000001998 ) ) ;
#4234 = EDGE_CURVE ( 'NONE', #11435, #155, #1329, .T. ) ;
#4235 = CIRCLE ( 'NONE', #11520, 0.1199999999999998845 ) ;
#4236 = CARTESIAN_POINT ( 'NONE',  ( -3.000000000000000888, 0.2000000000000005107, -1.379999999999999227 ) ) ;
#4237 = LINE ( 'NONE', #7999, #3986 ) ;
#4238 = PRESENTATION_STYLE_ASSIGNMENT (( #2401 ) ) ;
#4239 = VECTOR ( 'NONE', #8186, 1000.000000000000000 ) ;
#4240 = AXIS2_PLACEMENT_3D ( 'NONE', #8767, #5183, #5931 ) ;
#4241 = DIRECTION ( 'NONE',  ( 0.000000000000000000, 0.000000000000000000, -1.000000000000000000 ) ) ;
#4242 = EDGE_LOOP ( 'NONE', ( #7396, #4395, #2528, #5306 ) ) ;
#4243 = VECTOR ( 'NONE', #3036, 1000.000000000000000 ) ;
#4244 = ORIENTED_EDGE ( 'NONE', *, *, #4793, .F. ) ;
#4245 = VECTOR ( 'NONE', #2478, 1000.000000000000000 ) ;
#4246 = EDGE_LOOP ( 'NONE', ( #7625, #10509, #682, #3424 ) ) ;
#4247 = VECTOR ( 'NONE', #4904, 1000.000000000000000 ) ;
#4248 = AXIS2_PLACEMENT_3D ( 'NONE', #7530, #2845, #5790 ) ;
#4249 = ORIENTED_EDGE ( 'NONE', *, *, #10877, .F. ) ;
#4250 = DIRECTION ( 'NONE',  ( 0.000000000000000000, 0.000000000000000000, 1.000000000000000000 ) ) ;
#4251 = EDGE_CURVE ( 'NONE', #10654, #1358, #6793, .T. ) ;
#4252 = AXIS2_PLACEMENT_3D ( 'NONE', #1212, #11508, #100 ) ;
#4253 = DIRECTION ( 'NONE',  ( -1.000000000000000000, 0.000000000000000000, 0.000000000000000000 ) ) ;
#4254 = LINE ( 'NONE', #6050, #5958 ) ;
#4255 = PLANE ( 'NONE',  #3671 ) ;
#4256 = CARTESIAN_POINT ( 'NONE',  ( -2.120000000000000551, 0.000000000000000000, -2.570000000000001616 ) ) ;
#4257 = DIRECTION ( 'NONE',  ( 0.000000000000000000, -0.000000000000000000, 1.000000000000000000 ) ) ;
#4258 = VECTOR ( 'NONE', #4372, 1000.000000000000000 ) ;
#4259 = LINE ( 'NONE', #1602, #11372 ) ;
#4260 = VECTOR ( 'NONE', #3015, 1000.000000000000000 ) ;
#4261 = DIRECTION ( 'NONE',  ( 1.000000000000000000, 0.000000000000000000, 0.000000000000000000 ) ) ;
#4262 = DIRECTION ( 'NONE',  ( -1.000000000000000000, 0.000000000000000000, 0.000000000000000000 ) ) ;
#4263 = ORIENTED_EDGE ( 'NONE', *, *, #4050, .F. ) ;
#4264 = VERTEX_POINT ( 'NONE', #4168 ) ;
#4265 = CARTESIAN_POINT ( 'NONE',  ( 3.000000000000000888, 0.8000833275471006534, -0.1199999999999998845 ) ) ;
#4266 = EDGE_CURVE ( 'NONE', #3253, #8311, #2081, .T. ) ;
#4267 = DIRECTION ( 'NONE',  ( 0.000000000000000000, 0.000000000000000000, -1.000000000000000000 ) ) ;
#4268 = ADVANCED_FACE ( 'NONE', ( #5091 ), #1148, .F. ) ;
#4269 = CYLINDRICAL_SURFACE ( 'NONE', #7438, 0.1199999999999998845 ) ;
#4270 = FACE_OUTER_BOUND ( 'NONE', #11377, .T. ) ;
#4271 = EDGE_LOOP ( 'NONE', ( #3632, #7065, #9732, #5455 ) ) ;
#4272 = ORIENTED_EDGE ( 'NONE', *, *, #6136, .T. ) ;
#4273 = VERTEX_POINT ( 'NONE', #6020 ) ;
#4274 = ORIENTED_EDGE ( 'NONE', *, *, #5694, .T. ) ;
#4275 = LINE ( 'NONE', #452, #5451 ) ;
#4276 = EDGE_CURVE ( 'NONE', #4692, #7506, #2203, .T. ) ;
#4277 = EDGE_CURVE ( 'NONE', #11460, #4560, #11629, .T. ) ;
#4278 = ORIENTED_EDGE ( 'NONE', *, *, #4812, .F. ) ;
#4279 = EDGE_CURVE ( 'NONE', #9351, #3238, #9777, .T. ) ;
#4280 = CARTESIAN_POINT ( 'NONE',  ( -1.119999999999999885, 0.1999999999999999833, 2.570000000000001616 ) ) ;
#4281 = VECTOR ( 'NONE', #525, 1000.000000000000000 ) ;
#4282 = FACE_OUTER_BOUND ( 'NONE', #10124, .T. ) ;
#4283 = CARTESIAN_POINT ( 'NONE',  ( -3.000000000000000888, 0.8000833275471006534, 0.1200000000000003147 ) ) ;
#4284 = AXIS2_PLACEMENT_3D ( 'NONE', #4727, #7734, #9466 ) ;
#4285 = DIRECTION ( 'NONE',  ( -0.000000000000000000, -1.000000000000000000, -0.000000000000000000 ) ) ;
#4286 = ADVANCED_FACE ( 'NONE', ( #10651 ), #9650, .F. ) ;
#4287 = CARTESIAN_POINT ( 'NONE',  ( 0.3800000000000001155, 0.1999999999999999833, 2.570000000000001616 ) ) ;
#4288 = CARTESIAN_POINT ( 'NONE',  ( -2.570000000000001172, 0.1999999999999999833, 1.500000000000000000 ) ) ;
#4289 = DIRECTION ( 'NONE',  ( 0.000000000000000000, 0.000000000000000000, 1.000000000000000000 ) ) ;
#4290 = LINE ( 'NONE', #8048, #9541 ) ;
#4291 = VERTEX_POINT ( 'NONE', #6083 ) ;
#4292 = ORIENTED_EDGE ( 'NONE', *, *, #3948, .T. ) ;
#4293 = VERTEX_POINT ( 'NONE', #5953 ) ;
#4294 = AXIS2_PLACEMENT_3D ( 'NONE', #11123, #12046, #5506 ) ;
#4295 = UNCERTAINTY_MEASURE_WITH_UNIT (LENGTH_MEASURE( 1.000000000000000082E-05 ), #3107, 'distance_accuracy_value', 'NONE');
#4296 = VERTEX_POINT ( 'NONE', #1265 ) ;
#4297 = EDGE_CURVE ( 'NONE', #10062, #2405, #8789, .T. ) ;
#4298 = LINE ( 'NONE', #11196, #9832 ) ;
#4299 = CARTESIAN_POINT ( 'NONE',  ( 0.5000000000000000000, 0.000000000000000000, 2.450000000000001510 ) ) ;
#4300 = DIRECTION ( 'NONE',  ( 0.000000000000000000, 1.000000000000000000, 0.000000000000000000 ) ) ;
#4301 = CARTESIAN_POINT ( 'NONE',  ( -2.570000000000001172, 0.1999999999999999833, -1.500000000000000000 ) ) ;
#4302 = CARTESIAN_POINT ( 'NONE',  ( -3.000000000000000888, 0.1999999999999999833, 0.8800000000000001155 ) ) ;
#4303 = VECTOR ( 'NONE', #2731, 1000.000000000000000 ) ;
#4304 = CARTESIAN_POINT ( 'NONE',  ( 2.049999999999999822, 5.998275605729689097, -2.049999999999999378 ) ) ;
#4305 = ORIENTED_EDGE ( 'NONE', *, *, #5763, .F. ) ;
#4306 = ORIENTED_EDGE ( 'NONE', *, *, #9316, .T. ) ;
#4307 = VERTEX_POINT ( 'NONE', #5146 ) ;
#4308 = AXIS2_PLACEMENT_3D ( 'NONE', #11495, #8721, #11386 ) ;
#4309 = VECTOR ( 'NONE', #4085, 1000.000000000000000 ) ;
#4310 = ORIENTED_EDGE ( 'NONE', *, *, #10419, .T. ) ;
#4311 = DIRECTION ( 'NONE',  ( -1.000000000000000000, 0.000000000000000000, -0.000000000000000000 ) ) ;
#4312 = DIRECTION ( 'NONE',  ( 0.000000000000000000, 0.000000000000000000, -1.000000000000000000 ) ) ;
#4313 = CARTESIAN_POINT ( 'NONE',  ( 2.999999999999999112, 0.05000000000000000278, 2.999999999999998224 ) ) ;
#4314 = LINE ( 'NONE', #7274, #11090 ) ;
#4315 = DIRECTION ( 'NONE',  ( 0.000000000000000000, 0.000000000000000000, -1.000000000000000000 ) ) ;
#4316 = DIRECTION ( 'NONE',  ( 0.000000000000000000, -1.000000000000000000, 0.000000000000000000 ) ) ;
#4317 = CARTESIAN_POINT ( 'NONE',  ( 2.120000000000000551, 0.8000833275471003203, 2.570000000000001616 ) ) ;
#4318 = DIRECTION ( 'NONE',  ( 0.000000000000000000, -0.000000000000000000, 1.000000000000000000 ) ) ;
#4319 = VECTOR ( 'NONE', #4378, 1000.000000000000000 ) ;
#4320 = CARTESIAN_POINT ( 'NONE',  ( -1.379999999999999671, 0.04999999999999969746, -3.000000000000001776 ) ) ;
#4321 = EDGE_CURVE ( 'NONE', #7108, #3806, #151, .T. ) ;
#4322 = EDGE_CURVE ( 'NONE', #988, #7756, #6761, .T. ) ;
#4323 = DIRECTION ( 'NONE',  ( -0.000000000000000000, -1.000000000000000000, -0.000000000000000000 ) ) ;
#4324 = EDGE_CURVE ( 'NONE', #199, #729, #3064, .T. ) ;
#4325 = EDGE_LOOP ( 'NONE', ( #6684, #1378, #1886, #4931 ) ) ;
#4326 = VERTEX_POINT ( 'NONE', #2390 ) ;
#4327 = PRESENTATION_STYLE_ASSIGNMENT (( #8134 ) ) ;
#4328 = DIRECTION ( 'NONE',  ( 1.000000000000000000, -0.000000000000000000, 0.000000000000000000 ) ) ;
#4329 = CARTESIAN_POINT ( 'NONE',  ( 2.570000000000001172, 0.8000833275471006534, 0.3799999999999996714 ) ) ;
#4330 = DIRECTION ( 'NONE',  ( 0.000000000000000000, -0.000000000000000000, -1.000000000000000000 ) ) ;
#4331 = CARTESIAN_POINT ( 'NONE',  ( 0.5000000000000000000, 0.8000833275471003203, 2.570000000000001616 ) ) ;
#4332 = MANIFOLD_SOLID_BREP ( 'Boss-Extrude3[1]', #11008 ) ;
#4333 = AXIS2_PLACEMENT_3D ( 'NONE', #7186, #11816, #5090 ) ;
#4334 = ORIENTED_EDGE ( 'NONE', *, *, #9011, .F. ) ;
#4335 = ORIENTED_EDGE ( 'NONE', *, *, #3966, .F. ) ;
#4336 = EDGE_LOOP ( 'NONE', ( #12186, #2151, #7223, #2270, #11662 ) ) ;
#4337 = EDGE_CURVE ( 'NONE', #10629, #6505, #6326, .T. ) ;
#4338 = VERTEX_POINT ( 'NONE', #588 ) ;
#4339 = EDGE_CURVE ( 'NONE', #7942, #6928, #8158, .T. ) ;
#4340 = DIRECTION ( 'NONE',  ( 0.000000000000000000, 1.000000000000000000, -0.000000000000000000 ) ) ;
#4341 = ORIENTED_EDGE ( 'NONE', *, *, #11823, .T. ) ;
#4342 =( NAMED_UNIT ( * ) SI_UNIT ( $, .STERADIAN. ) SOLID_ANGLE_UNIT ( ) );
#4343 = EDGE_CURVE ( 'NONE', #8669, #30, #6017, .T. ) ;
#4344 = EDGE_CURVE ( 'NONE', #3398, #7794, #4290, .T. ) ;
#4345 = CARTESIAN_POINT ( 'NONE',  ( -0.6200000000000003286, 0.000000000000000000, -2.570000000000001616 ) ) ;
#4346 = FACE_OUTER_BOUND ( 'NONE', #11708, .T. ) ;
#4347 = DIRECTION ( 'NONE',  ( -1.000000000000000000, 0.000000000000000000, 5.042800802258162337E-16 ) ) ;
#4348 = CARTESIAN_POINT ( 'NONE',  ( -2.000000000000000000, 0.2000000000000000111, 2.570000000000001616 ) ) ;
#4349 = CARTESIAN_POINT ( 'NONE',  ( -2.300000000000000711, 1.000000000000000000, -2.300000000000000711 ) ) ;
#4350 = CARTESIAN_POINT ( 'NONE',  ( -2.570000000000001172, 0.8000833275471006534, -0.3799999999999998934 ) ) ;
#4351 = EDGE_CURVE ( 'NONE', #10081, #2192, #7127, .T. ) ;
#4352 = LINE ( 'NONE', #6196, #11821 ) ;
#4353 = PLANE ( 'NONE',  #893 ) ;
#4354 = EDGE_LOOP ( 'NONE', ( #7960, #7821, #6938, #1986, #9295 ) ) ;
#4355 = ORIENTED_EDGE ( 'NONE', *, *, #11630, .T. ) ;
#4356 = ORIENTED_EDGE ( 'NONE', *, *, #9609, .F. ) ;
#4357 = ORIENTED_EDGE ( 'NONE', *, *, #4009, .F. ) ;
#4358 = DIRECTION ( 'NONE',  ( -0.000000000000000000, -1.000000000000000000, -0.000000000000000000 ) ) ;
#4359 = CARTESIAN_POINT ( 'NONE',  ( -0.3799999999999996714, 0.2000000000000000111, -2.570000000000001616 ) ) ;
#4360 = ADVANCED_FACE ( 'NONE', ( #2445 ), #4353, .F. ) ;
#4361 = LINE ( 'NONE', #8110, #5224 ) ;
#4362 = DIRECTION ( 'NONE',  ( 0.000000000000000000, 0.000000000000000000, -1.000000000000000000 ) ) ;
#4363 =( LENGTH_UNIT ( ) NAMED_UNIT ( * ) SI_UNIT ( .MILLI., .METRE. ) );
#4364 = CARTESIAN_POINT ( 'NONE',  ( -3.000000000000000888, 0.2000000000000005107, 1.120000000000000329 ) ) ;
#4365 = ORIENTED_EDGE ( 'NONE', *, *, #12080, .F. ) ;
#4366 = VERTEX_POINT ( 'NONE', #8911 ) ;
#4367 = EDGE_LOOP ( 'NONE', ( #10143, #4158, #8087, #7470 ) ) ;
#4368 = AXIS2_PLACEMENT_3D ( 'NONE', #1776, #2702, #5336 ) ;
#4369 = ORIENTED_EDGE ( 'NONE', *, *, #9357, .F. ) ;
#4370 = FACE_OUTER_BOUND ( 'NONE', #9713, .T. ) ;
#4371 = CARTESIAN_POINT ( 'NONE',  ( -0.8799999999999996714, 0.2000000000000000111, 2.570000000000001616 ) ) ;
#4372 = DIRECTION ( 'NONE',  ( 0.000000000000000000, -1.000000000000000000, 0.000000000000000000 ) ) ;
#4373 = PLANE ( 'NONE',  #6550 ) ;
#4374 = DIRECTION ( 'NONE',  ( 1.008560160451631481E-15, 0.000000000000000000, -1.000000000000000000 ) ) ;
#4375 = LINE ( 'NONE', #8129, #8148 ) ;
#4376 = AXIS2_PLACEMENT_3D ( 'NONE', #6178, #5127, #5991 ) ;
#4377 = CARTESIAN_POINT ( 'NONE',  ( 2.570000000000001172, 0.000000000000000000, 0.3799999999999996714 ) ) ;
#4378 = DIRECTION ( 'NONE',  ( 1.000000000000000000, 0.000000000000000000, -1.445602896647338917E-16 ) ) ;
#4379 = EDGE_CURVE ( 'NONE', #11148, #7978, #11872, .T. ) ;
#4380 = EDGE_LOOP ( 'NONE', ( #11633, #4745, #9337, #8536 ) ) ;
#4381 = ADVANCED_FACE ( 'NONE', ( #645 ), #2569, .T. ) ;
#4382 = VERTEX_POINT ( 'NONE', #5268 ) ;
#4383 = VECTOR ( 'NONE', #2830, 1000.000000000000000 ) ;
#4384 = EDGE_CURVE ( 'NONE', #9613, #7688, #8223, .T. ) ;
#4385 =( LENGTH_UNIT ( ) NAMED_UNIT ( * ) SI_UNIT ( .MILLI., .METRE. ) );
#4386 = DIRECTION ( 'NONE',  ( 0.000000000000000000, 0.000000000000000000, -1.000000000000000000 ) ) ;
#4387 = FACE_OUTER_BOUND ( 'NONE', #4246, .T. ) ;
#4388 = CYLINDRICAL_SURFACE ( 'NONE', #1452, 0.1199999999999998845 ) ;
#4389 = VECTOR ( 'NONE', #7424, 1000.000000000000000 ) ;
#4390 = ORIENTED_EDGE ( 'NONE', *, *, #7654, .F. ) ;
#4391 = EDGE_LOOP ( 'NONE', ( #1030, #5301, #10664, #3752 ) ) ;
#4392 = ORIENTED_EDGE ( 'NONE', *, *, #10307, .F. ) ;
#4393 = ORIENTED_EDGE ( 'NONE', *, *, #3005, .F. ) ;
#4394 = PLANE ( 'NONE',  #323 ) ;
#4395 = ORIENTED_EDGE ( 'NONE', *, *, #7278, .F. ) ;
#4396 = CARTESIAN_POINT ( 'NONE',  ( 2.120000000000000551, 0.1999999999999999833, -2.570000000000001616 ) ) ;
#4397 = VECTOR ( 'NONE', #2298, 1000.000000000000000 ) ;
#4398 = DIRECTION ( 'NONE',  ( 0.000000000000000000, 0.000000000000000000, 1.000000000000000000 ) ) ;
#4399 = CARTESIAN_POINT ( 'NONE',  ( -1.000000000000000000, 0.2000000000000000111, 2.450000000000001510 ) ) ;
#4400 = LINE ( 'NONE', #2681, #2862 ) ;
#4401 = CARTESIAN_POINT ( 'NONE',  ( 2.570000000000000284, 0.8000833275471006534, 0.9999999999999995559 ) ) ;
#4402 = LINE ( 'NONE', #4586, #4786 ) ;
#4403 = LINE ( 'NONE', #12048, #8594 ) ;
#4404 = CARTESIAN_POINT ( 'NONE',  ( 2.120000000000000551, 0.1999999999999999833, 2.570000000000001616 ) ) ;
#4405 = ORIENTED_EDGE ( 'NONE', *, *, #11743, .T. ) ;
#4406 = ORIENTED_EDGE ( 'NONE', *, *, #3433, .T. ) ;
#4407 = ORIENTED_EDGE ( 'NONE', *, *, #6664, .F. ) ;
#4408 = AXIS2_PLACEMENT_3D ( 'NONE', #1279, #286, #4241 ) ;
#4409 = ORIENTED_EDGE ( 'NONE', *, *, #10371, .T. ) ;
#4410 = FACE_OUTER_BOUND ( 'NONE', #10252, .T. ) ;
#4411 = EDGE_CURVE ( 'NONE', #3900, #3331, #7306, .T. ) ;
#4412 = CARTESIAN_POINT ( 'NONE',  ( -2.119999999999999662, 0.04999999999999999584, -3.000000000000001776 ) ) ;
#4413 = LINE ( 'NONE', #6332, #1299 ) ;
#4414 = FACE_OUTER_BOUND ( 'NONE', #6090, .T. ) ;
#4415 = CARTESIAN_POINT ( 'NONE',  ( -1.879999999999999671, 0.1999999999999999833, -3.000000000000001776 ) ) ;
#4416 = CIRCLE ( 'NONE', #676, 0.1199999999999998845 ) ;
#4417 = AXIS2_PLACEMENT_3D ( 'NONE', #6900, #10714, #277 ) ;
#4418 = SURFACE_SIDE_STYLE ('',( #8358 ) ) ;
#4419 = VECTOR ( 'NONE', #3930, 1000.000000000000000 ) ;
#4420 = EDGE_CURVE ( 'NONE', #10959, #7796, #4235, .T. ) ;
#4421 = DIRECTION ( 'NONE',  ( -0.000000000000000000, -0.000000000000000000, 1.000000000000000000 ) ) ;
#4422 = VERTEX_POINT ( 'NONE', #2623 ) ;
#4423 = ORIENTED_EDGE ( 'NONE', *, *, #7898, .T. ) ;
#4424 = ORIENTED_EDGE ( 'NONE', *, *, #7711, .T. ) ;
#4425 = AXIS2_PLACEMENT_3D ( 'NONE', #2140, #5887, #4037 ) ;
#4426 = AXIS2_PLACEMENT_3D ( 'NONE', #7448, #6459, #1901 ) ;
#4427 = ADVANCED_FACE ( 'NONE', ( #6379 ), #462, .F. ) ;
#4428 = FACE_OUTER_BOUND ( 'NONE', #7859, .T. ) ;
#4429 = ADVANCED_FACE ( 'NONE', ( #3031 ), #1177, .T. ) ;
#4430 = MANIFOLD_SOLID_BREP ( 'Chamfer1', #8237 ) ;
#4431 = CARTESIAN_POINT ( 'NONE',  ( 1.880000000000000560, 0.2000000000000000111, 3.000000000000001776 ) ) ;
#4432 = AXIS2_PLACEMENT_3D ( 'NONE', #8044, #4109, #6887 ) ;
#4433 = EDGE_CURVE ( 'NONE', #4704, #4967, #5629, .T. ) ;
#4434 = CARTESIAN_POINT ( 'NONE',  ( 0.6200000000000003286, 0.2000000000000000111, -3.000000000000001776 ) ) ;
#4435 = EDGE_CURVE ( 'NONE', #6300, #11804, #9626, .T. ) ;
#4436 = DIRECTION ( 'NONE',  ( 0.000000000000000000, -0.000000000000000000, 1.000000000000000000 ) ) ;
#4437 = CARTESIAN_POINT ( 'NONE',  ( 1.879999999999997451, 0.05000000000000000278, 1.896093101649064660E-15 ) ) ;
#4438 = ADVANCED_FACE ( 'NONE', ( #238 ), #6562, .T. ) ;
#4439 = VECTOR ( 'NONE', #1371, 1000.000000000000000 ) ;
#4440 = DIRECTION ( 'NONE',  ( 0.000000000000000000, 0.000000000000000000, -1.000000000000000000 ) ) ;
#4441 = PRESENTATION_LAYER_ASSIGNMENT (  '', '', ( #9749 ) ) ;
#4442 = CARTESIAN_POINT ( 'NONE',  ( -1.379999999999999671, 0.2000000000000000111, -3.000000000000001776 ) ) ;
#4443 = DIRECTION ( 'NONE',  ( 0.000000000000000000, 1.000000000000000000, 0.000000000000000000 ) ) ;
#4444 = AXIS2_PLACEMENT_3D ( 'NONE', #8068, #2470, #2227 ) ;
#4445 = VECTOR ( 'NONE', #10005, 1000.000000000000000 ) ;
#4446 = CARTESIAN_POINT ( 'NONE',  ( -2.120000000000000107, 0.8000833275471003203, 2.570000000000001616 ) ) ;
#4447 = VERTEX_POINT ( 'NONE', #6444 ) ;
#4448 = CARTESIAN_POINT ( 'NONE',  ( 2.570000000000001172, 0.000000000000000000, -1.379999999999999893 ) ) ;
#4449 = ORIENTED_EDGE ( 'NONE', *, *, #3952, .F. ) ;
#4450 = VECTOR ( 'NONE', #11749, 1000.000000000000000 ) ;
#4451 =( NAMED_UNIT ( * ) PLANE_ANGLE_UNIT ( ) SI_UNIT ( $, .RADIAN. ) );
#4452 = VECTOR ( 'NONE', #5907, 1000.000000000000000 ) ;
#4453 = CARTESIAN_POINT ( 'NONE',  ( 2.120000000000000551, 0.04999999999999969746, 3.000000000000001776 ) ) ;
#4454 = LINE ( 'NONE', #6238, #9612 ) ;
#4455 = LINE ( 'NONE', #9265, #8335 ) ;
#4456 = ORIENTED_EDGE ( 'NONE', *, *, #7557, .T. ) ;
#4457 = ORIENTED_EDGE ( 'NONE', *, *, #2004, .T. ) ;
#4458 = DIRECTION ( 'NONE',  ( 0.000000000000000000, 0.000000000000000000, -1.000000000000000000 ) ) ;
#4459 = AXIS2_PLACEMENT_3D ( 'NONE', #10254, #10383, #4582 ) ;
#4460 = AXIS2_PLACEMENT_3D ( 'NONE', #8408, #10075, #12180 ) ;
#4461 = ORIENTED_EDGE ( 'NONE', *, *, #10898, .T. ) ;
#4462 = CARTESIAN_POINT ( 'NONE',  ( 0.3799999999999996714, 0.000000000000000000, -2.570000000000001616 ) ) ;
#4463 = ORIENTED_EDGE ( 'NONE', *, *, #3195, .F. ) ;
#4464 = LINE ( 'NONE', #8276, #10736 ) ;
#4465 = DIRECTION ( 'NONE',  ( 1.000000000000000000, 0.000000000000000000, -0.000000000000000000 ) ) ;
#4466 = CARTESIAN_POINT ( 'NONE',  ( 0.6200000000000003286, 0.1999999999999999833, 2.570000000000001616 ) ) ;
#4467 = DIRECTION ( 'NONE',  ( -1.000000000000000000, 0.000000000000000000, 0.000000000000000000 ) ) ;
#4468 = DIRECTION ( 'NONE',  ( 0.000000000000000000, 0.000000000000000000, -1.000000000000000000 ) ) ;
#4469 = LINE ( 'NONE', #6558, #6361 ) ;
#4470 = AXIS2_PLACEMENT_3D ( 'NONE', #8125, #10167, #8372 ) ;
#4471 = LINE ( 'NONE', #8221, #109 ) ;
#4472 = AXIS2_PLACEMENT_3D ( 'NONE', #6818, #2323, #5944 ) ;
#4473 = ADVANCED_FACE ( 'NONE', ( #9279 ), #6865, .T. ) ;
#4474 = LINE ( 'NONE', #1760, #171 ) ;
#4475 = DIRECTION ( 'NONE',  ( 0.000000000000000000, -1.000000000000000000, 0.000000000000000000 ) ) ;
#4476 = DIRECTION ( 'NONE',  ( 0.000000000000000000, -1.000000000000000000, 0.000000000000000000 ) ) ;
#4477 = ORIENTED_EDGE ( 'NONE', *, *, #4279, .T. ) ;
#4478 = ORIENTED_EDGE ( 'NONE', *, *, #10678, .T. ) ;
#4479 = ORIENTED_EDGE ( 'NONE', *, *, #10846, .T. ) ;
#4480 = EDGE_CURVE ( 'NONE', #9781, #7032, #4535, .T. ) ;
#4481 = ORIENTED_EDGE ( 'NONE', *, *, #6667, .T. ) ;
#4482 = DIRECTION ( 'NONE',  ( 0.000000000000000000, 1.000000000000000000, 0.000000000000000000 ) ) ;
#4483 = MECHANICAL_DESIGN_GEOMETRIC_PRESENTATION_REPRESENTATION (  '', ( #2515 ), #9206 ) ;
#4484 = EDGE_CURVE ( 'NONE', #7537, #10208, #7430, .T. ) ;
#4485 = AXIS2_PLACEMENT_3D ( 'NONE', #9269, #4579, #12039 ) ;
#4486 = DIRECTION ( 'NONE',  ( -0.000000000000000000, 0.000000000000000000, 1.000000000000000000 ) ) ;
#4487 = LINE ( 'NONE', #5463, #5650 ) ;
#4488 = CARTESIAN_POINT ( 'NONE',  ( -0.1200000000000024658, 0.05000000000000000278, 1.210272192541982775E-16 ) ) ;
#4489 = DIRECTION ( 'NONE',  ( 1.000000000000000000, -0.000000000000000000, 5.042800802258162337E-16 ) ) ;
#4490 = LINE ( 'NONE', #7316, #1663 ) ;
#4491 = AXIS2_PLACEMENT_3D ( 'NONE', #4401, #10020, #6437 ) ;
#4492 = ORIENTED_EDGE ( 'NONE', *, *, #2786, .T. ) ;
#4493 = ORIENTED_EDGE ( 'NONE', *, *, #9590, .T. ) ;
#4494 = EDGE_LOOP ( 'NONE', ( #4951, #9268, #975, #5712 ) ) ;
#4495 = EDGE_CURVE ( 'NONE', #11166, #7482, #2688, .T. ) ;
#4496 = EDGE_CURVE ( 'NONE', #5456, #10081, #1477, .T. ) ;
#4497 = DIRECTION ( 'NONE',  ( -0.000000000000000000, -1.000000000000000000, -0.000000000000000000 ) ) ;
#4498 = EDGE_CURVE ( 'NONE', #7688, #9368, #491, .T. ) ;
#4499 = VECTOR ( 'NONE', #9558, 1000.000000000000000 ) ;
#4500 = DIRECTION ( 'NONE',  ( 0.000000000000000000, -1.000000000000000000, 0.000000000000000000 ) ) ;
#4501 = LINE ( 'NONE', #11452, #9784 ) ;
#4502 = CARTESIAN_POINT ( 'NONE',  ( 2.570000000000000284, 0.000000000000000000, -2.000000000000000444 ) ) ;
#4503 = DIRECTION ( 'NONE',  ( 0.000000000000000000, 0.000000000000000000, 1.000000000000000000 ) ) ;
#4504 = CARTESIAN_POINT ( 'NONE',  ( 1.620000000000000329, 0.2000000000000000111, 2.570000000000001616 ) ) ;
#4505 = CARTESIAN_POINT ( 'NONE',  ( 0.000000000000000000, 0.000000000000000000, -2.570000000000001616 ) ) ;
#4506 = CYLINDRICAL_SURFACE ( 'NONE', #10746, 0.1199999999999998845 ) ;
#4507 = EDGE_CURVE ( 'NONE', #1358, #4911, #831, .T. ) ;
#4508 = VECTOR ( 'NONE', #1966, 1000.000000000000000 ) ;
#4509 = ORIENTED_EDGE ( 'NONE', *, *, #3480, .F. ) ;
#4510 = EDGE_CURVE ( 'NONE', #1889, #1337, #3733, .T. ) ;
#4511 = DIRECTION ( 'NONE',  ( -1.000000000000000000, 0.000000000000000000, -5.042800802258162337E-16 ) ) ;
#4512 = ORIENTED_EDGE ( 'NONE', *, *, #11557, .T. ) ;
#4513 = DIRECTION ( 'NONE',  ( 0.000000000000000000, 0.000000000000000000, 1.000000000000000000 ) ) ;
#4514 = VECTOR ( 'NONE', #6810, 1000.000000000000000 ) ;
#4515 = CYLINDRICAL_SURFACE ( 'NONE', #9892, 0.1199999999999998845 ) ;
#4516 = VECTOR ( 'NONE', #9066, 1000.000000000000000 ) ;
#4517 = DIRECTION ( 'NONE',  ( -1.000000000000000000, 0.000000000000000000, 1.445602896647339163E-16 ) ) ;
#4518 = DIRECTION ( 'NONE',  ( 0.000000000000000000, 1.000000000000000000, 0.000000000000000000 ) ) ;
#4519 = CARTESIAN_POINT ( 'NONE',  ( 2.570000000000001172, 0.1999999999999999833, 1.120000000000000107 ) ) ;
#4520 = ORIENTED_EDGE ( 'NONE', *, *, #7900, .F. ) ;
#4521 = CARTESIAN_POINT ( 'NONE',  ( -2.570000000000001172, 0.8000833275471006534, 2.120000000000000551 ) ) ;
#4522 = CIRCLE ( 'NONE', #8852, 0.1199999999999998845 ) ;
#4523 = ORIENTED_EDGE ( 'NONE', *, *, #5810, .T. ) ;
#4524 = CARTESIAN_POINT ( 'NONE',  ( -1.619999999999999440, 0.2000000000000000111, 3.000000000000001776 ) ) ;
#4525 = ORIENTED_EDGE ( 'NONE', *, *, #1347, .F. ) ;
#4526 = SURFACE_STYLE_USAGE ( .BOTH. , #700 ) ;
#4527 = LINE ( 'NONE', #12043, #3086 ) ;
#4528 = LINE ( 'NONE', #10944, #1531 ) ;
#4529 = LINE ( 'NONE', #11866, #8363 ) ;
#4530 = DIRECTION ( 'NONE',  ( 0.000000000000000000, 0.000000000000000000, 1.000000000000000000 ) ) ;
#4531 = DIRECTION ( 'NONE',  ( 0.000000000000000000, 1.000000000000000000, 0.000000000000000000 ) ) ;
#4532 = FACE_OUTER_BOUND ( 'NONE', #1484, .T. ) ;
#4533 = LINE ( 'NONE', #9332, #2538 ) ;
#4534 = CARTESIAN_POINT ( 'NONE',  ( -3.000000000000000888, 0.2000000000000005107, -0.3799999999999996714 ) ) ;
#4535 = LINE ( 'NONE', #12050, #85 ) ;
#4536 = ORIENTED_EDGE ( 'NONE', *, *, #12066, .T. ) ;
#4537 = VERTEX_POINT ( 'NONE', #8412 ) ;
#4538 = ORIENTED_EDGE ( 'NONE', *, *, #11809, .F. ) ;
#4539 = VERTEX_POINT ( 'NONE', #10324 ) ;
#4540 = CARTESIAN_POINT ( 'NONE',  ( -2.570000000000001172, 0.05000000000000002359, -2.000000000000000000 ) ) ;
#4541 = ADVANCED_FACE ( 'NONE', ( #3344 ), #8883, .T. ) ;
#4542 = DIRECTION ( 'NONE',  ( 0.000000000000000000, -0.000000000000000000, -1.000000000000000000 ) ) ;
#4543 = CARTESIAN_POINT ( 'NONE',  ( -2.119999999999999662, 0.000000000000000000, 3.000000000000001776 ) ) ;
#4544 = DIRECTION ( 'NONE',  ( -0.000000000000000000, 0.000000000000000000, 1.000000000000000000 ) ) ;
#4545 = DIRECTION ( 'NONE',  ( 0.000000000000000000, -1.000000000000000000, 0.000000000000000000 ) ) ;
#4546 = DIRECTION ( 'NONE',  ( 0.000000000000000000, -1.000000000000000000, 0.000000000000000000 ) ) ;
#4547 = ADVANCED_FACE ( 'NONE', ( #8823 ), #2181, .F. ) ;
#4548 = CARTESIAN_POINT ( 'NONE',  ( 3.000000000000000888, 0.1999999999999999833, -1.619999999999999885 ) ) ;
#4549 = CARTESIAN_POINT ( 'NONE',  ( -1.619999999999999440, 0.8000833275471003203, -3.000000000000001776 ) ) ;
#4550 = ORIENTED_EDGE ( 'NONE', *, *, #5172, .F. ) ;
#4551 = VERTEX_POINT ( 'NONE', #6923 ) ;
#4552 = VERTEX_POINT ( 'NONE', #6173 ) ;
#4553 = AXIS2_PLACEMENT_3D ( 'NONE', #4905, #5889, #10585 ) ;
#4554 = LINE ( 'NONE', #916, #3049 ) ;
#4555 = DIRECTION ( 'NONE',  ( 1.000000000000000000, 0.000000000000000000, 0.000000000000000000 ) ) ;
#4556 =( NAMED_UNIT ( * ) SI_UNIT ( $, .STERADIAN. ) SOLID_ANGLE_UNIT ( ) );
#4557 = DIRECTION ( 'NONE',  ( 0.000000000000000000, -0.000000000000000000, -1.000000000000000000 ) ) ;
#4558 = LINE ( 'NONE', #11400, #6218 ) ;
#4559 = CARTESIAN_POINT ( 'NONE',  ( 0.3800000000000005596, 0.000000000000000000, -3.000000000000001776 ) ) ;
#4560 = VERTEX_POINT ( 'NONE', #10863 ) ;
#4561 = CARTESIAN_POINT ( 'NONE',  ( 0.000000000000000000, 0.05000000000000000278, 1.380000000000000115 ) ) ;
#4562 = CARTESIAN_POINT ( 'NONE',  ( -3.000000000000000888, 0.000000000000000000, 2.120000000000000551 ) ) ;
#4563 = ADVANCED_FACE ( 'NONE', ( #5122 ), #11843, .F. ) ;
#4564 = ORIENTED_EDGE ( 'NONE', *, *, #9595, .F. ) ;
#4565 = DIRECTION ( 'NONE',  ( -1.000000000000000000, 0.000000000000000000, 1.445602896647339163E-16 ) ) ;
#4566 = ORIENTED_EDGE ( 'NONE', *, *, #50, .F. ) ;
#4567 = EDGE_CURVE ( 'NONE', #11569, #362, #5924, .T. ) ;
#4568 = CARTESIAN_POINT ( 'NONE',  ( -2.570000000000001172, 0.1999999999999999833, -1.500000000000000000 ) ) ;
#4569 = AXIS2_PLACEMENT_3D ( 'NONE', #8985, #9974, #4362 ) ;
#4570 = SURFACE_SIDE_STYLE ('',( #11852 ) ) ;
#4571 = DIRECTION ( 'NONE',  ( -1.000000000000000000, 0.000000000000000000, 0.000000000000000000 ) ) ;
#4572 = CARTESIAN_POINT ( 'NONE',  ( -1.749999999999997558, 5.998275605729689097, -2.050000000000000266 ) ) ;
#4573 = CYLINDRICAL_SURFACE ( 'NONE', #6580, 0.1199999999999999956 ) ;
#4574 = ADVANCED_FACE ( 'NONE', ( #431 ), #2418, .T. ) ;
#4575 = ORIENTED_EDGE ( 'NONE', *, *, #7955, .T. ) ;
#4576 = CARTESIAN_POINT ( 'NONE',  ( -2.570000000000001172, 0.8000833275471006534, -2.000000000000000000 ) ) ;
#4577 = CIRCLE ( 'NONE', #4376, 0.1199999999999998845 ) ;
#4578 = ORIENTED_EDGE ( 'NONE', *, *, #12124, .T. ) ;
#4579 = DIRECTION ( 'NONE',  ( 0.000000000000000000, 1.000000000000000000, 0.000000000000000000 ) ) ;
#4580 = ORIENTED_EDGE ( 'NONE', *, *, #9026, .F. ) ;
#4581 = LINE ( 'NONE', #10017, #5409 ) ;
#4582 = DIRECTION ( 'NONE',  ( 0.000000000000000000, -0.000000000000000000, -1.000000000000000000 ) ) ;
#4583 = LINE ( 'NONE', #8339, #6204 ) ;
#4584 = EDGE_CURVE ( 'NONE', #3653, #10640, #6003, .T. ) ;
#4585 = CARTESIAN_POINT ( 'NONE',  ( 2.120000000000000551, 0.000000000000000000, 2.570000000000001616 ) ) ;
#4586 = CARTESIAN_POINT ( 'NONE',  ( 2.570000000000001172, 0.8000833275471006534, -0.8799999999999998934 ) ) ;
#4587 = DIRECTION ( 'NONE',  ( 0.000000000000000000, -0.000000000000000000, 1.000000000000000000 ) ) ;
#4588 = AXIS2_PLACEMENT_3D ( 'NONE', #6719, #5655, #12145 ) ;
#4589 = DIRECTION ( 'NONE',  ( 0.000000000000000000, -1.000000000000000000, 0.000000000000000000 ) ) ;
#4590 = DIRECTION ( 'NONE',  ( -0.000000000000000000, -1.000000000000000000, -0.000000000000000000 ) ) ;
#4591 = ORIENTED_EDGE ( 'NONE', *, *, #5176, .T. ) ;
#4592 = ORIENTED_EDGE ( 'NONE', *, *, #3865, .T. ) ;
#4593 = ORIENTED_EDGE ( 'NONE', *, *, #5283, .T. ) ;
#4594 = ORIENTED_EDGE ( 'NONE', *, *, #11286, .F. ) ;
#4595 = FACE_OUTER_BOUND ( 'NONE', #1865, .T. ) ;
#4596 = ORIENTED_EDGE ( 'NONE', *, *, #7173, .T. ) ;
#4597 = CIRCLE ( 'NONE', #3415, 0.1199999999999998845 ) ;
#4598 = PLANE ( 'NONE',  #2266 ) ;
#4599 = EDGE_CURVE ( 'NONE', #7268, #6504, #1883, .T. ) ;
#4600 = DIRECTION ( 'NONE',  ( 0.000000000000000000, 0.000000000000000000, -1.000000000000000000 ) ) ;
#4601 = DIRECTION ( 'NONE',  ( 0.000000000000000000, -1.000000000000000000, 0.000000000000000000 ) ) ;
#4602 = LINE ( 'NONE', #9345, #11851 ) ;
#4603 = CARTESIAN_POINT ( 'NONE',  ( -1.119999999999999440, 0.2000000000000000111, 3.000000000000001776 ) ) ;
#4604 = CARTESIAN_POINT ( 'NONE',  ( 2.570000000000000284, 0.000000000000000000, 1.999999999999999556 ) ) ;
#4605 = DIRECTION ( 'NONE',  ( 0.000000000000000000, 0.000000000000000000, 1.000000000000000000 ) ) ;
#4606 = VECTOR ( 'NONE', #9315, 1000.000000000000000 ) ;
#4607 = VERTEX_POINT ( 'NONE', #9004 ) ;
#4608 = EDGE_CURVE ( 'NONE', #4704, #1267, #11784, .T. ) ;
#4609 = ORIENTED_EDGE ( 'NONE', *, *, #7850, .F. ) ;
#4610 = ORIENTED_EDGE ( 'NONE', *, *, #10087, .T. ) ;
#4611 = EDGE_CURVE ( 'NONE', #5998, #12082, #7046, .T. ) ;
#4612 = LINE ( 'NONE', #10101, #3250 ) ;
#4613 = AXIS2_PLACEMENT_3D ( 'NONE', #675, #4443, #11968 ) ;
#4614 = VECTOR ( 'NONE', #4995, 1000.000000000000000 ) ;
#4615 = PLANE ( 'NONE',  #5422 ) ;
#4616 = LINE ( 'NONE', #6289, #7414 ) ;
#4617 = CARTESIAN_POINT ( 'NONE',  ( 3.000000000000000888, 0.1999999999999999833, 1.380000000000000115 ) ) ;
#4618 = FACE_OUTER_BOUND ( 'NONE', #5469, .T. ) ;
#4619 = CARTESIAN_POINT ( 'NONE',  ( 3.000000000000000888, 0.000000000000000000, -1.119999999999999885 ) ) ;
#4620 = EDGE_LOOP ( 'NONE', ( #4118, #1567, #11915, #2452 ) ) ;
#4621 = DIRECTION ( 'NONE',  ( 0.000000000000000000, 0.000000000000000000, -1.000000000000000000 ) ) ;
#4622 = AXIS2_PLACEMENT_3D ( 'NONE', #4966, #11685, #3251 ) ;
#4623 = CARTESIAN_POINT ( 'NONE',  ( -2.000000000000000000, 0.000000000000000000, 2.450000000000001510 ) ) ;
#4624 = EDGE_CURVE ( 'NONE', #8287, #11587, #10805, .T. ) ;
#4625 = AXIS2_PLACEMENT_3D ( 'NONE', #6436, #2747, #2616 ) ;
#4626 = ORIENTED_EDGE ( 'NONE', *, *, #1568, .F. ) ;
#4627 = PLANE ( 'NONE',  #9378 ) ;
#4628 = VERTEX_POINT ( 'NONE', #4996 ) ;
#4629 =( GEOMETRIC_REPRESENTATION_CONTEXT ( 3 ) GLOBAL_UNCERTAINTY_ASSIGNED_CONTEXT ( ( #9967 ) ) GLOBAL_UNIT_ASSIGNED_CONTEXT ( ( #1960, #7731, #963 ) ) REPRESENTATION_CONTEXT ( 'NONE', 'WORKASPACE' ) );
#4630 =( GEOMETRIC_REPRESENTATION_CONTEXT ( 3 ) GLOBAL_UNCERTAINTY_ASSIGNED_CONTEXT ( ( #8859 ) ) GLOBAL_UNIT_ASSIGNED_CONTEXT ( ( #5481, #6296, #1545 ) ) REPRESENTATION_CONTEXT ( 'NONE', 'WORKASPACE' ) );
#4631 = CARTESIAN_POINT ( 'NONE',  ( -0.8799999999999996714, 0.000000000000000000, 3.000000000000001776 ) ) ;
#4632 = CARTESIAN_POINT ( 'NONE',  ( -1.500000000000000000, 0.2000000000000000111, 2.570000000000001616 ) ) ;
#4633 = FACE_OUTER_BOUND ( 'NONE', #10190, .T. ) ;
#4634 = DIRECTION ( 'NONE',  ( 0.000000000000000000, -0.000000000000000000, 1.000000000000000000 ) ) ;
#4635 = AXIS2_PLACEMENT_3D ( 'NONE', #8575, #11288, #4752 ) ;
#4636 = VERTEX_POINT ( 'NONE', #4320 ) ;
#4637 =( GEOMETRIC_REPRESENTATION_CONTEXT ( 3 ) GLOBAL_UNCERTAINTY_ASSIGNED_CONTEXT ( ( #3317 ) ) GLOBAL_UNIT_ASSIGNED_CONTEXT ( ( #5800, #8401, #130 ) ) REPRESENTATION_CONTEXT ( 'NONE', 'WORKASPACE' ) );
#4638 = PLANE ( 'NONE',  #11396 ) ;
#4639 = ORIENTED_EDGE ( 'NONE', *, *, #2093, .T. ) ;
#4640 = DIRECTION ( 'NONE',  ( 0.000000000000000000, -0.000000000000000000, 1.000000000000000000 ) ) ;
#4641 = VECTOR ( 'NONE', #5947, 1000.000000000000000 ) ;
#4642 = ORIENTED_EDGE ( 'NONE', *, *, #7445, .T. ) ;
#4643 = CIRCLE ( 'NONE', #9567, 0.1199999999999998845 ) ;
#4644 = EDGE_CURVE ( 'NONE', #11435, #4628, #9867, .T. ) ;
#4645 = EDGE_CURVE ( 'NONE', #8119, #7480, #8078, .T. ) ;
#4646 = DIRECTION ( 'NONE',  ( 0.000000000000000000, 0.000000000000000000, 1.000000000000000000 ) ) ;
#4647 = DIRECTION ( 'NONE',  ( 0.000000000000000000, 1.000000000000000000, 0.000000000000000000 ) ) ;
#4648 = PLANE ( 'NONE',  #5264 ) ;
#4649 = FACE_OUTER_BOUND ( 'NONE', #9075, .T. ) ;
#4650 = DIRECTION ( 'NONE',  ( 0.000000000000000000, -1.000000000000000000, 0.000000000000000000 ) ) ;
#4651 = DIRECTION ( 'NONE',  ( 0.000000000000000000, 0.000000000000000000, 1.000000000000000000 ) ) ;
#4652 = DIRECTION ( 'NONE',  ( 0.000000000000000000, 0.000000000000000000, -1.000000000000000000 ) ) ;
#4653 = CARTESIAN_POINT ( 'NONE',  ( 2.120000000000000551, 0.1999999999999999833, 3.000000000000001776 ) ) ;
#4654 = CIRCLE ( 'NONE', #11150, 0.1199999999999998845 ) ;
#4655 = ORIENTED_EDGE ( 'NONE', *, *, #5995, .F. ) ;
#4656 = AXIS2_PLACEMENT_3D ( 'NONE', #1694, #5450, #3602 ) ;
#4657 = ADVANCED_FACE ( 'NONE', ( #8939 ), #307, .F. ) ;
#4658 = ORIENTED_EDGE ( 'NONE', *, *, #11357, .T. ) ;
#4660 = EDGE_CURVE ( 'NONE', #1068, #6482, #4083, .T. ) ;
#4659 = EDGE_LOOP ( 'NONE', ( #9340, #12113, #3236, #11089, #7944 ) ) ;
#4661 = ORIENTED_EDGE ( 'NONE', *, *, #1342, .F. ) ;
#4662 = DIRECTION ( 'NONE',  ( -0.000000000000000000, 0.000000000000000000, 1.000000000000000000 ) ) ;
#4663 = ADVANCED_FACE ( 'NONE', ( #10679 ), #6977, .F. ) ;
#4664 = VERTEX_POINT ( 'NONE', #10740 ) ;
#4665 = EDGE_CURVE ( 'NONE', #5093, #1104, #5353, .T. ) ;
#4666 = AXIS2_PLACEMENT_3D ( 'NONE', #2590, #3510, #7458 ) ;
#4667 = CARTESIAN_POINT ( 'NONE',  ( -1.119999999999999440, 0.000000000000000000, 3.000000000000001776 ) ) ;
#4668 = FACE_OUTER_BOUND ( 'NONE', #5180, .T. ) ;
#4669 = DIRECTION ( 'NONE',  ( -1.000000000000000000, 0.000000000000000000, 0.000000000000000000 ) ) ;
#4670 = SURFACE_STYLE_USAGE ( .BOTH. , #2017 ) ;
#4671 = LINE ( 'NONE', #10278, #566 ) ;
#4672 = DIRECTION ( 'NONE',  ( -1.008560160451631481E-15, 0.000000000000000000, 1.000000000000000000 ) ) ;
#4673 = ORIENTED_EDGE ( 'NONE', *, *, #4088, .F. ) ;
#4674 = EDGE_LOOP ( 'NONE', ( #3931, #5257, #6308, #2907 ) ) ;
#4675 = AXIS2_PLACEMENT_3D ( 'NONE', #8113, #8172, #11883 ) ;
#4676 = AXIS2_PLACEMENT_3D ( 'NONE', #5311, #2499, #6249 ) ;
#4677 = ORIENTED_EDGE ( 'NONE', *, *, #7852, .F. ) ;
#4678 = CARTESIAN_POINT ( 'NONE',  ( 2.570000000000000284, 0.000000000000000000, -0.5000000000000004441 ) ) ;
#4679 = MANIFOLD_SOLID_BREP ( 'LPattern4[11]', #754 ) ;
#4680 = FACE_OUTER_BOUND ( 'NONE', #730, .T. ) ;
#4681 = LINE ( 'NONE', #3757, #924 ) ;
#4682 = AXIS2_PLACEMENT_3D ( 'NONE', #4348, #9451, #3968 ) ;
#4683 = LINE ( 'NONE', #1789, #1432 ) ;
#4684 = LINE ( 'NONE', #7637, #10764 ) ;
#4685 = CIRCLE ( 'NONE', #4553, 0.1199999999999998845 ) ;
#4686 = CARTESIAN_POINT ( 'NONE',  ( -2.000000000000000000, 0.2000000000000000111, 2.570000000000001616 ) ) ;
#4687 = ORIENTED_EDGE ( 'NONE', *, *, #2252, .F. ) ;
#4688 = PLANE ( 'NONE',  #6409 ) ;
#4689 = ORIENTED_EDGE ( 'NONE', *, *, #2782, .T. ) ;
#4690 = LINE ( 'NONE', #8313, #10821 ) ;
#4691 = AXIS2_PLACEMENT_3D ( 'NONE', #7769, #7708, #1117 ) ;
#4692 = VERTEX_POINT ( 'NONE', #2537 ) ;
#4693 = CARTESIAN_POINT ( 'NONE',  ( -3.000000000000000888, 0.8000833275471006534, -1.379999999999999671 ) ) ;
#4694 = ORIENTED_EDGE ( 'NONE', *, *, #10280, .F. ) ;
#4695 = LINE ( 'NONE', #7589, #1219 ) ;
#4696 = DIRECTION ( 'NONE',  ( 0.000000000000000000, 0.000000000000000000, -1.000000000000000000 ) ) ;
#4697 = EDGE_CURVE ( 'NONE', #346, #10358, #7397, .T. ) ;
#4698 = LINE ( 'NONE', #8457, #7642 ) ;
#4699 = CARTESIAN_POINT ( 'NONE',  ( 3.000000000000000888, 0.000000000000000000, -0.6199999999999998845 ) ) ;
#4700 = ADVANCED_FACE ( 'NONE', ( #8379 ), #4506, .T. ) ;
#4701 = AXIS2_PLACEMENT_3D ( 'NONE', #5894, #10464, #2080 ) ;
#4702 = ORIENTED_EDGE ( 'NONE', *, *, #8942, .T. ) ;
#4703 = CARTESIAN_POINT ( 'NONE',  ( 2.570000000000000284, 0.1999999999999999833, -4.336808689942017736E-16 ) ) ;
#4704 = VERTEX_POINT ( 'NONE', #11046 ) ;
#4705 = VECTOR ( 'NONE', #3847, 1000.000000000000000 ) ;
#4706 = ORIENTED_EDGE ( 'NONE', *, *, #5238, .F. ) ;
#4707 = CIRCLE ( 'NONE', #11605, 0.1199999999999999956 ) ;
#4708 = CARTESIAN_POINT ( 'NONE',  ( -3.000000000000000888, 0.000000000000000000, -1.119999999999999885 ) ) ;
#4709 = CARTESIAN_POINT ( 'NONE',  ( -0.3799999999999996714, 0.000000000000000000, 3.000000000000001776 ) ) ;
#4710 = LINE ( 'NONE', #192, #1933 ) ;
#4711 = DIRECTION ( 'NONE',  ( 0.000000000000000000, 0.000000000000000000, -1.000000000000000000 ) ) ;
#4712 = LINE ( 'NONE', #3784, #5836 ) ;
#4713 = DIRECTION ( 'NONE',  ( 1.000000000000000000, -0.000000000000000000, 0.000000000000000000 ) ) ;
#4714 = DIRECTION ( 'NONE',  ( -0.000000000000000000, -1.000000000000000000, -0.000000000000000000 ) ) ;
#4715 = ORIENTED_EDGE ( 'NONE', *, *, #6730, .F. ) ;
#4716 = VECTOR ( 'NONE', #5851, 1000.000000000000000 ) ;
#4717 = EDGE_CURVE ( 'NONE', #4967, #8725, #1793, .T. ) ;
#4718 = ORIENTED_EDGE ( 'NONE', *, *, #7582, .T. ) ;
#4719 = ORIENTED_EDGE ( 'NONE', *, *, #10916, .F. ) ;
#4720 = ORIENTED_EDGE ( 'NONE', *, *, #6098, .T. ) ;
#4721 = CARTESIAN_POINT ( 'NONE',  ( 1.120000000000000329, 0.1999999999999999833, 3.000000000000001776 ) ) ;
#4722 = ADVANCED_FACE ( 'NONE', ( #2722 ), #9123, .F. ) ;
#4723 = EDGE_CURVE ( 'NONE', #2485, #2768, #10116, .T. ) ;
#4724 = VERTEX_POINT ( 'NONE', #3575 ) ;
#4725 = FILL_AREA_STYLE ('',( #6754 ) ) ;
#4726 = DIRECTION ( 'NONE',  ( 0.000000000000000000, 1.000000000000000000, -0.000000000000000000 ) ) ;
#4727 = CARTESIAN_POINT ( 'NONE',  ( 0.6200000000000003286, 0.8000833275471003203, 3.000000000000001776 ) ) ;
#4728 = CARTESIAN_POINT ( 'NONE',  ( -2.119999999999999662, 0.2000000000000000111, -3.000000000000001776 ) ) ;
#4729 = ADVANCED_FACE ( 'NONE', ( #6476 ), #6411, .T. ) ;
#4730 = PRESENTATION_STYLE_ASSIGNMENT (( #5702 ) ) ;
#4731 = DIRECTION ( 'NONE',  ( 0.000000000000000000, -1.000000000000000000, 0.000000000000000000 ) ) ;
#4732 = LINE ( 'NONE', #9472, #4819 ) ;
#4733 = ORIENTED_EDGE ( 'NONE', *, *, #5034, .F. ) ;
#4734 = EDGE_CURVE ( 'NONE', #10138, #8568, #7958, .T. ) ;
#4735 = ORIENTED_EDGE ( 'NONE', *, *, #1704, .F. ) ;
#4736 = EDGE_LOOP ( 'NONE', ( #10577, #7094, #10457, #3551 ) ) ;
#4737 = VERTEX_POINT ( 'NONE', #8312 ) ;
#4738 = EDGE_CURVE ( 'NONE', #1280, #11130, #9063, .T. ) ;
#4739 = CARTESIAN_POINT ( 'NONE',  ( -2.570000000000001172, 0.8000833275471006534, 1.120000000000000107 ) ) ;
#4740 = CARTESIAN_POINT ( 'NONE',  ( -2.570000000000001172, 0.000000000000000000, 0.6200000000000001066 ) ) ;
#4741 = DIRECTION ( 'NONE',  ( 0.000000000000000000, 1.000000000000000000, 0.000000000000000000 ) ) ;
#4742 = DIRECTION ( 'NONE',  ( -0.000000000000000000, -1.000000000000000000, -0.000000000000000000 ) ) ;
#4743 = ORIENTED_EDGE ( 'NONE', *, *, #8567, .F. ) ;
#4744 = CARTESIAN_POINT ( 'NONE',  ( -2.570000000000001172, 0.000000000000000000, -1.000000000000000000 ) ) ;
#4745 = ORIENTED_EDGE ( 'NONE', *, *, #10834, .T. ) ;
#4746 = CARTESIAN_POINT ( 'NONE',  ( -1.120000000000002549, 0.05000000000000000278, -1.129587379705829783E-15 ) ) ;
#4747 = ORIENTED_EDGE ( 'NONE', *, *, #9929, .F. ) ;
#4748 = DIRECTION ( 'NONE',  ( 0.000000000000000000, -0.000000000000000000, 1.000000000000000000 ) ) ;
#4749 = ORIENTED_EDGE ( 'NONE', *, *, #2536, .F. ) ;
#4750 = FACE_OUTER_BOUND ( 'NONE', #11846, .T. ) ;
#4751 = CARTESIAN_POINT ( 'NONE',  ( -3.000000000000000888, 0.000000000000000000, -1.379999999999999671 ) ) ;
#4752 = DIRECTION ( 'NONE',  ( 1.000000000000000000, 0.000000000000000000, -0.000000000000000000 ) ) ;
#4753 = DIRECTION ( 'NONE',  ( -0.000000000000000000, -1.000000000000000000, -0.000000000000000000 ) ) ;
#4754 = LINE ( 'NONE', #11290, #4018 ) ;
#4755 = EDGE_CURVE ( 'NONE', #1513, #7361, #8253, .T. ) ;
#4756 = ADVANCED_FACE ( 'NONE', ( #5421 ), #9194, .T. ) ;
#4757 = VERTEX_POINT ( 'NONE', #2654 ) ;
#4758 = DIRECTION ( 'NONE',  ( 0.000000000000000000, -0.000000000000000000, 1.000000000000000000 ) ) ;
#4759 = ORIENTED_EDGE ( 'NONE', *, *, #11433, .T. ) ;
#4760 = EDGE_CURVE ( 'NONE', #9759, #1410, #11223, .T. ) ;
#4761 = ORIENTED_EDGE ( 'NONE', *, *, #10857, .T. ) ;
#4762 = DIRECTION ( 'NONE',  ( 0.000000000000000000, 1.000000000000000000, -0.000000000000000000 ) ) ;
#4763 = CARTESIAN_POINT ( 'NONE',  ( 0.6200000000000003286, 0.2000000000000000111, 2.570000000000001616 ) ) ;
#4764 = CARTESIAN_POINT ( 'NONE',  ( -1.619999999999999440, 0.000000000000000000, 3.000000000000001776 ) ) ;
#4765 = CARTESIAN_POINT ( 'NONE',  ( 2.570000000000001172, 0.1999999999999999833, -0.1200000000000003147 ) ) ;
#4766 = CARTESIAN_POINT ( 'NONE',  ( 2.000000000000000000, 0.2000000000000000111, 2.570000000000001616 ) ) ;
#4767 = CYLINDRICAL_SURFACE ( 'NONE', #5052, 0.1199999999999998845 ) ;
#4768 = LINE ( 'NONE', #7609, #6879 ) ;
#4769 = VECTOR ( 'NONE', #1871, 1000.000000000000000 ) ;
#4770 = ORIENTED_EDGE ( 'NONE', *, *, #3379, .F. ) ;
#4771 = VERTEX_POINT ( 'NONE', #5722 ) ;
#4772 = ORIENTED_EDGE ( 'NONE', *, *, #11515, .T. ) ;
#4773 = VERTEX_POINT ( 'NONE', #42 ) ;
#4774 = DIRECTION ( 'NONE',  ( 0.000000000000000000, 0.000000000000000000, 1.000000000000000000 ) ) ;
#4775 = ORIENTED_EDGE ( 'NONE', *, *, #3966, .T. ) ;
#4776 = VECTOR ( 'NONE', #8689, 1000.000000000000000 ) ;
#4777 = DIRECTION ( 'NONE',  ( -1.000000000000000000, 0.000000000000000000, 0.000000000000000000 ) ) ;
#4778 = CARTESIAN_POINT ( 'NONE',  ( -0.5000000000000000000, 0.04999999999999999584, 2.570000000000001616 ) ) ;
#4779 = PLANE ( 'NONE',  #227 ) ;
#4780 = FACE_OUTER_BOUND ( 'NONE', #5876, .T. ) ;
#4781 = FACE_OUTER_BOUND ( 'NONE', #790, .T. ) ;
#4782 = DIRECTION ( 'NONE',  ( 0.000000000000000000, 0.000000000000000000, -1.000000000000000000 ) ) ;
#4783 = ORIENTED_EDGE ( 'NONE', *, *, #3376, .F. ) ;
#4784 = ORIENTED_EDGE ( 'NONE', *, *, #7522, .T. ) ;
#4785 = ORIENTED_EDGE ( 'NONE', *, *, #4851, .T. ) ;
#4786 = VECTOR ( 'NONE', #12047, 1000.000000000000000 ) ;
#4787 = ORIENTED_EDGE ( 'NONE', *, *, #9103, .F. ) ;
#4788 = EDGE_CURVE ( 'NONE', #4737, #289, #7517, .T. ) ;
#4789 = PLANE ( 'NONE',  #5003 ) ;
#4790 = CARTESIAN_POINT ( 'NONE',  ( -2.000000000000000000, 0.8000833275471003203, 2.570000000000001616 ) ) ;
#4791 = ADVANCED_FACE ( 'NONE', ( #2902 ), #4688, .T. ) ;
#4792 = DIRECTION ( 'NONE',  ( 0.000000000000000000, 0.000000000000000000, 1.000000000000000000 ) ) ;
#4793 = EDGE_CURVE ( 'NONE', #8378, #11434, #1982, .T. ) ;
#4794 = FACE_OUTER_BOUND ( 'NONE', #3673, .T. ) ;
#4795 = VECTOR ( 'NONE', #10185, 1000.000000000000000 ) ;
#4796 = LINE ( 'NONE', #4740, #4383 ) ;
#4797 = DIRECTION ( 'NONE',  ( -0.000000000000000000, -1.000000000000000000, -0.000000000000000000 ) ) ;
#4798 = CARTESIAN_POINT ( 'NONE',  ( 1.500000000000000000, 0.1999999999999999833, 2.570000000000001616 ) ) ;
#4799 = ORIENTED_EDGE ( 'NONE', *, *, #10083, .F. ) ;
#4800 = ORIENTED_EDGE ( 'NONE', *, *, #8075, .T. ) ;
#4801 = ADVANCED_FACE ( 'NONE', ( #9485 ), #2834, .T. ) ;
#4802 = LINE ( 'NONE', #6780, #172 ) ;
#4803 = VECTOR ( 'NONE', #5290, 1000.000000000000000 ) ;
#4804 = EDGE_CURVE ( 'NONE', #5736, #1717, #8504, .T. ) ;
#4805 = AXIS2_PLACEMENT_3D ( 'NONE', #4504, #9121, #3573 ) ;
#4806 = EDGE_LOOP ( 'NONE', ( #4076, #5099, #7085, #1849 ) ) ;
#4807 = ADVANCED_FACE ( 'NONE', ( #7463 ), #1916, .F. ) ;
#4808 = LINE ( 'NONE', #7829, #2253 ) ;
#4809 = EDGE_CURVE ( 'NONE', #11004, #8530, #10293, .T. ) ;
#4810 = ORIENTED_EDGE ( 'NONE', *, *, #11958, .T. ) ;
#4811 = FACE_OUTER_BOUND ( 'NONE', #6833, .T. ) ;
#4812 = EDGE_CURVE ( 'NONE', #10430, #3622, #10359, .T. ) ;
#4813 = CARTESIAN_POINT ( 'NONE',  ( -1.879999999999999671, 0.2000000000000000111, -3.000000000000001776 ) ) ;
#4814 = DIRECTION ( 'NONE',  ( 0.000000000000000000, -0.000000000000000000, 1.000000000000000000 ) ) ;
#4815 = MECHANICAL_DESIGN_GEOMETRIC_PRESENTATION_REPRESENTATION (  '', ( #3830 ), #3634 ) ;
#4816 = AXIS2_PLACEMENT_3D ( 'NONE', #8861, #10784, #3196 ) ;
#4817 = LINE ( 'NONE', #4572, #10209 ) ;
#4818 = FACE_OUTER_BOUND ( 'NONE', #3208, .T. ) ;
#4819 = VECTOR ( 'NONE', #1027, 1000.000000000000000 ) ;
#4820 = EDGE_CURVE ( 'NONE', #4757, #9725, #10549, .T. ) ;
#4821 = CARTESIAN_POINT ( 'NONE',  ( 0.6200000000000003286, 0.1999999999999999833, -3.000000000000001776 ) ) ;
#4822 = ORIENTED_EDGE ( 'NONE', *, *, #8323, .T. ) ;
#4823 = ORIENTED_EDGE ( 'NONE', *, *, #4484, .T. ) ;
#4824 = VECTOR ( 'NONE', #4476, 1000.000000000000000 ) ;
#4825 = CARTESIAN_POINT ( 'NONE',  ( 2.999999999999999112, 0.05000000000000000278, 2.999999999999998224 ) ) ;
#4826 = STYLED_ITEM ( 'NONE', ( #6958 ), #8764 ) ;
#4827 = VECTOR ( 'NONE', #824, 1000.000000000000000 ) ;
#4828 = LINE ( 'NONE', #66, #8757 ) ;
#4829 = LINE ( 'NONE', #1945, #10796 ) ;
#4830 = CARTESIAN_POINT ( 'NONE',  ( -3.000000000000000888, 0.8000833275471006534, -1.119999999999999885 ) ) ;
#4831 = DIRECTION ( 'NONE',  ( 1.000000000000000000, 0.000000000000000000, -1.008560160451631481E-15 ) ) ;
#4832 = CYLINDRICAL_SURFACE ( 'NONE', #11019, 0.1199999999999998845 ) ;
#4833 = DIRECTION ( 'NONE',  ( 1.000000000000000000, 0.000000000000000000, 0.000000000000000000 ) ) ;
#4834 = VECTOR ( 'NONE', #11647, 1000.000000000000000 ) ;
#4835 = VERTEX_POINT ( 'NONE', #8627 ) ;
#4836 = EDGE_LOOP ( 'NONE', ( #5911, #8479, #5969, #107, #7916 ) ) ;
#4837 = VERTEX_POINT ( 'NONE', #5854 ) ;
#4838 = CIRCLE ( 'NONE', #8174, 0.1199999999999998845 ) ;
#4839 = VERTEX_POINT ( 'NONE', #5727 ) ;
#4840 = FACE_OUTER_BOUND ( 'NONE', #6723, .T. ) ;
#4841 = ORIENTED_EDGE ( 'NONE', *, *, #2846, .F. ) ;
#4842 =( NAMED_UNIT ( * ) PLANE_ANGLE_UNIT ( ) SI_UNIT ( $, .RADIAN. ) );
#4843 = LINE ( 'NONE', #3861, #2882 ) ;
#4844 = CARTESIAN_POINT ( 'NONE',  ( 2.570000000000001172, 0.8000833275471006534, 0.6200000000000001066 ) ) ;
#4845 = DIRECTION ( 'NONE',  ( 0.000000000000000000, 1.000000000000000000, 0.000000000000000000 ) ) ;
#4846 = SURFACE_STYLE_USAGE ( .BOTH. , #6646 ) ;
#4847 = VECTOR ( 'NONE', #398, 1000.000000000000000 ) ;
#4848 = AXIS2_PLACEMENT_3D ( 'NONE', #9863, #6789, #10554 ) ;
#4849 = CARTESIAN_POINT ( 'NONE',  ( -3.000000000000000888, 0.1999999999999999833, -2.120000000000000107 ) ) ;
#4850 = LINE ( 'NONE', #11145, #2858 ) ;
#4851 = EDGE_CURVE ( 'NONE', #1496, #2769, #2841, .T. ) ;
#4852 = ORIENTED_EDGE ( 'NONE', *, *, #11630, .F. ) ;
#4853 = ORIENTED_EDGE ( 'NONE', *, *, #814, .T. ) ;
#4854 = VERTEX_POINT ( 'NONE', #9549 ) ;
#4855 = EDGE_CURVE ( 'NONE', #8161, #10866, #4808, .T. ) ;
#4856 = VERTEX_POINT ( 'NONE', #5786 ) ;
#4857 = VECTOR ( 'NONE', #5556, 1000.000000000000000 ) ;
#4858 = CARTESIAN_POINT ( 'NONE',  ( 3.000000000000000888, 0.1999999999999999833, 0.3800000000000001155 ) ) ;
#4859 =( LENGTH_UNIT ( ) NAMED_UNIT ( * ) SI_UNIT ( .MILLI., .METRE. ) );
#4860 = CARTESIAN_POINT ( 'NONE',  ( -1.619999999999999440, 0.2000000000000000111, -3.000000000000001776 ) ) ;
#4861 = DIRECTION ( 'NONE',  ( 0.7071067811865465735, 0.000000000000000000, 0.7071067811865485719 ) ) ;
#4862 = DIRECTION ( 'NONE',  ( 1.000000000000000000, 0.000000000000000000, -0.000000000000000000 ) ) ;
#4863 = CARTESIAN_POINT ( 'NONE',  ( -0.1199999999999998845, 0.2000000000000000111, 2.570000000000001616 ) ) ;
#4864 = ORIENTED_EDGE ( 'NONE', *, *, #9654, .F. ) ;
#4865 = AXIS2_PLACEMENT_3D ( 'NONE', #3540, #4340, #7296 ) ;
#4866 = VERTEX_POINT ( 'NONE', #4005 ) ;
#4867 = ADVANCED_FACE ( 'NONE', ( #8509 ), #11346, .F. ) ;
#4868 = ADVANCED_FACE ( 'NONE', ( #4872 ), #11408, .F. ) ;
#4869 = EDGE_CURVE ( 'NONE', #8914, #5612, #6978, .T. ) ;
#4870 = CARTESIAN_POINT ( 'NONE',  ( 0.000000000000000000, 0.2000000000000000111, -2.570000000000001616 ) ) ;
#4871 = ORIENTED_EDGE ( 'NONE', *, *, #7566, .F. ) ;
#4872 = FACE_OUTER_BOUND ( 'NONE', #8316, .T. ) ;
#4873 = AXIS2_PLACEMENT_3D ( 'NONE', #8542, #84, #9831 ) ;
#4874 = ORIENTED_EDGE ( 'NONE', *, *, #2095, .F. ) ;
#4875 = LINE ( 'NONE', #8571, #2766 ) ;
#4876 = VECTOR ( 'NONE', #5397, 1000.000000000000000 ) ;
#4877 = DIRECTION ( 'NONE',  ( -0.000000000000000000, 0.000000000000000000, 1.000000000000000000 ) ) ;
#4878 = DIRECTION ( 'NONE',  ( 0.000000000000000000, 1.000000000000000000, -0.000000000000000000 ) ) ;
#4879 = ADVANCED_FACE ( 'NONE', ( #7585 ), #2170, .T. ) ;
#4880 = CARTESIAN_POINT ( 'NONE',  ( -3.000000000000000888, 0.1999999999999999833, -1.879999999999999671 ) ) ;
#4881 = CARTESIAN_POINT ( 'NONE',  ( 0.8800000000000001155, 0.000000000000000000, 2.570000000000001616 ) ) ;
#4882 = CIRCLE ( 'NONE', #1734, 0.1199999999999998845 ) ;
#4883 = EDGE_CURVE ( 'NONE', #749, #6131, #2906, .T. ) ;
#4884 = LINE ( 'NONE', #999, #11021 ) ;
#4885 = VERTEX_POINT ( 'NONE', #6670 ) ;
#4886 = ORIENTED_EDGE ( 'NONE', *, *, #10041, .T. ) ;
#4887 = FACE_OUTER_BOUND ( 'NONE', #11503, .T. ) ;
#4888 = CIRCLE ( 'NONE', #1343, 0.1199999999999998845 ) ;
#4889 = DIRECTION ( 'NONE',  ( 0.000000000000000000, 1.000000000000000000, 0.000000000000000000 ) ) ;
#4890 = CARTESIAN_POINT ( 'NONE',  ( -3.000000000000000888, 0.000000000000000000, 0.6200000000000003286 ) ) ;
#4891 = LINE ( 'NONE', #10258, #9996 ) ;
#4892 = CARTESIAN_POINT ( 'NONE',  ( 2.570000000000001172, 0.1999999999999999833, -0.3799999999999998934 ) ) ;
#4893 = CARTESIAN_POINT ( 'NONE',  ( 1.620000000000000329, 0.1999999999999999833, 2.570000000000001616 ) ) ;
#4894 = CARTESIAN_POINT ( 'NONE',  ( 3.000000000000000888, 0.000000000000000000, -2.120000000000000107 ) ) ;
#4895 = VERTEX_POINT ( 'NONE', #1110 ) ;
#4896 = ORIENTED_EDGE ( 'NONE', *, *, #5088, .T. ) ;
#4897 = ORIENTED_EDGE ( 'NONE', *, *, #3963, .F. ) ;
#4898 = VECTOR ( 'NONE', #10135, 1000.000000000000000 ) ;
#4899 = CLOSED_SHELL ( 'NONE', ( #10945, #772, #435, #10798, #9656, #2773 ) ) ;
#4900 = VERTEX_POINT ( 'NONE', #1985 ) ;
#4901 = DIRECTION ( 'NONE',  ( 0.000000000000000000, -0.000000000000000000, -1.000000000000000000 ) ) ;
#4902 = VERTEX_POINT ( 'NONE', #6727 ) ;
#4903 = CARTESIAN_POINT ( 'NONE',  ( 3.000000000000000888, 0.000000000000000000, -0.6199999999999998845 ) ) ;
#4904 = DIRECTION ( 'NONE',  ( 1.000000000000000000, 0.000000000000000000, -5.042800802258162337E-16 ) ) ;
#4905 = CARTESIAN_POINT ( 'NONE',  ( 1.000000000000000000, 0.04999999999999999584, 2.570000000000001616 ) ) ;
#4906 = DIRECTION ( 'NONE',  ( 0.000000000000000000, -1.000000000000000000, 0.000000000000000000 ) ) ;
#4907 = VECTOR ( 'NONE', #1011, 1000.000000000000000 ) ;
#4908 = VECTOR ( 'NONE', #10894, 1000.000000000000000 ) ;
#4909 = CARTESIAN_POINT ( 'NONE',  ( 2.570000000000001172, 0.1999999999999999833, -2.120000000000000551 ) ) ;
#4910 = PLANE ( 'NONE',  #5205 ) ;
#4911 = VERTEX_POINT ( 'NONE', #4075 ) ;
#4912 = ORIENTED_EDGE ( 'NONE', *, *, #10310, .T. ) ;
#4913 = ORIENTED_EDGE ( 'NONE', *, *, #4495, .F. ) ;
#4914 = EDGE_CURVE ( 'NONE', #7142, #6506, #10489, .T. ) ;
#4915 = ORIENTED_EDGE ( 'NONE', *, *, #7280, .T. ) ;
#4916 = EDGE_CURVE ( 'NONE', #4028, #4757, #991, .T. ) ;
#4917 = DIRECTION ( 'NONE',  ( 0.000000000000000000, -1.000000000000000000, 0.000000000000000000 ) ) ;
#4918 = EDGE_CURVE ( 'NONE', #3561, #229, #7762, .T. ) ;
#4919 = CARTESIAN_POINT ( 'NONE',  ( -2.000000000000000000, 0.2000000000000000111, -2.570000000000001616 ) ) ;
#4920 = DIRECTION ( 'NONE',  ( 0.000000000000000000, 0.000000000000000000, 1.000000000000000000 ) ) ;
#4921 = DIRECTION ( 'NONE',  ( -1.000000000000000000, 0.000000000000000000, 0.000000000000000000 ) ) ;
#4922 = AXIS2_PLACEMENT_3D ( 'NONE', #177, #3026, #3422 ) ;
#4923 = DIRECTION ( 'NONE',  ( 1.000000000000000000, -0.000000000000000000, 5.042800802258162337E-16 ) ) ;
#4924 = LINE ( 'NONE', #11511, #4452 ) ;
#4925 = CARTESIAN_POINT ( 'NONE',  ( 0.1200000000000000927, 0.1999999999999999833, 2.570000000000001616 ) ) ;
#4926 = VERTEX_POINT ( 'NONE', #7703 ) ;
#4927 = ORIENTED_EDGE ( 'NONE', *, *, #5136, .F. ) ;
#4928 = DIRECTION ( 'NONE',  ( 0.000000000000000000, 0.000000000000000000, 1.000000000000000000 ) ) ;
#4929 = EDGE_LOOP ( 'NONE', ( #5160, #3802, #3523, #8092 ) ) ;
#4930 = CARTESIAN_POINT ( 'NONE',  ( 2.570000000000000284, 0.000000000000000000, -1.000000000000000444 ) ) ;
#4931 = ORIENTED_EDGE ( 'NONE', *, *, #6988, .T. ) ;
#4932 = CARTESIAN_POINT ( 'NONE',  ( 3.000000000000000888, 0.000000000000000000, -0.3799999999999996714 ) ) ;
#4933 = FACE_OUTER_BOUND ( 'NONE', #6999, .T. ) ;
#4934 = PLANE ( 'NONE',  #11869 ) ;
#4935 = FACE_OUTER_BOUND ( 'NONE', #2152, .T. ) ;
#4936 = CARTESIAN_POINT ( 'NONE',  ( 1.500000000000000000, 0.000000000000000000, 2.570000000000001616 ) ) ;
#4937 = DIRECTION ( 'NONE',  ( 1.008560160451631481E-15, 0.000000000000000000, -1.000000000000000000 ) ) ;
#4938 = CARTESIAN_POINT ( 'NONE',  ( -1.879999999999999671, 0.1999999999999999833, -2.570000000000001616 ) ) ;
#4939 = VERTEX_POINT ( 'NONE', #11461 ) ;
#4940 = ADVANCED_FACE ( 'NONE', ( #3023 ), #6784, .F. ) ;
#4941 = ORIENTED_EDGE ( 'NONE', *, *, #12185, .T. ) ;
#4942 = FILL_AREA_STYLE ('',( #1183 ) ) ;
#4943 = CARTESIAN_POINT ( 'NONE',  ( 2.570000000000001172, 0.05000000000000002359, -0.8799999999999998934 ) ) ;
#4944 = ADVANCED_FACE ( 'NONE', ( #1167 ), #6853, .T. ) ;
#4945 = DIRECTION ( 'NONE',  ( 0.000000000000000000, -0.000000000000000000, 1.000000000000000000 ) ) ;
#4946 = LINE ( 'NONE', #318, #9214 ) ;
#4947 = CARTESIAN_POINT ( 'NONE',  ( 1.380000000000000560, 0.8000833275471003203, -3.000000000000001776 ) ) ;
#4948 = DIRECTION ( 'NONE',  ( 0.000000000000000000, -0.000000000000000000, 1.000000000000000000 ) ) ;
#4949 = ORIENTED_EDGE ( 'NONE', *, *, #2536, .T. ) ;
#4950 = ORIENTED_EDGE ( 'NONE', *, *, #1405, .T. ) ;
#4951 = ORIENTED_EDGE ( 'NONE', *, *, #8322, .T. ) ;
#4952 = VECTOR ( 'NONE', #1506, 1000.000000000000000 ) ;
#4953 = ORIENTED_EDGE ( 'NONE', *, *, #4624, .F. ) ;
#4954 = DIRECTION ( 'NONE',  ( -0.000000000000000000, -1.000000000000000000, -0.000000000000000000 ) ) ;
#4955 = EDGE_LOOP ( 'NONE', ( #4001, #10743, #2063, #5079 ) ) ;
#4956 = EDGE_CURVE ( 'NONE', #9727, #6, #8744, .T. ) ;
#4957 = SURFACE_SIDE_STYLE ('',( #5140 ) ) ;
#4958 = EDGE_CURVE ( 'NONE', #7106, #7567, #3269, .T. ) ;
#4959 = LINE ( 'NONE', #9704, #10163 ) ;
#4960 = CARTESIAN_POINT ( 'NONE',  ( -3.000000000000000888, 0.8000833275471006534, 0.8800000000000001155 ) ) ;
#4961 = CARTESIAN_POINT ( 'NONE',  ( -1.000000000000000000, 0.2000000000000000111, 2.570000000000001616 ) ) ;
#4962 = EDGE_CURVE ( 'NONE', #7808, #9641, #6220, .T. ) ;
#4963 = CARTESIAN_POINT ( 'NONE',  ( -2.300000000000000711, 1.000000000000000000, -2.550000000000001155 ) ) ;
#4964 = VECTOR ( 'NONE', #3770, 1000.000000000000000 ) ;
#4965 = PLANE ( 'NONE',  #1546 ) ;
#4966 = CARTESIAN_POINT ( 'NONE',  ( 2.120000000000000551, 0.8000833275471003203, 2.570000000000001616 ) ) ;
#4967 = VERTEX_POINT ( 'NONE', #9054 ) ;
#4968 = VERTEX_POINT ( 'NONE', #10668 ) ;
#4969 = EDGE_LOOP ( 'NONE', ( #7345, #8595, #4536, #2835 ) ) ;
#4970 = ORIENTED_EDGE ( 'NONE', *, *, #10660, .T. ) ;
#4971 = DIRECTION ( 'NONE',  ( 0.000000000000000000, -1.000000000000000000, 0.000000000000000000 ) ) ;
#4972 = FACE_OUTER_BOUND ( 'NONE', #5798, .T. ) ;
#4973 = DIRECTION ( 'NONE',  ( 0.000000000000000000, 0.000000000000000000, -1.000000000000000000 ) ) ;
#4974 = CARTESIAN_POINT ( 'NONE',  ( -3.000000000000000888, 0.1999999999999999833, 1.380000000000000115 ) ) ;
#4975 = LINE ( 'NONE', #10661, #6964 ) ;
#4976 = DIRECTION ( 'NONE',  ( 0.000000000000000000, 1.000000000000000000, 0.000000000000000000 ) ) ;
#4977 = EDGE_CURVE ( 'NONE', #6475, #5634, #3387, .T. ) ;
#4978 = LINE ( 'NONE', #2219, #5391 ) ;
#4979 = VECTOR ( 'NONE', #5906, 1000.000000000000000 ) ;
#4980 = ORIENTED_EDGE ( 'NONE', *, *, #1725, .T. ) ;
#4981 = ORIENTED_EDGE ( 'NONE', *, *, #10304, .F. ) ;
#4982 = EDGE_CURVE ( 'NONE', #229, #1798, #9799, .T. ) ;
#4983 = ADVANCED_FACE ( 'NONE', ( #8814 ), #11707, .T. ) ;
#4984 = ORIENTED_EDGE ( 'NONE', *, *, #276, .T. ) ;
#4985 = DIRECTION ( 'NONE',  ( -0.000000000000000000, -1.000000000000000000, 0.000000000000000000 ) ) ;
#4986 = EDGE_LOOP ( 'NONE', ( #8761, #9486, #418, #20 ) ) ;
#4987 = DIRECTION ( 'NONE',  ( 0.000000000000000000, -0.000000000000000000, -1.000000000000000000 ) ) ;
#4988 = ORIENTED_EDGE ( 'NONE', *, *, #1794, .T. ) ;
#4989 = AXIS2_PLACEMENT_3D ( 'NONE', #2000, #2981, #5744 ) ;
#4990 = CARTESIAN_POINT ( 'NONE',  ( -3.000000000000000888, 0.000000000000000000, 1.620000000000000329 ) ) ;
#4991 = CARTESIAN_POINT ( 'NONE',  ( 2.999999999999999112, 0.2000000000000005107, 0.3799999999999996714 ) ) ;
#4992 = DIRECTION ( 'NONE',  ( -1.000000000000000000, -0.000000000000000000, -0.000000000000000000 ) ) ;
#4993 = LINE ( 'NONE', #8751, #1899 ) ;
#4994 = DIRECTION ( 'NONE',  ( 0.000000000000000000, 0.000000000000000000, 1.000000000000000000 ) ) ;
#4995 = DIRECTION ( 'NONE',  ( -1.000000000000000000, 0.000000000000000000, 5.042800802258162337E-16 ) ) ;
#4996 = CARTESIAN_POINT ( 'NONE',  ( -2.570000000000001172, 0.1999999999999999833, 1.120000000000000107 ) ) ;
#4997 = EDGE_CURVE ( 'NONE', #2205, #12214, #551, .T. ) ;
#4998 = AXIS2_PLACEMENT_3D ( 'NONE', #6677, #11469, #123 ) ;
#4999 = CARTESIAN_POINT ( 'NONE',  ( 1.620000000000000107, 0.2000000000000000111, 2.570000000000001616 ) ) ;
#5000 = ORIENTED_EDGE ( 'NONE', *, *, #9285, .F. ) ;
#5001 = VERTEX_POINT ( 'NONE', #9731 ) ;
#5002 = DIRECTION ( 'NONE',  ( 0.000000000000000000, 0.000000000000000000, 1.000000000000000000 ) ) ;
#5003 = AXIS2_PLACEMENT_3D ( 'NONE', #96, #2089, #9599 ) ;
#5004 = VECTOR ( 'NONE', #7461, 1000.000000000000000 ) ;
#5005 = DIRECTION ( 'NONE',  ( -0.000000000000000000, -0.000000000000000000, 1.000000000000000000 ) ) ;
#5006 = DIRECTION ( 'NONE',  ( 1.000000000000000000, -0.000000000000000000, -0.000000000000000000 ) ) ;
#5007 = CARTESIAN_POINT ( 'NONE',  ( 2.570000000000001172, 0.05000000000000002359, 2.120000000000000551 ) ) ;
#5008 = LINE ( 'NONE', #7849, #10910 ) ;
#5009 = DIRECTION ( 'NONE',  ( 1.000000000000000000, -0.000000000000000000, -5.042800802258162337E-16 ) ) ;
#5010 = EDGE_LOOP ( 'NONE', ( #757, #2321, #1582, #3945 ) ) ;
#5011 = VERTEX_POINT ( 'NONE', #8993 ) ;
#5012 = PRESENTATION_LAYER_ASSIGNMENT (  '', '', ( #3059 ) ) ;
#5013 = ORIENTED_EDGE ( 'NONE', *, *, #8453, .T. ) ;
#5014 = VECTOR ( 'NONE', #6155, 1000.000000000000000 ) ;
#5015 = ADVANCED_FACE ( 'NONE', ( #4370 ), #2469, .F. ) ;
#5016 = ORIENTED_EDGE ( 'NONE', *, *, #2009, .F. ) ;
#5017 = EDGE_CURVE ( 'NONE', #6505, #573, #1357, .T. ) ;
#5018 = DIRECTION ( 'NONE',  ( -0.000000000000000000, -1.000000000000000000, -0.000000000000000000 ) ) ;
#5019 = ORIENTED_EDGE ( 'NONE', *, *, #7151, .T. ) ;
#5020 = AXIS2_PLACEMENT_3D ( 'NONE', #8151, #12045, #6318 ) ;
#5021 = DIRECTION ( 'NONE',  ( 0.000000000000000000, 1.000000000000000000, 0.000000000000000000 ) ) ;
#5022 = FACE_OUTER_BOUND ( 'NONE', #2185, .T. ) ;
#5023 = CARTESIAN_POINT ( 'NONE',  ( 1.500000000000000000, 0.2000000000000000111, -2.570000000000001616 ) ) ;
#5024 = DIRECTION ( 'NONE',  ( -1.008560160451631481E-15, 0.000000000000000000, -1.000000000000000000 ) ) ;
#5025 = MECHANICAL_DESIGN_GEOMETRIC_PRESENTATION_REPRESENTATION (  '', ( #7789 ), #6605 ) ;
#5026 = DIRECTION ( 'NONE',  ( 1.000000000000000000, 0.000000000000000000, 0.000000000000000000 ) ) ;
#5027 = VECTOR ( 'NONE', #8756, 1000.000000000000000 ) ;
#5028 = CARTESIAN_POINT ( 'NONE',  ( 3.000000000000000888, 0.1999999999999999833, 0.1200000000000003147 ) ) ;
#5029 = EDGE_CURVE ( 'NONE', #10345, #11088, #366, .T. ) ;
#5030 = LINE ( 'NONE', #3249, #3941 ) ;
#5031 = CARTESIAN_POINT ( 'NONE',  ( 0.000000000000000000, 0.05000000000000000278, -0.6199999999999998845 ) ) ;
#5032 = ORIENTED_EDGE ( 'NONE', *, *, #4187, .F. ) ;
#5033 = CIRCLE ( 'NONE', #2481, 0.1199999999999998845 ) ;
#5034 = EDGE_CURVE ( 'NONE', #10696, #5373, #6110, .T. ) ;
#5035 = ORIENTED_EDGE ( 'NONE', *, *, #11847, .T. ) ;
#5036 = ORIENTED_EDGE ( 'NONE', *, *, #4510, .F. ) ;
#5037 = EDGE_LOOP ( 'NONE', ( #6851, #9798, #667, #7070 ) ) ;
#5038 = EDGE_CURVE ( 'NONE', #5660, #5832, #11835, .T. ) ;
#5039 = EDGE_CURVE ( 'NONE', #10961, #1028, #693, .T. ) ;
#5040 = AXIS2_PLACEMENT_3D ( 'NONE', #164, #7750, #6840 ) ;
#5041 = DIRECTION ( 'NONE',  ( 1.008560160451631481E-15, 0.000000000000000000, -1.000000000000000000 ) ) ;
#5042 = VECTOR ( 'NONE', #1773, 1000.000000000000000 ) ;
#5043 = VECTOR ( 'NONE', #167, 1000.000000000000000 ) ;
#5044 = CARTESIAN_POINT ( 'NONE',  ( -0.5000000000000000000, 0.000000000000000000, 2.450000000000001510 ) ) ;
#5045 = DIRECTION ( 'NONE',  ( -1.000000000000000000, 0.000000000000000000, -0.000000000000000000 ) ) ;
#5046 = PLANE ( 'NONE',  #9317 ) ;
#5047 = DIRECTION ( 'NONE',  ( 0.000000000000000000, -1.000000000000000000, 0.000000000000000000 ) ) ;
#5048 = CARTESIAN_POINT ( 'NONE',  ( 1.880000000000000560, 0.8000833275471003203, -3.000000000000001776 ) ) ;
#5049 = ORIENTED_EDGE ( 'NONE', *, *, #7726, .F. ) ;
#5050 = ORIENTED_EDGE ( 'NONE', *, *, #7884, .T. ) ;
#5051 = AXIS2_PLACEMENT_3D ( 'NONE', #822, #7420, #3725 ) ;
#5052 = AXIS2_PLACEMENT_3D ( 'NONE', #8527, #10322, #5626 ) ;
#5053 = ORIENTED_EDGE ( 'NONE', *, *, #12136, .F. ) ;
#5054 = ORIENTED_EDGE ( 'NONE', *, *, #8332, .T. ) ;
#5055 = CARTESIAN_POINT ( 'NONE',  ( 1.620000000000000329, 0.2000000000000000111, 3.000000000000001776 ) ) ;
#5056 = ORIENTED_EDGE ( 'NONE', *, *, #9330, .T. ) ;
#5057 = DIRECTION ( 'NONE',  ( 0.000000000000000000, -1.000000000000000000, 0.000000000000000000 ) ) ;
#5058 = SURFACE_STYLE_USAGE ( .BOTH. , #1293 ) ;
#5059 = COLOUR_RGB ( '',0.7921568627450980005, 0.8196078431372548767, 0.9333333333333333481 ) ;
#5060 = CARTESIAN_POINT ( 'NONE',  ( -1.749999999999997558, 0.000000000000000000, -2.050000000000000266 ) ) ;
#5061 = CARTESIAN_POINT ( 'NONE',  ( 0.5000000000000000000, 0.1999999999999999833, 2.570000000000001616 ) ) ;
#5062 = AXIS2_PLACEMENT_3D ( 'NONE', #3611, #5637, #1956 ) ;
#5063 = DIRECTION ( 'NONE',  ( 0.000000000000000000, 1.000000000000000000, 0.000000000000000000 ) ) ;
#5064 = CARTESIAN_POINT ( 'NONE',  ( 3.000000000000000888, 0.1999999999999999833, 0.1200000000000003147 ) ) ;
#5065 = DIRECTION ( 'NONE',  ( 0.000000000000000000, -0.000000000000000000, 1.000000000000000000 ) ) ;
#5066 = CARTESIAN_POINT ( 'NONE',  ( -2.120000000000000107, 0.2000000000000000111, 2.570000000000001616 ) ) ;
#5067 = EDGE_LOOP ( 'NONE', ( #11770, #4002, #6216, #11360 ) ) ;
#5068 = ORIENTED_EDGE ( 'NONE', *, *, #8118, .T. ) ;
#5069 = CARTESIAN_POINT ( 'NONE',  ( 3.000000000000000888, 0.8000833275471006534, 2.120000000000000551 ) ) ;
#5070 = EDGE_CURVE ( 'NONE', #3920, #1410, #7147, .T. ) ;
#5071 = FACE_OUTER_BOUND ( 'NONE', #8745, .T. ) ;
#5072 = LINE ( 'NONE', #6931, #3639 ) ;
#5073 = DIRECTION ( 'NONE',  ( 0.000000000000000000, -1.000000000000000000, 0.000000000000000000 ) ) ;
#5074 = DIRECTION ( 'NONE',  ( 0.000000000000000000, 0.000000000000000000, -1.000000000000000000 ) ) ;
#5075 = AXIS2_PLACEMENT_3D ( 'NONE', #1999, #1007, #6499 ) ;
#5076 = DIRECTION ( 'NONE',  ( -1.000000000000000000, 0.000000000000000000, 0.000000000000000000 ) ) ;
#5077 = ORIENTED_EDGE ( 'NONE', *, *, #9388, .F. ) ;
#5078 = VERTEX_POINT ( 'NONE', #2225 ) ;
#5079 = ORIENTED_EDGE ( 'NONE', *, *, #1556, .F. ) ;
#5080 = ORIENTED_EDGE ( 'NONE', *, *, #4962, .T. ) ;
#5081 = CARTESIAN_POINT ( 'NONE',  ( -2.000000000000000000, 0.2000000000000000111, -2.570000000000001616 ) ) ;
#5082 = AXIS2_PLACEMENT_3D ( 'NONE', #11978, #811, #4330 ) ;
#5083 = ORIENTED_EDGE ( 'NONE', *, *, #11134, .F. ) ;
#5084 = CARTESIAN_POINT ( 'NONE',  ( 1.620000000000000329, 0.000000000000000000, -2.570000000000001616 ) ) ;
#5085 = SURFACE_STYLE_USAGE ( .BOTH. , #10827 ) ;
#5086 = FACE_OUTER_BOUND ( 'NONE', #2754, .T. ) ;
#5087 = CARTESIAN_POINT ( 'NONE',  ( -1.619999999999999440, 0.1999999999999999833, -3.000000000000001776 ) ) ;
#5088 = EDGE_CURVE ( 'NONE', #6506, #2875, #3209, .T. ) ;
#5089 = LINE ( 'NONE', #9834, #11986 ) ;
#5090 = DIRECTION ( 'NONE',  ( 0.000000000000000000, -0.000000000000000000, 1.000000000000000000 ) ) ;
#5091 = FACE_OUTER_BOUND ( 'NONE', #2757, .T. ) ;
#5092 = AXIS2_PLACEMENT_3D ( 'NONE', #9060, #2818, #11206 ) ;
#5093 = VERTEX_POINT ( 'NONE', #2289 ) ;
#5094 = CLOSED_SHELL ( 'NONE', ( #4231, #11270, #2852, #4438, #239, #3167 ) ) ;
#5095 = VERTEX_POINT ( 'NONE', #8928 ) ;
#5096 = VERTEX_POINT ( 'NONE', #8875 ) ;
#5097 = EDGE_CURVE ( 'NONE', #2224, #11661, #6188, .T. ) ;
#5098 = ADVANCED_FACE ( 'NONE', ( #7096 ), #10855, .F. ) ;
#5099 = ORIENTED_EDGE ( 'NONE', *, *, #8636, .F. ) ;
#5100 = ADVANCED_FACE ( 'NONE', ( #8123 ), #7271, .T. ) ;
#5101 = CARTESIAN_POINT ( 'NONE',  ( -3.000000000000000888, 0.04999999999999969746, -1.119999999999999885 ) ) ;
#5102 = AXIS2_PLACEMENT_3D ( 'NONE', #11373, #3972, #2132 ) ;
#5103 = CARTESIAN_POINT ( 'NONE',  ( 1.620000000000000329, 0.2000000000000000111, -3.000000000000001776 ) ) ;
#5104 = MECHANICAL_DESIGN_GEOMETRIC_PRESENTATION_REPRESENTATION (  '', ( #10034 ), #4131 ) ;
#5105 = CARTESIAN_POINT ( 'NONE',  ( -0.5000000000000000000, 0.8000833275471003203, 2.450000000000001510 ) ) ;
#5106 = DIRECTION ( 'NONE',  ( 0.000000000000000000, 1.000000000000000000, 0.000000000000000000 ) ) ;
#5107 = DIRECTION ( 'NONE',  ( -0.000000000000000000, -1.000000000000000000, -0.000000000000000000 ) ) ;
#5108 = ADVANCED_FACE ( 'NONE', ( #4428 ), #6401, .T. ) ;
#5109 = LINE ( 'NONE', #10540, #6384 ) ;
#5110 = EDGE_LOOP ( 'NONE', ( #12116, #5967, #9224, #3935 ) ) ;
#5111 = EDGE_LOOP ( 'NONE', ( #273, #5968, #4029, #9156 ) ) ;
#5112 = AXIS2_PLACEMENT_3D ( 'NONE', #9969, #4482, #2396 ) ;
#5113 = ORIENTED_EDGE ( 'NONE', *, *, #5987, .F. ) ;
#5114 = VERTEX_POINT ( 'NONE', #6525 ) ;
#5115 = CARTESIAN_POINT ( 'NONE',  ( 2.999999999999999112, 0.05000000000000000278, 2.999999999999998224 ) ) ;
#5116 = ORIENTED_EDGE ( 'NONE', *, *, #8416, .F. ) ;
#5117 = DIRECTION ( 'NONE',  ( -0.000000000000000000, -1.000000000000000000, -0.000000000000000000 ) ) ;
#5118 = FACE_OUTER_BOUND ( 'NONE', #10098, .T. ) ;
#5119 = DIRECTION ( 'NONE',  ( 0.000000000000000000, -0.000000000000000000, 1.000000000000000000 ) ) ;
#5120 = FACE_OUTER_BOUND ( 'NONE', #1252, .T. ) ;
#5121 = DIRECTION ( 'NONE',  ( -1.000000000000000000, 0.000000000000000000, -5.042800802258162337E-16 ) ) ;
#5122 = FACE_OUTER_BOUND ( 'NONE', #7872, .T. ) ;
#5123 = CARTESIAN_POINT ( 'NONE',  ( -2.570000000000001172, 0.1999999999999999833, 2.120000000000000551 ) ) ;
#5124 = ORIENTED_EDGE ( 'NONE', *, *, #10080, .F. ) ;
#5125 = ORIENTED_EDGE ( 'NONE', *, *, #11649, .F. ) ;
#5126 = PRESENTATION_STYLE_ASSIGNMENT (( #11544 ) ) ;
#5127 = DIRECTION ( 'NONE',  ( 0.000000000000000000, 1.000000000000000000, 0.000000000000000000 ) ) ;
#5128 = DIRECTION ( 'NONE',  ( 0.000000000000000000, 0.000000000000000000, 1.000000000000000000 ) ) ;
#5129 = DIRECTION ( 'NONE',  ( -0.000000000000000000, -1.000000000000000000, -0.000000000000000000 ) ) ;
#5130 = LINE ( 'NONE', #8951, #662 ) ;
#5131 = ADVANCED_FACE ( 'NONE', ( #3623 ), #1596, .F. ) ;
#5132 = LINE ( 'NONE', #9692, #11801 ) ;
#5133 = ORIENTED_EDGE ( 'NONE', *, *, #9172, .T. ) ;
#5134 = EDGE_LOOP ( 'NONE', ( #5600, #7790, #1949, #6831 ) ) ;
#5135 = ORIENTED_EDGE ( 'NONE', *, *, #4755, .T. ) ;
#5136 = EDGE_CURVE ( 'NONE', #6748, #1922, #2588, .T. ) ;
#5137 = ORIENTED_EDGE ( 'NONE', *, *, #2960, .T. ) ;
#5138 = DIRECTION ( 'NONE',  ( 1.000000000000000000, -0.000000000000000000, -1.445602896647339163E-16 ) ) ;
#5139 = ORIENTED_EDGE ( 'NONE', *, *, #9389, .F. ) ;
#5140 = SURFACE_STYLE_FILL_AREA ( #9767 ) ;
#5141 = CARTESIAN_POINT ( 'NONE',  ( -3.000000000000000888, 0.000000000000000000, 0.6200000000000003286 ) ) ;
#5142 = FACE_OUTER_BOUND ( 'NONE', #2542, .T. ) ;
#5143 = CARTESIAN_POINT ( 'NONE',  ( 3.000000000000000888, 0.000000000000000000, 0.3800000000000001155 ) ) ;
#5144 = DIRECTION ( 'NONE',  ( 0.000000000000000000, 0.000000000000000000, -1.000000000000000000 ) ) ;
#5145 = CARTESIAN_POINT ( 'NONE',  ( -1.119999999999999440, 0.1999999999999999833, 3.000000000000001776 ) ) ;
#5146 = CARTESIAN_POINT ( 'NONE',  ( -0.3799999999999996714, 0.1999999999999999833, 3.000000000000001776 ) ) ;
#5147 = ORIENTED_EDGE ( 'NONE', *, *, #9976, .T. ) ;
#5148 = EDGE_LOOP ( 'NONE', ( #7871, #8792, #5259, #4912 ) ) ;
#5149 = EDGE_LOOP ( 'NONE', ( #10681, #11022, #76, #3790 ) ) ;
#5150 = EDGE_LOOP ( 'NONE', ( #9965, #690, #8365, #7918, #10002, #5985, #1464, #3047, #3884, #8534, #10055, #2193, #7320, #5480, #1134, #10781, #5156, #6704, #10097, #7961, #2806, #5157, #10793, #10065, #4578, #12038, #128, #9025, #5393, #5986, #8206, #4591, #3318, #1454, #1013, #7250, #4853, #1514, #2249, #6025 ) ) ;
#5151 = CARTESIAN_POINT ( 'NONE',  ( 1.620000000000000329, 0.8000833275471003203, -2.570000000000001616 ) ) ;
#5152 = CIRCLE ( 'NONE', #12051, 0.1199999999999998845 ) ;
#5153 = CARTESIAN_POINT ( 'NONE',  ( -0.3799999999999996714, 0.000000000000000000, 2.570000000000001616 ) ) ;
#5154 = PLANE ( 'NONE',  #1121 ) ;
#5155 = LINE ( 'NONE', #6844, #669 ) ;
#5156 = ORIENTED_EDGE ( 'NONE', *, *, #2324, .T. ) ;
#5157 = ORIENTED_EDGE ( 'NONE', *, *, #6620, .T. ) ;
#5158 = VERTEX_POINT ( 'NONE', #3566 ) ;
#5159 = EDGE_CURVE ( 'NONE', #2857, #289, #4554, .T. ) ;
#5160 = ORIENTED_EDGE ( 'NONE', *, *, #6113, .F. ) ;
#5161 = ADVANCED_FACE ( 'NONE', ( #11213 ), #3507, .F. ) ;
#5162 = CARTESIAN_POINT ( 'NONE',  ( -2.570000000000001172, 0.1999999999999999833, 0.000000000000000000 ) ) ;
#5163 = LINE ( 'NONE', #6971, #4071 ) ;
#5164 = CARTESIAN_POINT ( 'NONE',  ( 1.620000000000000329, 0.000000000000000000, -3.000000000000001776 ) ) ;
#5165 = AXIS2_PLACEMENT_3D ( 'NONE', #7893, #11711, #9734 ) ;
#5166 = CARTESIAN_POINT ( 'NONE',  ( -1.500000000000000000, 0.2000000000000000111, 2.570000000000001616 ) ) ;
#5167 = CARTESIAN_POINT ( 'NONE',  ( 3.000000000000000888, 0.8000833275471006534, -0.8799999999999996714 ) ) ;
#5168 = CARTESIAN_POINT ( 'NONE',  ( -2.300000000000000711, 1.000000000000000000, -2.550000000000001155 ) ) ;
#5169 = DIRECTION ( 'NONE',  ( 5.042800802258162337E-16, 0.000000000000000000, -1.000000000000000000 ) ) ;
#5170 = DIRECTION ( 'NONE',  ( 0.000000000000000000, -1.000000000000000000, 0.000000000000000000 ) ) ;
#5171 = CARTESIAN_POINT ( 'NONE',  ( 3.000000000000000888, 0.1999999999999999833, -1.619999999999999885 ) ) ;
#5172 = EDGE_CURVE ( 'NONE', #9513, #9418, #3447, .T. ) ;
#5173 = EDGE_CURVE ( 'NONE', #2248, #3933, #11092, .T. ) ;
#5174 = EDGE_CURVE ( 'NONE', #8290, #7617, #4612, .T. ) ;
#5175 =( LENGTH_UNIT ( ) NAMED_UNIT ( * ) SI_UNIT ( .MILLI., .METRE. ) );
#5176 = EDGE_CURVE ( 'NONE', #5568, #5210, #2645, .T. ) ;
#5177 = AXIS2_PLACEMENT_3D ( 'NONE', #9395, #5685, #1129 ) ;
#5178 = ORIENTED_EDGE ( 'NONE', *, *, #4139, .T. ) ;
#5179 = EDGE_CURVE ( 'NONE', #1805, #12218, #2529, .T. ) ;
#5180 = EDGE_LOOP ( 'NONE', ( #394, #11339, #11249, #1268 ) ) ;
#5181 = FILL_AREA_STYLE ('',( #2545 ) ) ;
#5182 = DIRECTION ( 'NONE',  ( -1.000000000000000000, 0.000000000000000000, -0.000000000000000000 ) ) ;
#5183 = DIRECTION ( 'NONE',  ( -0.000000000000000000, -1.000000000000000000, -0.000000000000000000 ) ) ;
#5184 = LINE ( 'NONE', #9753, #542 ) ;
#5185 = LINE ( 'NONE', #8030, #7948 ) ;
#5186 = VECTOR ( 'NONE', #2313, 1000.000000000000000 ) ;
#5187 = EDGE_CURVE ( 'NONE', #2461, #10958, #11891, .T. ) ;
#5188 = FACE_OUTER_BOUND ( 'NONE', #7507, .T. ) ;
#5189 = ORIENTED_EDGE ( 'NONE', *, *, #6419, .F. ) ;
#5190 = ORIENTED_EDGE ( 'NONE', *, *, #7728, .T. ) ;
#5191 = ORIENTED_EDGE ( 'NONE', *, *, #8255, .F. ) ;
#5192 = ORIENTED_EDGE ( 'NONE', *, *, #9330, .F. ) ;
#5193 = DIRECTION ( 'NONE',  ( -1.008560160451631481E-15, 0.000000000000000000, 1.000000000000000000 ) ) ;
#5194 = VECTOR ( 'NONE', #8066, 1000.000000000000000 ) ;
#5195 = ORIENTED_EDGE ( 'NONE', *, *, #7742, .T. ) ;
#5196 = VECTOR ( 'NONE', #2720, 1000.000000000000000 ) ;
#5197 = CARTESIAN_POINT ( 'NONE',  ( 1.880000000000000560, 0.1999999999999999833, -3.000000000000001776 ) ) ;
#5198 = CARTESIAN_POINT ( 'NONE',  ( -3.000000000000000888, 0.8000833275471006534, -1.379999999999999671 ) ) ;
#5199 = DIRECTION ( 'NONE',  ( 1.008560160451631481E-15, -0.000000000000000000, 1.000000000000000000 ) ) ;
#5200 = CARTESIAN_POINT ( 'NONE',  ( -3.000000000000000888, 0.1999999999999999833, -0.6199999999999998845 ) ) ;
#5201 = DIRECTION ( 'NONE',  ( 0.000000000000000000, -1.000000000000000000, 0.000000000000000000 ) ) ;
#5202 = PLANE ( 'NONE',  #3156 ) ;
#5204 = FILL_AREA_STYLE_COLOUR ( '', #7570 ) ;
#5203 = VECTOR ( 'NONE', #9115, 1000.000000000000000 ) ;
#5205 = AXIS2_PLACEMENT_3D ( 'NONE', #2267, #5830, #8855 ) ;
#5206 = VERTEX_POINT ( 'NONE', #7388 ) ;
#5207 = VERTEX_POINT ( 'NONE', #1785 ) ;
#5208 = EDGE_LOOP ( 'NONE', ( #9984, #10541, #1368, #2204 ) ) ;
#5209 = AXIS2_PLACEMENT_3D ( 'NONE', #5263, #1690, #4347 ) ;
#5210 = VERTEX_POINT ( 'NONE', #8368 ) ;
#5211 = CARTESIAN_POINT ( 'NONE',  ( -3.000000000000000888, 0.1999999999999999833, -2.120000000000000107 ) ) ;
#5212 = DIRECTION ( 'NONE',  ( 0.000000000000000000, 0.000000000000000000, -1.000000000000000000 ) ) ;
#5213 = CYLINDRICAL_SURFACE ( 'NONE', #4569, 0.1199999999999998845 ) ;
#5214 = FILL_AREA_STYLE_COLOUR ( '', #5059 ) ;
#5215 = EDGE_CURVE ( 'NONE', #326, #6640, #9360, .T. ) ;
#5216 = VECTOR ( 'NONE', #11039, 1000.000000000000000 ) ;
#5217 = AXIS2_PLACEMENT_3D ( 'NONE', #5061, #10801, #7894 ) ;
#5218 = LINE ( 'NONE', #4304, #880 ) ;
#5219 = ADVANCED_FACE ( 'NONE', ( #792 ), #668, .F. ) ;
#5220 = EDGE_LOOP ( 'NONE', ( #2107, #10292, #3148, #8570 ) ) ;
#5221 = CIRCLE ( 'NONE', #903, 0.1199999999999998845 ) ;
#5222 = EDGE_LOOP ( 'NONE', ( #43, #5974, #1549, #543 ) ) ;
#5223 = ORIENTED_EDGE ( 'NONE', *, *, #6632, .F. ) ;
#5224 = VECTOR ( 'NONE', #3742, 1000.000000000000000 ) ;
#5225 = AXIS2_PLACEMENT_3D ( 'NONE', #9939, #1489, #5248 ) ;
#5226 = ORIENTED_EDGE ( 'NONE', *, *, #9621, .F. ) ;
#5227 = CARTESIAN_POINT ( 'NONE',  ( -0.5000000000000000000, 0.2000000000000000111, 2.450000000000001510 ) ) ;
#5228 = CARTESIAN_POINT ( 'NONE',  ( -2.570000000000001172, 0.1999999999999999833, -0.5000000000000000000 ) ) ;
#5229 = CIRCLE ( 'NONE', #8579, 0.1199999999999998845 ) ;
#5230 = CARTESIAN_POINT ( 'NONE',  ( -2.570000000000001172, 0.8000833275471006534, -1.379999999999999893 ) ) ;
#5231 = CARTESIAN_POINT ( 'NONE',  ( -1.620000000000000773, 0.2000000000000005107, -3.000000000000000888 ) ) ;
#5232 = CARTESIAN_POINT ( 'NONE',  ( 2.570000000000001172, 0.05000000000000002359, 1.879999999999999671 ) ) ;
#5233 = CARTESIAN_POINT ( 'NONE',  ( -3.000000000000000888, 0.8000833275471006534, -0.3799999999999996714 ) ) ;
#5234 = CARTESIAN_POINT ( 'NONE',  ( -0.5000000000000000000, 0.1999999999999999833, 2.570000000000001616 ) ) ;
#5235 =( GEOMETRIC_REPRESENTATION_CONTEXT ( 3 ) GLOBAL_UNCERTAINTY_ASSIGNED_CONTEXT ( ( #2573 ) ) GLOBAL_UNIT_ASSIGNED_CONTEXT ( ( #6222, #11710, #9057 ) ) REPRESENTATION_CONTEXT ( 'NONE', 'WORKASPACE' ) );
#5236 = PLANE ( 'NONE',  #9207 ) ;
#5237 = CIRCLE ( 'NONE', #7604, 0.1199999999999998845 ) ;
#5238 = EDGE_CURVE ( 'NONE', #4895, #10550, #6286, .T. ) ;
#5239 = EDGE_CURVE ( 'NONE', #10975, #6654, #12015, .T. ) ;
#5240 = CARTESIAN_POINT ( 'NONE',  ( 1.000000000000000000, 0.04999999999999999584, -2.570000000000001616 ) ) ;
#5241 = CARTESIAN_POINT ( 'NONE',  ( -0.3799999999999996714, 0.8000833275471003203, -2.570000000000001616 ) ) ;
#5242 = EDGE_CURVE ( 'NONE', #2220, #5340, #735, .T. ) ;
#5243 = ORIENTED_EDGE ( 'NONE', *, *, #10153, .T. ) ;
#5244 = VERTEX_POINT ( 'NONE', #1909 ) ;
#5245 = VECTOR ( 'NONE', #4565, 1000.000000000000000 ) ;
#5246 = EDGE_CURVE ( 'NONE', #3920, #8241, #6585, .T. ) ;
#5247 = DIRECTION ( 'NONE',  ( 0.000000000000000000, 1.000000000000000000, 0.000000000000000000 ) ) ;
#5248 = DIRECTION ( 'NONE',  ( 0.000000000000000000, 0.000000000000000000, -1.000000000000000000 ) ) ;
#5249 = CARTESIAN_POINT ( 'NONE',  ( 0.8799999999999975620, 0.05000000000000000278, 8.875329411974331792E-16 ) ) ;
#5250 = DIRECTION ( 'NONE',  ( 0.000000000000000000, 0.000000000000000000, 1.000000000000000000 ) ) ;
#5251 = EDGE_CURVE ( 'NONE', #5583, #8258, #3876, .T. ) ;
#5252 = AXIS2_PLACEMENT_3D ( 'NONE', #9707, #6016, #6139 ) ;
#5253 = ORIENTED_EDGE ( 'NONE', *, *, #825, .T. ) ;
#5254 = VECTOR ( 'NONE', #3921, 1000.000000000000000 ) ;
#5255 = VERTEX_POINT ( 'NONE', #5652 ) ;
#5256 = ORIENTED_EDGE ( 'NONE', *, *, #267, .T. ) ;
#5257 = ORIENTED_EDGE ( 'NONE', *, *, #1556, .T. ) ;
#5258 = DIRECTION ( 'NONE',  ( 1.000000000000000000, 0.000000000000000000, 1.008560160451631481E-15 ) ) ;
#5259 = ORIENTED_EDGE ( 'NONE', *, *, #11593, .T. ) ;
#5260 = DIRECTION ( 'NONE',  ( -0.000000000000000000, -1.000000000000000000, -0.000000000000000000 ) ) ;
#5261 = PRESENTATION_STYLE_ASSIGNMENT (( #5085 ) ) ;
#5262 = VECTOR ( 'NONE', #2761, 1000.000000000000000 ) ;
#5263 = CARTESIAN_POINT ( 'NONE',  ( -2.570000000000001172, 0.8000833275471006534, 1.620000000000000107 ) ) ;
#5264 = AXIS2_PLACEMENT_3D ( 'NONE', #5871, #1005, #8586 ) ;
#5265 = FACE_OUTER_BOUND ( 'NONE', #11262, .T. ) ;
#5266 = FACE_OUTER_BOUND ( 'NONE', #12115, .T. ) ;
#5267 = DIRECTION ( 'NONE',  ( -1.057758217059028854E-16, 0.000000000000000000, 1.000000000000000000 ) ) ;
#5268 = CARTESIAN_POINT ( 'NONE',  ( 2.570000000000001172, 0.05000000000000002359, -1.379999999999999893 ) ) ;
#5269 = ORIENTED_EDGE ( 'NONE', *, *, #9879, .F. ) ;
#5270 = VERTEX_POINT ( 'NONE', #4858 ) ;
#5271 = ORIENTED_EDGE ( 'NONE', *, *, #8929, .T. ) ;
#5272 = CIRCLE ( 'NONE', #12174, 0.1199999999999998845 ) ;
#5273 = EDGE_LOOP ( 'NONE', ( #9138, #9053, #3235, #390 ) ) ;
#5274 = LINE ( 'NONE', #9228, #2951 ) ;
#5275 = CARTESIAN_POINT ( 'NONE',  ( -2.000000000000000000, 0.2000000000000000111, -2.570000000000001616 ) ) ;
#5276 = LINE ( 'NONE', #781, #5818 ) ;
#5277 = FACE_OUTER_BOUND ( 'NONE', #650, .T. ) ;
#5278 = AXIS2_PLACEMENT_3D ( 'NONE', #3248, #7867, #11756 ) ;
#5279 = CLOSED_SHELL ( 'NONE', ( #1245, #1142, #7658, #2010, #11690, #393 ) ) ;
#5280 = CARTESIAN_POINT ( 'NONE',  ( -3.000000000000000888, 0.000000000000000000, 0.1200000000000003147 ) ) ;
#5281 = EDGE_LOOP ( 'NONE', ( #3824, #5512, #11938, #6582, #1163 ) ) ;
#5282 = ADVANCED_FACE ( 'NONE', ( #9422 ), #8671, .T. ) ;
#5283 = EDGE_CURVE ( 'NONE', #8667, #3116, #11902, .T. ) ;
#5284 = VERTEX_POINT ( 'NONE', #10411 ) ;
#5285 = ORIENTED_EDGE ( 'NONE', *, *, #8929, .F. ) ;
#5286 = ADVANCED_FACE ( 'NONE', ( #2826 ), #4789, .T. ) ;
#5287 = AXIS2_PLACEMENT_3D ( 'NONE', #3233, #3113, #3294 ) ;
#5288 = PRESENTATION_LAYER_ASSIGNMENT (  '', '', ( #10219 ) ) ;
#5289 = ORIENTED_EDGE ( 'NONE', *, *, #9700, .F. ) ;
#5290 = DIRECTION ( 'NONE',  ( 0.000000000000000000, -1.000000000000000000, 0.000000000000000000 ) ) ;
#5291 =( LENGTH_UNIT ( ) NAMED_UNIT ( * ) SI_UNIT ( .MILLI., .METRE. ) );
#5292 = CARTESIAN_POINT ( 'NONE',  ( -2.570000000000001172, 0.05000000000000002359, -0.3799999999999998934 ) ) ;
#5293 = LINE ( 'NONE', #9249, #10099 ) ;
#5294 = CARTESIAN_POINT ( 'NONE',  ( -0.3799999999999996714, 0.1999999999999999833, -3.000000000000001776 ) ) ;
#5295 = CARTESIAN_POINT ( 'NONE',  ( -2.570000000000001172, 0.000000000000000000, 0.1200000000000000927 ) ) ;
#5296 = PLANE ( 'NONE',  #5983 ) ;
#5297 = DIRECTION ( 'NONE',  ( 0.000000000000000000, -0.000000000000000000, -1.000000000000000000 ) ) ;
#5298 = VECTOR ( 'NONE', #9611, 1000.000000000000000 ) ;
#5299 = DIRECTION ( 'NONE',  ( -0.000000000000000000, -1.000000000000000000, -0.000000000000000000 ) ) ;
#5300 = ORIENTED_EDGE ( 'NONE', *, *, #4723, .F. ) ;
#5301 = ORIENTED_EDGE ( 'NONE', *, *, #11062, .T. ) ;
#5302 = CARTESIAN_POINT ( 'NONE',  ( -2.000000000000000000, 0.8000833275471003203, 2.570000000000001616 ) ) ;
#5303 = CARTESIAN_POINT ( 'NONE',  ( -2.570000000000001172, 0.05000000000000002359, 0.5000000000000000000 ) ) ;
#5304 = CARTESIAN_POINT ( 'NONE',  ( 2.570000000000000284, 0.000000000000000000, -1.500000000000000444 ) ) ;
#5305 = FACE_OUTER_BOUND ( 'NONE', #4229, .T. ) ;
#5306 = ORIENTED_EDGE ( 'NONE', *, *, #9842, .T. ) ;
#5307 = EDGE_CURVE ( 'NONE', #5210, #11434, #11450, .T. ) ;
#5308 = VERTEX_POINT ( 'NONE', #5771 ) ;
#5309 = ORIENTED_EDGE ( 'NONE', *, *, #493, .T. ) ;
#5310 = ORIENTED_EDGE ( 'NONE', *, *, #7224, .F. ) ;
#5311 = CARTESIAN_POINT ( 'NONE',  ( 2.570000000000001172, 0.8000833275471006534, 1.620000000000000107 ) ) ;
#5312 = ORIENTED_EDGE ( 'NONE', *, *, #10296, .T. ) ;
#5313 = ADVANCED_FACE ( 'NONE', ( #1154 ), #980, .T. ) ;
#5314 = DIRECTION ( 'NONE',  ( 1.000000000000000000, -0.000000000000000000, 0.000000000000000000 ) ) ;
#5315 = CARTESIAN_POINT ( 'NONE',  ( 2.570000000000001172, 0.8000833275471006534, -1.379999999999999893 ) ) ;
#5316 = LINE ( 'NONE', #9147, #10597 ) ;
#5317 = FACE_OUTER_BOUND ( 'NONE', #1764, .T. ) ;
#5318 = LINE ( 'NONE', #5379, #2130 ) ;
#5319 = LINE ( 'NONE', #3729, #1236 ) ;
#5320 = DIRECTION ( 'NONE',  ( 0.000000000000000000, -1.000000000000000000, 0.000000000000000000 ) ) ;
#5321 = FACE_OUTER_BOUND ( 'NONE', #8352, .T. ) ;
#5322 = DIRECTION ( 'NONE',  ( 1.000000000000000000, 0.000000000000000000, 0.000000000000000000 ) ) ;
#5323 =( LENGTH_UNIT ( ) NAMED_UNIT ( * ) SI_UNIT ( .MILLI., .METRE. ) );
#5324 = ORIENTED_EDGE ( 'NONE', *, *, #6385, .F. ) ;
#5325 = ORIENTED_EDGE ( 'NONE', *, *, #9091, .F. ) ;
#5327 = ADVANCED_FACE ( 'NONE', ( #9478 ), #3754, .T. ) ;
#5326 = ORIENTED_EDGE ( 'NONE', *, *, #10453, .T. ) ;
#5328 = EDGE_LOOP ( 'NONE', ( #6812, #791, #11982, #1045 ) ) ;
#5329 = PLANE ( 'NONE',  #7093 ) ;
#5330 = EDGE_CURVE ( 'NONE', #7052, #4273, #2655, .T. ) ;
#5331 = EDGE_CURVE ( 'NONE', #930, #157, #8494, .T. ) ;
#5332 = EDGE_CURVE ( 'NONE', #1649, #12218, #6790, .T. ) ;
#5333 = DIRECTION ( 'NONE',  ( 1.008560160451631481E-15, 0.000000000000000000, -1.000000000000000000 ) ) ;
#5334 = CARTESIAN_POINT ( 'NONE',  ( -3.000000000000000888, 0.8000833275471006534, 1.620000000000000329 ) ) ;
#5335 = CARTESIAN_POINT ( 'NONE',  ( 0.5000000000000000000, 0.2000000000000000111, 2.450000000000001510 ) ) ;
#5336 = DIRECTION ( 'NONE',  ( 0.000000000000000000, 0.000000000000000000, -1.000000000000000000 ) ) ;
#5337 = CARTESIAN_POINT ( 'NONE',  ( 0.000000000000000000, 0.1999999999999999833, -2.570000000000001616 ) ) ;
#5338 = DIRECTION ( 'NONE',  ( 1.008560160451631481E-15, 0.000000000000000000, -1.000000000000000000 ) ) ;
#5339 = ORIENTED_EDGE ( 'NONE', *, *, #9497, .T. ) ;
#5340 = VERTEX_POINT ( 'NONE', #9528 ) ;
#5341 = ORIENTED_EDGE ( 'NONE', *, *, #2432, .T. ) ;
#5342 = AXIS2_PLACEMENT_3D ( 'NONE', #2638, #9233, #6275 ) ;
#5343 = ORIENTED_EDGE ( 'NONE', *, *, #4809, .T. ) ;
#5344 = DIRECTION ( 'NONE',  ( -1.000000000000000000, 0.000000000000000000, 0.000000000000000000 ) ) ;
#5345 = CARTESIAN_POINT ( 'NONE',  ( -1.119999999999999440, 0.000000000000000000, -3.000000000000001776 ) ) ;
#5346 = DIRECTION ( 'NONE',  ( 0.000000000000000000, 0.000000000000000000, 1.000000000000000000 ) ) ;
#5347 = CARTESIAN_POINT ( 'NONE',  ( 3.000000000000000888, 0.1999999999999999833, 1.120000000000000329 ) ) ;
#5348 = DIRECTION ( 'NONE',  ( 0.000000000000000000, -1.000000000000000000, 0.000000000000000000 ) ) ;
#5349 = DIRECTION ( 'NONE',  ( 0.000000000000000000, -1.000000000000000000, 0.000000000000000000 ) ) ;
#5350 = EDGE_CURVE ( 'NONE', #2872, #365, #5586, .T. ) ;
#5351 = CIRCLE ( 'NONE', #8512, 0.1199999999999998845 ) ;
#5352 = CARTESIAN_POINT ( 'NONE',  ( 0.000000000000000000, 0.05000000000000000278, -2.120000000000000107 ) ) ;
#5353 = LINE ( 'NONE', #3458, #8167 ) ;
#5354 = SURFACE_SIDE_STYLE ('',( #2780 ) ) ;
#5355 = EDGE_LOOP ( 'NONE', ( #342, #11033, #2226, #450 ) ) ;
#5356 = LINE ( 'NONE', #2783, #12150 ) ;
#5357 = ORIENTED_EDGE ( 'NONE', *, *, #2257, .F. ) ;
#5358 = VECTOR ( 'NONE', #8454, 1000.000000000000000 ) ;
#5359 = EDGE_CURVE ( 'NONE', #11592, #729, #2892, .T. ) ;
#5360 = DIRECTION ( 'NONE',  ( 0.000000000000000000, -1.000000000000000000, 0.000000000000000000 ) ) ;
#5361 = FILL_AREA_STYLE ('',( #3646 ) ) ;
#5362 = DIRECTION ( 'NONE',  ( -0.000000000000000000, -0.000000000000000000, 1.000000000000000000 ) ) ;
#5363 = DIRECTION ( 'NONE',  ( 0.000000000000000000, -1.000000000000000000, 0.000000000000000000 ) ) ;
#5364 = LINE ( 'NONE', #9135, #11102 ) ;
#5365 = ADVANCED_FACE ( 'NONE', ( #11267 ), #3937, .F. ) ;
#5366 = EDGE_CURVE ( 'NONE', #11919, #5847, #5714, .T. ) ;
#5367 = VECTOR ( 'NONE', #10321, 1000.000000000000000 ) ;
#5368 = VERTEX_POINT ( 'NONE', #6837 ) ;
#5369 = VERTEX_POINT ( 'NONE', #7876 ) ;
#5370 = ORIENTED_EDGE ( 'NONE', *, *, #4324, .F. ) ;
#5371 = VERTEX_POINT ( 'NONE', #1399 ) ;
#5372 = CYLINDRICAL_SURFACE ( 'NONE', #127, 0.1199999999999999956 ) ;
#5373 = VERTEX_POINT ( 'NONE', #7024 ) ;
#5374 = CARTESIAN_POINT ( 'NONE',  ( -2.049999999999999822, 0.05000000000000000278, -1.750000000000001998 ) ) ;
#5375 = AXIS2_PLACEMENT_3D ( 'NONE', #8882, #8937, #10861 ) ;
#5376 = FACE_OUTER_BOUND ( 'NONE', #3819, .T. ) ;
#5377 = LINE ( 'NONE', #4466, #8422 ) ;
#5378 = LINE ( 'NONE', #9148, #6599 ) ;
#5379 = CARTESIAN_POINT ( 'NONE',  ( -1.119999999999999885, 0.2000000000000000111, 2.570000000000001616 ) ) ;
#5380 = CARTESIAN_POINT ( 'NONE',  ( 2.570000000000001172, 0.000000000000000000, 1.879999999999999671 ) ) ;
#5381 = CARTESIAN_POINT ( 'NONE',  ( 2.570000000000000284, 0.8000833275471006534, -2.000000000000000444 ) ) ;
#5382 = DIRECTION ( 'NONE',  ( -1.008560160451631481E-15, 0.000000000000000000, -1.000000000000000000 ) ) ;
#5383 = DIRECTION ( 'NONE',  ( -0.000000000000000000, -1.000000000000000000, 0.000000000000000000 ) ) ;
#5384 = DIRECTION ( 'NONE',  ( 0.000000000000000000, 0.000000000000000000, -1.000000000000000000 ) ) ;
#5385 = EDGE_LOOP ( 'NONE', ( #11381, #912, #4456, #10247 ) ) ;
#5386 = ADVANCED_FACE ( 'NONE', ( #11635 ), #7086, .F. ) ;
#5387 = EDGE_CURVE ( 'NONE', #8975, #6950, #4174, .T. ) ;
#5388 = ORIENTED_EDGE ( 'NONE', *, *, #572, .T. ) ;
#5389 = AXIS2_PLACEMENT_3D ( 'NONE', #10795, #4186, #10909 ) ;
#5390 = ORIENTED_EDGE ( 'NONE', *, *, #5549, .F. ) ;
#5391 = VECTOR ( 'NONE', #3203, 1000.000000000000000 ) ;
#5392 = UNCERTAINTY_MEASURE_WITH_UNIT (LENGTH_MEASURE( 1.000000000000000082E-05 ), #929, 'distance_accuracy_value', 'NONE');
#5393 = ORIENTED_EDGE ( 'NONE', *, *, #4337, .T. ) ;
#5394 = CARTESIAN_POINT ( 'NONE',  ( 0.6200000000000003286, 0.000000000000000000, -3.000000000000001776 ) ) ;
#5395 = FACE_OUTER_BOUND ( 'NONE', #3990, .T. ) ;
#5396 = PLANE ( 'NONE',  #305 ) ;
#5397 = DIRECTION ( 'NONE',  ( -1.008560160451631481E-15, 0.000000000000000000, -1.000000000000000000 ) ) ;
#5398 = FACE_OUTER_BOUND ( 'NONE', #1915, .T. ) ;
#5399 = EDGE_CURVE ( 'NONE', #5787, #10904, #10842, .T. ) ;
#5400 = STYLED_ITEM ( 'NONE', ( #11880 ), #5588 ) ;
#5401 = PLANE ( 'NONE',  #135 ) ;
#5402 = VECTOR ( 'NONE', #10023, 1000.000000000000000 ) ;
#5403 = DIRECTION ( 'NONE',  ( -0.000000000000000000, 0.000000000000000000, 1.000000000000000000 ) ) ;
#5404 = EDGE_LOOP ( 'NONE', ( #4278, #367, #5135, #7613 ) ) ;
#5405 = ADVANCED_FACE ( 'NONE', ( #2343 ), #4119, .F. ) ;
#5406 = EDGE_CURVE ( 'NONE', #988, #3256, #9847, .T. ) ;
#5407 = VERTEX_POINT ( 'NONE', #4299 ) ;
#5408 = ORIENTED_EDGE ( 'NONE', *, *, #2433, .F. ) ;
#5409 = VECTOR ( 'NONE', #1623, 1000.000000000000000 ) ;
#5410 = VECTOR ( 'NONE', #10953, 1000.000000000000000 ) ;
#5411 = DIRECTION ( 'NONE',  ( 0.000000000000000000, -1.000000000000000000, 0.000000000000000000 ) ) ;
#5412 = DIRECTION ( 'NONE',  ( 0.000000000000000000, 0.000000000000000000, -1.000000000000000000 ) ) ;
#5413 = VECTOR ( 'NONE', #3186, 1000.000000000000000 ) ;
#5414 = LINE ( 'NONE', #1787, #2113 ) ;
#5415 = DIRECTION ( 'NONE',  ( 0.000000000000000000, 0.000000000000000000, -1.000000000000000000 ) ) ;
#5416 = CARTESIAN_POINT ( 'NONE',  ( -3.000000000000000888, 0.8000833275471006534, -1.879999999999999671 ) ) ;
#5417 = AXIS2_PLACEMENT_3D ( 'NONE', #11363, #5681, #9448 ) ;
#5418 = DIRECTION ( 'NONE',  ( -1.057758217059028854E-16, 0.000000000000000000, 1.000000000000000000 ) ) ;
#5419 = AXIS2_PLACEMENT_3D ( 'NONE', #4930, #49, #230 ) ;
#5420 = CARTESIAN_POINT ( 'NONE',  ( 2.570000000000000284, 0.1999999999999999833, -1.000000000000000444 ) ) ;
#5421 = FACE_OUTER_BOUND ( 'NONE', #7082, .T. ) ;
#5422 = AXIS2_PLACEMENT_3D ( 'NONE', #2648, #3509, #793 ) ;
#5423 = AXIS2_PLACEMENT_3D ( 'NONE', #1418, #4194, #9803 ) ;
#5424 = CARTESIAN_POINT ( 'NONE',  ( -2.570000000000001172, 0.8000833275471006534, -2.120000000000000107 ) ) ;
#5425 = VERTEX_POINT ( 'NONE', #5101 ) ;
#5426 = LINE ( 'NONE', #6481, #8006 ) ;
#5427 = CIRCLE ( 'NONE', #2878, 0.1199999999999999956 ) ;
#5428 = ORIENTED_EDGE ( 'NONE', *, *, #11957, .F. ) ;
#5429 = DIRECTION ( 'NONE',  ( 0.000000000000000000, 1.000000000000000000, 0.000000000000000000 ) ) ;
#5430 = VECTOR ( 'NONE', #4486, 1000.000000000000000 ) ;
#5431 = AXIS2_PLACEMENT_3D ( 'NONE', #3548, #2619, #1631 ) ;
#5432 = CARTESIAN_POINT ( 'NONE',  ( 2.999999999999999112, 0.05000000000000000278, -3.000000000000001776 ) ) ;
#5433 = DIRECTION ( 'NONE',  ( 0.000000000000000000, 0.000000000000000000, 1.000000000000000000 ) ) ;
#5434 = DIRECTION ( 'NONE',  ( 1.000000000000000000, -0.000000000000000000, 5.042800802258162337E-16 ) ) ;
#5435 = ADVANCED_FACE ( 'NONE', ( #8056 ), #7815, .T. ) ;
#5436 = ORIENTED_EDGE ( 'NONE', *, *, #5187, .F. ) ;
#5437 = LINE ( 'NONE', #5496, #2354 ) ;
#5438 = CIRCLE ( 'NONE', #7033, 0.1199999999999998845 ) ;
#5439 = ORIENTED_EDGE ( 'NONE', *, *, #1784, .F. ) ;
#5440 = DIRECTION ( 'NONE',  ( 0.000000000000000000, -1.000000000000000000, 0.000000000000000000 ) ) ;
#5441 = EDGE_CURVE ( 'NONE', #10933, #6638, #10657, .T. ) ;
#5442 = EDGE_LOOP ( 'NONE', ( #2933, #10528, #7256, #3048 ) ) ;
#5443 = DIRECTION ( 'NONE',  ( -0.000000000000000000, -1.000000000000000000, -0.000000000000000000 ) ) ;
#5444 = DIRECTION ( 'NONE',  ( 0.000000000000000000, 0.000000000000000000, 1.000000000000000000 ) ) ;
#5445 = DIRECTION ( 'NONE',  ( 0.000000000000000000, 1.000000000000000000, 0.000000000000000000 ) ) ;
#5446 = DIRECTION ( 'NONE',  ( -0.000000000000000000, -0.000000000000000000, -1.000000000000000000 ) ) ;
#5447 = CARTESIAN_POINT ( 'NONE',  ( -2.570000000000001172, 0.8000833275471006534, 1.380000000000000115 ) ) ;
#5448 = CARTESIAN_POINT ( 'NONE',  ( 2.570000000000000284, 0.000000000000000000, 0.4999999999999995559 ) ) ;
#5449 = PRESENTATION_LAYER_ASSIGNMENT (  '', '', ( #10178 ) ) ;
#5450 = DIRECTION ( 'NONE',  ( -0.000000000000000000, 0.000000000000000000, 1.000000000000000000 ) ) ;
#5451 = VECTOR ( 'NONE', #5193, 1000.000000000000000 ) ;
#5452 = CARTESIAN_POINT ( 'NONE',  ( 0.6200000000000003286, 0.000000000000000000, -2.570000000000001616 ) ) ;
#5453 =( NAMED_UNIT ( * ) SI_UNIT ( $, .STERADIAN. ) SOLID_ANGLE_UNIT ( ) );
#5454 = ORIENTED_EDGE ( 'NONE', *, *, #12185, .F. ) ;
#5455 = ORIENTED_EDGE ( 'NONE', *, *, #10756, .F. ) ;
#5456 = VERTEX_POINT ( 'NONE', #9904 ) ;
#5457 = ORIENTED_EDGE ( 'NONE', *, *, #11119, .T. ) ;
#5458 = DIRECTION ( 'NONE',  ( -1.000000000000000000, 0.000000000000000000, -5.042800802258162337E-16 ) ) ;
#5459 = CIRCLE ( 'NONE', #11173, 0.1199999999999998845 ) ;
#5460 = STYLED_ITEM ( 'NONE', ( #8540 ), #1526 ) ;
#5461 = DIRECTION ( 'NONE',  ( 0.000000000000000000, -1.000000000000000000, 0.000000000000000000 ) ) ;
#5462 = FACE_OUTER_BOUND ( 'NONE', #1151, .T. ) ;
#5463 = CARTESIAN_POINT ( 'NONE',  ( -3.000000000000000888, 0.8000833275471006534, 1.880000000000000115 ) ) ;
#5464 = LINE ( 'NONE', #7314, #216 ) ;
#5465 = CARTESIAN_POINT ( 'NONE',  ( 2.570000000000001172, 0.1999999999999999833, -0.8799999999999998934 ) ) ;
#5466 = LINE ( 'NONE', #11951, #3252 ) ;
#5467 = VECTOR ( 'NONE', #11368, 1000.000000000000000 ) ;
#5468 = ADVANCED_FACE ( 'NONE', ( #2398 ), #10896, .F. ) ;
#5469 = EDGE_LOOP ( 'NONE', ( #6038, #2936, #8400, #8081 ) ) ;
#5470 = ORIENTED_EDGE ( 'NONE', *, *, #11884, .F. ) ;
#5471 = VERTEX_POINT ( 'NONE', #409 ) ;
#5472 = EDGE_CURVE ( 'NONE', #9368, #11807, #6029, .T. ) ;
#5473 = DIRECTION ( 'NONE',  ( -0.000000000000000000, -1.000000000000000000, -0.000000000000000000 ) ) ;
#5474 = AXIS2_PLACEMENT_3D ( 'NONE', #11796, #3350, #7113 ) ;
#5475 = CARTESIAN_POINT ( 'NONE',  ( 0.1200000000000000927, 0.2000000000000000111, 2.570000000000001616 ) ) ;
#5476 = ADVANCED_FACE ( 'NONE', ( #7996 ), #3137, .F. ) ;
#5477 = DIRECTION ( 'NONE',  ( 0.000000000000000000, -1.000000000000000000, 0.000000000000000000 ) ) ;
#5478 = CARTESIAN_POINT ( 'NONE',  ( -3.000000000000000888, 0.1999999999999999833, 1.120000000000000329 ) ) ;
#5479 = LINE ( 'NONE', #4559, #11498 ) ;
#5480 = ORIENTED_EDGE ( 'NONE', *, *, #1097, .T. ) ;
#5481 =( LENGTH_UNIT ( ) NAMED_UNIT ( * ) SI_UNIT ( .MILLI., .METRE. ) );
#5482 = CIRCLE ( 'NONE', #7465, 0.1199999999999998845 ) ;
#5483 = VECTOR ( 'NONE', #11537, 1000.000000000000000 ) ;
#5484 = ORIENTED_EDGE ( 'NONE', *, *, #2166, .F. ) ;
#5485 = EDGE_CURVE ( 'NONE', #3268, #4885, #2454, .T. ) ;
#5486 = LINE ( 'NONE', #9260, #9973 ) ;
#5487 = EDGE_LOOP ( 'NONE', ( #2447, #10039, #2069, #5178 ) ) ;
#5488 = CYLINDRICAL_SURFACE ( 'NONE', #1892, 0.1199999999999998845 ) ;
#5489 = AXIS2_PLACEMENT_3D ( 'NONE', #11481, #7721, #7546 ) ;
#5490 = DIRECTION ( 'NONE',  ( 0.000000000000000000, -1.000000000000000000, 0.000000000000000000 ) ) ;
#5491 = AXIS2_PLACEMENT_3D ( 'NONE', #8256, #1796, #12024 ) ;
#5492 = CARTESIAN_POINT ( 'NONE',  ( -3.000000000000000888, 0.05000000000000000278, 2.999999999999999112 ) ) ;
#5493 = DIRECTION ( 'NONE',  ( 0.000000000000000000, 0.000000000000000000, 1.000000000000000000 ) ) ;
#5494 = CARTESIAN_POINT ( 'NONE',  ( 3.000000000000000888, 0.000000000000000000, 0.3800000000000001155 ) ) ;
#5495 = ORIENTED_EDGE ( 'NONE', *, *, #4122, .F. ) ;
#5496 = CARTESIAN_POINT ( 'NONE',  ( -3.000000000000000888, 0.8000833275471006534, 0.6200000000000003286 ) ) ;
#5497 = AXIS2_PLACEMENT_3D ( 'NONE', #6206, #6270, #7133 ) ;
#5498 = ORIENTED_EDGE ( 'NONE', *, *, #5971, .F. ) ;
#5499 = CARTESIAN_POINT ( 'NONE',  ( -0.5000000000000000000, 0.2000000000000000111, 2.570000000000001616 ) ) ;
#5500 = ORIENTED_EDGE ( 'NONE', *, *, #421, .T. ) ;
#5501 = AXIS2_PLACEMENT_3D ( 'NONE', #6503, #4590, #2752 ) ;
#5502 = DIRECTION ( 'NONE',  ( -0.000000000000000000, -1.000000000000000000, -0.000000000000000000 ) ) ;
#5503 = CARTESIAN_POINT ( 'NONE',  ( 2.570000000000001172, 0.000000000000000000, -0.6200000000000003286 ) ) ;
#5504 = EDGE_CURVE ( 'NONE', #5368, #3153, #9786, .T. ) ;
#5505 = CARTESIAN_POINT ( 'NONE',  ( -0.8799999999999996714, 0.1999999999999999833, -3.000000000000001776 ) ) ;
#5506 = DIRECTION ( 'NONE',  ( 0.000000000000000000, -0.000000000000000000, 1.000000000000000000 ) ) ;
#5507 = PLANE ( 'NONE',  #455 ) ;
#5508 = LINE ( 'NONE', #9151, #2308 ) ;
#5509 = CARTESIAN_POINT ( 'NONE',  ( 1.000000000000000000, 0.2000000000000000111, 2.570000000000001616 ) ) ;
#5510 = SURFACE_STYLE_USAGE ( .BOTH. , #8411 ) ;
#5511 = ADVANCED_FACE ( 'NONE', ( #3373 ), #6207, .F. ) ;
#5512 = ORIENTED_EDGE ( 'NONE', *, *, #2048, .F. ) ;
#5513 = EDGE_LOOP ( 'NONE', ( #7824, #2920, #6330, #8398 ) ) ;
#5514 = ORIENTED_EDGE ( 'NONE', *, *, #4351, .F. ) ;
#5515 = VERTEX_POINT ( 'NONE', #11575 ) ;
#5516 = DIRECTION ( 'NONE',  ( -1.000000000000000000, 0.000000000000000000, -0.000000000000000000 ) ) ;
#5517 = CARTESIAN_POINT ( 'NONE',  ( 3.000000000000000888, 0.000000000000000000, 1.880000000000000115 ) ) ;
#5518 = LINE ( 'NONE', #8293, #3866 ) ;
#5519 = CYLINDRICAL_SURFACE ( 'NONE', #10187, 0.1199999999999998845 ) ;
#5520 = DIRECTION ( 'NONE',  ( 0.000000000000000000, -1.000000000000000000, 0.000000000000000000 ) ) ;
#5521 = DIRECTION ( 'NONE',  ( 0.000000000000000000, -1.000000000000000000, 0.000000000000000000 ) ) ;
#5522 = LINE ( 'NONE', #7156, #9235 ) ;
#5523 = CARTESIAN_POINT ( 'NONE',  ( 2.570000000000001172, 0.8000833275471006534, 1.620000000000000107 ) ) ;
#5524 = ADVANCED_FACE ( 'NONE', ( #2211 ), #9716, .F. ) ;
#5525 = ORIENTED_EDGE ( 'NONE', *, *, #2708, .F. ) ;
#5526 = ORIENTED_EDGE ( 'NONE', *, *, #6758, .F. ) ;
#5527 = ORIENTED_EDGE ( 'NONE', *, *, #4956, .T. ) ;
#5528 = DIRECTION ( 'NONE',  ( 0.000000000000000000, 0.000000000000000000, -1.000000000000000000 ) ) ;
#5529 = CARTESIAN_POINT ( 'NONE',  ( -1.379999999999999671, 0.8000833275471003203, -3.000000000000001776 ) ) ;
#5530 = CARTESIAN_POINT ( 'NONE',  ( -3.000000000000000888, 10.48528137423857132, -3.000000000000000888 ) ) ;
#5531 = DIRECTION ( 'NONE',  ( 1.000000000000000000, 0.000000000000000000, -0.000000000000000000 ) ) ;
#5532 = CARTESIAN_POINT ( 'NONE',  ( 2.570000000000001172, 0.05000000000000002359, -1.879999999999999893 ) ) ;
#5533 = CARTESIAN_POINT ( 'NONE',  ( -2.000000000000000000, 0.2000000000000000111, -2.570000000000001616 ) ) ;
#5534 = ORIENTED_EDGE ( 'NONE', *, *, #9916, .T. ) ;
#5535 = CARTESIAN_POINT ( 'NONE',  ( 2.570000000000001172, 0.000000000000000000, 2.120000000000000551 ) ) ;
#5536 = ADVANCED_FACE ( 'NONE', ( #8231 ), #4598, .F. ) ;
#5537 = ADVANCED_FACE ( 'NONE', ( #2698 ), #7373, .T. ) ;
#5538 = VERTEX_POINT ( 'NONE', #599 ) ;
#5539 = DIRECTION ( 'NONE',  ( 0.000000000000000000, 0.000000000000000000, -1.000000000000000000 ) ) ;
#5540 = ORIENTED_EDGE ( 'NONE', *, *, #2669, .T. ) ;
#5541 = VECTOR ( 'NONE', #3926, 1000.000000000000000 ) ;
#5542 = CARTESIAN_POINT ( 'NONE',  ( 2.570000000000001172, 0.000000000000000000, 1.120000000000000107 ) ) ;
#5543 = DIRECTION ( 'NONE',  ( 1.445602896647338917E-16, -0.000000000000000000, 1.000000000000000000 ) ) ;
#5544 = EDGE_CURVE ( 'NONE', #10499, #4724, #9102, .T. ) ;
#5545 = PLANE ( 'NONE',  #6467 ) ;
#5546 = EDGE_CURVE ( 'NONE', #4724, #4607, #6197, .T. ) ;
#5547 = CARTESIAN_POINT ( 'NONE',  ( -3.000000000000000888, 0.000000000000000000, 0.3800000000000001155 ) ) ;
#5548 = EDGE_CURVE ( 'NONE', #5785, #5769, #654, .T. ) ;
#5549 = EDGE_CURVE ( 'NONE', #10989, #243, #6388, .T. ) ;
#5550 = EDGE_LOOP ( 'NONE', ( #6128, #4592, #5815, #8913 ) ) ;
#5551 = CARTESIAN_POINT ( 'NONE',  ( 0.6200000000000003286, 0.8000833275471003203, -2.570000000000001616 ) ) ;
#5552 = ORIENTED_EDGE ( 'NONE', *, *, #2108, .T. ) ;
#5553 = DIRECTION ( 'NONE',  ( 1.000000000000000000, 0.000000000000000000, -1.008560160451631481E-15 ) ) ;
#5554 = VERTEX_POINT ( 'NONE', #4412 ) ;
#5555 = CARTESIAN_POINT ( 'NONE',  ( -1.119999999999999440, 0.8000833275471003203, 3.000000000000001776 ) ) ;
#5556 = DIRECTION ( 'NONE',  ( 0.000000000000000000, 0.000000000000000000, -1.000000000000000000 ) ) ;
#5557 = SURFACE_STYLE_FILL_AREA ( #1627 ) ;
#5558 = CARTESIAN_POINT ( 'NONE',  ( -3.000000000000000888, 0.8000833275471006534, -2.120000000000000107 ) ) ;
#5559 = CARTESIAN_POINT ( 'NONE',  ( -3.000000000000000888, 0.1999999999999999833, 0.1200000000000003147 ) ) ;
#5560 = PLANE ( 'NONE',  #11678 ) ;
#5561 = CARTESIAN_POINT ( 'NONE',  ( 0.3800000000000001155, 0.000000000000000000, 2.570000000000001616 ) ) ;
#5562 = VECTOR ( 'NONE', #919, 1000.000000000000000 ) ;
#5563 = PLANE ( 'NONE',  #6277 ) ;
#5564 = SURFACE_STYLE_FILL_AREA ( #6443 ) ;
#5565 = CARTESIAN_POINT ( 'NONE',  ( -2.570000000000001172, 0.1999999999999999833, 1.620000000000000107 ) ) ;
#5566 = VERTEX_POINT ( 'NONE', #10963 ) ;
#5567 = EDGE_LOOP ( 'NONE', ( #141, #1678, #11631, #10890 ) ) ;
#5568 = VERTEX_POINT ( 'NONE', #7258 ) ;
#5569 = ORIENTED_EDGE ( 'NONE', *, *, #1072, .F. ) ;
#5570 = LINE ( 'NONE', #4721, #6441 ) ;
#5571 = VERTEX_POINT ( 'NONE', #2517 ) ;
#5572 = AXIS2_PLACEMENT_3D ( 'NONE', #12106, #10074, #3664 ) ;
#5573 = CARTESIAN_POINT ( 'NONE',  ( 3.000000000000000888, 0.8000833275471006534, -1.379999999999999671 ) ) ;
#5574 = PLANE ( 'NONE',  #8775 ) ;
#5575 = DIRECTION ( 'NONE',  ( -1.000000000000000000, 0.000000000000000000, 0.000000000000000000 ) ) ;
#5576 = CARTESIAN_POINT ( 'NONE',  ( -1.119999999999999440, 0.1999999999999999833, 3.000000000000001776 ) ) ;
#5577 = FILL_AREA_STYLE_COLOUR ( '', #7049 ) ;
#5578 = DIRECTION ( 'NONE',  ( 1.008560160451631481E-15, -0.000000000000000000, 1.000000000000000000 ) ) ;
#5579 = LINE ( 'NONE', #5646, #12098 ) ;
#5580 = AXIS2_PLACEMENT_3D ( 'NONE', #870, #753, #1614 ) ;
#5581 = ORIENTED_EDGE ( 'NONE', *, *, #11410, .T. ) ;
#5582 = ORIENTED_EDGE ( 'NONE', *, *, #1039, .T. ) ;
#5583 = VERTEX_POINT ( 'NONE', #4359 ) ;
#5584 = EDGE_CURVE ( 'NONE', #3398, #2872, #12004, .T. ) ;
#5585 = DIRECTION ( 'NONE',  ( -1.000000000000000000, 0.000000000000000000, -5.042800802258162337E-16 ) ) ;
#5586 = CIRCLE ( 'NONE', #9529, 0.1199999999999998845 ) ;
#5587 = EDGE_CURVE ( 'NONE', #11445, #29, #3431, .T. ) ;
#5588 = MANIFOLD_SOLID_BREP ( 'LPattern4[9]', #5094 ) ;
#5589 = CIRCLE ( 'NONE', #1461, 0.1199999999999998845 ) ;
#5590 = ADVANCED_FACE ( 'NONE', ( #10090 ), #1642, .F. ) ;
#5591 = LINE ( 'NONE', #9365, #5562 ) ;
#5592 = CARTESIAN_POINT ( 'NONE',  ( -3.000000000000000888, 0.1999999999999999833, -0.1199999999999998845 ) ) ;
#5593 = DIRECTION ( 'NONE',  ( 1.000000000000000000, 0.000000000000000000, -1.008560160451631481E-15 ) ) ;
#5594 = ORIENTED_EDGE ( 'NONE', *, *, #9327, .F. ) ;
#5595 = DIRECTION ( 'NONE',  ( -1.000000000000000000, 0.000000000000000000, 0.000000000000000000 ) ) ;
#5596 = ORIENTED_EDGE ( 'NONE', *, *, #9833, .T. ) ;
#5597 = VECTOR ( 'NONE', #766, 1000.000000000000000 ) ;
#5598 = VERTEX_POINT ( 'NONE', #5517 ) ;
#5599 = CARTESIAN_POINT ( 'NONE',  ( 0.1200000000000003147, 0.000000000000000000, -2.570000000000001616 ) ) ;
#5600 = ORIENTED_EDGE ( 'NONE', *, *, #8280, .T. ) ;
#5601 = COLOUR_RGB ( '',0.7921568627450980005, 0.8196078431372548767, 0.9333333333333333481 ) ;
#5602 = FACE_OUTER_BOUND ( 'NONE', #6539, .T. ) ;
#5603 = ADVANCED_FACE ( 'NONE', ( #9970 ), #1520, .F. ) ;
#5604 = FACE_OUTER_BOUND ( 'NONE', #5751, .T. ) ;
#5605 = DIRECTION ( 'NONE',  ( -1.000000000000000000, 0.000000000000000000, 0.000000000000000000 ) ) ;
#5606 = CARTESIAN_POINT ( 'NONE',  ( 0.1200000000000003147, 0.1999999999999999833, 3.000000000000001776 ) ) ;
#5607 = MANIFOLD_SOLID_BREP ( 'LPattern4[4]', #2150 ) ;
#5608 = VECTOR ( 'NONE', #11960, 1000.000000000000000 ) ;
#5609 = VECTOR ( 'NONE', #9735, 1000.000000000000000 ) ;
#5610 = EDGE_CURVE ( 'NONE', #7251, #4552, #8661, .T. ) ;
#5611 = ADVANCED_FACE ( 'NONE', ( #5395 ), #1077, .F. ) ;
#5612 = VERTEX_POINT ( 'NONE', #79 ) ;
#5613 = MECHANICAL_DESIGN_GEOMETRIC_PRESENTATION_REPRESENTATION (  '', ( #11723 ), #2671 ) ;
#5614 = CARTESIAN_POINT ( 'NONE',  ( 3.000000000000000888, 0.000000000000000000, -1.879999999999999671 ) ) ;
#5615 = ORIENTED_EDGE ( 'NONE', *, *, #2851, .T. ) ;
#5616 = ADVANCED_FACE ( 'NONE', ( #11254 ), #5698, .T. ) ;
#5617 = AXIS2_PLACEMENT_3D ( 'NONE', #964, #7554, #2939 ) ;
#5618 = EDGE_LOOP ( 'NONE', ( #10439, #3299, #3553, #11431 ) ) ;
#5619 = VECTOR ( 'NONE', #10721, 1000.000000000000000 ) ;
#5620 = DIRECTION ( 'NONE',  ( 0.000000000000000000, 0.000000000000000000, -1.000000000000000000 ) ) ;
#5621 = FACE_OUTER_BOUND ( 'NONE', #3890, .T. ) ;
#5622 = CARTESIAN_POINT ( 'NONE',  ( 3.000000000000000888, 0.04999999999999969746, 1.880000000000000115 ) ) ;
#5623 = DIRECTION ( 'NONE',  ( 1.000000000000000000, -0.000000000000000000, -0.000000000000000000 ) ) ;
#5624 = LINE ( 'NONE', #8648, #5467 ) ;
#5625 = DIRECTION ( 'NONE',  ( -1.000000000000000000, 0.000000000000000000, -5.042800802258162337E-16 ) ) ;
#5626 = DIRECTION ( 'NONE',  ( 0.000000000000000000, 0.000000000000000000, -1.000000000000000000 ) ) ;
#5627 = CARTESIAN_POINT ( 'NONE',  ( -3.000000000000000888, 0.8000833275471006534, -0.8799999999999996714 ) ) ;
#5628 = EDGE_CURVE ( 'NONE', #11438, #1650, #9356, .T. ) ;
#5629 = LINE ( 'NONE', #5864, #2662 ) ;
#5630 = VECTOR ( 'NONE', #8012, 1000.000000000000000 ) ;
#5631 = ORIENTED_EDGE ( 'NONE', *, *, #4322, .F. ) ;
#5632 = VECTOR ( 'NONE', #11429, 1000.000000000000000 ) ;
#5633 = ORIENTED_EDGE ( 'NONE', *, *, #1862, .T. ) ;
#5634 = VERTEX_POINT ( 'NONE', #2994 ) ;
#5635 = MANIFOLD_SOLID_BREP ( 'LPattern3[7]', #5279 ) ;
#5636 = ORIENTED_EDGE ( 'NONE', *, *, #953, .F. ) ;
#5637 = DIRECTION ( 'NONE',  ( -0.000000000000000000, -1.000000000000000000, -0.000000000000000000 ) ) ;
#5638 = ORIENTED_EDGE ( 'NONE', *, *, #9742, .F. ) ;
#5639 = DIRECTION ( 'NONE',  ( 0.000000000000000000, -1.000000000000000000, 0.000000000000000000 ) ) ;
#5640 = VECTOR ( 'NONE', #4921, 1000.000000000000000 ) ;
#5641 = CARTESIAN_POINT ( 'NONE',  ( 0.5000000000000000000, 0.000000000000000000, 2.570000000000001616 ) ) ;
#5642 = FACE_OUTER_BOUND ( 'NONE', #10030, .T. ) ;
#5643 = VECTOR ( 'NONE', #9514, 1000.000000000000000 ) ;
#5644 = FACE_OUTER_BOUND ( 'NONE', #805, .T. ) ;
#5645 = DIRECTION ( 'NONE',  ( -0.7071067811865485719, -0.000000000000000000, 0.7071067811865465735 ) ) ;
#5646 = CARTESIAN_POINT ( 'NONE',  ( -3.000000000000000888, 0.8000833275471006534, -0.3799999999999996714 ) ) ;
#5647 = ORIENTED_EDGE ( 'NONE', *, *, #3044, .T. ) ;
#5648 = EDGE_LOOP ( 'NONE', ( #6726, #11567, #9779, #7723 ) ) ;
#5649 = ORIENTED_EDGE ( 'NONE', *, *, #2836, .T. ) ;
#5650 = VECTOR ( 'NONE', #9288, 1000.000000000000000 ) ;
#5651 = VERTEX_POINT ( 'NONE', #8538 ) ;
#5652 = CARTESIAN_POINT ( 'NONE',  ( 3.000000000000000888, 0.04999999999999969746, -1.379999999999999671 ) ) ;
#5653 = CARTESIAN_POINT ( 'NONE',  ( -2.570000000000001172, 0.05000000000000002359, 1.380000000000000115 ) ) ;
#5654 = AXIS2_PLACEMENT_3D ( 'NONE', #9505, #10503, #1128 ) ;
#5655 = DIRECTION ( 'NONE',  ( 0.000000000000000000, 1.000000000000000000, -0.000000000000000000 ) ) ;
#5656 = CYLINDRICAL_SURFACE ( 'NONE', #8776, 0.1199999999999999956 ) ;
#5657 = EDGE_CURVE ( 'NONE', #11807, #12205, #8601, .T. ) ;
#5658 = EDGE_CURVE ( 'NONE', #3256, #1649, #2073, .T. ) ;
#5659 = DIRECTION ( 'NONE',  ( 0.000000000000000000, -0.000000000000000000, 1.000000000000000000 ) ) ;
#5660 = VERTEX_POINT ( 'NONE', #204 ) ;
#5661 = DIRECTION ( 'NONE',  ( 0.000000000000000000, 0.000000000000000000, 1.000000000000000000 ) ) ;
#5662 = ORIENTED_EDGE ( 'NONE', *, *, #4066, .T. ) ;
#5663 = EDGE_CURVE ( 'NONE', #4212, #9639, #6572, .T. ) ;
#5664 = LINE ( 'NONE', #2168, #3735 ) ;
#5665 = ORIENTED_EDGE ( 'NONE', *, *, #734, .F. ) ;
#5666 = CARTESIAN_POINT ( 'NONE',  ( 2.570000000000000284, 0.1999999999999999833, 1.999999999999999556 ) ) ;
#5667 = ORIENTED_EDGE ( 'NONE', *, *, #3746, .F. ) ;
#5668 = CARTESIAN_POINT ( 'NONE',  ( -2.119999999999999662, 0.05000000000000000278, 2.999999999999999112 ) ) ;
#5669 = CARTESIAN_POINT ( 'NONE',  ( 3.000000000000000888, 0.8000833275471006534, 0.3800000000000001155 ) ) ;
#5670 = FACE_OUTER_BOUND ( 'NONE', #3690, .T. ) ;
#5671 = LINE ( 'NONE', #12089, #9807 ) ;
#5672 = DIRECTION ( 'NONE',  ( 1.000000000000000000, 0.000000000000000000, -0.000000000000000000 ) ) ;
#5673 = VECTOR ( 'NONE', #11259, 1000.000000000000000 ) ;
#5674 = AXIS2_PLACEMENT_3D ( 'NONE', #1935, #692, #4458 ) ;
#5675 = ORIENTED_EDGE ( 'NONE', *, *, #9615, .F. ) ;
#5676 = SURFACE_SIDE_STYLE ('',( #10680 ) ) ;
#5677 = EDGE_LOOP ( 'NONE', ( #6447, #5016, #4610, #478 ) ) ;
#5678 = AXIS2_PLACEMENT_3D ( 'NONE', #5627, #4713, #6067 ) ;
#5679 = EDGE_LOOP ( 'NONE', ( #3768, #5721, #11237, #1333 ) ) ;
#5680 = AXIS2_PLACEMENT_3D ( 'NONE', #2974, #7774, #11607 ) ;
#5681 = DIRECTION ( 'NONE',  ( -0.000000000000000000, -1.000000000000000000, -0.000000000000000000 ) ) ;
#5682 = CARTESIAN_POINT ( 'NONE',  ( 1.620000000000000107, 0.2000000000000000111, 2.570000000000001616 ) ) ;
#5683 = DIRECTION ( 'NONE',  ( 1.000000000000000000, -0.000000000000000000, -0.000000000000000000 ) ) ;
#5684 = CARTESIAN_POINT ( 'NONE',  ( -0.8799999999999998934, 0.1999999999999999833, 2.570000000000001616 ) ) ;
#5685 = DIRECTION ( 'NONE',  ( -5.042800802258162337E-16, 0.000000000000000000, -1.000000000000000000 ) ) ;
#5686 = CARTESIAN_POINT ( 'NONE',  ( -0.6200000000000003286, 0.2000000000000000111, -2.570000000000001616 ) ) ;
#5687 = DIRECTION ( 'NONE',  ( 0.000000000000000000, 0.000000000000000000, -1.000000000000000000 ) ) ;
#5688 = ADVANCED_FACE ( 'NONE', ( #6075 ), #1321, .F. ) ;
#5689 = VERTEX_POINT ( 'NONE', #5197 ) ;
#5690 = VECTOR ( 'NONE', #8383, 1000.000000000000000 ) ;
#5691 = ORIENTED_EDGE ( 'NONE', *, *, #7742, .F. ) ;
#5692 = EDGE_LOOP ( 'NONE', ( #5853, #4493, #6234, #6649 ) ) ;
#5693 = MANIFOLD_SOLID_BREP ( 'LPattern4[8]', #2935 ) ;
#5694 = EDGE_CURVE ( 'NONE', #4900, #10514, #3183, .T. ) ;
#5695 = ORIENTED_EDGE ( 'NONE', *, *, #160, .T. ) ;
#5696 = CARTESIAN_POINT ( 'NONE',  ( -2.570000000000001172, 0.05000000000000002359, 1.620000000000000107 ) ) ;
#5697 = VERTEX_POINT ( 'NONE', #8846 ) ;
#5698 = PLANE ( 'NONE',  #2474 ) ;
#5699 = LINE ( 'NONE', #8481, #11143 ) ;
#5700 = DIRECTION ( 'NONE',  ( 0.000000000000000000, 0.000000000000000000, 1.000000000000000000 ) ) ;
#5701 = DIRECTION ( 'NONE',  ( -1.000000000000000000, 0.000000000000000000, -0.000000000000000000 ) ) ;
#5702 = SURFACE_STYLE_USAGE ( .BOTH. , #967 ) ;
#5703 = LINE ( 'NONE', #2144, #10015 ) ;
#5704 = ADVANCED_FACE ( 'NONE', ( #6941 ), #6135, .F. ) ;
#5705 = CARTESIAN_POINT ( 'NONE',  ( 1.880000000000000115, 0.04999999999999999584, 2.570000000000001616 ) ) ;
#5706 = ADVANCED_FACE ( 'NONE', ( #10825 ), #397, .T. ) ;
#5707 = VERTEX_POINT ( 'NONE', #4280 ) ;
#5708 = EDGE_CURVE ( 'NONE', #8530, #10852, #8780, .T. ) ;
#5709 = ORIENTED_EDGE ( 'NONE', *, *, #9442, .F. ) ;
#5710 = ORIENTED_EDGE ( 'NONE', *, *, #419, .F. ) ;
#5711 = EDGE_CURVE ( 'NONE', #2555, #8033, #9945, .T. ) ;
#5712 = ORIENTED_EDGE ( 'NONE', *, *, #5587, .T. ) ;
#5713 = ADVANCED_FACE ( 'NONE', ( #454 ), #4161, .T. ) ;
#5714 = LINE ( 'NONE', #8552, #1264 ) ;
#5715 = DIRECTION ( 'NONE',  ( -0.000000000000000000, -1.000000000000000000, -0.000000000000000000 ) ) ;
#5716 = DIRECTION ( 'NONE',  ( -0.000000000000000000, -1.000000000000000000, -0.000000000000000000 ) ) ;
#5717 = FILL_AREA_STYLE_COLOUR ( '', #6233 ) ;
#5718 = DIRECTION ( 'NONE',  ( -1.008560160451631481E-15, 0.000000000000000000, -1.000000000000000000 ) ) ;
#5719 = LINE ( 'NONE', #3881, #8184 ) ;
#5720 = LINE ( 'NONE', #9303, #6587 ) ;
#5721 = ORIENTED_EDGE ( 'NONE', *, *, #4337, .F. ) ;
#5722 = CARTESIAN_POINT ( 'NONE',  ( 1.379999999999999893, 0.1999999999999999833, -2.570000000000001616 ) ) ;
#5723 = ORIENTED_EDGE ( 'NONE', *, *, #9534, .F. ) ;
#5724 = VECTOR ( 'NONE', #1505, 1000.000000000000000 ) ;
#5725 = DIRECTION ( 'NONE',  ( 5.042800802258162337E-16, 0.000000000000000000, -1.000000000000000000 ) ) ;
#5726 = ORIENTED_EDGE ( 'NONE', *, *, #2925, .T. ) ;
#5727 = CARTESIAN_POINT ( 'NONE',  ( 3.000000000000000888, 0.1999999999999999833, 0.1200000000000003147 ) ) ;
#5728 = ORIENTED_EDGE ( 'NONE', *, *, #10381, .F. ) ;
#5729 = DIRECTION ( 'NONE',  ( 0.000000000000000000, 0.000000000000000000, 1.000000000000000000 ) ) ;
#5730 = DIRECTION ( 'NONE',  ( 1.000000000000000000, 0.000000000000000000, -1.008560160451631481E-15 ) ) ;
#5731 = FACE_OUTER_BOUND ( 'NONE', #5149, .T. ) ;
#5732 = CARTESIAN_POINT ( 'NONE',  ( 2.000000000000000000, 0.000000000000000000, 2.450000000000001510 ) ) ;
#5733 = PLANE ( 'NONE',  #11488 ) ;
#5734 = AXIS2_PLACEMENT_3D ( 'NONE', #10071, #3544, #7353 ) ;
#5735 = LINE ( 'NONE', #3899, #5483 ) ;
#5736 = VERTEX_POINT ( 'NONE', #6884 ) ;
#5737 = EDGE_CURVE ( 'NONE', #4968, #5093, #9644, .T. ) ;
#5738 = VERTEX_POINT ( 'NONE', #1386 ) ;
#5739 = AXIS2_PLACEMENT_3D ( 'NONE', #11086, #8426, #3434 ) ;
#5740 = EDGE_CURVE ( 'NONE', #6940, #956, #7980, .T. ) ;
#5741 = LINE ( 'NONE', #6805, #4769 ) ;
#5742 = DIRECTION ( 'NONE',  ( 0.000000000000000000, 0.000000000000000000, 1.000000000000000000 ) ) ;
#5743 = FACE_OUTER_BOUND ( 'NONE', #9697, .T. ) ;
#5744 = DIRECTION ( 'NONE',  ( -1.000000000000000000, 0.000000000000000000, 5.042800802258162337E-16 ) ) ;
#5745 = FACE_OUTER_BOUND ( 'NONE', #8037, .T. ) ;
#5746 = ADVANCED_FACE ( 'NONE', ( #3056 ), #10582, .T. ) ;
#5747 = LINE ( 'NONE', #7669, #6283 ) ;
#5748 = MECHANICAL_DESIGN_GEOMETRIC_PRESENTATION_REPRESENTATION (  '', ( #8310 ), #7144 ) ;
#5749 = ORIENTED_EDGE ( 'NONE', *, *, #6152, .F. ) ;
#5750 = ORIENTED_EDGE ( 'NONE', *, *, #7581, .T. ) ;
#5751 = EDGE_LOOP ( 'NONE', ( #1395, #1137, #8596, #9447 ) ) ;
#5752 = MANIFOLD_SOLID_BREP ( 'LPattern3[12]', #567 ) ;
#5753 = ORIENTED_EDGE ( 'NONE', *, *, #4496, .F. ) ;
#5754 = DIRECTION ( 'NONE',  ( 1.000000000000000000, -0.000000000000000000, 5.042800802258162337E-16 ) ) ;
#5755 = ORIENTED_EDGE ( 'NONE', *, *, #3439, .T. ) ;
#5756 = AXIS2_PLACEMENT_3D ( 'NONE', #10432, #9493, #1050 ) ;
#5757 = CARTESIAN_POINT ( 'NONE',  ( -0.8799999999999996714, 0.2000000000000000111, -2.570000000000001616 ) ) ;
#5758 = DIRECTION ( 'NONE',  ( 0.000000000000000000, 0.000000000000000000, 1.000000000000000000 ) ) ;
#5759 =( NAMED_UNIT ( * ) PLANE_ANGLE_UNIT ( ) SI_UNIT ( $, .RADIAN. ) );
#5760 = EDGE_CURVE ( 'NONE', #3384, #607, #2198, .T. ) ;
#5761 = EDGE_CURVE ( 'NONE', #4130, #3577, #4464, .T. ) ;
#5762 = PLANE ( 'NONE',  #11203 ) ;
#5763 = EDGE_CURVE ( 'NONE', #4664, #92, #4581, .T. ) ;
#5764 = DIRECTION ( 'NONE',  ( -1.000000000000000000, 0.000000000000000000, 5.042800802258162337E-16 ) ) ;
#5765 = ORIENTED_EDGE ( 'NONE', *, *, #5331, .F. ) ;
#5766 = EDGE_LOOP ( 'NONE', ( #8178, #8897, #7885, #3719 ) ) ;
#5767 = ORIENTED_EDGE ( 'NONE', *, *, #814, .F. ) ;
#5768 = VECTOR ( 'NONE', #2802, 1000.000000000000000 ) ;
#5769 = VERTEX_POINT ( 'NONE', #1569 ) ;
#5770 = ADVANCED_FACE ( 'NONE', ( #580 ), #7241, .F. ) ;
#5771 = CARTESIAN_POINT ( 'NONE',  ( -1.379999999999999671, 0.1999999999999999833, -2.570000000000001616 ) ) ;
#5772 = DIRECTION ( 'NONE',  ( 0.000000000000000000, -1.000000000000000000, 0.000000000000000000 ) ) ;
#5773 = CARTESIAN_POINT ( 'NONE',  ( 0.5000000000000000000, 0.2000000000000000111, -2.570000000000001616 ) ) ;
#5774 = FILL_AREA_STYLE ('',( #5717 ) ) ;
#5775 = VECTOR ( 'NONE', #12090, 1000.000000000000000 ) ;
#5776 = LINE ( 'NONE', #9535, #250 ) ;
#5777 = DIRECTION ( 'NONE',  ( -0.000000000000000000, -1.000000000000000000, -0.000000000000000000 ) ) ;
#5778 = ADVANCED_FACE ( 'NONE', ( #6315 ), #762, .T. ) ;
#5779 = DIRECTION ( 'NONE',  ( 1.000000000000000000, -0.000000000000000000, -5.042800802258162337E-16 ) ) ;
#5780 = ORIENTED_EDGE ( 'NONE', *, *, #12165, .F. ) ;
#5781 = VERTEX_POINT ( 'NONE', #2437 ) ;
#5782 = DIRECTION ( 'NONE',  ( -1.000000000000000000, 0.000000000000000000, 0.000000000000000000 ) ) ;
#5783 = AXIS2_PLACEMENT_3D ( 'NONE', #6601, #8569, #10429 ) ;
#5784 = VECTOR ( 'NONE', #1363, 1000.000000000000000 ) ;
#5785 = VERTEX_POINT ( 'NONE', #4396 ) ;
#5786 = CARTESIAN_POINT ( 'NONE',  ( -3.000000000000000888, 0.000000000000000000, -1.619999999999999885 ) ) ;
#5787 = VERTEX_POINT ( 'NONE', #5374 ) ;
#5788 = CARTESIAN_POINT ( 'NONE',  ( 1.120000000000000329, 0.8000833275471003203, -3.000000000000001776 ) ) ;
#5789 = CARTESIAN_POINT ( 'NONE',  ( 0.000000000000000000, 0.8000833275471003203, -2.570000000000001616 ) ) ;
#5790 = DIRECTION ( 'NONE',  ( -0.000000000000000000, 0.000000000000000000, 1.000000000000000000 ) ) ;
#5791 = VECTOR ( 'NONE', #11037, 1000.000000000000000 ) ;
#5792 = DIRECTION ( 'NONE',  ( -0.000000000000000000, -1.000000000000000000, -0.000000000000000000 ) ) ;
#5793 = CARTESIAN_POINT ( 'NONE',  ( 1.880000000000000560, 0.000000000000000000, -3.000000000000001776 ) ) ;
#5794 = MANIFOLD_SOLID_BREP ( 'LPattern3[3]', #7653 ) ;
#5795 = AXIS2_PLACEMENT_3D ( 'NONE', #209, #3988, #404 ) ;
#5796 = PRESENTATION_STYLE_ASSIGNMENT (( #61 ) ) ;
#5797 = ORIENTED_EDGE ( 'NONE', *, *, #8698, .T. ) ;
#5798 = EDGE_LOOP ( 'NONE', ( #406, #9575, #2825, #6280 ) ) ;
#5799 = AXIS2_PLACEMENT_3D ( 'NONE', #7897, #1366, #7956 ) ;
#5800 =( LENGTH_UNIT ( ) NAMED_UNIT ( * ) SI_UNIT ( .MILLI., .METRE. ) );
#5801 = VECTOR ( 'NONE', #4500, 1000.000000000000000 ) ;
#5802 =( NAMED_UNIT ( * ) SI_UNIT ( $, .STERADIAN. ) SOLID_ANGLE_UNIT ( ) );
#5803 = VECTOR ( 'NONE', #5006, 1000.000000000000000 ) ;
#5804 = FACE_OUTER_BOUND ( 'NONE', #4806, .T. ) ;
#5805 = CARTESIAN_POINT ( 'NONE',  ( -2.120000000000000107, 0.04999999999999999584, 2.570000000000001616 ) ) ;
#5806 = FACE_OUTER_BOUND ( 'NONE', #832, .T. ) ;
#5807 = CARTESIAN_POINT ( 'NONE',  ( -0.8799999999999996714, 0.000000000000000000, 2.570000000000001616 ) ) ;
#5808 = EDGE_CURVE ( 'NONE', #8139, #11130, #6368, .T. ) ;
#5809 = LINE ( 'NONE', #6745, #4514 ) ;
#5810 = EDGE_CURVE ( 'NONE', #3146, #5554, #11808, .T. ) ;
#5811 = CIRCLE ( 'NONE', #10552, 0.1199999999999998845 ) ;
#5812 = VERTEX_POINT ( 'NONE', #6494 ) ;
#5813 = ORIENTED_EDGE ( 'NONE', *, *, #4183, .T. ) ;
#5814 = ORIENTED_EDGE ( 'NONE', *, *, #9082, .T. ) ;
#5815 = ORIENTED_EDGE ( 'NONE', *, *, #6165, .T. ) ;
#5816 = ADVANCED_FACE ( 'NONE', ( #7538 ), #10441, .F. ) ;
#5817 = MANIFOLD_SOLID_BREP ( 'LPattern4[10]', #7457 ) ;
#5818 = VECTOR ( 'NONE', #8232, 1000.000000000000000 ) ;
#5819 = CIRCLE ( 'NONE', #2874, 0.1199999999999998845 ) ;
#5820 = ORIENTED_EDGE ( 'NONE', *, *, #8003, .F. ) ;
#5821 = CARTESIAN_POINT ( 'NONE',  ( 2.570000000000001172, 0.05000000000000002359, -1.620000000000000329 ) ) ;
#5822 = ORIENTED_EDGE ( 'NONE', *, *, #12122, .T. ) ;
#5823 = DIRECTION ( 'NONE',  ( -0.000000000000000000, -1.000000000000000000, -0.000000000000000000 ) ) ;
#5824 = VECTOR ( 'NONE', #8201, 1000.000000000000000 ) ;
#5825 = CARTESIAN_POINT ( 'NONE',  ( -1.119999999999999440, 0.000000000000000000, 3.000000000000001776 ) ) ;
#5826 = CARTESIAN_POINT ( 'NONE',  ( 0.8799999999999996714, 0.8000833275471003203, -2.570000000000001616 ) ) ;
#5827 = COLOUR_RGB ( '',0.7921568627450980005, 0.8196078431372548767, 0.9333333333333333481 ) ;
#5828 = VECTOR ( 'NONE', #3696, 1000.000000000000000 ) ;
#5829 = CARTESIAN_POINT ( 'NONE',  ( 2.570000000000001172, 0.1999999999999999833, 1.379999999999999671 ) ) ;
#5830 = DIRECTION ( 'NONE',  ( -1.000000000000000000, 0.000000000000000000, 0.000000000000000000 ) ) ;
#5831 = ORIENTED_EDGE ( 'NONE', *, *, #1712, .F. ) ;
#5832 = VERTEX_POINT ( 'NONE', #4825 ) ;
#5833 = EDGE_LOOP ( 'NONE', ( #5710, #5137, #1606, #604 ) ) ;
#5834 = ORIENTED_EDGE ( 'NONE', *, *, #2212, .T. ) ;
#5835 = AXIS2_PLACEMENT_3D ( 'NONE', #8921, #7139, #2277 ) ;
#5836 = VECTOR ( 'NONE', #7544, 1000.000000000000000 ) ;
#5837 = CARTESIAN_POINT ( 'NONE',  ( -2.570000000000001172, 0.8000833275471006534, -0.6199999999999998845 ) ) ;
#5838 = MANIFOLD_SOLID_BREP ( 'LPattern3[15]', #11988 ) ;
#5839 = LINE ( 'NONE', #8672, #97 ) ;
#5840 = LINE ( 'NONE', #4860, #8386 ) ;
#5841 = LINE ( 'NONE', #4974, #5640 ) ;
#5842 = ADVANCED_FACE ( 'NONE', ( #3658 ), #1941, .T. ) ;
#5843 = CARTESIAN_POINT ( 'NONE',  ( -2.049999999999999378, 5.998275605729689097, -1.749999999999999334 ) ) ;
#5844 = CARTESIAN_POINT ( 'NONE',  ( -0.3799999999999998934, 0.04999999999999999584, 2.570000000000001616 ) ) ;
#5845 = LINE ( 'NONE', #1407, #3242 ) ;
#5846 = AXIS2_PLACEMENT_3D ( 'NONE', #8967, #3128, #5950 ) ;
#5847 = VERTEX_POINT ( 'NONE', #2054 ) ;
#5848 = AXIS2_PLACEMENT_3D ( 'NONE', #836, #7552, #779 ) ;
#5849 = EDGE_CURVE ( 'NONE', #10824, #4264, #3903, .T. ) ;
#5850 = EDGE_LOOP ( 'NONE', ( #9473, #4639, #10836, #2325 ) ) ;
#5851 = DIRECTION ( 'NONE',  ( 1.008560160451631481E-15, 0.000000000000000000, -1.000000000000000000 ) ) ;
#5852 = ADVANCED_FACE ( 'NONE', ( #2744 ), #9390, .F. ) ;
#5853 = ORIENTED_EDGE ( 'NONE', *, *, #5504, .F. ) ;
#5854 = CARTESIAN_POINT ( 'NONE',  ( 2.570000000000001172, 0.1999999999999999833, -0.1200000000000003147 ) ) ;
#5855 = VECTOR ( 'NONE', #2262, 1000.000000000000000 ) ;
#5856 = ORIENTED_EDGE ( 'NONE', *, *, #3535, .F. ) ;
#5857 = DIRECTION ( 'NONE',  ( -0.000000000000000000, -1.000000000000000000, -0.000000000000000000 ) ) ;
#5858 = COLOUR_RGB ( '',0.7921568627450980005, 0.8196078431372548767, 0.9333333333333333481 ) ;
#5859 = DIRECTION ( 'NONE',  ( -0.000000000000000000, -1.000000000000000000, 0.000000000000000000 ) ) ;
#5860 = DIRECTION ( 'NONE',  ( -0.000000000000000000, 1.000000000000000000, -0.000000000000000000 ) ) ;
#5861 = LINE ( 'NONE', #7767, #99 ) ;
#5862 = DIRECTION ( 'NONE',  ( 0.000000000000000000, 1.000000000000000000, 0.000000000000000000 ) ) ;
#5863 = DIRECTION ( 'NONE',  ( -1.000000000000000000, 0.000000000000000000, 1.445602896647338917E-16 ) ) ;
#5864 = CARTESIAN_POINT ( 'NONE',  ( -3.000000000000000888, 0.8000833275471006534, 1.380000000000000115 ) ) ;
#5865 = EDGE_CURVE ( 'NONE', #8871, #8954, #1090, .T. ) ;
#5866 = LINE ( 'NONE', #308, #4309 ) ;
#5867 = ORIENTED_EDGE ( 'NONE', *, *, #3564, .T. ) ;
#5868 = ORIENTED_EDGE ( 'NONE', *, *, #10519, .T. ) ;
#5869 = CYLINDRICAL_SURFACE ( 'NONE', #8572, 0.1199999999999998845 ) ;
#5870 = VECTOR ( 'NONE', #11232, 1000.000000000000000 ) ;
#5871 = CARTESIAN_POINT ( 'NONE',  ( -2.049999999999999822, 5.998275605729689097, 2.049999999999999378 ) ) ;
#5872 = PLANE ( 'NONE',  #11523 ) ;
#5873 = LINE ( 'NONE', #1188, #2339 ) ;
#5874 = CARTESIAN_POINT ( 'NONE',  ( -1.879999999999999893, 0.000000000000000000, 2.570000000000001616 ) ) ;
#5875 = LINE ( 'NONE', #3913, #4705 ) ;
#5876 = EDGE_LOOP ( 'NONE', ( #3765, #9259, #3871, #2905 ) ) ;
#5877 = EDGE_CURVE ( 'NONE', #5158, #6747, #5221, .T. ) ;
#5878 = ORIENTED_EDGE ( 'NONE', *, *, #7110, .T. ) ;
#5879 = EDGE_LOOP ( 'NONE', ( #11281, #154, #1512, #11457 ) ) ;
#5880 = AXIS2_PLACEMENT_3D ( 'NONE', #9990, #11144, #2705 ) ;
#5881 = PRODUCT_DEFINITION_CONTEXT ( 'detailed design', #6521, 'design' ) ;
#5882 = AXIS2_PLACEMENT_3D ( 'NONE', #9628, #7841, #7656 ) ;
#5883 = ORIENTED_EDGE ( 'NONE', *, *, #8322, .F. ) ;
#5884 = DIRECTION ( 'NONE',  ( -0.000000000000000000, -1.000000000000000000, -0.000000000000000000 ) ) ;
#5885 = EDGE_LOOP ( 'NONE', ( #8420, #760, #6022, #6868, #10268 ) ) ;
#5886 = EDGE_CURVE ( 'NONE', #6747, #4856, #6688, .T. ) ;
#5887 = DIRECTION ( 'NONE',  ( 0.000000000000000000, -1.000000000000000000, 0.000000000000000000 ) ) ;
#5888 = LINE ( 'NONE', #9645, #6412 ) ;
#5889 = DIRECTION ( 'NONE',  ( -0.000000000000000000, -1.000000000000000000, -0.000000000000000000 ) ) ;
#5890 = DIRECTION ( 'NONE',  ( -0.000000000000000000, -1.000000000000000000, -0.000000000000000000 ) ) ;
#5891 = PRESENTATION_STYLE_ASSIGNMENT (( #4846 ) ) ;
#5892 = EDGE_CURVE ( 'NONE', #9667, #8871, #2309, .T. ) ;
#5893 = ADVANCED_FACE ( 'NONE', ( #11610 ), #6929, .F. ) ;
#5894 = CARTESIAN_POINT ( 'NONE',  ( 2.570000000000000284, 0.1999999999999999833, 1.499999999999999556 ) ) ;
#5895 = CARTESIAN_POINT ( 'NONE',  ( -2.120000000000000551, 0.2000000000000000111, -2.570000000000001616 ) ) ;
#5896 = ORIENTED_EDGE ( 'NONE', *, *, #8804, .F. ) ;
#5897 = ORIENTED_EDGE ( 'NONE', *, *, #11001, .T. ) ;
#5898 = ORIENTED_EDGE ( 'NONE', *, *, #12099, .F. ) ;
#5899 = ORIENTED_EDGE ( 'NONE', *, *, #5663, .F. ) ;
#5900 = CARTESIAN_POINT ( 'NONE',  ( 0.6200000000000003286, 0.2000000000000000111, -2.570000000000001616 ) ) ;
#5901 = CARTESIAN_POINT ( 'NONE',  ( -0.8799999999999996714, 0.2000000000000000111, -2.570000000000001616 ) ) ;
#5902 = FACE_OUTER_BOUND ( 'NONE', #12172, .T. ) ;
#5903 = FACE_OUTER_BOUND ( 'NONE', #7914, .T. ) ;
#5904 = EDGE_CURVE ( 'NONE', #4098, #7626, #10565, .T. ) ;
#5905 = VECTOR ( 'NONE', #10615, 1000.000000000000000 ) ;
#5906 = DIRECTION ( 'NONE',  ( -1.000000000000000000, 0.000000000000000000, -0.000000000000000000 ) ) ;
#5907 = DIRECTION ( 'NONE',  ( -1.000000000000000000, 0.000000000000000000, 1.445602896647339163E-16 ) ) ;
#5908 = DIRECTION ( 'NONE',  ( -1.008560160451631481E-15, 0.000000000000000000, -1.000000000000000000 ) ) ;
#5909 = ORIENTED_EDGE ( 'NONE', *, *, #9841, .T. ) ;
#5910 = ORIENTED_EDGE ( 'NONE', *, *, #7366, .T. ) ;
#5911 = ORIENTED_EDGE ( 'NONE', *, *, #6752, .F. ) ;
#5912 = VERTEX_POINT ( 'NONE', #3106 ) ;
#5913 = DIRECTION ( 'NONE',  ( 0.000000000000000000, -1.000000000000000000, 0.000000000000000000 ) ) ;
#5914 = ORIENTED_EDGE ( 'NONE', *, *, #9243, .T. ) ;
#5915 = LINE ( 'NONE', #117, #2375 ) ;
#5916 = DIRECTION ( 'NONE',  ( -1.000000000000000000, 0.000000000000000000, 0.000000000000000000 ) ) ;
#5917 = DIRECTION ( 'NONE',  ( 1.000000000000000000, -0.000000000000000000, 5.042800802258162337E-16 ) ) ;
#5918 = CARTESIAN_POINT ( 'NONE',  ( -0.1199999999999994404, 0.2000000000000000111, 3.000000000000001776 ) ) ;
#5919 = PLANE ( 'NONE',  #4691 ) ;
#5920 = CARTESIAN_POINT ( 'NONE',  ( 1.620000000000000329, 0.2000000000000000111, -2.570000000000001616 ) ) ;
#5921 = MANIFOLD_SOLID_BREP ( 'LPattern3[6]', #3723 ) ;
#5922 = EDGE_CURVE ( 'NONE', #7251, #5566, #7054, .T. ) ;
#5923 = ADVANCED_FACE ( 'NONE', ( #4887 ), #6123, .F. ) ;
#5924 = LINE ( 'NONE', #11717, #683 ) ;
#5925 = DIRECTION ( 'NONE',  ( 0.000000000000000000, 0.000000000000000000, 1.000000000000000000 ) ) ;
#5926 = VERTEX_POINT ( 'NONE', #8643 ) ;
#5927 = ORIENTED_EDGE ( 'NONE', *, *, #2052, .F. ) ;
#5928 = ADVANCED_FACE ( 'NONE', ( #3965 ), #2186, .F. ) ;
#5929 = CARTESIAN_POINT ( 'NONE',  ( 2.570000000000001172, 0.000000000000000000, -1.879999999999999893 ) ) ;
#5930 = FILL_AREA_STYLE ('',( #7484 ) ) ;
#5931 = DIRECTION ( 'NONE',  ( 0.000000000000000000, 0.000000000000000000, 1.000000000000000000 ) ) ;
#5932 = EDGE_CURVE ( 'NONE', #11819, #41, #11476, .T. ) ;
#5933 = FACE_OUTER_BOUND ( 'NONE', #2840, .T. ) ;
#5934 = CARTESIAN_POINT ( 'NONE',  ( 2.570000000000001172, 0.05000000000000002359, 0.6200000000000001066 ) ) ;
#5935 = ADVANCED_FACE ( 'NONE', ( #6803 ), #5869, .F. ) ;
#5936 = PLANE ( 'NONE',  #5287 ) ;
#5937 = EDGE_CURVE ( 'NONE', #4854, #3992, #5811, .T. ) ;
#5938 = ORIENTED_EDGE ( 'NONE', *, *, #6101, .F. ) ;
#5939 = ORIENTED_EDGE ( 'NONE', *, *, #11648, .F. ) ;
#5940 = EDGE_LOOP ( 'NONE', ( #2643, #6129, #10223, #1981 ) ) ;
#5941 = MANIFOLD_SOLID_BREP ( 'LPattern3[2]', #7081 ) ;
#5942 = AXIS2_PLACEMENT_3D ( 'NONE', #3058, #1020, #5758 ) ;
#5943 = ORIENTED_EDGE ( 'NONE', *, *, #4809, .F. ) ;
#5944 = DIRECTION ( 'NONE',  ( 0.000000000000000000, -0.000000000000000000, -1.000000000000000000 ) ) ;
#5945 = VERTEX_POINT ( 'NONE', #7228 ) ;
#5946 = DIRECTION ( 'NONE',  ( -1.000000000000000000, 0.000000000000000000, 5.042800802258162337E-16 ) ) ;
#5947 = DIRECTION ( 'NONE',  ( 1.000000000000000000, 0.000000000000000000, 5.042800802258162337E-16 ) ) ;
#5948 = CARTESIAN_POINT ( 'NONE',  ( -0.1199999999999998845, 0.2000000000000000111, 2.570000000000001616 ) ) ;
#5949 = CARTESIAN_POINT ( 'NONE',  ( -0.3799999999999998934, 0.000000000000000000, 2.570000000000001616 ) ) ;
#5950 = DIRECTION ( 'NONE',  ( 0.000000000000000000, -0.000000000000000000, 1.000000000000000000 ) ) ;
#5951 = DIRECTION ( 'NONE',  ( -1.000000000000000000, 0.000000000000000000, -5.042800802258162337E-16 ) ) ;
#5952 = CARTESIAN_POINT ( 'NONE',  ( -2.049999999999999822, 0.000000000000000000, 2.049999999999999378 ) ) ;
#5953 = CARTESIAN_POINT ( 'NONE',  ( -1.500000000000000000, 0.2000000000000000111, 2.450000000000001510 ) ) ;
#5954 = ORIENTED_EDGE ( 'NONE', *, *, #1940, .T. ) ;
#5955 = ORIENTED_EDGE ( 'NONE', *, *, #7281, .F. ) ;
#5956 = ORIENTED_EDGE ( 'NONE', *, *, #4066, .F. ) ;
#5957 = ORIENTED_EDGE ( 'NONE', *, *, #2241, .F. ) ;
#5958 = VECTOR ( 'NONE', #1294, 1000.000000000000000 ) ;
#5959 = CARTESIAN_POINT ( 'NONE',  ( 1.620000000000000329, 0.000000000000000000, 3.000000000000001776 ) ) ;
#5960 = MANIFOLD_SOLID_BREP ( 'LPattern3[5]', #8830 ) ;
#5961 = DIRECTION ( 'NONE',  ( 0.000000000000000000, 0.000000000000000000, -1.000000000000000000 ) ) ;
#5962 = CARTESIAN_POINT ( 'NONE',  ( -2.570000000000001172, 0.05000000000000002359, -1.379999999999999893 ) ) ;
#5963 = DIRECTION ( 'NONE',  ( 1.000000000000000000, 0.000000000000000000, -0.000000000000000000 ) ) ;
#5964 = CARTESIAN_POINT ( 'NONE',  ( -1.620000000000000329, 0.8000833275471003203, -2.570000000000001616 ) ) ;
#5965 = DIRECTION ( 'NONE',  ( -1.008560160451631481E-15, 0.000000000000000000, -1.000000000000000000 ) ) ;
#5966 = VECTOR ( 'NONE', #9150, 1000.000000000000000 ) ;
#5967 = ORIENTED_EDGE ( 'NONE', *, *, #2784, .T. ) ;
#5968 = ORIENTED_EDGE ( 'NONE', *, *, #9736, .F. ) ;
#5969 = ORIENTED_EDGE ( 'NONE', *, *, #8338, .F. ) ;
#5970 = EDGE_CURVE ( 'NONE', #8657, #5078, #1292, .T. ) ;
#5971 = EDGE_CURVE ( 'NONE', #6203, #11166, #1493, .T. ) ;
#5972 = ORIENTED_EDGE ( 'NONE', *, *, #3629, .T. ) ;
#5973 = CARTESIAN_POINT ( 'NONE',  ( -0.1199999999999994404, 0.8000833275471003203, -3.000000000000001776 ) ) ;
#5974 = ORIENTED_EDGE ( 'NONE', *, *, #8953, .F. ) ;
#5975 = VECTOR ( 'NONE', #4093, 1000.000000000000000 ) ;
#5976 = DIRECTION ( 'NONE',  ( -0.000000000000000000, -1.000000000000000000, -0.000000000000000000 ) ) ;
#5977 = DIRECTION ( 'NONE',  ( 0.000000000000000000, 1.000000000000000000, 0.000000000000000000 ) ) ;
#5978 = PLANE ( 'NONE',  #5165 ) ;
#5979 = FACE_OUTER_BOUND ( 'NONE', #1616, .T. ) ;
#5980 = FACE_OUTER_BOUND ( 'NONE', #140, .T. ) ;
#5981 = DIRECTION ( 'NONE',  ( 0.000000000000000000, 0.000000000000000000, -1.000000000000000000 ) ) ;
#5982 = DIRECTION ( 'NONE',  ( 0.000000000000000000, 1.000000000000000000, 0.000000000000000000 ) ) ;
#5983 = AXIS2_PLACEMENT_3D ( 'NONE', #7328, #2476, #8250 ) ;
#5984 = CARTESIAN_POINT ( 'NONE',  ( -2.570000000000001172, 0.000000000000000000, -0.8799999999999998934 ) ) ;
#5985 = ORIENTED_EDGE ( 'NONE', *, *, #4624, .T. ) ;
#5986 = ORIENTED_EDGE ( 'NONE', *, *, #5017, .T. ) ;
#5987 = EDGE_CURVE ( 'NONE', #10068, #1398, #504, .T. ) ;
#5988 = DIRECTION ( 'NONE',  ( 0.000000000000000000, 0.000000000000000000, -1.000000000000000000 ) ) ;
#5989 = AXIS2_PLACEMENT_3D ( 'NONE', #4678, #1034, #159 ) ;
#5990 = AXIS2_PLACEMENT_3D ( 'NONE', #8545, #2020, #11323 ) ;
#5991 = DIRECTION ( 'NONE',  ( 0.000000000000000000, 0.000000000000000000, 1.000000000000000000 ) ) ;
#5992 = CARTESIAN_POINT ( 'NONE',  ( 2.000000000000000000, 0.2000000000000000111, 2.450000000000001510 ) ) ;
#5993 = FACE_OUTER_BOUND ( 'NONE', #4146, .T. ) ;
#5994 = CARTESIAN_POINT ( 'NONE',  ( -1.000000000000000000, 0.1999999999999999833, 2.450000000000001510 ) ) ;
#5995 = EDGE_CURVE ( 'NONE', #340, #6519, #11337, .T. ) ;
#5996 = ADVANCED_FACE ( 'NONE', ( #6301 ), #565, .T. ) ;
#5997 = DIRECTION ( 'NONE',  ( 1.000000000000000000, 0.000000000000000000, -0.000000000000000000 ) ) ;
#5998 = VERTEX_POINT ( 'NONE', #8261 ) ;
#5999 = EDGE_CURVE ( 'NONE', #8459, #2192, #7337, .T. ) ;
#6000 = EDGE_LOOP ( 'NONE', ( #11736, #4115, #4263, #8857 ) ) ;
#6001 = COLOUR_RGB ( '',0.7921568627450980005, 0.8196078431372548767, 0.9333333333333333481 ) ;
#6002 = VERTEX_POINT ( 'NONE', #10056 ) ;
#6003 = CIRCLE ( 'NONE', #7387, 0.1199999999999998845 ) ;
#6004 = UNCERTAINTY_MEASURE_WITH_UNIT (LENGTH_MEASURE( 1.000000000000000082E-05 ), #3732, 'distance_accuracy_value', 'NONE');
#6005 = VERTEX_POINT ( 'NONE', #1426 ) ;
#6006 = FACE_OUTER_BOUND ( 'NONE', #8197, .T. ) ;
#6007 = EDGE_LOOP ( 'NONE', ( #8670, #4457, #3491, #1057 ) ) ;
#6008 = AXIS2_PLACEMENT_3D ( 'NONE', #1813, #2926, #132 ) ;
#6009 = EDGE_CURVE ( 'NONE', #3707, #4939, #8026, .T. ) ;
#6010 = DIRECTION ( 'NONE',  ( -1.000000000000000000, 0.000000000000000000, 5.042800802258162337E-16 ) ) ;
#6011 = LINE ( 'NONE', #3125, #6217 ) ;
#6012 = PLANE ( 'NONE',  #6724 ) ;
#6013 = CARTESIAN_POINT ( 'NONE',  ( -2.570000000000001172, 0.8000833275471006534, 0.1200000000000000927 ) ) ;
#6014 = EDGE_CURVE ( 'NONE', #7671, #1936, #3401, .T. ) ;
#6015 = STYLED_ITEM ( 'NONE', ( #8334 ), #5838 ) ;
#6016 = DIRECTION ( 'NONE',  ( 0.000000000000000000, 1.000000000000000000, 0.000000000000000000 ) ) ;
#6017 = CIRCLE ( 'NONE', #3645, 0.2500000000000002220 ) ;
#6018 = CARTESIAN_POINT ( 'NONE',  ( 3.000000000000000888, 0.1999999999999999833, 1.620000000000000329 ) ) ;
#6019 = DIRECTION ( 'NONE',  ( 1.000000000000000000, 0.000000000000000000, 0.000000000000000000 ) ) ;
#6020 = CARTESIAN_POINT ( 'NONE',  ( 1.880000000000000115, 0.2000000000000000111, 2.570000000000001616 ) ) ;
#6021 = AXIS2_PLACEMENT_3D ( 'NONE', #10670, #5976, #4312 ) ;
#6022 = ORIENTED_EDGE ( 'NONE', *, *, #10522, .F. ) ;
#6023 = CIRCLE ( 'NONE', #5423, 0.1199999999999999956 ) ;
#6024 = ORIENTED_EDGE ( 'NONE', *, *, #5350, .T. ) ;
#6025 = ORIENTED_EDGE ( 'NONE', *, *, #10520, .T. ) ;
#6026 = UNCERTAINTY_MEASURE_WITH_UNIT (LENGTH_MEASURE( 1.000000000000000082E-05 ), #4385, 'distance_accuracy_value', 'NONE');
#6027 = ORIENTED_EDGE ( 'NONE', *, *, #1784, .T. ) ;
#6028 = VECTOR ( 'NONE', #218, 1000.000000000000000 ) ;
#6029 = LINE ( 'NONE', #469, #677 ) ;
#6030 = VECTOR ( 'NONE', #9287, 1000.000000000000000 ) ;
#6031 = PLANE ( 'NONE',  #7782 ) ;
#6032 = VECTOR ( 'NONE', #9250, 1000.000000000000000 ) ;
#6033 = DIRECTION ( 'NONE',  ( 0.000000000000000000, -1.000000000000000000, 0.000000000000000000 ) ) ;
#6034 = DIRECTION ( 'NONE',  ( 0.000000000000000000, 0.000000000000000000, -1.000000000000000000 ) ) ;
#6035 = CARTESIAN_POINT ( 'NONE',  ( 0.3800000000000005596, 0.8000833275471003203, -3.000000000000001776 ) ) ;
#6036 = PLANE ( 'NONE',  #7562 ) ;
#6037 = ORIENTED_EDGE ( 'NONE', *, *, #9702, .F. ) ;
#6038 = ORIENTED_EDGE ( 'NONE', *, *, #9197, .F. ) ;
#6039 = VECTOR ( 'NONE', #1539, 1000.000000000000000 ) ;
#6040 = VECTOR ( 'NONE', #9851, 1000.000000000000000 ) ;
#6041 = ORIENTED_EDGE ( 'NONE', *, *, #3169, .F. ) ;
#6042 = VERTEX_POINT ( 'NONE', #2486 ) ;
#6043 = DIRECTION ( 'NONE',  ( -0.000000000000000000, -0.000000000000000000, 1.000000000000000000 ) ) ;
#6044 = ORIENTED_EDGE ( 'NONE', *, *, #8117, .T. ) ;
#6045 = CARTESIAN_POINT ( 'NONE',  ( -2.570000000000001172, 0.05000000000000002359, 1.000000000000000000 ) ) ;
#6046 = ADVANCED_FACE ( 'NONE', ( #6236 ), #10004, .T. ) ;
#6047 = EDGE_CURVE ( 'NONE', #6493, #11177, #2099, .T. ) ;
#6048 = FILL_AREA_STYLE_COLOUR ( '', #10368 ) ;
#6049 = COLOUR_RGB ( '',0.7921568627450980005, 0.8196078431372548767, 0.9333333333333333481 ) ;
#6050 = CARTESIAN_POINT ( 'NONE',  ( -0.3799999999999996714, 0.1999999999999999833, 3.000000000000001776 ) ) ;
#6051 = DIRECTION ( 'NONE',  ( 0.000000000000000000, 1.000000000000000000, 0.000000000000000000 ) ) ;
#6052 = AXIS2_PLACEMENT_3D ( 'NONE', #3477, #519, #2435 ) ;
#6053 = CARTESIAN_POINT ( 'NONE',  ( -2.120000000000000551, 0.1999999999999999833, -2.570000000000001616 ) ) ;
#6054 = DIRECTION ( 'NONE',  ( -1.000000000000000000, 0.000000000000000000, -0.000000000000000000 ) ) ;
#6055 = EDGE_CURVE ( 'NONE', #3734, #7565, #10535, .T. ) ;
#6056 = DIRECTION ( 'NONE',  ( -1.000000000000000000, 0.000000000000000000, 0.000000000000000000 ) ) ;
#6057 = FACE_OUTER_BOUND ( 'NONE', #6966, .T. ) ;
#6058 = VECTOR ( 'NONE', #10919, 1000.000000000000000 ) ;
#6059 = ORIENTED_EDGE ( 'NONE', *, *, #10418, .T. ) ;
#6060 = ORIENTED_EDGE ( 'NONE', *, *, #10690, .T. ) ;
#6061 = FILL_AREA_STYLE_COLOUR ( '', #10744 ) ;
#6062 = SURFACE_SIDE_STYLE ('',( #2310 ) ) ;
#6063 = FACE_OUTER_BOUND ( 'NONE', #2136, .T. ) ;
#6064 = DIRECTION ( 'NONE',  ( 0.000000000000000000, 1.000000000000000000, -0.000000000000000000 ) ) ;
#6065 = PLANE ( 'NONE',  #3427 ) ;
#6066 = AXIS2_PLACEMENT_3D ( 'NONE', #11928, #7423, #1576 ) ;
#6067 = DIRECTION ( 'NONE',  ( 0.000000000000000000, 0.000000000000000000, -1.000000000000000000 ) ) ;
#6068 = ORIENTED_EDGE ( 'NONE', *, *, #615, .F. ) ;
#6069 = VERTEX_POINT ( 'NONE', #9660 ) ;
#6070 = ORIENTED_EDGE ( 'NONE', *, *, #10069, .F. ) ;
#6071 = ORIENTED_EDGE ( 'NONE', *, *, #7084, .F. ) ;
#6072 = DIRECTION ( 'NONE',  ( 0.000000000000000000, -0.000000000000000000, -1.000000000000000000 ) ) ;
#6073 = AXIS2_PLACEMENT_3D ( 'NONE', #8324, #3714, #7592 ) ;
#6074 = ORIENTED_EDGE ( 'NONE', *, *, #3080, .T. ) ;
#6075 = FACE_OUTER_BOUND ( 'NONE', #1111, .T. ) ;
#6076 = DIRECTION ( 'NONE',  ( 0.000000000000000000, 0.000000000000000000, -1.000000000000000000 ) ) ;
#6077 =( NAMED_UNIT ( * ) SI_UNIT ( $, .STERADIAN. ) SOLID_ANGLE_UNIT ( ) );
#6078 = LINE ( 'NONE', #9705, #90 ) ;
#6079 = EDGE_CURVE ( 'NONE', #8532, #9283, #8731, .T. ) ;
#6080 = CARTESIAN_POINT ( 'NONE',  ( 0.6200000000000001066, 0.04999999999999999584, 2.570000000000001616 ) ) ;
#6081 = DIRECTION ( 'NONE',  ( 5.042800802258162337E-16, 0.000000000000000000, -1.000000000000000000 ) ) ;
#6082 = CARTESIAN_POINT ( 'NONE',  ( -3.000000000000000888, 0.1999999999999999833, -1.619999999999999885 ) ) ;
#6083 = CARTESIAN_POINT ( 'NONE',  ( -1.500000000000000000, 0.1999999999999999833, 2.450000000000001510 ) ) ;
#6084 = VECTOR ( 'NONE', #12201, 1000.000000000000000 ) ;
#6085 = ORIENTED_EDGE ( 'NONE', *, *, #2484, .T. ) ;
#6086 = AXIS2_PLACEMENT_3D ( 'NONE', #4576, #3652, #2737 ) ;
#6087 = ADVANCED_FACE ( 'NONE', ( #3996 ), #2954, .F. ) ;
#6088 = EDGE_CURVE ( 'NONE', #3150, #10989, #8617, .T. ) ;
#6089 = VERTEX_POINT ( 'NONE', #3643 ) ;
#6090 = EDGE_LOOP ( 'NONE', ( #3670, #1381, #2206, #1463 ) ) ;
#6091 = EDGE_LOOP ( 'NONE', ( #6037, #2624, #15, #4132 ) ) ;
#6092 = DIRECTION ( 'NONE',  ( 0.000000000000000000, 0.000000000000000000, 1.000000000000000000 ) ) ;
#6093 = VECTOR ( 'NONE', #5857, 1000.000000000000000 ) ;
#6094 = CARTESIAN_POINT ( 'NONE',  ( -2.000000000000000000, 0.2000000000000000111, -2.570000000000001616 ) ) ;
#6095 = AXIS2_PLACEMENT_3D ( 'NONE', #4870, #1222, #11521 ) ;
#6096 = LINE ( 'NONE', #10659, #2682 ) ;
#6097 = EDGE_CURVE ( 'NONE', #11391, #346, #1100, .T. ) ;
#6098 = EDGE_CURVE ( 'NONE', #3429, #930, #5229, .T. ) ;
#6099 =( LENGTH_UNIT ( ) NAMED_UNIT ( * ) SI_UNIT ( .MILLI., .METRE. ) );
#6100 = DIRECTION ( 'NONE',  ( 0.000000000000000000, -1.000000000000000000, 0.000000000000000000 ) ) ;
#6101 = EDGE_CURVE ( 'NONE', #2319, #2163, #5840, .T. ) ;
#6102 = FACE_OUTER_BOUND ( 'NONE', #4021, .T. ) ;
#6103 = ADVANCED_FACE ( 'NONE', ( #9262 ), #5488, .T. ) ;
#6104 = ORIENTED_EDGE ( 'NONE', *, *, #4411, .F. ) ;
#6105 = EDGE_CURVE ( 'NONE', #6702, #11020, #3081, .T. ) ;
#6106 = ORIENTED_EDGE ( 'NONE', *, *, #12206, .F. ) ;
#6107 = VECTOR ( 'NONE', #11942, 1000.000000000000000 ) ;
#6108 = VERTEX_POINT ( 'NONE', #10600 ) ;
#6109 = VERTEX_POINT ( 'NONE', #8555 ) ;
#6110 = LINE ( 'NONE', #3154, #1058 ) ;
#6111 = VECTOR ( 'NONE', #5322, 1000.000000000000000 ) ;
#6112 = DIRECTION ( 'NONE',  ( -0.000000000000000000, -1.000000000000000000, -0.000000000000000000 ) ) ;
#6113 = EDGE_CURVE ( 'NONE', #405, #4296, #7203, .T. ) ;
#6114 = CARTESIAN_POINT ( 'NONE',  ( -1.899999999999997025, 0.000000000000000000, -1.900000000000002354 ) ) ;
#6115 = LINE ( 'NONE', #4193, #6955 ) ;
#6116 = CARTESIAN_POINT ( 'NONE',  ( 2.570000000000001172, 0.05000000000000002359, -0.1200000000000003147 ) ) ;
#6117 = DIRECTION ( 'NONE',  ( 0.000000000000000000, 0.000000000000000000, 1.000000000000000000 ) ) ;
#6118 = CARTESIAN_POINT ( 'NONE',  ( -2.570000000000001172, 0.8000833275471006534, -1.119999999999999885 ) ) ;
#6119 = CARTESIAN_POINT ( 'NONE',  ( -3.000000000000000888, 0.1999999999999999833, 1.620000000000000329 ) ) ;
#6120 = LINE ( 'NONE', #5424, #2944 ) ;
#6121 = ORIENTED_EDGE ( 'NONE', *, *, #9775, .T. ) ;
#6122 = ORIENTED_EDGE ( 'NONE', *, *, #723, .F. ) ;
#6123 = PLANE ( 'NONE',  #1679 ) ;
#6124 = CARTESIAN_POINT ( 'NONE',  ( -2.570000000000001172, 0.05000000000000002359, 1.500000000000000000 ) ) ;
#6125 = CARTESIAN_POINT ( 'NONE',  ( -3.000000000000000888, 0.1999999999999999833, -1.119999999999999885 ) ) ;
#6126 = CARTESIAN_POINT ( 'NONE',  ( -2.000000000000000000, 0.2000000000000000111, 2.570000000000001616 ) ) ;
#6127 = DIRECTION ( 'NONE',  ( 0.000000000000000000, 0.000000000000000000, -1.000000000000000000 ) ) ;
#6128 = ORIENTED_EDGE ( 'NONE', *, *, #9358, .F. ) ;
#6129 = ORIENTED_EDGE ( 'NONE', *, *, #11729, .T. ) ;
#6130 = ORIENTED_EDGE ( 'NONE', *, *, #1711, .F. ) ;
#6131 = VERTEX_POINT ( 'NONE', #10181 ) ;
#6132 = FACE_OUTER_BOUND ( 'NONE', #465, .T. ) ;
#6133 = EDGE_CURVE ( 'NONE', #9839, #7994, #1739, .T. ) ;
#6134 = ORIENTED_EDGE ( 'NONE', *, *, #723, .T. ) ;
#6135 = PLANE ( 'NONE',  #4042 ) ;
#6136 = EDGE_CURVE ( 'NONE', #2430, #7646, #3939, .T. ) ;
#6137 = PLANE ( 'NONE',  #10955 ) ;
#6138 = PLANE ( 'NONE',  #10741 ) ;
#6139 = DIRECTION ( 'NONE',  ( 0.000000000000000000, 0.000000000000000000, 1.000000000000000000 ) ) ;
#6140 = DIRECTION ( 'NONE',  ( 0.000000000000000000, 0.000000000000000000, 1.000000000000000000 ) ) ;
#6141 = FACE_OUTER_BOUND ( 'NONE', #8916, .T. ) ;
#6142 = ORIENTED_EDGE ( 'NONE', *, *, #7850, .T. ) ;
#6143 = EDGE_LOOP ( 'NONE', ( #11873, #4203, #5253, #12092 ) ) ;
#6144 = ORIENTED_EDGE ( 'NONE', *, *, #1, .F. ) ;
#6145 = UNCERTAINTY_MEASURE_WITH_UNIT (LENGTH_MEASURE( 1.000000000000000082E-05 ), #11907, 'distance_accuracy_value', 'NONE');
#6146 = ORIENTED_EDGE ( 'NONE', *, *, #8436, .F. ) ;
#6147 = CARTESIAN_POINT ( 'NONE',  ( -3.000000000000000888, 0.8000833275471006534, 0.3800000000000001155 ) ) ;
#6148 = CARTESIAN_POINT ( 'NONE',  ( 3.000000000000000888, 0.8000833275471006534, -0.6199999999999998845 ) ) ;
#6149 = VECTOR ( 'NONE', #8920, 1000.000000000000000 ) ;
#6150 = ADVANCED_FACE ( 'NONE', ( #5902 ), #2728, .F. ) ;
#6151 = LINE ( 'NONE', #9906, #6537 ) ;
#6152 = EDGE_CURVE ( 'NONE', #6519, #10933, #1975, .T. ) ;
#6153 = EDGE_CURVE ( 'NONE', #1255, #10423, #5427, .T. ) ;
#6154 = FACE_OUTER_BOUND ( 'NONE', #11586, .T. ) ;
#6155 = DIRECTION ( 'NONE',  ( 1.000000000000000000, -0.000000000000000000, -5.042800802258162337E-16 ) ) ;
#6156 = EDGE_CURVE ( 'NONE', #7416, #8811, #9756, .T. ) ;
#6157 = ORIENTED_EDGE ( 'NONE', *, *, #11314, .F. ) ;
#6158 = ORIENTED_EDGE ( 'NONE', *, *, #6542, .F. ) ;
#6159 = MECHANICAL_DESIGN_GEOMETRIC_PRESENTATION_REPRESENTATION (  '', ( #11465 ), #10284 ) ;
#6160 = ORIENTED_EDGE ( 'NONE', *, *, #5932, .T. ) ;
#6161 = EDGE_CURVE ( 'NONE', #5308, #10767, #2292, .T. ) ;
#6162 = ORIENTED_EDGE ( 'NONE', *, *, #6350, .F. ) ;
#6163 = CARTESIAN_POINT ( 'NONE',  ( -0.8799999999999996714, 0.8000833275471003203, 2.570000000000001616 ) ) ;
#6164 = CARTESIAN_POINT ( 'NONE',  ( 3.000000000000000888, 0.8000833275471006534, -1.379999999999999671 ) ) ;
#6165 = EDGE_CURVE ( 'NONE', #2586, #12002, #411, .T. ) ;
#6166 = DIRECTION ( 'NONE',  ( 0.000000000000000000, 0.000000000000000000, -1.000000000000000000 ) ) ;
#6167 = VECTOR ( 'NONE', #4012, 1000.000000000000000 ) ;
#6168 = CARTESIAN_POINT ( 'NONE',  ( -2.570000000000001172, 0.1999999999999999833, -0.6199999999999999956 ) ) ;
#6169 = DIRECTION ( 'NONE',  ( -1.008560160451631481E-15, 0.000000000000000000, -1.000000000000000000 ) ) ;
#6170 = LINE ( 'NONE', #9864, #11581 ) ;
#6171 = LINE ( 'NONE', #5064, #9930 ) ;
#6172 = LINE ( 'NONE', #8251, #1323 ) ;
#6173 = CARTESIAN_POINT ( 'NONE',  ( 3.000000000000000888, 0.000000000000000000, -1.379999999999999671 ) ) ;
#6174 = DIRECTION ( 'NONE',  ( -0.000000000000000000, -0.000000000000000000, 1.000000000000000000 ) ) ;
#6175 = VECTOR ( 'NONE', #2097, 1000.000000000000000 ) ;
#6176 = ORIENTED_EDGE ( 'NONE', *, *, #5549, .T. ) ;
#6177 = VERTEX_POINT ( 'NONE', #5044 ) ;
#6178 = CARTESIAN_POINT ( 'NONE',  ( 2.570000000000000284, 0.1999999999999999833, -2.000000000000000444 ) ) ;
#6179 = CARTESIAN_POINT ( 'NONE',  ( 0.1200000000000003147, 0.1999999999999999833, -3.000000000000001776 ) ) ;
#6180 = CARTESIAN_POINT ( 'NONE',  ( 3.000000000000000888, 0.04999999999999969746, -0.1199999999999998845 ) ) ;
#6181 = LINE ( 'NONE', #1491, #9918 ) ;
#6182 = AXIS2_PLACEMENT_3D ( 'NONE', #1991, #997, #3833 ) ;
#6183 = EDGE_LOOP ( 'NONE', ( #6834, #590, #6142, #2035 ) ) ;
#6184 = ORIENTED_EDGE ( 'NONE', *, *, #3535, .T. ) ;
#6185 = ORIENTED_EDGE ( 'NONE', *, *, #1492, .F. ) ;
#6186 = ORIENTED_EDGE ( 'NONE', *, *, #2959, .T. ) ;
#6187 = DIRECTION ( 'NONE',  ( 0.000000000000000000, 0.000000000000000000, -1.000000000000000000 ) ) ;
#6188 = CIRCLE ( 'NONE', #4215, 0.1199999999999998845 ) ;
#6189 = VERTEX_POINT ( 'NONE', #2345 ) ;
#6190 = VECTOR ( 'NONE', #5418, 1000.000000000000000 ) ;
#6191 = CYLINDRICAL_SURFACE ( 'NONE', #10773, 0.1199999999999999956 ) ;
#6192 = EDGE_CURVE ( 'NONE', #1983, #6177, #7138, .T. ) ;
#6193 = CARTESIAN_POINT ( 'NONE',  ( 3.000000000000000888, 0.000000000000000000, -1.879999999999999671 ) ) ;
#6194 = CARTESIAN_POINT ( 'NONE',  ( 2.120000000000000551, 0.2000000000000000111, -2.570000000000001616 ) ) ;
#6195 = CYLINDRICAL_SURFACE ( 'NONE', #5278, 0.1199999999999998845 ) ;
#6196 = CARTESIAN_POINT ( 'NONE',  ( 0.3800000000000001155, 0.2000000000000000111, 2.570000000000001616 ) ) ;
#6198 = CARTESIAN_POINT ( 'NONE',  ( -1.000000000000000000, 0.2000000000000000111, 2.570000000000001616 ) ) ;
#6197 = CIRCLE ( 'NONE', #11704, 0.1199999999999998845 ) ;
#6199 = EDGE_CURVE ( 'NONE', #2420, #74, #6096, .T. ) ;
#6200 = MECHANICAL_DESIGN_GEOMETRIC_PRESENTATION_REPRESENTATION (  '', ( #11506 ), #10728 ) ;
#6201 = ORIENTED_EDGE ( 'NONE', *, *, #6199, .T. ) ;
#6202 = ORIENTED_EDGE ( 'NONE', *, *, #7508, .T. ) ;
#6203 = VERTEX_POINT ( 'NONE', #8799 ) ;
#6204 = VECTOR ( 'NONE', #7354, 1000.000000000000000 ) ;
#6205 = ORIENTED_EDGE ( 'NONE', *, *, #1187, .F. ) ;
#6206 = CARTESIAN_POINT ( 'NONE',  ( -0.5000000000000000000, 0.8000833275471003203, 2.570000000000001616 ) ) ;
#6207 = PLANE ( 'NONE',  #1070 ) ;
#6208 =( GEOMETRIC_REPRESENTATION_CONTEXT ( 3 ) GLOBAL_UNCERTAINTY_ASSIGNED_CONTEXT ( ( #7874 ) ) GLOBAL_UNIT_ASSIGNED_CONTEXT ( ( #1772, #12125, #2576 ) ) REPRESENTATION_CONTEXT ( 'NONE', 'WORKASPACE' ) );
#6209 = PRESENTATION_LAYER_ASSIGNMENT (  '', '', ( #10544 ) ) ;
#6210 = LINE ( 'NONE', #7259, #5430 ) ;
#6211 = PLANE ( 'NONE',  #3581 ) ;
#6212 = CIRCLE ( 'NONE', #7399, 0.1199999999999998845 ) ;
#6213 = LINE ( 'NONE', #11087, #11705 ) ;
#6214 = EDGE_LOOP ( 'NONE', ( #2695, #10652, #6186, #6602 ) ) ;
#6215 = ORIENTED_EDGE ( 'NONE', *, *, #7010, .F. ) ;
#6216 = ORIENTED_EDGE ( 'NONE', *, *, #7561, .T. ) ;
#6217 = VECTOR ( 'NONE', #10770, 1000.000000000000000 ) ;
#6218 = VECTOR ( 'NONE', #9366, 1000.000000000000000 ) ;
#6219 = ORIENTED_EDGE ( 'NONE', *, *, #5628, .F. ) ;
#6220 = LINE ( 'NONE', #7889, #472 ) ;
#6221 = CARTESIAN_POINT ( 'NONE',  ( -2.570000000000001172, 0.8000833275471006534, 1.620000000000000107 ) ) ;
#6222 =( LENGTH_UNIT ( ) NAMED_UNIT ( * ) SI_UNIT ( .MILLI., .METRE. ) );
#6223 = CARTESIAN_POINT ( 'NONE',  ( 0.3800000000000005596, 0.2000000000000000111, 3.000000000000001776 ) ) ;
#6224 = CARTESIAN_POINT ( 'NONE',  ( 3.000000000000000888, 0.8000833275471006534, -0.3799999999999996714 ) ) ;
#6225 = EDGE_CURVE ( 'NONE', #7482, #379, #9297, .T. ) ;
#6226 = CARTESIAN_POINT ( 'NONE',  ( -1.500000000000000000, 0.2000000000000000111, 2.450000000000001510 ) ) ;
#6227 = CARTESIAN_POINT ( 'NONE',  ( -0.8799999999999998934, 0.000000000000000000, 2.570000000000001616 ) ) ;
#6228 = PLANE ( 'NONE',  #7051 ) ;
#6229 = CIRCLE ( 'NONE', #915, 0.1199999999999998845 ) ;
#6230 = CARTESIAN_POINT ( 'NONE',  ( -2.300000000000000711, 1.000000000000000000, -2.300000000000000711 ) ) ;
#6231 = ADVANCED_FACE ( 'NONE', ( #7936 ), #11766, .F. ) ;
#6232 = ORIENTED_EDGE ( 'NONE', *, *, #6192, .T. ) ;
#6233 = COLOUR_RGB ( '',0.2509803921568627416, 0.2509803921568627416, 0.2509803921568627416 ) ;
#6234 = ORIENTED_EDGE ( 'NONE', *, *, #6524, .T. ) ;
#6235 = AXIS2_PLACEMENT_3D ( 'NONE', #5081, #1196, #2992 ) ;
#6236 = FACE_OUTER_BOUND ( 'NONE', #10311, .T. ) ;
#6237 = FACE_OUTER_BOUND ( 'NONE', #8988, .T. ) ;
#6238 = CARTESIAN_POINT ( 'NONE',  ( -1.619999999999999885, 0.2000000000000000111, 2.570000000000001616 ) ) ;
#6239 = CARTESIAN_POINT ( 'NONE',  ( 0.8800000000000001155, 0.04999999999999999584, 2.570000000000001616 ) ) ;
#6240 = EDGE_CURVE ( 'NONE', #11378, #6654, #8864, .T. ) ;
#6241 = AXIS2_PLACEMENT_3D ( 'NONE', #9108, #659, #2580 ) ;
#6242 = ADVANCED_FACE ( 'NONE', ( #3261 ), #6211, .F. ) ;
#6243 = EDGE_LOOP ( 'NONE', ( #4822, #6313, #9355, #6265 ) ) ;
#6244 = AXIS2_PLACEMENT_3D ( 'NONE', #8331, #10251, #820 ) ;
#6245 = EDGE_CURVE ( 'NONE', #9885, #7714, #4237, .T. ) ;
#6246 = ORIENTED_EDGE ( 'NONE', *, *, #7787, .T. ) ;
#6247 = ORIENTED_EDGE ( 'NONE', *, *, #7522, .F. ) ;
#6248 = ORIENTED_EDGE ( 'NONE', *, *, #8791, .T. ) ;
#6249 = DIRECTION ( 'NONE',  ( -1.000000000000000000, 0.000000000000000000, -5.042800802258162337E-16 ) ) ;
#6250 = EDGE_LOOP ( 'NONE', ( #6651, #7675, #10875, #3050 ) ) ;
#6251 = DIRECTION ( 'NONE',  ( 0.000000000000000000, 0.000000000000000000, 1.000000000000000000 ) ) ;
#6252 = VECTOR ( 'NONE', #3229, 1000.000000000000000 ) ;
#6253 = DIRECTION ( 'NONE',  ( 1.000000000000000000, -0.000000000000000000, 0.000000000000000000 ) ) ;
#6254 = CARTESIAN_POINT ( 'NONE',  ( -2.049999999999999822, 0.1999999999999996503, 2.049999999999999378 ) ) ;
#6255 = VECTOR ( 'NONE', #6294, 1000.000000000000000 ) ;
#6256 = FACE_OUTER_BOUND ( 'NONE', #6143, .T. ) ;
#6257 = VECTOR ( 'NONE', #8403, 1000.000000000000000 ) ;
#6258 = DIRECTION ( 'NONE',  ( -0.000000000000000000, -0.000000000000000000, -1.000000000000000000 ) ) ;
#6259 = DIRECTION ( 'NONE',  ( 0.000000000000000000, -1.000000000000000000, 0.000000000000000000 ) ) ;
#6260 = CARTESIAN_POINT ( 'NONE',  ( -1.620000000000000329, 0.000000000000000000, -2.570000000000001616 ) ) ;
#6261 = CYLINDRICAL_SURFACE ( 'NONE', #9443, 0.1199999999999999956 ) ;
#6262 = DIRECTION ( 'NONE',  ( 0.000000000000000000, 0.000000000000000000, -1.000000000000000000 ) ) ;
#6263 = EDGE_LOOP ( 'NONE', ( #8773, #10892, #9455, #10397 ) ) ;
#6264 = ORIENTED_EDGE ( 'NONE', *, *, #660, .F. ) ;
#6265 = ORIENTED_EDGE ( 'NONE', *, *, #2964, .T. ) ;
#6266 = VECTOR ( 'NONE', #4316, 1000.000000000000000 ) ;
#6267 = UNCERTAINTY_MEASURE_WITH_UNIT (LENGTH_MEASURE( 1.000000000000000082E-05 ), #5291, 'distance_accuracy_value', 'NONE');
#6268 = EDGE_CURVE ( 'NONE', #8139, #9038, #2400, .T. ) ;
#6269 = ORIENTED_EDGE ( 'NONE', *, *, #11500, .T. ) ;
#6270 = DIRECTION ( 'NONE',  ( -0.000000000000000000, -1.000000000000000000, -0.000000000000000000 ) ) ;
#6271 = FILL_AREA_STYLE_COLOUR ( '', #10726 ) ;
#6272 = EDGE_CURVE ( 'NONE', #3066, #7685, #6151, .T. ) ;
#6273 = DIRECTION ( 'NONE',  ( 0.000000000000000000, -1.000000000000000000, 0.000000000000000000 ) ) ;
#6274 = FACE_OUTER_BOUND ( 'NONE', #3593, .T. ) ;
#6275 = DIRECTION ( 'NONE',  ( 0.000000000000000000, 0.000000000000000000, -1.000000000000000000 ) ) ;
#6276 = FACE_OUTER_BOUND ( 'NONE', #3750, .T. ) ;
#6277 = AXIS2_PLACEMENT_3D ( 'NONE', #770, #11188, #6324 ) ;
#6278 = LINE ( 'NONE', #2581, #7379 ) ;
#6279 = VERTEX_POINT ( 'NONE', #1458 ) ;
#6280 = ORIENTED_EDGE ( 'NONE', *, *, #11644, .F. ) ;
#6281 = ORIENTED_EDGE ( 'NONE', *, *, #12184, .T. ) ;
#6282 = ADVANCED_FACE ( 'NONE', ( #3375 ), #5213, .T. ) ;
#6283 = VECTOR ( 'NONE', #8591, 1000.000000000000000 ) ;
#6284 = CLOSED_SHELL ( 'NONE', ( #11918, #11762, #1448, #8224, #4801, #1874 ) ) ;
#6285 = ORIENTED_EDGE ( 'NONE', *, *, #4064, .T. ) ;
#6286 = LINE ( 'NONE', #3691, #9728 ) ;
#6287 = EDGE_CURVE ( 'NONE', #8695, #5998, #9093, .T. ) ;
#6288 = FACE_OUTER_BOUND ( 'NONE', #879, .T. ) ;
#6289 = CARTESIAN_POINT ( 'NONE',  ( 0.3800000000000005596, 0.2000000000000000111, -3.000000000000001776 ) ) ;
#6290 = ADVANCED_FACE ( 'NONE', ( #5277 ), #601, .F. ) ;
#6291 = CARTESIAN_POINT ( 'NONE',  ( -2.570000000000001172, 0.1999999999999999833, 2.120000000000000551 ) ) ;
#6292 = FACE_OUTER_BOUND ( 'NONE', #1669, .T. ) ;
#6293 = DIRECTION ( 'NONE',  ( -0.000000000000000000, -1.000000000000000000, 0.000000000000000000 ) ) ;
#6294 = DIRECTION ( 'NONE',  ( 0.000000000000000000, 0.000000000000000000, -1.000000000000000000 ) ) ;
#6295 = VECTOR ( 'NONE', #3461, 1000.000000000000000 ) ;
#6296 =( NAMED_UNIT ( * ) PLANE_ANGLE_UNIT ( ) SI_UNIT ( $, .RADIAN. ) );
#6297 = DIRECTION ( 'NONE',  ( 0.000000000000000000, -0.000000000000000000, 1.000000000000000000 ) ) ;
#6298 = ORIENTED_EDGE ( 'NONE', *, *, #4433, .F. ) ;
#6299 = CARTESIAN_POINT ( 'NONE',  ( 1.620000000000000329, 0.1999999999999999833, -3.000000000000001776 ) ) ;
#6300 = VERTEX_POINT ( 'NONE', #5962 ) ;
#6301 = FACE_OUTER_BOUND ( 'NONE', #5766, .T. ) ;
#6302 = EDGE_CURVE ( 'NONE', #3135, #1852, #8111, .T. ) ;
#6303 = CARTESIAN_POINT ( 'NONE',  ( -0.1199999999999994404, 0.04999999999999969746, 3.000000000000001776 ) ) ;
#6304 = EDGE_CURVE ( 'NONE', #9144, #448, #4123, .T. ) ;
#6305 = CARTESIAN_POINT ( 'NONE',  ( 1.000000000000000000, 0.2000000000000000111, 2.570000000000001616 ) ) ;
#6306 = LINE ( 'NONE', #4519, #4795 ) ;
#6307 = EDGE_LOOP ( 'NONE', ( #8036, #6798, #8772, #2382 ) ) ;
#6308 = ORIENTED_EDGE ( 'NONE', *, *, #3974, .T. ) ;
#6309 = VERTEX_POINT ( 'NONE', #3199 ) ;
#6310 = ORIENTED_EDGE ( 'NONE', *, *, #8844, .F. ) ;
#6311 = DIRECTION ( 'NONE',  ( 0.000000000000000000, 0.000000000000000000, -1.000000000000000000 ) ) ;
#6312 = EDGE_CURVE ( 'NONE', #2316, #8954, #6959, .T. ) ;
#6313 = ORIENTED_EDGE ( 'NONE', *, *, #6908, .T. ) ;
#6314 = EDGE_CURVE ( 'NONE', #11191, #8009, #1709, .T. ) ;
#6315 = FACE_OUTER_BOUND ( 'NONE', #12120, .T. ) ;
#6316 = CARTESIAN_POINT ( 'NONE',  ( 3.000000000000000888, 0.8000833275471006534, 1.880000000000000115 ) ) ;
#6317 = CARTESIAN_POINT ( 'NONE',  ( 3.000000000000000888, 0.8000833275471006534, 0.8800000000000001155 ) ) ;
#6318 = DIRECTION ( 'NONE',  ( 0.000000000000000000, 0.000000000000000000, 1.000000000000000000 ) ) ;
#6319 = EDGE_CURVE ( 'NONE', #2485, #9725, #10967, .T. ) ;
#6320 = EDGE_CURVE ( 'NONE', #4338, #2405, #9168, .T. ) ;
#6321 = LINE ( 'NONE', #5447, #7830 ) ;
#6322 = DIRECTION ( 'NONE',  ( 0.000000000000000000, -1.000000000000000000, 0.000000000000000000 ) ) ;
#6323 = CARTESIAN_POINT ( 'NONE',  ( 3.000000000000000888, 0.1999999999999999833, 2.120000000000000551 ) ) ;
#6324 = DIRECTION ( 'NONE',  ( -1.008560160451631481E-15, 0.000000000000000000, -1.000000000000000000 ) ) ;
#6325 =( NAMED_UNIT ( * ) PLANE_ANGLE_UNIT ( ) SI_UNIT ( $, .RADIAN. ) );
#6326 = LINE ( 'NONE', #1635, #5402 ) ;
#6327 = ORIENTED_EDGE ( 'NONE', *, *, #2612, .F. ) ;
#6328 = ORIENTED_EDGE ( 'NONE', *, *, #8076, .F. ) ;
#6329 = ORIENTED_EDGE ( 'NONE', *, *, #188, .T. ) ;
#6330 = ORIENTED_EDGE ( 'NONE', *, *, #50, .T. ) ;
#6331 = CYLINDRICAL_SURFACE ( 'NONE', #5497, 0.1199999999999998845 ) ;
#6332 = CARTESIAN_POINT ( 'NONE',  ( 2.570000000000001172, 0.8000833275471006534, -1.620000000000000329 ) ) ;
#6333 = DIRECTION ( 'NONE',  ( 0.000000000000000000, 0.000000000000000000, 1.000000000000000000 ) ) ;
#6334 = CYLINDRICAL_SURFACE ( 'NONE', #5739, 0.1199999999999998845 ) ;
#6335 = FACE_OUTER_BOUND ( 'NONE', #12078, .T. ) ;
#6336 = CARTESIAN_POINT ( 'NONE',  ( 3.000000000000000888, 0.000000000000000000, 1.120000000000000329 ) ) ;
#6337 = ORIENTED_EDGE ( 'NONE', *, *, #10393, .T. ) ;
#6338 = ORIENTED_EDGE ( 'NONE', *, *, #1720, .F. ) ;
#6339 = ORIENTED_EDGE ( 'NONE', *, *, #9590, .F. ) ;
#6340 = VECTOR ( 'NONE', #6033, 1000.000000000000000 ) ;
#6341 = CARTESIAN_POINT ( 'NONE',  ( 3.000000000000000888, 0.000000000000000000, -1.619999999999999885 ) ) ;
#6342 = DIRECTION ( 'NONE',  ( -1.008560160451631481E-15, 0.000000000000000000, -1.000000000000000000 ) ) ;
#6343 = CARTESIAN_POINT ( 'NONE',  ( 0.6200000000000003286, 0.1999999999999999833, 3.000000000000001776 ) ) ;
#6344 = CARTESIAN_POINT ( 'NONE',  ( -0.8799999999999998934, 0.2000000000000000111, 2.570000000000001616 ) ) ;
#6345 = DIRECTION ( 'NONE',  ( -1.008560160451631481E-15, 0.000000000000000000, -1.000000000000000000 ) ) ;
#6346 = DIRECTION ( 'NONE',  ( -1.000000000000000000, 0.000000000000000000, -0.000000000000000000 ) ) ;
#6347 = COLOUR_RGB ( '',0.7921568627450980005, 0.8196078431372548767, 0.9333333333333333481 ) ;
#6348 = DIRECTION ( 'NONE',  ( 0.000000000000000000, -0.000000000000000000, 1.000000000000000000 ) ) ;
#6349 = CARTESIAN_POINT ( 'NONE',  ( -1.500000000000000000, 0.8000833275471003203, 2.570000000000001616 ) ) ;
#6350 = EDGE_CURVE ( 'NONE', #10696, #4264, #1589, .T. ) ;
#6351 =( NAMED_UNIT ( * ) SI_UNIT ( $, .STERADIAN. ) SOLID_ANGLE_UNIT ( ) );
#6352 = ORIENTED_EDGE ( 'NONE', *, *, #5332, .T. ) ;
#6353 = LINE ( 'NONE', #12154, #11755 ) ;
#6354 = VERTEX_POINT ( 'NONE', #6455 ) ;
#6355 = CIRCLE ( 'NONE', #5756, 0.1199999999999998845 ) ;
#6356 =( NAMED_UNIT ( * ) SI_UNIT ( $, .STERADIAN. ) SOLID_ANGLE_UNIT ( ) );
#6357 =( NAMED_UNIT ( * ) SI_UNIT ( $, .STERADIAN. ) SOLID_ANGLE_UNIT ( ) );
#6358 = PLANE ( 'NONE',  #6806 ) ;
#6359 = DIRECTION ( 'NONE',  ( -0.000000000000000000, -0.000000000000000000, -1.000000000000000000 ) ) ;
#6360 = CARTESIAN_POINT ( 'NONE',  ( 2.570000000000001172, 0.8000833275471006534, -0.8799999999999998934 ) ) ;
#6361 = VECTOR ( 'NONE', #1693, 1000.000000000000000 ) ;
#6362 = VERTEX_POINT ( 'NONE', #8356 ) ;
#6363 = DIRECTION ( 'NONE',  ( 0.000000000000000000, 0.000000000000000000, 1.000000000000000000 ) ) ;
#6364 = EDGE_CURVE ( 'NONE', #7617, #7646, #10676, .T. ) ;
#6365 = EDGE_LOOP ( 'NONE', ( #10510, #3441, #1181, #479 ) ) ;
#6366 = DIRECTION ( 'NONE',  ( 0.000000000000000000, 1.000000000000000000, 0.000000000000000000 ) ) ;
#6367 = ORIENTED_EDGE ( 'NONE', *, *, #11746, .T. ) ;
#6368 = LINE ( 'NONE', #10942, #1881 ) ;
#6369 = ADVANCED_FACE ( 'NONE', ( #10094 ), #6515, .F. ) ;
#6370 = ADVANCED_FACE ( 'NONE', ( #5398 ), #8295, .T. ) ;
#6371 = CARTESIAN_POINT ( 'NONE',  ( 0.000000000000000000, 0.05000000000000000278, -1.119999999999999885 ) ) ;
#6372 = CARTESIAN_POINT ( 'NONE',  ( 2.570000000000001172, 0.8000833275471006534, -0.8799999999999998934 ) ) ;
#6373 = DIRECTION ( 'NONE',  ( 0.000000000000000000, -1.000000000000000000, 0.000000000000000000 ) ) ;
#6374 = CARTESIAN_POINT ( 'NONE',  ( -0.3799999999999996714, 0.8000833275471003203, 3.000000000000001776 ) ) ;
#6375 = CARTESIAN_POINT ( 'NONE',  ( -1.619999999999999440, 0.2000000000000000111, -3.000000000000001776 ) ) ;
#6376 = CARTESIAN_POINT ( 'NONE',  ( 2.000000000000000000, 0.000000000000000000, 2.570000000000001616 ) ) ;
#6377 = ADVANCED_FACE ( 'NONE', ( #7444 ), #10152, .T. ) ;
#6378 = CARTESIAN_POINT ( 'NONE',  ( -2.570000000000001172, 0.8000833275471006534, -0.5000000000000000000 ) ) ;
#6379 = FACE_OUTER_BOUND ( 'NONE', #2124, .T. ) ;
#6380 = VERTEX_POINT ( 'NONE', #12129 ) ;
#6381 = ORIENTED_EDGE ( 'NONE', *, *, #9658, .F. ) ;
#6382 = VECTOR ( 'NONE', #4748, 1000.000000000000000 ) ;
#6383 = EDGE_LOOP ( 'NONE', ( #9421, #12149, #11939, #6817 ) ) ;
#6384 = VECTOR ( 'NONE', #7820, 1000.000000000000000 ) ;
#6385 = EDGE_CURVE ( 'NONE', #8288, #1334, #430, .T. ) ;
#6386 = VERTEX_POINT ( 'NONE', #2579 ) ;
#6387 = DIRECTION ( 'NONE',  ( 0.000000000000000000, 0.000000000000000000, -1.000000000000000000 ) ) ;
#6388 = LINE ( 'NONE', #838, #878 ) ;
#6389 = DIRECTION ( 'NONE',  ( 0.000000000000000000, 0.000000000000000000, 1.000000000000000000 ) ) ;
#6390 = DIRECTION ( 'NONE',  ( 0.000000000000000000, 0.000000000000000000, 1.000000000000000000 ) ) ;
#6391 = DIRECTION ( 'NONE',  ( 0.000000000000000000, 0.000000000000000000, -1.000000000000000000 ) ) ;
#6392 = VECTOR ( 'NONE', #8437, 1000.000000000000000 ) ;
#6393 = DIRECTION ( 'NONE',  ( -0.000000000000000000, -1.000000000000000000, -0.000000000000000000 ) ) ;
#6394 = VECTOR ( 'NONE', #7805, 1000.000000000000000 ) ;
#6395 = FACE_OUTER_BOUND ( 'NONE', #6243, .T. ) ;
#6396 = VERTEX_POINT ( 'NONE', #4415 ) ;
#6397 = ORIENTED_EDGE ( 'NONE', *, *, #1405, .F. ) ;
#6398 = ORIENTED_EDGE ( 'NONE', *, *, #476, .T. ) ;
#6399 = AXIS2_PLACEMENT_3D ( 'NONE', #635, #2561, #7350 ) ;
#6400 = AXIS2_PLACEMENT_3D ( 'NONE', #11471, #1818, #7360 ) ;
#6401 = CYLINDRICAL_SURFACE ( 'NONE', #9165, 0.1199999999999998845 ) ;
#6402 = CARTESIAN_POINT ( 'NONE',  ( -1.879999999999999671, 0.1999999999999999833, -3.000000000000001776 ) ) ;
#6403 = AXIS2_PLACEMENT_3D ( 'NONE', #5558, #5742, #9326 ) ;
#6404 = DIRECTION ( 'NONE',  ( 0.000000000000000000, -1.000000000000000000, 0.000000000000000000 ) ) ;
#6405 = CARTESIAN_POINT ( 'NONE',  ( 1.620000000000000329, 0.2000000000000000111, 3.000000000000001776 ) ) ;
#6406 = LINE ( 'NONE', #4437, #2489 ) ;
#6407 = PRESENTATION_LAYER_ASSIGNMENT (  '', '', ( #7789 ) ) ;
#6408 = DIRECTION ( 'NONE',  ( -0.000000000000000000, -0.000000000000000000, 1.000000000000000000 ) ) ;
#6409 = AXIS2_PLACEMENT_3D ( 'NONE', #6663, #10422, #926 ) ;
#6410 = LINE ( 'NONE', #9062, #4086 ) ;
#6411 = CYLINDRICAL_SURFACE ( 'NONE', #9133, 0.1199999999999998845 ) ;
#6412 = VECTOR ( 'NONE', #4219, 1000.000000000000000 ) ;
#6413 = AXIS2_PLACEMENT_3D ( 'NONE', #6124, #1428, #7907 ) ;
#6414 = EDGE_CURVE ( 'NONE', #212, #5114, #2416, .T. ) ;
#6415 = ORIENTED_EDGE ( 'NONE', *, *, #6612, .F. ) ;
#6416 = ADVANCED_FACE ( 'NONE', ( #9289 ), #841, .T. ) ;
#6417 = DIRECTION ( 'NONE',  ( 0.000000000000000000, -1.000000000000000000, 0.000000000000000000 ) ) ;
#6418 = ORIENTED_EDGE ( 'NONE', *, *, #7810, .F. ) ;
#6419 = EDGE_CURVE ( 'NONE', #7170, #10239, #10216, .T. ) ;
#6420 = CIRCLE ( 'NONE', #1898, 0.1199999999999998845 ) ;
#6421 = LINE ( 'NONE', #8262, #11265 ) ;
#6422 = AXIS2_PLACEMENT_3D ( 'NONE', #11583, #1277, #8868 ) ;
#6423 = LINE ( 'NONE', #809, #10751 ) ;
#6424 = CARTESIAN_POINT ( 'NONE',  ( 2.570000000000001172, 0.1999999999999999833, -0.8799999999999998934 ) ) ;
#6425 = CARTESIAN_POINT ( 'NONE',  ( -3.000000000000000888, 0.1999999999999999833, -0.8799999999999996714 ) ) ;
#6426 = ORIENTED_EDGE ( 'NONE', *, *, #1004, .T. ) ;
#6427 = DIRECTION ( 'NONE',  ( -0.000000000000000000, 0.000000000000000000, 1.000000000000000000 ) ) ;
#6428 = STYLED_ITEM ( 'NONE', ( #3335 ), #9669 ) ;
#6429 = VECTOR ( 'NONE', #3767, 1000.000000000000000 ) ;
#6430 = ORIENTED_EDGE ( 'NONE', *, *, #5359, .T. ) ;
#6431 = CARTESIAN_POINT ( 'NONE',  ( -2.570000000000001172, 0.05000000000000002359, 2.120000000000000551 ) ) ;
#6432 = ORIENTED_EDGE ( 'NONE', *, *, #7655, .F. ) ;
#6433 = DIRECTION ( 'NONE',  ( 0.000000000000000000, 0.000000000000000000, -1.000000000000000000 ) ) ;
#6434 = CYLINDRICAL_SURFACE ( 'NONE', #3874, 0.1199999999999998845 ) ;
#6435 =( NAMED_UNIT ( * ) PLANE_ANGLE_UNIT ( ) SI_UNIT ( $, .RADIAN. ) );
#6436 = CARTESIAN_POINT ( 'NONE',  ( -2.570000000000001172, 0.8000833275471006534, -1.500000000000000000 ) ) ;
#6437 = DIRECTION ( 'NONE',  ( 0.000000000000000000, 0.000000000000000000, -1.000000000000000000 ) ) ;
#6438 = CARTESIAN_POINT ( 'NONE',  ( -3.000000000000000888, 0.1999999999999999833, 2.120000000000000551 ) ) ;
#6439 = CIRCLE ( 'NONE', #4666, 0.1199999999999999956 ) ;
#6440 = DIRECTION ( 'NONE',  ( -0.000000000000000000, -1.000000000000000000, -0.000000000000000000 ) ) ;
#6441 = VECTOR ( 'NONE', #8478, 1000.000000000000000 ) ;
#6442 = PLANE ( 'NONE',  #1964 ) ;
#6443 = FILL_AREA_STYLE ('',( #11933 ) ) ;
#6444 = CARTESIAN_POINT ( 'NONE',  ( 3.000000000000000888, 0.000000000000000000, 1.620000000000000329 ) ) ;
#6445 = EDGE_LOOP ( 'NONE', ( #2888, #7975, #11526, #5256 ) ) ;
#6446 = EDGE_LOOP ( 'NONE', ( #11555, #4129, #1424, #5124 ) ) ;
#6447 = ORIENTED_EDGE ( 'NONE', *, *, #9595, .T. ) ;
#6448 = ORIENTED_EDGE ( 'NONE', *, *, #12026, .T. ) ;
#6449 = DIRECTION ( 'NONE',  ( 0.000000000000000000, -1.000000000000000000, 0.000000000000000000 ) ) ;
#6450 = VECTOR ( 'NONE', #1202, 1000.000000000000000 ) ;
#6451 = AXIS2_PLACEMENT_3D ( 'NONE', #4505, #2594, #6348 ) ;
#6452 = DIRECTION ( 'NONE',  ( 0.000000000000000000, 0.000000000000000000, 1.000000000000000000 ) ) ;
#6453 = CARTESIAN_POINT ( 'NONE',  ( 1.620000000000000329, 0.04999999999999999584, -2.570000000000001616 ) ) ;
#6454 = CARTESIAN_POINT ( 'NONE',  ( -2.570000000000001172, 0.1999999999999999833, 1.620000000000000107 ) ) ;
#6455 = CARTESIAN_POINT ( 'NONE',  ( -3.000000000000000888, 0.2000000000000005107, 2.120000000000000995 ) ) ;
#6456 = EDGE_CURVE ( 'NONE', #5554, #8477, #5464, .T. ) ;
#6457 = EDGE_CURVE ( 'NONE', #12055, #5707, #11201, .T. ) ;
#6458 = DIRECTION ( 'NONE',  ( -0.000000000000000000, -1.000000000000000000, 0.000000000000000000 ) ) ;
#6459 = DIRECTION ( 'NONE',  ( -0.000000000000000000, -1.000000000000000000, -0.000000000000000000 ) ) ;
#6460 = CIRCLE ( 'NONE', #7059, 0.1199999999999998845 ) ;
#6461 = VERTEX_POINT ( 'NONE', #3500 ) ;
#6462 = ORIENTED_EDGE ( 'NONE', *, *, #8500, .F. ) ;
#6463 = ORIENTED_EDGE ( 'NONE', *, *, #5097, .F. ) ;
#6464 = EDGE_CURVE ( 'NONE', #1714, #2407, #4602, .T. ) ;
#6465 = DIRECTION ( 'NONE',  ( 1.000000000000000000, -0.000000000000000000, 0.000000000000000000 ) ) ;
#6466 = ADVANCED_FACE ( 'NONE', ( #7261 ), #6334, .F. ) ;
#6467 = AXIS2_PLACEMENT_3D ( 'NONE', #11354, #7408, #11289 ) ;
#6468 = DIRECTION ( 'NONE',  ( -0.000000000000000000, -1.000000000000000000, -0.000000000000000000 ) ) ;
#6469 = ADVANCED_FACE ( 'NONE', ( #6708 ), #6645, .F. ) ;
#6470 = LINE ( 'NONE', #7325, #2710 ) ;
#6471 = CARTESIAN_POINT ( 'NONE',  ( 0.5000000000000000000, 0.2000000000000000111, 2.570000000000001616 ) ) ;
#6472 = DIRECTION ( 'NONE',  ( 0.000000000000000000, 0.000000000000000000, -1.000000000000000000 ) ) ;
#6473 = EDGE_CURVE ( 'NONE', #1823, #563, #7519, .T. ) ;
#6474 = LINE ( 'NONE', #9061, #7179 ) ;
#6475 = VERTEX_POINT ( 'NONE', #7735 ) ;
#6476 = FACE_OUTER_BOUND ( 'NONE', #9431, .T. ) ;
#6477 = VECTOR ( 'NONE', #8428, 1000.000000000000000 ) ;
#6478 = VECTOR ( 'NONE', #11059, 1000.000000000000000 ) ;
#6479 = ORIENTED_EDGE ( 'NONE', *, *, #10902, .T. ) ;
#6480 = EDGE_CURVE ( 'NONE', #9641, #3346, #11257, .T. ) ;
#6481 = CARTESIAN_POINT ( 'NONE',  ( 3.000000000000000888, 0.1999999999999999833, 0.1200000000000003147 ) ) ;
#6482 = VERTEX_POINT ( 'NONE', #7681 ) ;
#6483 = VECTOR ( 'NONE', #6127, 1000.000000000000000 ) ;
#6484 = LINE ( 'NONE', #10243, #9112 ) ;
#6485 = COLOUR_RGB ( '',0.7921568627450980005, 0.8196078431372548767, 0.9333333333333333481 ) ;
#6486 = CARTESIAN_POINT ( 'NONE',  ( 2.999999999999999112, 10.48528137423857132, -3.000000000000001776 ) ) ;
#6487 = CARTESIAN_POINT ( 'NONE',  ( -2.119999999999999662, 0.8000833275471003203, 3.000000000000001776 ) ) ;
#6488 = CARTESIAN_POINT ( 'NONE',  ( -0.1199999999999994404, 0.2000000000000000111, 3.000000000000001776 ) ) ;
#6489 = ORIENTED_EDGE ( 'NONE', *, *, #156, .T. ) ;
#6490 = CARTESIAN_POINT ( 'NONE',  ( 3.000000000000000888, 0.1999999999999999833, -2.120000000000000107 ) ) ;
#6491 = ORIENTED_EDGE ( 'NONE', *, *, #4916, .F. ) ;
#6492 = PLANE ( 'NONE',  #11562 ) ;
#6493 = VERTEX_POINT ( 'NONE', #207 ) ;
#6494 = CARTESIAN_POINT ( 'NONE',  ( 1.880000000000000115, 0.1999999999999999833, 2.570000000000001616 ) ) ;
#6495 = AXIS2_PLACEMENT_3D ( 'NONE', #6786, #1227, #6603 ) ;
#6496 = LINE ( 'NONE', #8, #1303 ) ;
#6497 = FACE_OUTER_BOUND ( 'NONE', #325, .T. ) ;
#6498 = CARTESIAN_POINT ( 'NONE',  ( -2.570000000000001172, 0.05000000000000002359, 0.8800000000000001155 ) ) ;
#6499 = DIRECTION ( 'NONE',  ( 0.000000000000000000, 0.000000000000000000, 1.000000000000000000 ) ) ;
#6500 = CARTESIAN_POINT ( 'NONE',  ( -0.6200000000000003286, 0.2000000000000000111, -2.570000000000001616 ) ) ;
#6501 = CARTESIAN_POINT ( 'NONE',  ( 1.880000000000000115, 0.8000833275471003203, 2.570000000000001616 ) ) ;
#6502 = CARTESIAN_POINT ( 'NONE',  ( -3.000000000000000888, 0.8000833275471006534, 2.120000000000000551 ) ) ;
#6503 = CARTESIAN_POINT ( 'NONE',  ( 2.570000000000000284, 0.05000000000000002359, -2.000000000000000444 ) ) ;
#6504 = VERTEX_POINT ( 'NONE', #2881 ) ;
#6505 = VERTEX_POINT ( 'NONE', #11492 ) ;
#6506 = VERTEX_POINT ( 'NONE', #11442 ) ;
#6507 = EDGE_CURVE ( 'NONE', #7130, #8871, #6757, .T. ) ;
#6508 = ORIENTED_EDGE ( 'NONE', *, *, #4717, .T. ) ;
#6509 = DIRECTION ( 'NONE',  ( 0.000000000000000000, 1.000000000000000000, 0.000000000000000000 ) ) ;
#6510 = ADVANCED_FACE ( 'NONE', ( #5644 ), #4779, .F. ) ;
#6511 = ORIENTED_EDGE ( 'NONE', *, *, #7280, .F. ) ;
#6512 = PRESENTATION_STYLE_ASSIGNMENT (( #11489 ) ) ;
#6513 = CARTESIAN_POINT ( 'NONE',  ( 1.120000000000000329, 0.04999999999999969746, -3.000000000000001776 ) ) ;
#6514 = DIRECTION ( 'NONE',  ( 0.000000000000000000, -1.000000000000000000, 0.000000000000000000 ) ) ;
#6515 = PLANE ( 'NONE',  #8301 ) ;
#6516 = LINE ( 'NONE', #5465, #7233 ) ;
#6517 = CARTESIAN_POINT ( 'NONE',  ( 3.000000000000000888, 0.000000000000000000, 2.120000000000000551 ) ) ;
#6518 = DIRECTION ( 'NONE',  ( 0.000000000000000000, 1.000000000000000000, -0.000000000000000000 ) ) ;
#6519 = VERTEX_POINT ( 'NONE', #10403 ) ;
#6520 = ORIENTED_EDGE ( 'NONE', *, *, #3195, .T. ) ;
#6521 = APPLICATION_CONTEXT ( 'automotive_design' ) ;
#6522 = EDGE_LOOP ( 'NONE', ( #2870, #10498, #578, #198 ) ) ;
#6523 = ADVANCED_FACE ( 'NONE', ( #10517 ), #8664, .F. ) ;
#6524 = EDGE_CURVE ( 'NONE', #8415, #3238, #9467, .T. ) ;
#6525 = CARTESIAN_POINT ( 'NONE',  ( -2.570000000000001172, 0.1999999999999999833, -2.120000000000000107 ) ) ;
#6526 = CARTESIAN_POINT ( 'NONE',  ( 1.120000000000000107, 0.2000000000000000111, 2.570000000000001616 ) ) ;
#6527 = CARTESIAN_POINT ( 'NONE',  ( 0.8799999999999996714, 0.2000000000000000111, -2.570000000000001616 ) ) ;
#6528 = EDGE_CURVE ( 'NONE', #12082, #7347, #9587, .T. ) ;
#6529 = EDGE_CURVE ( 'NONE', #2223, #5781, #1421, .T. ) ;
#6530 = PLANE ( 'NONE',  #7732 ) ;
#6531 = LINE ( 'NONE', #8499, #1106 ) ;
#6532 = PLANE ( 'NONE',  #8546 ) ;
#6533 = ORIENTED_EDGE ( 'NONE', *, *, #2642, .T. ) ;
#6534 = CARTESIAN_POINT ( 'NONE',  ( -2.570000000000001172, 0.1999999999999999833, -0.3799999999999998934 ) ) ;
#6535 = EDGE_CURVE ( 'NONE', #1852, #1714, #7136, .T. ) ;
#6536 = ORIENTED_EDGE ( 'NONE', *, *, #2212, .F. ) ;
#6537 = VECTOR ( 'NONE', #1524, 1000.000000000000000 ) ;
#6538 =( LENGTH_UNIT ( ) NAMED_UNIT ( * ) SI_UNIT ( .MILLI., .METRE. ) );
#6539 = EDGE_LOOP ( 'NONE', ( #223, #5147, #7576, #4593 ) ) ;
#6540 = CARTESIAN_POINT ( 'NONE',  ( 1.879999999999999671, 0.000000000000000000, -2.570000000000001616 ) ) ;
#6541 = ORIENTED_EDGE ( 'NONE', *, *, #812, .F. ) ;
#6542 = EDGE_CURVE ( 'NONE', #6928, #10759, #9518, .T. ) ;
#6543 = PRESENTATION_LAYER_ASSIGNMENT (  '', '', ( #8310 ) ) ;
#6544 = CARTESIAN_POINT ( 'NONE',  ( 1.380000000000000560, 0.2000000000000000111, 3.000000000000001776 ) ) ;
#6545 = FACE_OUTER_BOUND ( 'NONE', #4325, .T. ) ;
#6546 = CARTESIAN_POINT ( 'NONE',  ( 3.000000000000000888, 0.1999999999999999833, -2.120000000000000107 ) ) ;
#6547 = LINE ( 'NONE', #2046, #9125 ) ;
#6548 = ORIENTED_EDGE ( 'NONE', *, *, #9013, .F. ) ;
#6549 = DIRECTION ( 'NONE',  ( -1.000000000000000000, 0.000000000000000000, 5.042800802258162337E-16 ) ) ;
#6550 = AXIS2_PLACEMENT_3D ( 'NONE', #9058, #11963, #1471 ) ;
#6551 = EDGE_LOOP ( 'NONE', ( #2338, #2255, #8052, #11436, #5569 ) ) ;
#6552 = ORIENTED_EDGE ( 'NONE', *, *, #10038, .F. ) ;
#6553 =( NAMED_UNIT ( * ) PLANE_ANGLE_UNIT ( ) SI_UNIT ( $, .RADIAN. ) );
#6554 = LINE ( 'NONE', #10616, #11541 ) ;
#6555 =( NAMED_UNIT ( * ) PLANE_ANGLE_UNIT ( ) SI_UNIT ( $, .RADIAN. ) );
#6556 = LINE ( 'NONE', #7605, #1677 ) ;
#6557 = DIRECTION ( 'NONE',  ( 1.008560160451631481E-15, 0.000000000000000000, -1.000000000000000000 ) ) ;
#6558 = CARTESIAN_POINT ( 'NONE',  ( -3.000000000000000888, 0.000000000000000000, 0.8800000000000001155 ) ) ;
#6559 = DIRECTION ( 'NONE',  ( 1.000000000000000000, -0.000000000000000000, 5.042800802258162337E-16 ) ) ;
#6560 = VECTOR ( 'NONE', #4651, 1000.000000000000000 ) ;
#6561 = FACE_OUTER_BOUND ( 'NONE', #5110, .T. ) ;
#6562 = CYLINDRICAL_SURFACE ( 'NONE', #290, 0.1199999999999999956 ) ;
#6563 = ORIENTED_EDGE ( 'NONE', *, *, #3582, .F. ) ;
#6564 = ORIENTED_EDGE ( 'NONE', *, *, #9745, .T. ) ;
#6565 = ORIENTED_EDGE ( 'NONE', *, *, #124, .F. ) ;
#6566 = ORIENTED_EDGE ( 'NONE', *, *, #6152, .T. ) ;
#6567 = DIRECTION ( 'NONE',  ( 0.000000000000000000, -1.000000000000000000, 0.000000000000000000 ) ) ;
#6568 = ORIENTED_EDGE ( 'NONE', *, *, #2805, .F. ) ;
#6569 = VECTOR ( 'NONE', #8753, 1000.000000000000000 ) ;
#6570 = EDGE_CURVE ( 'NONE', #1584, #8667, #11317, .T. ) ;
#6571 = EDGE_CURVE ( 'NONE', #7537, #10490, #81, .T. ) ;
#6572 = LINE ( 'NONE', #10272, #10542 ) ;
#6573 = CARTESIAN_POINT ( 'NONE',  ( 2.570000000000000284, 0.1999999999999999833, -1.500000000000000444 ) ) ;
#6574 = DIRECTION ( 'NONE',  ( 0.000000000000000000, -1.000000000000000000, 0.000000000000000000 ) ) ;
#6575 = CYLINDRICAL_SURFACE ( 'NONE', #622, 0.1199999999999998845 ) ;
#6576 =( LENGTH_UNIT ( ) NAMED_UNIT ( * ) SI_UNIT ( .MILLI., .METRE. ) );
#6577 = ADVANCED_FACE ( 'NONE', ( #7501 ), #6575, .T. ) ;
#6578 = CARTESIAN_POINT ( 'NONE',  ( 1.000000000000000000, 0.2000000000000000111, 2.570000000000001616 ) ) ;
#6579 = CARTESIAN_POINT ( 'NONE',  ( -1.749999999999999334, 0.05000000000000000278, -2.050000000000000266 ) ) ;
#6580 = AXIS2_PLACEMENT_3D ( 'NONE', #11979, #8137, #2732 ) ;
#6581 = ORIENTED_EDGE ( 'NONE', *, *, #610, .T. ) ;
#6582 = ORIENTED_EDGE ( 'NONE', *, *, #8982, .F. ) ;
#6583 = ORIENTED_EDGE ( 'NONE', *, *, #6464, .T. ) ;
#6584 = ORIENTED_EDGE ( 'NONE', *, *, #9197, .T. ) ;
#6585 = LINE ( 'NONE', #10531, #73 ) ;
#6586 = AXIS2_PLACEMENT_3D ( 'NONE', #7748, #4917, #9657 ) ;
#6587 = VECTOR ( 'NONE', #40, 1000.000000000000000 ) ;
#6588 = CARTESIAN_POINT ( 'NONE',  ( -3.000000000000000888, 0.8000833275471006534, 2.120000000000000551 ) ) ;
#6589 = SURFACE_STYLE_FILL_AREA ( #165 ) ;
#6590 = CARTESIAN_POINT ( 'NONE',  ( 3.000000000000000888, 0.8000833275471006534, -1.619999999999999885 ) ) ;
#6591 = CARTESIAN_POINT ( 'NONE',  ( 2.000000000000000000, 0.2000000000000000111, -2.570000000000001616 ) ) ;
#6592 = DIRECTION ( 'NONE',  ( -1.000000000000000000, 0.000000000000000000, 0.000000000000000000 ) ) ;
#6593 = ORIENTED_EDGE ( 'NONE', *, *, #6272, .T. ) ;
#6594 = DIRECTION ( 'NONE',  ( 1.000000000000000000, 0.000000000000000000, -5.042800802258162337E-16 ) ) ;
#6595 = AXIS2_PLACEMENT_3D ( 'NONE', #3124, #8902, #4106 ) ;
#6596 = ORIENTED_EDGE ( 'NONE', *, *, #6319, .T. ) ;
#6597 = CIRCLE ( 'NONE', #9348, 0.1199999999999999956 ) ;
#6598 = CARTESIAN_POINT ( 'NONE',  ( 3.000000000000000888, 0.000000000000000000, 0.1200000000000003147 ) ) ;
#6599 = VECTOR ( 'NONE', #4467, 1000.000000000000000 ) ;
#6600 = VERTEX_POINT ( 'NONE', #966 ) ;
#6601 = CARTESIAN_POINT ( 'NONE',  ( -2.570000000000001172, 0.8000833275471006534, 2.000000000000000000 ) ) ;
#6602 = ORIENTED_EDGE ( 'NONE', *, *, #5485, .T. ) ;
#6603 = DIRECTION ( 'NONE',  ( 1.000000000000000000, 0.000000000000000000, 1.057758217059028854E-16 ) ) ;
#6604 = EDGE_CURVE ( 'NONE', #3146, #4202, #7622, .T. ) ;
#6605 =( GEOMETRIC_REPRESENTATION_CONTEXT ( 3 ) GLOBAL_UNCERTAINTY_ASSIGNED_CONTEXT ( ( #7993 ) ) GLOBAL_UNIT_ASSIGNED_CONTEXT ( ( #7662, #6553, #8522 ) ) REPRESENTATION_CONTEXT ( 'NONE', 'WORKASPACE' ) );
#6606 = VECTOR ( 'NONE', #5384, 1000.000000000000000 ) ;
#6607 = DIRECTION ( 'NONE',  ( -1.000000000000000000, 0.000000000000000000, -0.000000000000000000 ) ) ;
#6608 = CARTESIAN_POINT ( 'NONE',  ( -4.437664705987188576E-16, 0.05000000000000000278, -0.8800000000000012257 ) ) ;
#6609 = LINE ( 'NONE', #7531, #4499 ) ;
#6610 = PLANE ( 'NONE',  #4998 ) ;
#6611 = VECTOR ( 'NONE', #9071, 1000.000000000000000 ) ;
#6612 = EDGE_CURVE ( 'NONE', #1884, #4854, #8483, .T. ) ;
#6613 = ORIENTED_EDGE ( 'NONE', *, *, #11367, .F. ) ;
#6614 = VECTOR ( 'NONE', #11397, 1000.000000000000000 ) ;
#6615 = LINE ( 'NONE', #5551, #6478 ) ;
#6616 = ORIENTED_EDGE ( 'NONE', *, *, #979, .F. ) ;
#6617 = AXIS2_PLACEMENT_3D ( 'NONE', #8662, #11440, #2995 ) ;
#6618 = ORIENTED_EDGE ( 'NONE', *, *, #7321, .F. ) ;
#6619 = VECTOR ( 'NONE', #11964, 1000.000000000000000 ) ;
#6620 = EDGE_CURVE ( 'NONE', #7237, #5832, #9770, .T. ) ;
#6621 = DIRECTION ( 'NONE',  ( 0.000000000000000000, -1.000000000000000000, 0.000000000000000000 ) ) ;
#6622 = EDGE_CURVE ( 'NONE', #6069, #7686, #5152, .T. ) ;
#6623 = CARTESIAN_POINT ( 'NONE',  ( 2.049999999999999822, 0.1999999999999996503, 2.049999999999999822 ) ) ;
#6624 = FACE_OUTER_BOUND ( 'NONE', #2247, .T. ) ;
#6625 = DIRECTION ( 'NONE',  ( 0.000000000000000000, 0.000000000000000000, -1.000000000000000000 ) ) ;
#6626 = EDGE_CURVE ( 'NONE', #2875, #6785, #1443, .T. ) ;
#6627 = DIRECTION ( 'NONE',  ( 0.000000000000000000, -1.000000000000000000, 0.000000000000000000 ) ) ;
#6628 = PLANE ( 'NONE',  #5177 ) ;
#6629 = EDGE_CURVE ( 'NONE', #10893, #1088, #10078, .T. ) ;
#6630 = CYLINDRICAL_SURFACE ( 'NONE', #312, 0.1199999999999998845 ) ;
#6631 = LINE ( 'NONE', #8472, #10024 ) ;
#6632 = EDGE_CURVE ( 'NONE', #5095, #7670, #3246, .T. ) ;
#6633 = MECHANICAL_DESIGN_GEOMETRIC_PRESENTATION_REPRESENTATION (  '', ( #6428 ), #5235 ) ;
#6634 = ORIENTED_EDGE ( 'NONE', *, *, #3746, .T. ) ;
#6635 = AXIS2_PLACEMENT_3D ( 'NONE', #7334, #1799, #11104 ) ;
#6636 = ORIENTED_EDGE ( 'NONE', *, *, #5176, .F. ) ;
#6637 = ORIENTED_EDGE ( 'NONE', *, *, #5174, .F. ) ;
#6638 = VERTEX_POINT ( 'NONE', #7009 ) ;
#6639 = LINE ( 'NONE', #10398, #1122 ) ;
#6640 = VERTEX_POINT ( 'NONE', #7922 ) ;
#6641 = SURFACE_STYLE_USAGE ( .BOTH. , #2012 ) ;
#6642 = CARTESIAN_POINT ( 'NONE',  ( -1.000000000000000000, 0.04999999999999999584, 2.570000000000001616 ) ) ;
#6643 = CARTESIAN_POINT ( 'NONE',  ( 1.620000000000000107, 0.04999999999999999584, 2.570000000000001616 ) ) ;
#6644 = AXIS2_PLACEMENT_3D ( 'NONE', #11556, #1254, #1319 ) ;
#6645 = CYLINDRICAL_SURFACE ( 'NONE', #9884, 0.1199999999999998845 ) ;
#6646 = SURFACE_SIDE_STYLE ('',( #1082 ) ) ;
#6647 = DIRECTION ( 'NONE',  ( 0.000000000000000000, -1.000000000000000000, 0.000000000000000000 ) ) ;
#6648 = CARTESIAN_POINT ( 'NONE',  ( 1.620000000000000329, 0.2000000000000000111, 2.570000000000001616 ) ) ;
#6649 = ORIENTED_EDGE ( 'NONE', *, *, #598, .T. ) ;
#6650 = ORIENTED_EDGE ( 'NONE', *, *, #9783, .T. ) ;
#6651 = ORIENTED_EDGE ( 'NONE', *, *, #1290, .T. ) ;
#6652 = CIRCLE ( 'NONE', #4675, 0.1199999999999998845 ) ;
#6653 = CIRCLE ( 'NONE', #1728, 0.1199999999999998845 ) ;
#6654 = VERTEX_POINT ( 'NONE', #5949 ) ;
#6655 = DIRECTION ( 'NONE',  ( 0.000000000000000000, 0.000000000000000000, 1.000000000000000000 ) ) ;
#6656 = PRESENTATION_STYLE_ASSIGNMENT (( #2894 ) ) ;
#6657 = CARTESIAN_POINT ( 'NONE',  ( 2.570000000000000284, 0.000000000000000000, -4.336808689942017736E-16 ) ) ;
#6658 = VECTOR ( 'NONE', #4025, 1000.000000000000000 ) ;
#6659 = LINE ( 'NONE', #855, #2034 ) ;
#6660 = FACE_OUTER_BOUND ( 'NONE', #6952, .T. ) ;
#6661 = CARTESIAN_POINT ( 'NONE',  ( -2.570000000000001172, 0.8000833275471006534, -1.379999999999999893 ) ) ;
#6662 = EDGE_LOOP ( 'NONE', ( #7672, #2072, #10079, #2434 ) ) ;
#6663 = CARTESIAN_POINT ( 'NONE',  ( -2.049999999999999822, 5.998275605729689097, 2.049999999999999378 ) ) ;
#6664 = EDGE_CURVE ( 'NONE', #4835, #3313, #2260, .T. ) ;
#6665 = EDGE_LOOP ( 'NONE', ( #7913, #10408, #2123, #9712 ) ) ;
#6666 = CARTESIAN_POINT ( 'NONE',  ( -1.000000000000000000, 0.04999999999999999584, 2.570000000000001616 ) ) ;
#6667 = EDGE_CURVE ( 'NONE', #9885, #2064, #1259, .T. ) ;
#6668 = VECTOR ( 'NONE', #4753, 1000.000000000000000 ) ;
#6669 = VERTEX_POINT ( 'NONE', #8966 ) ;
#6670 = CARTESIAN_POINT ( 'NONE',  ( 1.620000000000000329, 0.000000000000000000, 3.000000000000001776 ) ) ;
#6671 = ORIENTED_EDGE ( 'NONE', *, *, #10264, .F. ) ;
#6672 = EDGE_CURVE ( 'NONE', #9666, #6, #6078, .T. ) ;
#6673 = CARTESIAN_POINT ( 'NONE',  ( 1.000000000000000000, 0.000000000000000000, -2.570000000000001616 ) ) ;
#6674 = LINE ( 'NONE', #4631, #2229 ) ;
#6675 = PLANE ( 'NONE',  #4635 ) ;
#6676 = PLANE ( 'NONE',  #6866 ) ;
#6677 = CARTESIAN_POINT ( 'NONE',  ( -2.000000000000000000, 0.2000000000000000111, -2.570000000000001616 ) ) ;
#6678 = CIRCLE ( 'NONE', #3918, 0.1199999999999998845 ) ;
#6679 = CLOSED_SHELL ( 'NONE', ( #11899, #11943, #255, #5842, #5524, #8642 ) ) ;
#6680 = ORIENTED_EDGE ( 'NONE', *, *, #2172, .T. ) ;
#6681 = CARTESIAN_POINT ( 'NONE',  ( -2.000000000000000000, 0.04999999999999999584, 2.570000000000001616 ) ) ;
#6682 = VERTEX_POINT ( 'NONE', #11812 ) ;
#6683 = AXIS2_PLACEMENT_3D ( 'NONE', #232, #7705, #8746 ) ;
#6684 = ORIENTED_EDGE ( 'NONE', *, *, #8303, .F. ) ;
#6685 = PRESENTATION_LAYER_ASSIGNMENT (  '', '', ( #11404 ) ) ;
#6686 = ADVANCED_FACE ( 'NONE', ( #10647 ), #3362, .T. ) ;
#6687 = ADVANCED_FACE ( 'NONE', ( #5142 ), #7123, .F. ) ;
#6688 = LINE ( 'NONE', #6984, #4439 ) ;
#6689 = ADVANCED_FACE ( 'NONE', ( #524 ), #6138, .T. ) ;
#6690 = DIRECTION ( 'NONE',  ( 5.042800802258162337E-16, 0.000000000000000000, -1.000000000000000000 ) ) ;
#6691 = CARTESIAN_POINT ( 'NONE',  ( -0.8799999999999996714, 0.2000000000000000111, 3.000000000000001776 ) ) ;
#6692 = CARTESIAN_POINT ( 'NONE',  ( -2.570000000000001172, 0.000000000000000000, 1.380000000000000115 ) ) ;
#6693 = DIRECTION ( 'NONE',  ( 0.000000000000000000, 1.000000000000000000, -0.000000000000000000 ) ) ;
#6694 = CARTESIAN_POINT ( 'NONE',  ( -3.000000000000000888, 0.8000833275471006534, 0.8800000000000001155 ) ) ;
#6695 = CARTESIAN_POINT ( 'NONE',  ( -2.570000000000001172, 0.1999999999999999833, 1.880000000000000115 ) ) ;
#6696 = PRODUCT_CONTEXT ( 'NONE', #3601, 'mechanical' ) ;
#6697 = ORIENTED_EDGE ( 'NONE', *, *, #5097, .T. ) ;
#6698 = AXIS2_PLACEMENT_3D ( 'NONE', #3372, #8054, #5458 ) ;
#6699 = EDGE_CURVE ( 'NONE', #3588, #11148, #1324, .T. ) ;
#6700 = ORIENTED_EDGE ( 'NONE', *, *, #12191, .F. ) ;
#6701 = ORIENTED_EDGE ( 'NONE', *, *, #5238, .T. ) ;
#6702 = VERTEX_POINT ( 'NONE', #8782 ) ;
#6703 = PLANE ( 'NONE',  #3538 ) ;
#6704 = ORIENTED_EDGE ( 'NONE', *, *, #9615, .T. ) ;
#6705 = ADVANCED_FACE ( 'NONE', ( #5086 ), #10884, .F. ) ;
#6706 = DIRECTION ( 'NONE',  ( 0.000000000000000000, 0.000000000000000000, 1.000000000000000000 ) ) ;
#6707 = DIRECTION ( 'NONE',  ( -0.000000000000000000, -1.000000000000000000, -0.000000000000000000 ) ) ;
#6708 = FACE_OUTER_BOUND ( 'NONE', #11745, .T. ) ;
#6709 = CARTESIAN_POINT ( 'NONE',  ( 3.000000000000000888, 0.1999999999999999833, -0.8799999999999996714 ) ) ;
#6710 = CARTESIAN_POINT ( 'NONE',  ( -1.119999999999999440, 0.000000000000000000, -3.000000000000001776 ) ) ;
#6711 = EDGE_LOOP ( 'NONE', ( #8049, #6820, #10850, #2395 ) ) ;
#6712 = EDGE_LOOP ( 'NONE', ( #11246, #8107, #5053, #2988 ) ) ;
#6713 = ORIENTED_EDGE ( 'NONE', *, *, #3592, .F. ) ;
#6714 = VERTEX_POINT ( 'NONE', #11563 ) ;
#6715 = CARTESIAN_POINT ( 'NONE',  ( 2.000000000000000000, 0.2000000000000000111, 2.570000000000001616 ) ) ;
#6716 = DIRECTION ( 'NONE',  ( 0.000000000000000000, -0.000000000000000000, 1.000000000000000000 ) ) ;
#6717 = CARTESIAN_POINT ( 'NONE',  ( -2.570000000000001172, 0.1999999999999999833, -0.8799999999999998934 ) ) ;
#6718 = DIRECTION ( 'NONE',  ( -0.000000000000000000, -1.000000000000000000, -0.000000000000000000 ) ) ;
#6719 = CARTESIAN_POINT ( 'NONE',  ( 1.000000000000000000, 0.2000000000000000111, 2.570000000000001616 ) ) ;
#6720 = LINE ( 'NONE', #9482, #11740 ) ;
#6721 = FACE_OUTER_BOUND ( 'NONE', #4354, .T. ) ;
#6722 = EDGE_LOOP ( 'NONE', ( #7252, #1409, #3473, #10974 ) ) ;
#6723 = EDGE_LOOP ( 'NONE', ( #6415, #2950, #10627, #10606, #11007 ) ) ;
#6724 = AXIS2_PLACEMENT_3D ( 'NONE', #3126, #3307, #6886 ) ;
#6725 = LINE ( 'NONE', #6598, #3527 ) ;
#6726 = ORIENTED_EDGE ( 'NONE', *, *, #5892, .T. ) ;
#6727 = CARTESIAN_POINT ( 'NONE',  ( -2.570000000000001172, 0.000000000000000000, -0.6199999999999998845 ) ) ;
#6728 = ORIENTED_EDGE ( 'NONE', *, *, #1877, .F. ) ;
#6729 = CARTESIAN_POINT ( 'NONE',  ( -2.000000000000000000, 0.000000000000000000, -2.570000000000001616 ) ) ;
#6730 = EDGE_CURVE ( 'NONE', #41, #7506, #334, .T. ) ;
#6731 = DIRECTION ( 'NONE',  ( -0.000000000000000000, 0.000000000000000000, 1.000000000000000000 ) ) ;
#6732 = PLANE ( 'NONE',  #2678 ) ;
#6733 = LINE ( 'NONE', #6487, #6668 ) ;
#6734 = CARTESIAN_POINT ( 'NONE',  ( -0.3799999999999996714, 0.2000000000000000111, -2.570000000000001616 ) ) ;
#6735 = ADVANCED_FACE ( 'NONE', ( #400 ), #7982, .T. ) ;
#6736 = CARTESIAN_POINT ( 'NONE',  ( -2.570000000000001172, 0.000000000000000000, 0.5000000000000000000 ) ) ;
#6737 = ORIENTED_EDGE ( 'NONE', *, *, #3810, .F. ) ;
#6738 = EDGE_LOOP ( 'NONE', ( #5036, #11227, #962, #9653 ) ) ;
#6739 = CARTESIAN_POINT ( 'NONE',  ( -1.879999999999999671, 0.05000000000000000278, 0.000000000000000000 ) ) ;
#6740 = DIRECTION ( 'NONE',  ( 0.000000000000000000, 1.000000000000000000, 0.000000000000000000 ) ) ;
#6741 = FACE_OUTER_BOUND ( 'NONE', #3464, .T. ) ;
#6742 = CARTESIAN_POINT ( 'NONE',  ( 2.570000000000000284, 0.000000000000000000, 1.999999999999999556 ) ) ;
#6743 = CARTESIAN_POINT ( 'NONE',  ( -1.879999999999999671, 0.000000000000000000, 2.570000000000001616 ) ) ;
#6744 = DIRECTION ( 'NONE',  ( -1.000000000000000000, 0.000000000000000000, -5.042800802258162337E-16 ) ) ;
#6745 = CARTESIAN_POINT ( 'NONE',  ( 0.5000000000000000000, 0.2000000000000000111, 2.450000000000001510 ) ) ;
#6746 = AXIS2_PLACEMENT_3D ( 'NONE', #10318, #3040, #9568 ) ;
#6747 = VERTEX_POINT ( 'NONE', #264 ) ;
#6748 = VERTEX_POINT ( 'NONE', #4040 ) ;
#6749 = ORIENTED_EDGE ( 'NONE', *, *, #3760, .F. ) ;
#6750 = ORIENTED_EDGE ( 'NONE', *, *, #6314, .T. ) ;
#6751 = CARTESIAN_POINT ( 'NONE',  ( -2.570000000000001172, 0.8000833275471006534, 0.000000000000000000 ) ) ;
#6752 = EDGE_CURVE ( 'NONE', #10970, #8521, #11991, .T. ) ;
#6753 = ORIENTED_EDGE ( 'NONE', *, *, #979, .T. ) ;
#6754 = FILL_AREA_STYLE_COLOUR ( '', #3258 ) ;
#6755 = AXIS2_PLACEMENT_3D ( 'NONE', #7214, #10980, #5415 ) ;
#6756 = LINE ( 'NONE', #9465, #7025 ) ;
#6757 = LINE ( 'NONE', #2816, #8101 ) ;
#6758 = EDGE_CURVE ( 'NONE', #7626, #1738, #4583, .T. ) ;
#6759 = CARTESIAN_POINT ( 'NONE',  ( 2.120000000000000551, 0.2000000000000000111, 2.570000000000001616 ) ) ;
#6760 = CARTESIAN_POINT ( 'NONE',  ( 2.570000000000001172, 0.8000833275471006534, 0.1200000000000000927 ) ) ;
#6761 = LINE ( 'NONE', #1204, #11310 ) ;
#6762 = EDGE_LOOP ( 'NONE', ( #4784, #6479, #11702, #7972 ) ) ;
#6763 = EDGE_CURVE ( 'NONE', #8685, #5945, #4400, .T. ) ;
#6764 = ORIENTED_EDGE ( 'NONE', *, *, #9916, .F. ) ;
#6765 = ORIENTED_EDGE ( 'NONE', *, *, #11314, .T. ) ;
#6766 = VECTOR ( 'NONE', #5625, 1000.000000000000000 ) ;
#6767 = UNCERTAINTY_MEASURE_WITH_UNIT (LENGTH_MEASURE( 1.000000000000000082E-05 ), #2458, 'distance_accuracy_value', 'NONE');
#6768 = EDGE_LOOP ( 'NONE', ( #4406, #3687, #6878, #7989 ) ) ;
#6769 = DIRECTION ( 'NONE',  ( 0.000000000000000000, 0.000000000000000000, -1.000000000000000000 ) ) ;
#6770 = DIRECTION ( 'NONE',  ( 0.000000000000000000, -1.000000000000000000, 0.000000000000000000 ) ) ;
#6771 = DIRECTION ( 'NONE',  ( 0.000000000000000000, 0.000000000000000000, 1.000000000000000000 ) ) ;
#6772 = CARTESIAN_POINT ( 'NONE',  ( -1.000000000000000000, 0.8000833275471003203, 2.450000000000001510 ) ) ;
#6773 = CIRCLE ( 'NONE', #8930, 0.1199999999999998845 ) ;
#6774 = CARTESIAN_POINT ( 'NONE',  ( 2.000000000000000000, 0.000000000000000000, -2.570000000000001616 ) ) ;
#6775 = FACE_OUTER_BOUND ( 'NONE', #253, .T. ) ;
#6776 = ADVANCED_FACE ( 'NONE', ( #12104 ), #9274, .T. ) ;
#6777 = PLANE ( 'NONE',  #474 ) ;
#6778 = ORIENTED_EDGE ( 'NONE', *, *, #10607, .T. ) ;
#6779 = ORIENTED_EDGE ( 'NONE', *, *, #2261, .T. ) ;
#6780 = CARTESIAN_POINT ( 'NONE',  ( 3.000000000000000888, 0.8000833275471006534, 1.120000000000000329 ) ) ;
#6781 = VECTOR ( 'NONE', #2356, 1000.000000000000000 ) ;
#6782 = CIRCLE ( 'NONE', #11698, 0.1199999999999998845 ) ;
#6783 = ORIENTED_EDGE ( 'NONE', *, *, #4277, .F. ) ;
#6784 = PLANE ( 'NONE',  #3848 ) ;
#6785 = VERTEX_POINT ( 'NONE', #6498 ) ;
#6786 = CARTESIAN_POINT ( 'NONE',  ( -2.049999999999999822, 5.998275605729689097, 2.049999999999999378 ) ) ;
#6787 = CARTESIAN_POINT ( 'NONE',  ( -2.570000000000001172, 0.1999999999999999833, 1.380000000000000115 ) ) ;
#6788 = EDGE_CURVE ( 'NONE', #9825, #2431, #3545, .T. ) ;
#6789 = DIRECTION ( 'NONE',  ( 0.000000000000000000, 1.000000000000000000, -0.000000000000000000 ) ) ;
#6790 = CIRCLE ( 'NONE', #5989, 0.1199999999999999956 ) ;
#6791 = CARTESIAN_POINT ( 'NONE',  ( -2.570000000000001172, 0.1999999999999999833, -0.8799999999999998934 ) ) ;
#6792 = DIRECTION ( 'NONE',  ( 0.000000000000000000, 0.000000000000000000, -1.000000000000000000 ) ) ;
#6793 = CIRCLE ( 'NONE', #10928, 0.1199999999999999956 ) ;
#6794 = DIRECTION ( 'NONE',  ( 0.000000000000000000, -0.000000000000000000, -1.000000000000000000 ) ) ;
#6795 = VECTOR ( 'NONE', #508, 1000.000000000000000 ) ;
#6796 = EDGE_CURVE ( 'NONE', #651, #11004, #10019, .T. ) ;
#6797 = CARTESIAN_POINT ( 'NONE',  ( -2.000000000000000000, 0.2000000000000000111, 2.570000000000001616 ) ) ;
#6798 = ORIENTED_EDGE ( 'NONE', *, *, #8912, .T. ) ;
#6799 = VECTOR ( 'NONE', #5823, 1000.000000000000000 ) ;
#6800 = EDGE_CURVE ( 'NONE', #92, #4074, #7422, .T. ) ;
#6801 = EDGE_LOOP ( 'NONE', ( #12204, #3326, #9042, #2922 ) ) ;
#6802 = VECTOR ( 'NONE', #183, 1000.000000000000000 ) ;
#6803 = FACE_OUTER_BOUND ( 'NONE', #943, .T. ) ;
#6804 = VECTOR ( 'NONE', #4555, 1000.000000000000000 ) ;
#6805 = CARTESIAN_POINT ( 'NONE',  ( 0.000000000000000000, 0.2000000000000000111, 2.450000000000001510 ) ) ;
#6806 = AXIS2_PLACEMENT_3D ( 'NONE', #11911, #751, #10115 ) ;
#6807 = DIRECTION ( 'NONE',  ( 0.000000000000000000, -1.000000000000000000, 0.000000000000000000 ) ) ;
#6808 = DIRECTION ( 'NONE',  ( 0.000000000000000000, 0.000000000000000000, -1.000000000000000000 ) ) ;
#6809 = PLANE ( 'NONE',  #9508 ) ;
#6810 = DIRECTION ( 'NONE',  ( 0.000000000000000000, -1.000000000000000000, 0.000000000000000000 ) ) ;
#6811 = COLOUR_RGB ( '',0.7921568627450980005, 0.8196078431372548767, 0.9333333333333333481 ) ;
#6812 = ORIENTED_EDGE ( 'NONE', *, *, #5711, .T. ) ;
#6813 = VERTEX_POINT ( 'NONE', #11012 ) ;
#6814 = ORIENTED_EDGE ( 'NONE', *, *, #3531, .T. ) ;
#6815 = AXIS2_PLACEMENT_3D ( 'NONE', #11382, #1143, #8539 ) ;
#6816 = VECTOR ( 'NONE', #10662, 1000.000000000000000 ) ;
#6817 = ORIENTED_EDGE ( 'NONE', *, *, #10424, .T. ) ;
#6818 = CARTESIAN_POINT ( 'NONE',  ( 1.500000000000000000, 0.2000000000000000111, 2.570000000000001616 ) ) ;
#6819 = ADVANCED_FACE ( 'NONE', ( #6256 ), #703, .T. ) ;
#6820 = ORIENTED_EDGE ( 'NONE', *, *, #9833, .F. ) ;
#6821 = CARTESIAN_POINT ( 'NONE',  ( -2.570000000000001172, 0.8000833275471006534, 0.1200000000000000927 ) ) ;
#6822 = AXIS2_PLACEMENT_3D ( 'NONE', #2029, #1036, #4973 ) ;
#6823 = LINE ( 'NONE', #5141, #4450 ) ;
#6824 = DIRECTION ( 'NONE',  ( -0.000000000000000000, -0.000000000000000000, -1.000000000000000000 ) ) ;
#6825 = DIRECTION ( 'NONE',  ( 0.000000000000000000, 0.000000000000000000, -1.000000000000000000 ) ) ;
#6826 = FILL_AREA_STYLE ('',( #2704 ) ) ;
#6827 = VECTOR ( 'NONE', #4011, 1000.000000000000000 ) ;
#6828 = VECTOR ( 'NONE', #1231, 1000.000000000000000 ) ;
#6829 = CARTESIAN_POINT ( 'NONE',  ( 3.000000000000000888, 0.8000833275471006534, 1.880000000000000115 ) ) ;
#6830 = CARTESIAN_POINT ( 'NONE',  ( -2.000000000000000000, 0.2000000000000000111, -2.570000000000001616 ) ) ;
#6831 = ORIENTED_EDGE ( 'NONE', *, *, #11406, .T. ) ;
#6832 = ORIENTED_EDGE ( 'NONE', *, *, #6839, .F. ) ;
#6833 = EDGE_LOOP ( 'NONE', ( #1769, #6936, #3426, #6060 ) ) ;
#6834 = ORIENTED_EDGE ( 'NONE', *, *, #1906, .T. ) ;
#6835 = VECTOR ( 'NONE', #10601, 1000.000000000000000 ) ;
#6836 = VECTOR ( 'NONE', #11049, 1000.000000000000000 ) ;
#6837 = CARTESIAN_POINT ( 'NONE',  ( 1.120000000000000329, 0.1999999999999999833, -2.570000000000001616 ) ) ;
#6838 = CARTESIAN_POINT ( 'NONE',  ( -1.879999999999999671, 0.05000000000000000278, 0.000000000000000000 ) ) ;
#6839 = EDGE_CURVE ( 'NONE', #10382, #7143, #2504, .T. ) ;
#6840 = DIRECTION ( 'NONE',  ( 0.000000000000000000, 0.000000000000000000, -1.000000000000000000 ) ) ;
#6841 = ADVANCED_FACE ( 'NONE', ( #5317 ), #7244, .T. ) ;
#6842 = CYLINDRICAL_SURFACE ( 'NONE', #9118, 0.1199999999999998845 ) ;
#6843 = LINE ( 'NONE', #2098, #5043 ) ;
#6844 = CARTESIAN_POINT ( 'NONE',  ( 2.570000000000001172, 0.1999999999999999833, 0.6200000000000001066 ) ) ;
#6845 = VECTOR ( 'NONE', #11682, 1000.000000000000000 ) ;
#6846 = EDGE_LOOP ( 'NONE', ( #5191, #864, #5972, #1767 ) ) ;
#6847 = ORIENTED_EDGE ( 'NONE', *, *, #3016, .T. ) ;
#6848 = ADVANCED_FACE ( 'NONE', ( #8218 ), #10131, .F. ) ;
#6849 = FACE_OUTER_BOUND ( 'NONE', #7928, .T. ) ;
#6850 = ADVANCED_FACE ( 'NONE', ( #10199 ), #583, .F. ) ;
#6851 = ORIENTED_EDGE ( 'NONE', *, *, #2916, .T. ) ;
#6852 = EDGE_CURVE ( 'NONE', #12040, #11376, #4529, .T. ) ;
#6853 = PLANE ( 'NONE',  #7985 ) ;
#6854 = AXIS2_PLACEMENT_3D ( 'NONE', #10753, #2373, #9690 ) ;
#6855 = ORIENTED_EDGE ( 'NONE', *, *, #3204, .F. ) ;
#6856 = CARTESIAN_POINT ( 'NONE',  ( -0.1199999999999994404, 0.1999999999999999833, -3.000000000000001776 ) ) ;
#6857 = MECHANICAL_DESIGN_GEOMETRIC_PRESENTATION_REPRESENTATION (  '', ( #5460 ), #9999 ) ;
#6858 = STYLED_ITEM ( 'NONE', ( #947 ), #1750 ) ;
#6859 = EDGE_CURVE ( 'NONE', #8258, #9759, #11325, .T. ) ;
#6860 = FACE_OUTER_BOUND ( 'NONE', #11956, .T. ) ;
#6861 = CARTESIAN_POINT ( 'NONE',  ( 2.570000000000001172, 0.1999999999999999833, -1.879999999999999893 ) ) ;
#6862 = CARTESIAN_POINT ( 'NONE',  ( -3.000000000000000888, 0.1999999999999999833, 1.880000000000000115 ) ) ;
#6863 = CARTESIAN_POINT ( 'NONE',  ( 1.000000000000000000, 0.000000000000000000, 2.570000000000001616 ) ) ;
#6864 = PLANE ( 'NONE',  #10922 ) ;
#6865 = PLANE ( 'NONE',  #11129 ) ;
#6866 = AXIS2_PLACEMENT_3D ( 'NONE', #10245, #1052, #3772 ) ;
#6867 = PLANE ( 'NONE',  #761 ) ;
#6868 = ORIENTED_EDGE ( 'NONE', *, *, #6047, .F. ) ;
#6869 = ORIENTED_EDGE ( 'NONE', *, *, #9291, .F. ) ;
#6870 = AXIS2_PLACEMENT_3D ( 'NONE', #8155, #11932, #2751 ) ;
#6871 = PRESENTATION_STYLE_ASSIGNMENT (( #9814 ) ) ;
#6872 = DIRECTION ( 'NONE',  ( 0.000000000000000000, 1.000000000000000000, 0.000000000000000000 ) ) ;
#6873 = DIRECTION ( 'NONE',  ( -1.008560160451631481E-15, 0.000000000000000000, -1.000000000000000000 ) ) ;
#6874 = CARTESIAN_POINT ( 'NONE',  ( -0.5000000000000000000, 0.8000833275471003203, -2.570000000000001616 ) ) ;
#6875 = CARTESIAN_POINT ( 'NONE',  ( -0.5000000000000000000, 0.2000000000000000111, -2.570000000000001616 ) ) ;
#6876 = ORIENTED_EDGE ( 'NONE', *, *, #4760, .T. ) ;
#6877 = ORIENTED_EDGE ( 'NONE', *, *, #1917, .F. ) ;
#6878 = ORIENTED_EDGE ( 'NONE', *, *, #10986, .T. ) ;
#6879 = VECTOR ( 'NONE', #10508, 1000.000000000000000 ) ;
#6880 = MECHANICAL_DESIGN_GEOMETRIC_PRESENTATION_REPRESENTATION (  '', ( #10219 ), #9242 ) ;
#6881 = ORIENTED_EDGE ( 'NONE', *, *, #6161, .T. ) ;
#6882 = CYLINDRICAL_SURFACE ( 'NONE', #3689, 0.1199999999999998845 ) ;
#6883 = ORIENTED_EDGE ( 'NONE', *, *, #7557, .F. ) ;
#6884 = CARTESIAN_POINT ( 'NONE',  ( -3.000000000000000888, 0.1999999999999999833, -0.3799999999999996714 ) ) ;
#6885 = LINE ( 'NONE', #1258, #8183 ) ;
#6886 = DIRECTION ( 'NONE',  ( -1.000000000000000000, 0.000000000000000000, -0.000000000000000000 ) ) ;
#6887 = DIRECTION ( 'NONE',  ( 0.000000000000000000, 0.000000000000000000, 1.000000000000000000 ) ) ;
#6888 = DIRECTION ( 'NONE',  ( -1.000000000000000000, 0.000000000000000000, -5.042800802258162337E-16 ) ) ;
#6889 = AXIS2_PLACEMENT_3D ( 'NONE', #9808, #1367, #11844 ) ;
#6890 = LINE ( 'NONE', #6018, #9024 ) ;
#6891 = EDGE_CURVE ( 'NONE', #11113, #3707, #3264, .T. ) ;
#6892 = CARTESIAN_POINT ( 'NONE',  ( 0.000000000000000000, 0.05000000000000000278, -2.120000000000000107 ) ) ;
#6893 = EDGE_CURVE ( 'NONE', #92, #8459, #638, .T. ) ;
#6894 = ORIENTED_EDGE ( 'NONE', *, *, #7445, .F. ) ;
#6895 = EDGE_LOOP ( 'NONE', ( #4642, #9252, #10934, #1166 ) ) ;
#6896 = ORIENTED_EDGE ( 'NONE', *, *, #7582, .F. ) ;
#6897 = CIRCLE ( 'NONE', #2562, 0.1199999999999998845 ) ;
#6898 = UNCERTAINTY_MEASURE_WITH_UNIT (LENGTH_MEASURE( 1.000000000000000082E-05 ), #4363, 'distance_accuracy_value', 'NONE');
#6899 = ORIENTED_EDGE ( 'NONE', *, *, #1325, .F. ) ;
#6900 = CARTESIAN_POINT ( 'NONE',  ( 2.570000000000000284, 0.8000833275471006534, -4.336808689942017736E-16 ) ) ;
#6901 = DIRECTION ( 'NONE',  ( 0.000000000000000000, 0.000000000000000000, 1.000000000000000000 ) ) ;
#6902 = LINE ( 'NONE', #9719, #11763 ) ;
#6903 = PLANE ( 'NONE',  #3025 ) ;
#6904 = CARTESIAN_POINT ( 'NONE',  ( 1.379999999999997451, 0.05000000000000000278, -1.391813021423248920E-15 ) ) ;
#6905 = CYLINDRICAL_SURFACE ( 'NONE', #1059, 0.1199999999999998845 ) ;
#6906 = VERTEX_POINT ( 'NONE', #1628 ) ;
#6907 = ORIENTED_EDGE ( 'NONE', *, *, #9082, .F. ) ;
#6908 = EDGE_CURVE ( 'NONE', #7671, #10380, #5378, .T. ) ;
#6909 = ORIENTED_EDGE ( 'NONE', *, *, #7193, .T. ) ;
#6910 = FACE_OUTER_BOUND ( 'NONE', #8122, .T. ) ;
#6911 = ORIENTED_EDGE ( 'NONE', *, *, #5760, .T. ) ;
#6912 = DIRECTION ( 'NONE',  ( 0.000000000000000000, 0.000000000000000000, 1.000000000000000000 ) ) ;
#6913 = ADVANCED_FACE ( 'NONE', ( #6741 ), #11426, .T. ) ;
#6914 = EDGE_CURVE ( 'NONE', #7854, #3135, #9504, .T. ) ;
#6915 = ORIENTED_EDGE ( 'NONE', *, *, #3165, .F. ) ;
#6916 = FACE_OUTER_BOUND ( 'NONE', #8475, .T. ) ;
#6917 = PLANE ( 'NONE',  #7217 ) ;
#6918 = CYLINDRICAL_SURFACE ( 'NONE', #2813, 0.1199999999999998845 ) ;
#6919 = LINE ( 'NONE', #3028, #699 ) ;
#6920 = EDGE_CURVE ( 'NONE', #12082, #4856, #8646, .T. ) ;
#6921 = DIRECTION ( 'NONE',  ( -0.000000000000000000, -1.000000000000000000, -0.000000000000000000 ) ) ;
#6922 = PLANE ( 'NONE',  #3812 ) ;
#6923 = CARTESIAN_POINT ( 'NONE',  ( -2.570000000000001172, 0.1999999999999999833, 1.380000000000000115 ) ) ;
#6924 = EDGE_CURVE ( 'NONE', #6702, #6970, #6556, .T. ) ;
#6925 = FACE_OUTER_BOUND ( 'NONE', #8581, .T. ) ;
#6926 = ORIENTED_EDGE ( 'NONE', *, *, #1494, .F. ) ;
#6927 = EDGE_CURVE ( 'NONE', #4773, #2316, #3727, .T. ) ;
#6928 = VERTEX_POINT ( 'NONE', #8524 ) ;
#6929 = PLANE ( 'NONE',  #7588 ) ;
#6930 = CARTESIAN_POINT ( 'NONE',  ( -2.570000000000001172, 0.1999999999999999833, 1.120000000000000107 ) ) ;
#6931 = CARTESIAN_POINT ( 'NONE',  ( 3.000000000000000888, 0.8000833275471006534, -0.1199999999999998845 ) ) ;
#6932 = DIRECTION ( 'NONE',  ( -0.000000000000000000, -1.000000000000000000, -0.000000000000000000 ) ) ;
#6933 = DIRECTION ( 'NONE',  ( 0.000000000000000000, 0.000000000000000000, -1.000000000000000000 ) ) ;
#6934 = DIRECTION ( 'NONE',  ( 0.000000000000000000, 0.000000000000000000, 1.000000000000000000 ) ) ;
#6935 = ORIENTED_EDGE ( 'NONE', *, *, #1521, .F. ) ;
#6936 = ORIENTED_EDGE ( 'NONE', *, *, #12206, .T. ) ;
#6937 = VERTEX_POINT ( 'NONE', #4890 ) ;
#6938 = ORIENTED_EDGE ( 'NONE', *, *, #2799, .F. ) ;
#6939 = CARTESIAN_POINT ( 'NONE',  ( 3.000000000000000888, 0.1999999999999999833, 0.6200000000000003286 ) ) ;
#6940 = VERTEX_POINT ( 'NONE', #7717 ) ;
#6941 = FACE_OUTER_BOUND ( 'NONE', #3885, .T. ) ;
#6942 = DIRECTION ( 'NONE',  ( 0.000000000000000000, -0.000000000000000000, -1.000000000000000000 ) ) ;
#6943 = FILL_AREA_STYLE_COLOUR ( '', #1400 ) ;
#6944 = DIRECTION ( 'NONE',  ( -0.000000000000000000, -1.000000000000000000, -0.000000000000000000 ) ) ;
#6945 = PLANE ( 'NONE',  #5846 ) ;
#6946 = AXIS2_PLACEMENT_3D ( 'NONE', #8948, #11611, #506 ) ;
#6947 = PLANE ( 'NONE',  #1354 ) ;
#6948 = LINE ( 'NONE', #7126, #8257 ) ;
#6949 = FACE_OUTER_BOUND ( 'NONE', #9763, .T. ) ;
#6950 = VERTEX_POINT ( 'NONE', #12177 ) ;
#6951 = ORIENTED_EDGE ( 'NONE', *, *, #7002, .F. ) ;
#6952 = EDGE_LOOP ( 'NONE', ( #3347, #5341, #11862, #4357 ) ) ;
#6953 = ADVANCED_FACE ( 'NONE', ( #5804 ), #191, .F. ) ;
#6954 = ORIENTED_EDGE ( 'NONE', *, *, #11493, .T. ) ;
#6955 = VECTOR ( 'NONE', #4992, 1000.000000000000000 ) ;
#6956 = DIRECTION ( 'NONE',  ( -0.000000000000000000, -1.000000000000000000, -0.000000000000000000 ) ) ;
#6957 = EDGE_CURVE ( 'NONE', #417, #1884, #2058, .T. ) ;
#6958 = PRESENTATION_STYLE_ASSIGNMENT (( #8862 ) ) ;
#6959 = LINE ( 'NONE', #10716, #6340 ) ;
#6960 = CARTESIAN_POINT ( 'NONE',  ( -0.6199999999999994404, 0.2000000000000000111, 3.000000000000001776 ) ) ;
#6961 = CARTESIAN_POINT ( 'NONE',  ( 2.049999999999999822, 5.998275605729689097, -2.049999999999999378 ) ) ;
#6962 = CYLINDRICAL_SURFACE ( 'NONE', #10362, 0.1199999999999998845 ) ;
#6963 = DIRECTION ( 'NONE',  ( 0.000000000000000000, 0.000000000000000000, -1.000000000000000000 ) ) ;
#6964 = VECTOR ( 'NONE', #1159, 1000.000000000000000 ) ;
#6965 = EDGE_LOOP ( 'NONE', ( #3672, #2938, #10082, #11105 ) ) ;
#6966 = EDGE_LOOP ( 'NONE', ( #5856, #1715, #9017, #3826, #11916 ) ) ;
#6967 = ORIENTED_EDGE ( 'NONE', *, *, #8977, .T. ) ;
#6968 = ORIENTED_EDGE ( 'NONE', *, *, #11220, .F. ) ;
#6969 = DIRECTION ( 'NONE',  ( -0.000000000000000000, -1.000000000000000000, -0.000000000000000000 ) ) ;
#6970 = VERTEX_POINT ( 'NONE', #2800 ) ;
#6971 = CARTESIAN_POINT ( 'NONE',  ( -3.000000000000000888, 0.8000833275471006534, -2.120000000000000107 ) ) ;
#6972 = SURFACE_STYLE_USAGE ( .BOTH. , #2357 ) ;
#6973 = CARTESIAN_POINT ( 'NONE',  ( 3.000000000000000888, 0.000000000000000000, 1.380000000000000115 ) ) ;
#6974 = CARTESIAN_POINT ( 'NONE',  ( -0.3799999999999996714, 0.8000833275471003203, -3.000000000000001776 ) ) ;
#6975 = CARTESIAN_POINT ( 'NONE',  ( -2.570000000000001172, 0.000000000000000000, 1.880000000000000115 ) ) ;
#6976 = LINE ( 'NONE', #9739, #4397 ) ;
#6977 = PLANE ( 'NONE',  #3060 ) ;
#6978 = CIRCLE ( 'NONE', #7559, 0.1199999999999998845 ) ;
#6979 = VECTOR ( 'NONE', #9924, 1000.000000000000000 ) ;
#6980 = FACE_OUTER_BOUND ( 'NONE', #11077, .T. ) ;
#6981 = ORIENTED_EDGE ( 'NONE', *, *, #6364, .T. ) ;
#6982 = ADVANCED_FACE ( 'NONE', ( #11300 ), #3781, .F. ) ;
#6983 = ORIENTED_EDGE ( 'NONE', *, *, #3001, .F. ) ;
#6984 = CARTESIAN_POINT ( 'NONE',  ( -3.000000000000000888, 0.000000000000000000, -1.619999999999999885 ) ) ;
#6985 = VECTOR ( 'NONE', #7441, 1000.000000000000000 ) ;
#6986 = VECTOR ( 'NONE', #5764, 1000.000000000000000 ) ;
#6987 = DIRECTION ( 'NONE',  ( 1.000000000000000000, 0.000000000000000000, -5.042800802258162337E-16 ) ) ;
#6988 = EDGE_CURVE ( 'NONE', #10879, #417, #3907, .T. ) ;
#6989 = CARTESIAN_POINT ( 'NONE',  ( 2.570000000000000284, 0.000000000000000000, 1.499999999999999556 ) ) ;
#6990 = EDGE_CURVE ( 'NONE', #8811, #3577, #4828, .T. ) ;
#6991 = CARTESIAN_POINT ( 'NONE',  ( -2.000000000000000000, 0.2000000000000000111, -2.570000000000001616 ) ) ;
#6992 = FACE_OUTER_BOUND ( 'NONE', #10064, .T. ) ;
#6993 = CARTESIAN_POINT ( 'NONE',  ( -3.000000000000000888, 0.8000833275471006534, -1.619999999999999885 ) ) ;
#6994 = ORIENTED_EDGE ( 'NONE', *, *, #11815, .T. ) ;
#6995 = ORIENTED_EDGE ( 'NONE', *, *, #10687, .T. ) ;
#6996 = AXIS2_PLACEMENT_3D ( 'NONE', #9145, #5314, #9081 ) ;
#6997 = ORIENTED_EDGE ( 'NONE', *, *, #1625, .T. ) ;
#6998 = AXIS2_PLACEMENT_3D ( 'NONE', #4226, #10832, #1882 ) ;
#6999 = EDGE_LOOP ( 'NONE', ( #3007, #12168, #8505, #2725 ) ) ;
#7000 = CARTESIAN_POINT ( 'NONE',  ( -2.000000000000000000, 0.2000000000000000111, 2.570000000000001616 ) ) ;
#7001 = ADVANCED_FACE ( 'NONE', ( #3967 ), #1944, .F. ) ;
#7002 = EDGE_CURVE ( 'NONE', #289, #11378, #8468, .T. ) ;
#7003 = ORIENTED_EDGE ( 'NONE', *, *, #4435, .T. ) ;
#7004 = AXIS2_PLACEMENT_3D ( 'NONE', #7541, #3041, #9393 ) ;
#7005 = ADVANCED_FACE ( 'NONE', ( #9450 ), #3843, .F. ) ;
#7006 = DIRECTION ( 'NONE',  ( -1.000000000000000000, 0.000000000000000000, 0.000000000000000000 ) ) ;
#7007 = ADVANCED_FACE ( 'NONE', ( #4649 ), #10443, .F. ) ;
#7008 = CARTESIAN_POINT ( 'NONE',  ( 2.570000000000001172, 0.05000000000000002359, -0.3799999999999998934 ) ) ;
#7009 = CARTESIAN_POINT ( 'NONE',  ( -3.000000000000000888, 0.000000000000000000, 1.880000000000000115 ) ) ;
#7010 = EDGE_CURVE ( 'NONE', #9838, #8901, #7665, .T. ) ;
#7011 = VECTOR ( 'NONE', #9871, 1000.000000000000000 ) ;
#7012 = DIRECTION ( 'NONE',  ( 0.000000000000000000, -1.000000000000000000, 0.000000000000000000 ) ) ;
#7013 = VECTOR ( 'NONE', #8684, 1000.000000000000000 ) ;
#7014 = LINE ( 'NONE', #11627, #10412 ) ;
#7015 = DIRECTION ( 'NONE',  ( -0.000000000000000000, -1.000000000000000000, -0.000000000000000000 ) ) ;
#7016 = CARTESIAN_POINT ( 'NONE',  ( 1.620000000000000329, 0.1999999999999999833, -3.000000000000001776 ) ) ;
#7017 = ORIENTED_EDGE ( 'NONE', *, *, #10419, .F. ) ;
#7018 = VECTOR ( 'NONE', #10303, 1000.000000000000000 ) ;
#7019 = ORIENTED_EDGE ( 'NONE', *, *, #221, .F. ) ;
#7020 = ORIENTED_EDGE ( 'NONE', *, *, #10500, .F. ) ;
#7021 = ORIENTED_EDGE ( 'NONE', *, *, #360, .T. ) ;
#7022 = EDGE_CURVE ( 'NONE', #8119, #8532, #11241, .T. ) ;
#7023 = MECHANICAL_DESIGN_GEOMETRIC_PRESENTATION_REPRESENTATION (  '', ( #10948 ), #11735 ) ;
#7024 = CARTESIAN_POINT ( 'NONE',  ( -1.879999999999999671, 0.2000000000000000111, -3.000000000000001776 ) ) ;
#7025 = VECTOR ( 'NONE', #4777, 1000.000000000000000 ) ;
#7026 = FACE_OUTER_BOUND ( 'NONE', #7504, .T. ) ;
#7027 = AXIS2_PLACEMENT_3D ( 'NONE', #2651, #3512, #3572 ) ;
#7028 = DIRECTION ( 'NONE',  ( -0.000000000000000000, -1.000000000000000000, -0.000000000000000000 ) ) ;
#7029 = DIRECTION ( 'NONE',  ( 1.008560160451631481E-15, 0.000000000000000000, -1.000000000000000000 ) ) ;
#7030 = PLANE ( 'NONE',  #2647 ) ;
#7031 = VERTEX_POINT ( 'NONE', #4024 ) ;
#7032 = VERTEX_POINT ( 'NONE', #10752 ) ;
#7033 = AXIS2_PLACEMENT_3D ( 'NONE', #1759, #888, #2567 ) ;
#7034 = ORIENTED_EDGE ( 'NONE', *, *, #9083, .T. ) ;
#7035 = ORIENTED_EDGE ( 'NONE', *, *, #7286, .T. ) ;
#7036 = CARTESIAN_POINT ( 'NONE',  ( 2.999999999999999112, 0.05000000000000000278, 2.999999999999998224 ) ) ;
#7037 = ORIENTED_EDGE ( 'NONE', *, *, #9407, .F. ) ;
#7038 = CARTESIAN_POINT ( 'NONE',  ( 3.000000000000000888, 0.8000833275471006534, -0.3799999999999996714 ) ) ;
#7039 = LINE ( 'NONE', #5230, #4258 ) ;
#7040 = AXIS2_PLACEMENT_3D ( 'NONE', #2955, #2096, #10478 ) ;
#7041 = DIRECTION ( 'NONE',  ( 0.000000000000000000, 0.000000000000000000, 1.000000000000000000 ) ) ;
#7042 = CARTESIAN_POINT ( 'NONE',  ( 3.000000000000000888, 0.000000000000000000, -2.120000000000000107 ) ) ;
#7043 = VECTOR ( 'NONE', #12190, 1000.000000000000000 ) ;
#7044 = DIRECTION ( 'NONE',  ( 0.000000000000000000, -0.000000000000000000, 1.000000000000000000 ) ) ;
#7045 = LINE ( 'NONE', #3099, #6979 ) ;
#7046 = LINE ( 'NONE', #4144, #10346 ) ;
#7047 = EDGE_CURVE ( 'NONE', #8062, #9052, #4091, .T. ) ;
#7048 = PRESENTATION_STYLE_ASSIGNMENT (( #3285 ) ) ;
#7049 = COLOUR_RGB ( '',0.7921568627450980005, 0.8196078431372548767, 0.9333333333333333481 ) ;
#7050 = EDGE_CURVE ( 'NONE', #3607, #2406, #3449, .T. ) ;
#7051 = AXIS2_PLACEMENT_3D ( 'NONE', #9992, #5575, #6333 ) ;
#7052 = VERTEX_POINT ( 'NONE', #5992 ) ;
#7053 = ORIENTED_EDGE ( 'NONE', *, *, #545, .T. ) ;
#7054 = LINE ( 'NONE', #10810, #7011 ) ;
#7055 =( NAMED_UNIT ( * ) PLANE_ANGLE_UNIT ( ) SI_UNIT ( $, .RADIAN. ) );
#7056 = LINE ( 'NONE', #2242, #12103 ) ;
#7057 = DIRECTION ( 'NONE',  ( 0.000000000000000000, -0.000000000000000000, 1.000000000000000000 ) ) ;
#7058 = CARTESIAN_POINT ( 'NONE',  ( 0.1200000000000003147, 0.8000833275471003203, 2.570000000000001616 ) ) ;
#7059 = AXIS2_PLACEMENT_3D ( 'NONE', #2864, #2927, #8469 ) ;
#7060 = PLANE ( 'NONE',  #10820 ) ;
#7061 = ORIENTED_EDGE ( 'NONE', *, *, #10522, .T. ) ;
#7062 = VERTEX_POINT ( 'NONE', #10633 ) ;
#7063 = ORIENTED_EDGE ( 'NONE', *, *, #8176, .F. ) ;
#7064 = ADVANCED_FACE ( 'NONE', ( #6063 ), #8831, .F. ) ;
#7065 = ORIENTED_EDGE ( 'NONE', *, *, #3234, .F. ) ;
#7066 = EDGE_CURVE ( 'NONE', #8992, #1435, #11666, .T. ) ;
#7067 = CARTESIAN_POINT ( 'NONE',  ( -1.619999999999999440, 0.1999999999999999833, -3.000000000000001776 ) ) ;
#7068 = ADVANCED_FACE ( 'NONE', ( #3349 ), #2188, .F. ) ;
#7069 = AXIS2_PLACEMENT_3D ( 'NONE', #869, #7650, #3895 ) ;
#7070 = ORIENTED_EDGE ( 'NONE', *, *, #11579, .T. ) ;
#7071 = LINE ( 'NONE', #2384, #3282 ) ;
#7072 = DIRECTION ( 'NONE',  ( 1.008560160451631481E-15, 0.000000000000000000, -1.000000000000000000 ) ) ;
#7073 = DIRECTION ( 'NONE',  ( 1.008560160451631481E-15, 0.000000000000000000, -1.000000000000000000 ) ) ;
#7074 = LINE ( 'NONE', #1261, #6845 ) ;
#7075 = FACE_OUTER_BOUND ( 'NONE', #7687, .T. ) ;
#7076 = EDGE_CURVE ( 'NONE', #5114, #11283, #3108, .T. ) ;
#7077 = DIRECTION ( 'NONE',  ( 1.000000000000000000, 0.000000000000000000, -5.042800802258162337E-16 ) ) ;
#7078 = CARTESIAN_POINT ( 'NONE',  ( -0.3799999999999998934, 0.2000000000000000111, 2.570000000000001616 ) ) ;
#7079 = AXIS2_PLACEMENT_3D ( 'NONE', #4350, #10705, #7925 ) ;
#7080 = ORIENTED_EDGE ( 'NONE', *, *, #2916, .F. ) ;
#7081 = CLOSED_SHELL ( 'NONE', ( #4729, #1001, #1855, #7370, #928, #6231, #5816 ) ) ;
#7082 = EDGE_LOOP ( 'NONE', ( #4980, #11209, #5056, #5755 ) ) ;
#7083 = ORIENTED_EDGE ( 'NONE', *, *, #890, .T. ) ;
#7084 = EDGE_CURVE ( 'NONE', #2644, #9781, #317, .T. ) ;
#7085 = ORIENTED_EDGE ( 'NONE', *, *, #6414, .T. ) ;
#7086 = PLANE ( 'NONE',  #4816 ) ;
#7087 = AXIS2_PLACEMENT_3D ( 'NONE', #6502, #7185, #10951 ) ;
#7088 = CARTESIAN_POINT ( 'NONE',  ( -2.570000000000001172, 0.8000833275471006534, 2.000000000000000000 ) ) ;
#7089 = CARTESIAN_POINT ( 'NONE',  ( -2.300000000000000711, 0.9000000000000000222, -2.300000000000000711 ) ) ;
#7090 = CARTESIAN_POINT ( 'NONE',  ( 1.620000000000000107, 0.000000000000000000, 2.570000000000001616 ) ) ;
#7091 = ORIENTED_EDGE ( 'NONE', *, *, #4343, .T. ) ;
#7092 = EDGE_LOOP ( 'NONE', ( #4249, #11222, #8962, #714 ) ) ;
#7093 = AXIS2_PLACEMENT_3D ( 'NONE', #3430, #11081, #2630 ) ;
#7094 = ORIENTED_EDGE ( 'NONE', *, *, #1783, .T. ) ;
#7095 = VERTEX_POINT ( 'NONE', #7784 ) ;
#7096 = FACE_OUTER_BOUND ( 'NONE', #5404, .T. ) ;
#7097 = DIRECTION ( 'NONE',  ( 1.000000000000000000, 0.000000000000000000, -0.000000000000000000 ) ) ;
#7098 = DIRECTION ( 'NONE',  ( 0.000000000000000000, 1.000000000000000000, 0.000000000000000000 ) ) ;
#7099 = CARTESIAN_POINT ( 'NONE',  ( 0.1200000000000003147, 0.8000833275471003203, -2.570000000000001616 ) ) ;
#7100 = DIRECTION ( 'NONE',  ( -1.000000000000000000, 0.000000000000000000, 0.000000000000000000 ) ) ;
#7101 = CARTESIAN_POINT ( 'NONE',  ( 2.049999999999999822, 0.05000000000000000278, 0.000000000000000000 ) ) ;
#7102 = LINE ( 'NONE', #5352, #6058 ) ;
#7103 = CARTESIAN_POINT ( 'NONE',  ( 1.500000000000000000, 0.8000833275471003203, 2.570000000000001616 ) ) ;
#7104 = LINE ( 'NONE', #436, #7866 ) ;
#7105 = EDGE_CURVE ( 'NONE', #324, #3116, #7847, .T. ) ;
#7106 = VERTEX_POINT ( 'NONE', #383 ) ;
#7107 = EDGE_CURVE ( 'NONE', #2571, #10639, #5072, .T. ) ;
#7108 = VERTEX_POINT ( 'NONE', #11730 ) ;
#7109 =( LENGTH_UNIT ( ) NAMED_UNIT ( * ) SI_UNIT ( .MILLI., .METRE. ) );
#7110 = EDGE_CURVE ( 'NONE', #5095, #7401, #3228, .T. ) ;
#7111 = FACE_OUTER_BOUND ( 'NONE', #3835, .T. ) ;
#7112 = CARTESIAN_POINT ( 'NONE',  ( -1.379999999999999671, 0.05000000000000000278, 0.000000000000000000 ) ) ;
#7113 = DIRECTION ( 'NONE',  ( 1.008560160451631481E-15, 0.000000000000000000, -1.000000000000000000 ) ) ;
#7114 = DIRECTION ( 'NONE',  ( 1.008560160451631481E-15, -0.000000000000000000, 1.000000000000000000 ) ) ;
#7115 = EDGE_LOOP ( 'NONE', ( #733, #6997, #8503, #5139 ) ) ;
#7116 = ORIENTED_EDGE ( 'NONE', *, *, #11098, .T. ) ;
#7117 = ORIENTED_EDGE ( 'NONE', *, *, #921, .F. ) ;
#7118 = EDGE_LOOP ( 'NONE', ( #3413, #361, #12135, #2877 ) ) ;
#7119 = DIRECTION ( 'NONE',  ( -1.008560160451631481E-15, 0.000000000000000000, 1.000000000000000000 ) ) ;
#7120 = ORIENTED_EDGE ( 'NONE', *, *, #11320, .T. ) ;
#7121 = DIRECTION ( 'NONE',  ( 0.000000000000000000, 0.000000000000000000, -1.000000000000000000 ) ) ;
#7122 = LINE ( 'NONE', #5948, #5724 ) ;
#7123 = PLANE ( 'NONE',  #3055 ) ;
#7124 = LINE ( 'NONE', #2201, #4281 ) ;
#7125 = CARTESIAN_POINT ( 'NONE',  ( 2.120000000000000551, 0.05000000000000000278, 0.000000000000000000 ) ) ;
#7126 = CARTESIAN_POINT ( 'NONE',  ( -2.570000000000001172, 0.1999999999999999833, -1.879999999999999893 ) ) ;
#7127 = LINE ( 'NONE', #7249, #6606 ) ;
#7128 = ORIENTED_EDGE ( 'NONE', *, *, #9742, .T. ) ;
#7129 = ORIENTED_EDGE ( 'NONE', *, *, #4234, .T. ) ;
#7130 = VERTEX_POINT ( 'NONE', #9752 ) ;
#7131 = UNCERTAINTY_MEASURE_WITH_UNIT (LENGTH_MEASURE( 1.000000000000000082E-05 ), #764, 'distance_accuracy_value', 'NONE');
#7132 = ORIENTED_EDGE ( 'NONE', *, *, #4755, .F. ) ;
#7133 = DIRECTION ( 'NONE',  ( 0.000000000000000000, 0.000000000000000000, -1.000000000000000000 ) ) ;
#7134 = EDGE_CURVE ( 'NONE', #10629, #9655, #7056, .T. ) ;
#7135 = DIRECTION ( 'NONE',  ( -1.000000000000000000, 0.000000000000000000, 0.000000000000000000 ) ) ;
#7136 = CIRCLE ( 'NONE', #1610, 0.1199999999999998845 ) ;
#7137 = DIRECTION ( 'NONE',  ( 0.000000000000000000, -0.000000000000000000, -1.000000000000000000 ) ) ;
#7138 = LINE ( 'NONE', #5105, #104 ) ;
#7139 = DIRECTION ( 'NONE',  ( 0.000000000000000000, 1.000000000000000000, 0.000000000000000000 ) ) ;
#7140 = EDGE_CURVE ( 'NONE', #7285, #4885, #1309, .T. ) ;
#7141 = CARTESIAN_POINT ( 'NONE',  ( 2.049999999999999822, 0.000000000000000000, 2.049999999999999822 ) ) ;
#7142 = VERTEX_POINT ( 'NONE', #8028 ) ;
#7143 = VERTEX_POINT ( 'NONE', #4150 ) ;
#7144 =( GEOMETRIC_REPRESENTATION_CONTEXT ( 3 ) GLOBAL_UNCERTAINTY_ASSIGNED_CONTEXT ( ( #6026 ) ) GLOBAL_UNIT_ASSIGNED_CONTEXT ( ( #4385, #4451, #2488 ) ) REPRESENTATION_CONTEXT ( 'NONE', 'WORKASPACE' ) );
#7145 = ORIENTED_EDGE ( 'NONE', *, *, #10845, .T. ) ;
#7146 = EDGE_LOOP ( 'NONE', ( #11622, #11553, #10341, #9670 ) ) ;
#7147 = LINE ( 'NONE', #1535, #4834 ) ;
#7148 = CARTESIAN_POINT ( 'NONE',  ( -0.8799999999999996714, 0.1999999999999999833, -3.000000000000001776 ) ) ;
#7149 = EDGE_CURVE ( 'NONE', #8725, #845, #2287, .T. ) ;
#7150 = LINE ( 'NONE', #8070, #8592 ) ;
#7151 = EDGE_CURVE ( 'NONE', #3035, #8987, #7783, .T. ) ;
#7152 = AXIS2_PLACEMENT_3D ( 'NONE', #1978, #12211, #5718 ) ;
#7153 = DIRECTION ( 'NONE',  ( 0.000000000000000000, -1.000000000000000000, 0.000000000000000000 ) ) ;
#7154 = LINE ( 'NONE', #6224, #9372 ) ;
#7155 = ADVANCED_FACE ( 'NONE', ( #2127 ), #5872, .F. ) ;
#7156 = CARTESIAN_POINT ( 'NONE',  ( 2.120000000000000551, 0.1999999999999999833, 2.570000000000001616 ) ) ;
#7157 = DIRECTION ( 'NONE',  ( -1.008560160451631481E-15, 0.000000000000000000, 1.000000000000000000 ) ) ;
#7158 = DIRECTION ( 'NONE',  ( 0.000000000000000000, -1.000000000000000000, 0.000000000000000000 ) ) ;
#7159 = DIRECTION ( 'NONE',  ( 0.000000000000000000, 0.000000000000000000, -1.000000000000000000 ) ) ;
#7160 = LINE ( 'NONE', #3221, #10426 ) ;
#7161 = AXIS2_PLACEMENT_3D ( 'NONE', #5843, #4861, #6259 ) ;
#7162 = EDGE_LOOP ( 'NONE', ( #3737, #992, #1153, #8328 ) ) ;
#7163 = ORIENTED_EDGE ( 'NONE', *, *, #5904, .T. ) ;
#7164 = DIRECTION ( 'NONE',  ( 0.000000000000000000, 0.000000000000000000, 1.000000000000000000 ) ) ;
#7165 = CARTESIAN_POINT ( 'NONE',  ( 2.000000000000000000, 0.000000000000000000, 2.570000000000001616 ) ) ;
#7166 = PLANE ( 'NONE',  #5474 ) ;
#7167 = CARTESIAN_POINT ( 'NONE',  ( 3.000000000000000888, 0.8000833275471006534, 1.380000000000000115 ) ) ;
#7168 = VECTOR ( 'NONE', #9875, 1000.000000000000000 ) ;
#7169 = EDGE_CURVE ( 'NONE', #11283, #9898, #8702, .T. ) ;
#7170 = VERTEX_POINT ( 'NONE', #6303 ) ;
#7171 = VERTEX_POINT ( 'NONE', #2424 ) ;
#7172 = ORIENTED_EDGE ( 'NONE', *, *, #7433, .F. ) ;
#7173 = EDGE_CURVE ( 'NONE', #9839, #8009, #7289, .T. ) ;
#7174 = EDGE_CURVE ( 'NONE', #9386, #7142, #7200, .T. ) ;
#7175 = ORIENTED_EDGE ( 'NONE', *, *, #4812, .T. ) ;
#7176 = FACE_OUTER_BOUND ( 'NONE', #5134, .T. ) ;
#7177 = VECTOR ( 'NONE', #538, 1000.000000000000000 ) ;
#7178 = VERTEX_POINT ( 'NONE', #3528 ) ;
#7179 = VECTOR ( 'NONE', #9002, 1000.000000000000000 ) ;
#7180 = LINE ( 'NONE', #2502, #10562 ) ;
#7181 = DIRECTION ( 'NONE',  ( -0.000000000000000000, -1.000000000000000000, -0.000000000000000000 ) ) ;
#7182 = DIRECTION ( 'NONE',  ( 1.000000000000000000, 0.000000000000000000, 0.000000000000000000 ) ) ;
#7183 = DIRECTION ( 'NONE',  ( 1.000000000000000000, 0.000000000000000000, 1.008560160451631481E-15 ) ) ;
#7184 = LINE ( 'NONE', #3078, #8528 ) ;
#7185 = DIRECTION ( 'NONE',  ( 1.000000000000000000, -0.000000000000000000, 0.000000000000000000 ) ) ;
#7186 = CARTESIAN_POINT ( 'NONE',  ( -2.000000000000000000, 0.2000000000000000111, -2.570000000000001616 ) ) ;
#7188 = DIRECTION ( 'NONE',  ( 1.000000000000000000, 0.000000000000000000, -5.042800802258162337E-16 ) ) ;
#7187 = VECTOR ( 'NONE', #3741, 1000.000000000000000 ) ;
#7189 = VECTOR ( 'NONE', #5403, 1000.000000000000000 ) ;
#7190 = ORIENTED_EDGE ( 'NONE', *, *, #345, .T. ) ;
#7191 = ORIENTED_EDGE ( 'NONE', *, *, #11879, .F. ) ;
#7192 = ORIENTED_EDGE ( 'NONE', *, *, #7596, .T. ) ;
#7193 = EDGE_CURVE ( 'NONE', #5207, #4967, #2490, .T. ) ;
#7194 = AXIS2_PLACEMENT_3D ( 'NONE', #3127, #8718, #7073 ) ;
#7195 = ORIENTED_EDGE ( 'NONE', *, *, #9171, .T. ) ;
#7196 = CARTESIAN_POINT ( 'NONE',  ( 0.8800000000000005596, 0.1999999999999999833, -3.000000000000001776 ) ) ;
#7197 = CARTESIAN_POINT ( 'NONE',  ( 1.880000000000000560, 0.2000000000000000111, 3.000000000000001776 ) ) ;
#7198 = CARTESIAN_POINT ( 'NONE',  ( -2.570000000000001172, 0.000000000000000000, 0.5000000000000000000 ) ) ;
#7199 = DIRECTION ( 'NONE',  ( 0.000000000000000000, 0.000000000000000000, -1.000000000000000000 ) ) ;
#7200 = CIRCLE ( 'NONE', #9363, 0.1199999999999999956 ) ;
#7201 = LINE ( 'NONE', #9977, #279 ) ;
#7202 = EDGE_LOOP ( 'NONE', ( #594, #9630, #9963, #7234 ) ) ;
#7203 = CIRCLE ( 'NONE', #3463, 0.1199999999999998845 ) ;
#7204 = ORIENTED_EDGE ( 'NONE', *, *, #6699, .F. ) ;
#7205 = EDGE_LOOP ( 'NONE', ( #11000, #10066, #2558, #6201 ) ) ;
#7206 = CIRCLE ( 'NONE', #11739, 0.1199999999999998845 ) ;
#7207 = AXIS2_PLACEMENT_3D ( 'NONE', #1215, #4976, #7819 ) ;
#7208 = EDGE_CURVE ( 'NONE', #4202, #6309, #1555, .T. ) ;
#7209 = ORIENTED_EDGE ( 'NONE', *, *, #10472, .F. ) ;
#7210 = EDGE_CURVE ( 'NONE', #3346, #6002, #10868, .T. ) ;
#7211 = CARTESIAN_POINT ( 'NONE',  ( -0.6200000000000003286, 0.8000833275471003203, -2.570000000000001616 ) ) ;
#7212 = CARTESIAN_POINT ( 'NONE',  ( 0.1200000000000003147, 0.2000000000000005107, 2.999999999999998668 ) ) ;
#7213 = SURFACE_STYLE_FILL_AREA ( #10978 ) ;
#7214 = CARTESIAN_POINT ( 'NONE',  ( -2.570000000000001172, 0.000000000000000000, 1.500000000000000000 ) ) ;
#7215 = CARTESIAN_POINT ( 'NONE',  ( 0.5000000000000000000, 0.04999999999999999584, 2.450000000000001510 ) ) ;
#7216 = CARTESIAN_POINT ( 'NONE',  ( -0.8799999999999996714, 0.04999999999999999584, -2.570000000000001616 ) ) ;
#7217 = AXIS2_PLACEMENT_3D ( 'NONE', #7539, #9674, #10671 ) ;
#7218 = CARTESIAN_POINT ( 'NONE',  ( -0.3799999999999996714, 0.2000000000000000111, -2.570000000000001616 ) ) ;
#7219 = CIRCLE ( 'NONE', #4460, 0.1199999999999998845 ) ;
#7220 = EDGE_CURVE ( 'NONE', #8901, #29, #3402, .T. ) ;
#7221 = EDGE_CURVE ( 'NONE', #8240, #1863, #4838, .T. ) ;
#7222 = CYLINDRICAL_SURFACE ( 'NONE', #9824, 0.1199999999999998845 ) ;
#7223 = ORIENTED_EDGE ( 'NONE', *, *, #3412, .F. ) ;
#7224 = EDGE_CURVE ( 'NONE', #6362, #10808, #6212, .T. ) ;
#7225 = EDGE_CURVE ( 'NONE', #3609, #256, #11977, .T. ) ;
#7226 = AXIS2_PLACEMENT_3D ( 'NONE', #10046, #1598, #5346 ) ;
#7227 = ORIENTED_EDGE ( 'NONE', *, *, #7110, .F. ) ;
#7228 = CARTESIAN_POINT ( 'NONE',  ( -0.3799999999999996714, 0.000000000000000000, -3.000000000000001776 ) ) ;
#7229 =( NAMED_UNIT ( * ) PLANE_ANGLE_UNIT ( ) SI_UNIT ( $, .RADIAN. ) );
#7230 = DIRECTION ( 'NONE',  ( -0.000000000000000000, -1.000000000000000000, -0.000000000000000000 ) ) ;
#7231 = LINE ( 'NONE', #8084, #7840 ) ;
#7232 = FACE_OUTER_BOUND ( 'NONE', #3751, .T. ) ;
#7233 = VECTOR ( 'NONE', #4489, 1000.000000000000000 ) ;
#7234 = ORIENTED_EDGE ( 'NONE', *, *, #2366, .T. ) ;
#7235 = AXIS2_PLACEMENT_3D ( 'NONE', #8233, #6514, #782 ) ;
#7236 = VERTEX_POINT ( 'NONE', #11853 ) ;
#7237 = VERTEX_POINT ( 'NONE', #4453 ) ;
#7238 = ORIENTED_EDGE ( 'NONE', *, *, #545, .F. ) ;
#7239 = DIRECTION ( 'NONE',  ( 1.000000000000000000, 0.000000000000000000, 1.008560160451631481E-15 ) ) ;
#7240 = ORIENTED_EDGE ( 'NONE', *, *, #10626, .F. ) ;
#7241 = PLANE ( 'NONE',  #6996 ) ;
#7242 = VECTOR ( 'NONE', #8907, 1000.000000000000000 ) ;
#7243 = DIRECTION ( 'NONE',  ( 0.000000000000000000, -0.000000000000000000, -1.000000000000000000 ) ) ;
#7244 = PLANE ( 'NONE',  #883 ) ;
#7245 = CARTESIAN_POINT ( 'NONE',  ( -1.119999999999999440, 0.2000000000000000111, -3.000000000000001776 ) ) ;
#7246 = CARTESIAN_POINT ( 'NONE',  ( -2.000000000000000000, 0.2000000000000000111, -2.570000000000001616 ) ) ;
#7247 = DIRECTION ( 'NONE',  ( 0.000000000000000000, 1.000000000000000000, -0.000000000000000000 ) ) ;
#7248 = DIRECTION ( 'NONE',  ( -0.000000000000000000, -1.000000000000000000, -0.000000000000000000 ) ) ;
#7249 = CARTESIAN_POINT ( 'NONE',  ( -0.8799999999999996714, 0.000000000000000000, -2.570000000000001616 ) ) ;
#7250 = ORIENTED_EDGE ( 'NONE', *, *, #6914, .T. ) ;
#7251 = VERTEX_POINT ( 'NONE', #2603 ) ;
#7252 = ORIENTED_EDGE ( 'NONE', *, *, #11062, .F. ) ;
#7253 = VECTOR ( 'NONE', #5605, 1000.000000000000000 ) ;
#7254 = UNCERTAINTY_MEASURE_WITH_UNIT (LENGTH_MEASURE( 1.000000000000000082E-05 ), #8093, 'distance_accuracy_value', 'NONE');
#7255 = CLOSED_SHELL ( 'NONE', ( #2522, #4983, #664, #4807, #11513, #5100 ) ) ;
#7256 = ORIENTED_EDGE ( 'NONE', *, *, #8076, .T. ) ;
#7257 = LINE ( 'NONE', #1517, #6107 ) ;
#7258 = CARTESIAN_POINT ( 'NONE',  ( -1.619999999999999440, 0.2000000000000000111, 3.000000000000001776 ) ) ;
#7259 = CARTESIAN_POINT ( 'NONE',  ( -3.000000000000000888, 0.1999999999999999833, 0.6200000000000003286 ) ) ;
#7260 = CARTESIAN_POINT ( 'NONE',  ( -0.5000000000000000000, 0.2000000000000000111, 2.570000000000001616 ) ) ;
#7261 = FACE_OUTER_BOUND ( 'NONE', #4736, .T. ) ;
#7262 = PLANE ( 'NONE',  #6241 ) ;
#7263 = ADVANCED_FACE ( 'NONE', ( #6237 ), #6358, .T. ) ;
#7264 = AXIS2_PLACEMENT_3D ( 'NONE', #3392, #6458, #9001 ) ;
#7265 = CLOSED_SHELL ( 'NONE', ( #3293, #3038, #3724, #5923, #11127, #10309 ) ) ;
#7266 = LINE ( 'NONE', #11885, #5014 ) ;
#7267 = VERTEX_POINT ( 'NONE', #3468 ) ;
#7268 = VERTEX_POINT ( 'NONE', #2549 ) ;
#7269 = ORIENTED_EDGE ( 'NONE', *, *, #3352, .T. ) ;
#7270 = CIRCLE ( 'NONE', #12199, 0.1199999999999998845 ) ;
#7271 = PLANE ( 'NONE',  #3037 ) ;
#7272 = LINE ( 'NONE', #8370, #9545 ) ;
#7273 = LINE ( 'NONE', #11040, #2899 ) ;
#7274 = CARTESIAN_POINT ( 'NONE',  ( 1.620000000000000329, 0.2000000000000000111, -2.570000000000001616 ) ) ;
#7275 = DIRECTION ( 'NONE',  ( 0.000000000000000000, -1.000000000000000000, 0.000000000000000000 ) ) ;
#7276 = FACE_OUTER_BOUND ( 'NONE', #440, .T. ) ;
#7277 = LINE ( 'NONE', #3457, #11572 ) ;
#7278 = EDGE_CURVE ( 'NONE', #8163, #9094, #8263, .T. ) ;
#7279 = LINE ( 'NONE', #9306, #11029 ) ;
#7280 = EDGE_CURVE ( 'NONE', #4636, #7268, #8202, .T. ) ;
#7281 = EDGE_CURVE ( 'NONE', #9094, #4636, #1674, .T. ) ;
#7282 = VECTOR ( 'NONE', #6019, 1000.000000000000000 ) ;
#7283 = ORIENTED_EDGE ( 'NONE', *, *, #2782, .F. ) ;
#7284 = CARTESIAN_POINT ( 'NONE',  ( 1.000000000000000000, 0.2000000000000000111, 2.450000000000001510 ) ) ;
#7285 = VERTEX_POINT ( 'NONE', #12032 ) ;
#7286 = EDGE_CURVE ( 'NONE', #1450, #9223, #7338, .T. ) ;
#7287 = CARTESIAN_POINT ( 'NONE',  ( 3.000000000000000888, 0.8000833275471006534, 2.120000000000000551 ) ) ;
#7288 = PLANE ( 'NONE',  #11859 ) ;
#7289 = LINE ( 'NONE', #1612, #3460 ) ;
#7290 = DIRECTION ( 'NONE',  ( -1.000000000000000000, 0.000000000000000000, 0.000000000000000000 ) ) ;
#7291 = DIRECTION ( 'NONE',  ( 0.000000000000000000, 0.000000000000000000, 1.000000000000000000 ) ) ;
#7292 = EDGE_CURVE ( 'NONE', #1150, #11307, #6423, .T. ) ;
#7293 = VERTEX_POINT ( 'NONE', #8321 ) ;
#7294 = DIRECTION ( 'NONE',  ( 0.000000000000000000, 1.000000000000000000, 0.000000000000000000 ) ) ;
#7295 = EDGE_LOOP ( 'NONE', ( #2822, #2572, #464, #2677, #7525 ) ) ;
#7296 = DIRECTION ( 'NONE',  ( 0.000000000000000000, 0.000000000000000000, -1.000000000000000000 ) ) ;
#7297 = ORIENTED_EDGE ( 'NONE', *, *, #11147, .T. ) ;
#7298 = DIRECTION ( 'NONE',  ( -1.000000000000000000, 0.000000000000000000, 0.000000000000000000 ) ) ;
#7299 = LINE ( 'NONE', #8278, #11065 ) ;
#7300 = CARTESIAN_POINT ( 'NONE',  ( -3.000000000000000888, 0.1999999999999999833, -1.879999999999999671 ) ) ;
#7301 = DIRECTION ( 'NONE',  ( 0.000000000000000000, -1.000000000000000000, 0.000000000000000000 ) ) ;
#7302 = LINE ( 'NONE', #9219, #1439 ) ;
#7303 = CYLINDRICAL_SURFACE ( 'NONE', #10966, 0.1199999999999998845 ) ;
#7304 = CARTESIAN_POINT ( 'NONE',  ( 1.880000000000000560, 0.8000833275471003203, 3.000000000000001776 ) ) ;
#7305 = CARTESIAN_POINT ( 'NONE',  ( 2.000000000000000000, 0.1999999999999999833, -2.570000000000001616 ) ) ;
#7306 = LINE ( 'NONE', #11075, #5410 ) ;
#7307 = ORIENTED_EDGE ( 'NONE', *, *, #6632, .T. ) ;
#7308 = ORIENTED_EDGE ( 'NONE', *, *, #10080, .T. ) ;
#7309 = ORIENTED_EDGE ( 'NONE', *, *, #8118, .F. ) ;
#7310 = ORIENTED_EDGE ( 'NONE', *, *, #8873, .F. ) ;
#7311 = DIRECTION ( 'NONE',  ( -1.000000000000000000, 0.000000000000000000, 0.000000000000000000 ) ) ;
#7312 = LINE ( 'NONE', #5334, #10557 ) ;
#7313 = CARTESIAN_POINT ( 'NONE',  ( 0.6200000000000003286, 0.8000833275471003203, -3.000000000000001776 ) ) ;
#7314 = CARTESIAN_POINT ( 'NONE',  ( 2.999999999999999112, 0.05000000000000000278, -3.000000000000001776 ) ) ;
#7315 = LINE ( 'NONE', #1646, #3305 ) ;
#7316 = CARTESIAN_POINT ( 'NONE',  ( -3.000000000000000888, 0.000000000000000000, -1.879999999999999671 ) ) ;
#7317 = VERTEX_POINT ( 'NONE', #6179 ) ;
#7318 = EDGE_CURVE ( 'NONE', #3992, #10879, #10941, .T. ) ;
#7319 = ORIENTED_EDGE ( 'NONE', *, *, #11540, .F. ) ;
#7320 = ORIENTED_EDGE ( 'NONE', *, *, #9782, .T. ) ;
#7321 = EDGE_CURVE ( 'NONE', #3608, #1255, #9012, .T. ) ;
#7322 = VECTOR ( 'NONE', #7556, 1000.000000000000000 ) ;
#7323 = DIRECTION ( 'NONE',  ( 0.000000000000000000, 0.000000000000000000, -1.000000000000000000 ) ) ;
#7324 = CARTESIAN_POINT ( 'NONE',  ( 3.000000000000000888, 0.04999999999999969746, -1.619999999999999885 ) ) ;
#7325 = CARTESIAN_POINT ( 'NONE',  ( 1.120000000000000329, 0.8000833275471003203, -3.000000000000001776 ) ) ;
#7326 = DIRECTION ( 'NONE',  ( 0.000000000000000000, 0.000000000000000000, 1.000000000000000000 ) ) ;
#7327 = CYLINDRICAL_SURFACE ( 'NONE', #9964, 0.1199999999999999956 ) ;
#7328 = CARTESIAN_POINT ( 'NONE',  ( -2.000000000000000000, 0.2000000000000000111, -2.570000000000001616 ) ) ;
#7329 = COLOUR_RGB ( '',0.7921568627450980005, 0.8196078431372548767, 0.9333333333333333481 ) ;
#7330 = CYLINDRICAL_SURFACE ( 'NONE', #1132, 0.1199999999999998845 ) ;
#7331 = CARTESIAN_POINT ( 'NONE',  ( 3.000000000000000888, 0.8000833275471006534, -0.1199999999999998845 ) ) ;
#7332 = SURFACE_STYLE_USAGE ( .BOTH. , #5354 ) ;
#7333 = VERTEX_POINT ( 'NONE', #3829 ) ;
#7334 = CARTESIAN_POINT ( 'NONE',  ( 1.500000000000000000, 0.000000000000000000, 2.570000000000001616 ) ) ;
#7335 = ORIENTED_EDGE ( 'NONE', *, *, #2735, .F. ) ;
#7336 = AXIS2_PLACEMENT_3D ( 'NONE', #10800, #2230, #8933 ) ;
#7337 = LINE ( 'NONE', #11106, #512 ) ;
#7338 = LINE ( 'NONE', #11107, #8766 ) ;
#7339 = CARTESIAN_POINT ( 'NONE',  ( 0.000000000000000000, 0.05000000000000000278, 0.3800000000000001155 ) ) ;
#7340 = DIRECTION ( 'NONE',  ( 0.000000000000000000, 0.000000000000000000, 1.000000000000000000 ) ) ;
#7341 = VECTOR ( 'NONE', #10445, 1000.000000000000000 ) ;
#7342 = ADVANCED_FACE ( 'NONE', ( #5731 ), #1051, .T. ) ;
#7343 = ORIENTED_EDGE ( 'NONE', *, *, #5761, .F. ) ;
#7344 = DIRECTION ( 'NONE',  ( -0.000000000000000000, 0.000000000000000000, 1.000000000000000000 ) ) ;
#7345 = ORIENTED_EDGE ( 'NONE', *, *, #511, .T. ) ;
#7346 = DIRECTION ( 'NONE',  ( -1.008560160451631481E-15, 0.000000000000000000, -1.000000000000000000 ) ) ;
#7347 = VERTEX_POINT ( 'NONE', #9313 ) ;
#7348 = EDGE_CURVE ( 'NONE', #11307, #3035, #9379, .T. ) ;
#7349 = ADVANCED_FACE ( 'NONE', ( #5670 ), #7473, .F. ) ;
#7350 = DIRECTION ( 'NONE',  ( 0.000000000000000000, -0.000000000000000000, -1.000000000000000000 ) ) ;
#7351 = AXIS2_PLACEMENT_3D ( 'NONE', #2914, #58, #5863 ) ;
#7352 = CARTESIAN_POINT ( 'NONE',  ( -3.000000000000000888, 0.8000833275471006534, 1.880000000000000115 ) ) ;
#7353 = DIRECTION ( 'NONE',  ( -0.000000000000000000, 0.000000000000000000, 1.000000000000000000 ) ) ;
#7354 = DIRECTION ( 'NONE',  ( 1.000000000000000000, 0.000000000000000000, 0.000000000000000000 ) ) ;
#7355 = FACE_OUTER_BOUND ( 'NONE', #4096, .T. ) ;
#7356 = DIRECTION ( 'NONE',  ( 1.000000000000000000, 0.000000000000000000, -0.000000000000000000 ) ) ;
#7357 = FACE_OUTER_BOUND ( 'NONE', #4380, .T. ) ;
#7358 = CARTESIAN_POINT ( 'NONE',  ( -2.570000000000001172, 0.8000833275471006534, -0.8799999999999998934 ) ) ;
#7359 = CARTESIAN_POINT ( 'NONE',  ( -0.1199999999999994404, 0.000000000000000000, -3.000000000000001776 ) ) ;
#7360 = DIRECTION ( 'NONE',  ( 0.000000000000000000, 0.000000000000000000, 1.000000000000000000 ) ) ;
#7361 = VERTEX_POINT ( 'NONE', #11414 ) ;
#7362 = EDGE_CURVE ( 'NONE', #4264, #6309, #12132, .T. ) ;
#7363 = ORIENTED_EDGE ( 'NONE', *, *, #7654, .T. ) ;
#7364 = AXIS2_PLACEMENT_3D ( 'NONE', #6163, #9917, #1469 ) ;
#7366 = EDGE_CURVE ( 'NONE', #6669, #11618, #11728, .T. ) ;
#7365 = ORIENTED_EDGE ( 'NONE', *, *, #2402, .F. ) ;
#7367 = VECTOR ( 'NONE', #8001, 1000.000000000000000 ) ;
#7368 = ORIENTED_EDGE ( 'NONE', *, *, #1880, .F. ) ;
#7369 = FACE_OUTER_BOUND ( 'NONE', #10708, .T. ) ;
#7370 = ADVANCED_FACE ( 'NONE', ( #6545 ), #6732, .F. ) ;
#7371 = ADVANCED_FACE ( 'NONE', ( #995 ), #6675, .T. ) ;
#7372 = ADVANCED_FACE ( 'NONE', ( #5604 ), #935, .F. ) ;
#7373 = PLANE ( 'NONE',  #11505 ) ;
#7374 = CARTESIAN_POINT ( 'NONE',  ( -0.5000000000000000000, 0.2000000000000000111, 2.570000000000001616 ) ) ;
#7375 = CARTESIAN_POINT ( 'NONE',  ( -2.570000000000001172, 0.8000833275471006534, 0.8800000000000001155 ) ) ;
#7376 = CARTESIAN_POINT ( 'NONE',  ( -1.879999999999999671, 0.2000000000000000111, -2.570000000000001616 ) ) ;
#7377 = AXIS2_PLACEMENT_3D ( 'NONE', #3808, #3011, #7568 ) ;
#7378 = LINE ( 'NONE', #1896, #2327 ) ;
#7379 = VECTOR ( 'NONE', #3560, 1000.000000000000000 ) ;
#7380 = LINE ( 'NONE', #5295, #6084 ) ;
#7381 = CARTESIAN_POINT ( 'NONE',  ( 2.570000000000000284, 0.000000000000000000, 1.499999999999999556 ) ) ;
#7382 = ORIENTED_EDGE ( 'NONE', *, *, #6664, .T. ) ;
#7383 = ADVANCED_FACE ( 'NONE', ( #11353 ), #2912, .F. ) ;
#7384 = ORIENTED_EDGE ( 'NONE', *, *, #11101, .F. ) ;
#7385 = ORIENTED_EDGE ( 'NONE', *, *, #11374, .T. ) ;
#7386 = MECHANICAL_DESIGN_GEOMETRIC_PRESENTATION_REPRESENTATION (  '', ( #1671 ), #4629 ) ;
#7387 = AXIS2_PLACEMENT_3D ( 'NONE', #5240, #3284, #1479 ) ;
#7388 = CARTESIAN_POINT ( 'NONE',  ( 1.380000000000000560, 0.04999999999999969746, 3.000000000000001776 ) ) ;
#7389 = VECTOR ( 'NONE', #7390, 1000.000000000000000 ) ;
#7390 = DIRECTION ( 'NONE',  ( -1.008560160451631481E-15, 0.000000000000000000, -1.000000000000000000 ) ) ;
#7391 = VECTOR ( 'NONE', #5128, 1000.000000000000000 ) ;
#7392 = CARTESIAN_POINT ( 'NONE',  ( 0.8800000000000005596, 0.2000000000000000111, 3.000000000000001776 ) ) ;
#7393 = CARTESIAN_POINT ( 'NONE',  ( -2.570000000000001172, 0.000000000000000000, -1.119999999999999885 ) ) ;
#7394 = CARTESIAN_POINT ( 'NONE',  ( 2.570000000000001172, 0.8000833275471006534, 1.620000000000000107 ) ) ;
#7395 = DIRECTION ( 'NONE',  ( -0.000000000000000000, -1.000000000000000000, -0.000000000000000000 ) ) ;
#7396 = ORIENTED_EDGE ( 'NONE', *, *, #445, .T. ) ;
#7397 = LINE ( 'NONE', #10920, #2055 ) ;
#7398 = VECTOR ( 'NONE', #205, 1000.000000000000000 ) ;
#7399 = AXIS2_PLACEMENT_3D ( 'NONE', #7165, #9203, #568 ) ;
#7400 = FACE_OUTER_BOUND ( 'NONE', #10833, .T. ) ;
#7401 = VERTEX_POINT ( 'NONE', #3713 ) ;
#7402 = LINE ( 'NONE', #1668, #6429 ) ;
#7403 = AXIS2_PLACEMENT_3D ( 'NONE', #9202, #11849, #4513 ) ;
#7404 = ORIENTED_EDGE ( 'NONE', *, *, #11054, .T. ) ;
#7405 = DIRECTION ( 'NONE',  ( 0.000000000000000000, 1.000000000000000000, 0.000000000000000000 ) ) ;
#7406 = VECTOR ( 'NONE', #6253, 1000.000000000000000 ) ;
#7407 = DIRECTION ( 'NONE',  ( -1.000000000000000000, 0.000000000000000000, -1.057758217059028854E-16 ) ) ;
#7408 = DIRECTION ( 'NONE',  ( 0.000000000000000000, -1.000000000000000000, 0.000000000000000000 ) ) ;
#7409 = CARTESIAN_POINT ( 'NONE',  ( -2.119999999999999662, 0.2000000000000000111, -3.000000000000001776 ) ) ;
#7410 = EDGE_CURVE ( 'NONE', #1867, #1124, #1802, .T. ) ;
#7411 = ADVANCED_FACE ( 'NONE', ( #2044 ), #12222, .T. ) ;
#7412 = EDGE_LOOP ( 'NONE', ( #10527, #8227, #1951, #1502 ) ) ;
#7413 = ORIENTED_EDGE ( 'NONE', *, *, #5038, .T. ) ;
#7414 = VECTOR ( 'NONE', #11217, 1000.000000000000000 ) ;
#7415 = AXIS2_PLACEMENT_3D ( 'NONE', #3485, #7247, #4652 ) ;
#7416 = VERTEX_POINT ( 'NONE', #9557 ) ;
#7417 = LINE ( 'NONE', #2675, #3697 ) ;
#7418 = ORIENTED_EDGE ( 'NONE', *, *, #5970, .T. ) ;
#7419 = CARTESIAN_POINT ( 'NONE',  ( 1.000000000000000000, 0.8000833275471003203, -2.570000000000001616 ) ) ;
#7420 = DIRECTION ( 'NONE',  ( -5.042800802258162337E-16, 0.000000000000000000, -1.000000000000000000 ) ) ;
#7421 = SURFACE_SIDE_STYLE ('',( #5557 ) ) ;
#7422 = LINE ( 'NONE', #11184, #4827 ) ;
#7423 = DIRECTION ( 'NONE',  ( -1.000000000000000000, 0.000000000000000000, 0.000000000000000000 ) ) ;
#7424 = DIRECTION ( 'NONE',  ( -0.000000000000000000, -1.000000000000000000, -0.000000000000000000 ) ) ;
#7425 = CIRCLE ( 'NONE', #2122, 0.1199999999999999956 ) ;
#7426 = LINE ( 'NONE', #6501, #3096 ) ;
#7427 = AXIS2_PLACEMENT_3D ( 'NONE', #3302, #9141, #10067 ) ;
#7428 = PLANE ( 'NONE',  #7087 ) ;
#7429 = CARTESIAN_POINT ( 'NONE',  ( -5.647936898529136098E-16, 0.05000000000000000278, 1.119999999999998774 ) ) ;
#7430 = LINE ( 'NONE', #11190, #6802 ) ;
#7431 = ORIENTED_EDGE ( 'NONE', *, *, #2708, .T. ) ;
#7432 = EDGE_CURVE ( 'NONE', #6203, #379, #10372, .T. ) ;
#7433 = EDGE_CURVE ( 'NONE', #4293, #8345, #5819, .T. ) ;
#7434 = ORIENTED_EDGE ( 'NONE', *, *, #6571, .F. ) ;
#7435 = ORIENTED_EDGE ( 'NONE', *, *, #10159, .T. ) ;
#7436 = ORIENTED_EDGE ( 'NONE', *, *, #5737, .F. ) ;
#7437 = DIRECTION ( 'NONE',  ( 0.000000000000000000, 0.000000000000000000, -1.000000000000000000 ) ) ;
#7438 = AXIS2_PLACEMENT_3D ( 'NONE', #7785, #5129, #1429 ) ;
#7439 = ADVANCED_FACE ( 'NONE', ( #1989 ), #2730, .F. ) ;
#7440 = ORIENTED_EDGE ( 'NONE', *, *, #11515, .F. ) ;
#7441 = DIRECTION ( 'NONE',  ( 0.000000000000000000, -1.000000000000000000, 0.000000000000000000 ) ) ;
#7442 = LINE ( 'NONE', #11199, #7602 ) ;
#7443 = PLANE ( 'NONE',  #7235 ) ;
#7444 = FACE_OUTER_BOUND ( 'NONE', #8040, .T. ) ;
#7445 = EDGE_CURVE ( 'NONE', #2977, #9838, #6023, .T. ) ;
#7446 = CARTESIAN_POINT ( 'NONE',  ( 0.6200000000000003286, 0.1999999999999999833, -2.570000000000001616 ) ) ;
#7447 = CARTESIAN_POINT ( 'NONE',  ( -2.570000000000001172, 0.1999999999999999833, -0.8799999999999998934 ) ) ;
#7448 = CARTESIAN_POINT ( 'NONE',  ( 2.570000000000000284, 0.05000000000000002359, 1.499999999999999556 ) ) ;
#7449 = AXIS2_PLACEMENT_3D ( 'NONE', #6863, #9622, #9738 ) ;
#7450 = ORIENTED_EDGE ( 'NONE', *, *, #5070, .F. ) ;
#7451 = ADVANCED_FACE ( 'NONE', ( #5979 ), #3097, .T. ) ;
#7452 = ORIENTED_EDGE ( 'NONE', *, *, #1221, .F. ) ;
#7453 = ORIENTED_EDGE ( 'NONE', *, *, #7904, .F. ) ;
#7454 = DIRECTION ( 'NONE',  ( 0.000000000000000000, -0.000000000000000000, 1.000000000000000000 ) ) ;
#7455 = CIRCLE ( 'NONE', #2923, 0.1199999999999998845 ) ;
#7456 = PLANE ( 'NONE',  #9169 ) ;
#7457 = CLOSED_SHELL ( 'NONE', ( #6848, #1033, #10141, #8485, #2770, #110 ) ) ;
#7458 = DIRECTION ( 'NONE',  ( 0.000000000000000000, 0.000000000000000000, -1.000000000000000000 ) ) ;
#7459 = DIRECTION ( 'NONE',  ( 0.000000000000000000, -1.000000000000000000, 0.000000000000000000 ) ) ;
#7460 = LINE ( 'NONE', #9302, #10957 ) ;
#7461 = DIRECTION ( 'NONE',  ( 0.000000000000000000, -1.000000000000000000, 0.000000000000000000 ) ) ;
#7462 = ORIENTED_EDGE ( 'NONE', *, *, #3914, .F. ) ;
#7463 = FACE_OUTER_BOUND ( 'NONE', #11409, .T. ) ;
#7464 = ORIENTED_EDGE ( 'NONE', *, *, #11424, .T. ) ;
#7465 = AXIS2_PLACEMENT_3D ( 'NONE', #4288, #1327, #9774 ) ;
#7466 = AXIS2_PLACEMENT_3D ( 'NONE', #12093, #6427, #2855 ) ;
#7467 = DIRECTION ( 'NONE',  ( -0.000000000000000000, -1.000000000000000000, -0.000000000000000000 ) ) ;
#7468 = ORIENTED_EDGE ( 'NONE', *, *, #10304, .T. ) ;
#7469 = CARTESIAN_POINT ( 'NONE',  ( 0.1200000000000003147, 0.04999999999999969746, 3.000000000000001776 ) ) ;
#7470 = ORIENTED_EDGE ( 'NONE', *, *, #5159, .T. ) ;
#7471 = DIRECTION ( 'NONE',  ( 0.000000000000000000, -1.000000000000000000, 0.000000000000000000 ) ) ;
#7472 = CIRCLE ( 'NONE', #575, 0.1199999999999998845 ) ;
#7473 = PLANE ( 'NONE',  #1285 ) ;
#7474 = LINE ( 'NONE', #12161, #352 ) ;
#7475 = FACE_OUTER_BOUND ( 'NONE', #8105, .T. ) ;
#7476 = EDGE_CURVE ( 'NONE', #755, #7757, #6919, .T. ) ;
#7477 = EDGE_CURVE ( 'NONE', #2644, #4854, #11712, .T. ) ;
#7478 = ORIENTED_EDGE ( 'NONE', *, *, #267, .F. ) ;
#7479 = CYLINDRICAL_SURFACE ( 'NONE', #6086, 0.1199999999999998845 ) ;
#7480 = VERTEX_POINT ( 'NONE', #3160 ) ;
#7481 = EDGE_CURVE ( 'NONE', #7796, #3734, #5033, .T. ) ;
#7482 = VERTEX_POINT ( 'NONE', #1361 ) ;
#7483 = CARTESIAN_POINT ( 'NONE',  ( -3.000000000000000888, 0.8000833275471006534, -0.1199999999999998845 ) ) ;
#7484 = FILL_AREA_STYLE_COLOUR ( '', #11083 ) ;
#7485 = DIRECTION ( 'NONE',  ( 1.000000000000000000, 0.000000000000000000, 0.000000000000000000 ) ) ;
#7486 = DIRECTION ( 'NONE',  ( 0.000000000000000000, -1.000000000000000000, 0.000000000000000000 ) ) ;
#7487 = CARTESIAN_POINT ( 'NONE',  ( -3.000000000000000888, 0.8000833275471006534, 0.8800000000000001155 ) ) ;
#7488 = FACE_OUTER_BOUND ( 'NONE', #2250, .T. ) ;
#7489 = CARTESIAN_POINT ( 'NONE',  ( -2.570000000000001172, 0.000000000000000000, -0.1199999999999998845 ) ) ;
#7490 = DIRECTION ( 'NONE',  ( -1.008560160451631481E-15, 0.000000000000000000, -1.000000000000000000 ) ) ;
#7491 = DIRECTION ( 'NONE',  ( 0.000000000000000000, 0.000000000000000000, -1.000000000000000000 ) ) ;
#7492 = ORIENTED_EDGE ( 'NONE', *, *, #8935, .T. ) ;
#7493 = EDGE_LOOP ( 'NONE', ( #1766, #1666, #875, #9696 ) ) ;
#7494 = ORIENTED_EDGE ( 'NONE', *, *, #1065, .T. ) ;
#7495 = EDGE_LOOP ( 'NONE', ( #7697, #7309, #7494, #2823 ) ) ;
#7496 = CARTESIAN_POINT ( 'NONE',  ( 0.000000000000000000, 0.05000000000000000278, 0.000000000000000000 ) ) ;
#7497 = ORIENTED_EDGE ( 'NONE', *, *, #10660, .F. ) ;
#7498 = PRESENTATION_STYLE_ASSIGNMENT (( #6641 ) ) ;
#7499 = CARTESIAN_POINT ( 'NONE',  ( 3.000000000000000888, 0.1999999999999999833, 1.880000000000000115 ) ) ;
#7500 = DIRECTION ( 'NONE',  ( 0.000000000000000000, 0.000000000000000000, -1.000000000000000000 ) ) ;
#7501 = FACE_OUTER_BOUND ( 'NONE', #291, .T. ) ;
#7502 = LINE ( 'NONE', #1542, #5673 ) ;
#7503 = DIRECTION ( 'NONE',  ( 0.000000000000000000, 0.000000000000000000, 1.000000000000000000 ) ) ;
#7504 = EDGE_LOOP ( 'NONE', ( #5667, #4687, #6462, #834 ) ) ;
#7505 = ORIENTED_EDGE ( 'NONE', *, *, #7210, .F. ) ;
#7506 = VERTEX_POINT ( 'NONE', #7042 ) ;
#7507 = EDGE_LOOP ( 'NONE', ( #6847, #7831, #6954, #10725 ) ) ;
#7508 = EDGE_CURVE ( 'NONE', #7236, #5368, #5861, .T. ) ;
#7509 = DIRECTION ( 'NONE',  ( -5.042800802258162337E-16, 0.000000000000000000, -1.000000000000000000 ) ) ;
#7510 = DIRECTION ( 'NONE',  ( 0.000000000000000000, -0.000000000000000000, 1.000000000000000000 ) ) ;
#7511 = EDGE_CURVE ( 'NONE', #2854, #7775, #4141, .T. ) ;
#7512 = DIRECTION ( 'NONE',  ( 0.000000000000000000, -1.000000000000000000, 0.000000000000000000 ) ) ;
#7513 = DIRECTION ( 'NONE',  ( -0.000000000000000000, -1.000000000000000000, 0.000000000000000000 ) ) ;
#7514 = DIRECTION ( 'NONE',  ( 0.000000000000000000, -1.000000000000000000, 0.000000000000000000 ) ) ;
#7515 = LINE ( 'NONE', #11274, #8349 ) ;
#7516 = VERTEX_POINT ( 'NONE', #1295 ) ;
#7517 = LINE ( 'NONE', #11340, #1091 ) ;
#7518 = ORIENTED_EDGE ( 'NONE', *, *, #3760, .T. ) ;
#7519 = CIRCLE ( 'NONE', #11076, 0.1199999999999999956 ) ;
#7520 = DIRECTION ( 'NONE',  ( 0.000000000000000000, 0.000000000000000000, 1.000000000000000000 ) ) ;
#7521 = ORIENTED_EDGE ( 'NONE', *, *, #10222, .T. ) ;
#7522 = EDGE_CURVE ( 'NONE', #3366, #4692, #8690, .T. ) ;
#7523 = CARTESIAN_POINT ( 'NONE',  ( 0.8800000000000005596, 0.2000000000000000111, 3.000000000000001776 ) ) ;
#7524 = EDGE_CURVE ( 'NONE', #10113, #5471, #3272, .T. ) ;
#7525 = ORIENTED_EDGE ( 'NONE', *, *, #7898, .F. ) ;
#7526 = DIRECTION ( 'NONE',  ( 0.000000000000000000, 0.000000000000000000, 1.000000000000000000 ) ) ;
#7527 = ADVANCED_FACE ( 'NONE', ( #4935 ), #302, .F. ) ;
#7528 = AXIS2_PLACEMENT_3D ( 'NONE', #6544, #5730, #178 ) ;
#7529 = PLANE ( 'NONE',  #10301 ) ;
#7530 = CARTESIAN_POINT ( 'NONE',  ( 0.6200000000000003286, 0.2000000000000000111, -2.570000000000001616 ) ) ;
#7531 = CARTESIAN_POINT ( 'NONE',  ( -2.570000000000001172, 0.8000833275471006534, 1.380000000000000115 ) ) ;
#7532 = LINE ( 'NONE', #9559, #8537 ) ;
#7533 = ORIENTED_EDGE ( 'NONE', *, *, #4321, .F. ) ;
#7534 = DIRECTION ( 'NONE',  ( 0.000000000000000000, 1.000000000000000000, 0.000000000000000000 ) ) ;
#7535 = CIRCLE ( 'NONE', #10895, 0.1199999999999998845 ) ;
#7536 = ORIENTED_EDGE ( 'NONE', *, *, #3444, .F. ) ;
#7537 = VERTEX_POINT ( 'NONE', #10618 ) ;
#7538 = FACE_OUTER_BOUND ( 'NONE', #8655, .T. ) ;
#7539 = CARTESIAN_POINT ( 'NONE',  ( 2.570000000000001172, 0.8000833275471006534, 0.6200000000000001066 ) ) ;
#7540 = DIRECTION ( 'NONE',  ( 0.000000000000000000, -0.000000000000000000, 1.000000000000000000 ) ) ;
#7541 = CARTESIAN_POINT ( 'NONE',  ( 2.570000000000001172, 0.8000833275471006534, 1.120000000000000107 ) ) ;
#7542 = CARTESIAN_POINT ( 'NONE',  ( -1.500000000000000000, 0.1999999999999999833, 2.570000000000001616 ) ) ;
#7543 = FACE_OUTER_BOUND ( 'NONE', #11688, .T. ) ;
#7544 = DIRECTION ( 'NONE',  ( -1.000000000000000000, 0.000000000000000000, 0.000000000000000000 ) ) ;
#7545 = VECTOR ( 'NONE', #1946, 1000.000000000000000 ) ;
#7546 = DIRECTION ( 'NONE',  ( 1.008560160451631481E-15, 0.000000000000000000, -1.000000000000000000 ) ) ;
#7547 = EDGE_CURVE ( 'NONE', #9655, #11391, #12119, .T. ) ;
#7548 = EDGE_LOOP ( 'NONE', ( #8628, #5226, #2367, #8614 ) ) ;
#7549 = VERTEX_POINT ( 'NONE', #2295 ) ;
#7550 = VERTEX_POINT ( 'NONE', #3215 ) ;
#7551 = ORIENTED_EDGE ( 'NONE', *, *, #4016, .T. ) ;
#7552 = DIRECTION ( 'NONE',  ( 0.000000000000000000, 1.000000000000000000, 0.000000000000000000 ) ) ;
#7553 = ORIENTED_EDGE ( 'NONE', *, *, #4351, .T. ) ;
#7554 = DIRECTION ( 'NONE',  ( -0.000000000000000000, -1.000000000000000000, -0.000000000000000000 ) ) ;
#7555 = FILL_AREA_STYLE ('',( #7799 ) ) ;
#7556 = DIRECTION ( 'NONE',  ( -0.000000000000000000, -1.000000000000000000, -0.000000000000000000 ) ) ;
#7557 = EDGE_CURVE ( 'NONE', #7714, #5945, #235, .T. ) ;
#7558 = LINE ( 'NONE', #11322, #8236 ) ;
#7560 = PLANE ( 'NONE',  #5990 ) ;
#7559 = AXIS2_PLACEMENT_3D ( 'NONE', #5666, #115, #3888 ) ;
#7561 = EDGE_CURVE ( 'NONE', #11661, #10000, #7707, .T. ) ;
#7562 = AXIS2_PLACEMENT_3D ( 'NONE', #3325, #7755, #10788 ) ;
#7563 = ORIENTED_EDGE ( 'NONE', *, *, #2692, .T. ) ;
#7564 = ORIENTED_EDGE ( 'NONE', *, *, #8637, .T. ) ;
#7565 = VERTEX_POINT ( 'NONE', #5918 ) ;
#7566 = EDGE_CURVE ( 'NONE', #4902, #8975, #11530, .T. ) ;
#7567 = VERTEX_POINT ( 'NONE', #6116 ) ;
#7568 = DIRECTION ( 'NONE',  ( 0.000000000000000000, 0.000000000000000000, 1.000000000000000000 ) ) ;
#7569 = AXIS2_PLACEMENT_3D ( 'NONE', #11764, #4056, #8981 ) ;
#7570 = COLOUR_RGB ( '',0.7921568627450980005, 0.8196078431372548767, 0.9333333333333333481 ) ;
#7571 = CARTESIAN_POINT ( 'NONE',  ( 2.999999999999999112, 0.2000000000000005107, -2.120000000000001439 ) ) ;
#7572 =( LENGTH_UNIT ( ) NAMED_UNIT ( * ) SI_UNIT ( .MILLI., .METRE. ) );
#7573 = CARTESIAN_POINT ( 'NONE',  ( 1.880000000000000560, 0.04999999999999969746, 3.000000000000001776 ) ) ;
#7574 = DIRECTION ( 'NONE',  ( 0.000000000000000000, -1.000000000000000000, 0.000000000000000000 ) ) ;
#7575 = DIRECTION ( 'NONE',  ( 0.000000000000000000, -1.000000000000000000, 0.000000000000000000 ) ) ;
#7576 = ORIENTED_EDGE ( 'NONE', *, *, #6570, .T. ) ;
#7577 = CARTESIAN_POINT ( 'NONE',  ( -0.6200000000000025491, 0.05000000000000000278, -6.253072994800140427E-16 ) ) ;
#7578 = PRESENTATION_LAYER_ASSIGNMENT (  '', '', ( #488 ) ) ;
#7579 = ORIENTED_EDGE ( 'NONE', *, *, #6800, .F. ) ;
#7580 = VECTOR ( 'NONE', #560, 1000.000000000000000 ) ;
#7581 = EDGE_CURVE ( 'NONE', #1714, #11554, #10156, .T. ) ;
#7582 = EDGE_CURVE ( 'NONE', #563, #10490, #2177, .T. ) ;
#7583 = CARTESIAN_POINT ( 'NONE',  ( -1.069073770078729843E-15, 0.05000000000000000278, 2.119999999999999218 ) ) ;
#7584 = ORIENTED_EDGE ( 'NONE', *, *, #4869, .F. ) ;
#7585 = FACE_OUTER_BOUND ( 'NONE', #8845, .T. ) ;
#7586 = ORIENTED_EDGE ( 'NONE', *, *, #7410, .T. ) ;
#7587 = PLANE ( 'NONE',  #8446 ) ;
#7588 = AXIS2_PLACEMENT_3D ( 'NONE', #3171, #7906, #10748 ) ;
#7589 = CARTESIAN_POINT ( 'NONE',  ( 1.879999999999999671, 0.8000833275471003203, -2.570000000000001616 ) ) ;
#7590 = DIRECTION ( 'NONE',  ( -1.057758217059028854E-16, 0.000000000000000000, 1.000000000000000000 ) ) ;
#7591 = EDGE_CURVE ( 'NONE', #4366, #8975, #4993, .T. ) ;
#7592 = DIRECTION ( 'NONE',  ( 0.000000000000000000, 0.000000000000000000, 1.000000000000000000 ) ) ;
#7593 = FACE_OUTER_BOUND ( 'NONE', #1385, .T. ) ;
#7594 = VECTOR ( 'NONE', #609, 1000.000000000000000 ) ;
#7595 = VECTOR ( 'NONE', #11053, 1000.000000000000000 ) ;
#7596 = EDGE_CURVE ( 'NONE', #448, #2006, #6406, .T. ) ;
#7597 = ADVANCED_FACE ( 'NONE', ( #6292 ), #1472, .F. ) ;
#7598 = ORIENTED_EDGE ( 'NONE', *, *, #1290, .F. ) ;
#7599 = AXIS2_PLACEMENT_3D ( 'NONE', #9601, #1157, #4920 ) ;
#7600 = CARTESIAN_POINT ( 'NONE',  ( -0.6199999999999994404, 0.1999999999999999833, -3.000000000000001776 ) ) ;
#7601 = ORIENTED_EDGE ( 'NONE', *, *, #5172, .T. ) ;
#7602 = VECTOR ( 'NONE', #2760, 1000.000000000000000 ) ;
#7603 = EDGE_LOOP ( 'NONE', ( #1438, #4423, #9434, #6024 ) ) ;
#7604 = AXIS2_PLACEMENT_3D ( 'NONE', #3144, #413, #3202 ) ;
#7605 = CARTESIAN_POINT ( 'NONE',  ( -0.1199999999999998845, 0.8000833275471003203, 2.570000000000001616 ) ) ;
#7606 = FACE_OUTER_BOUND ( 'NONE', #1302, .T. ) ;
#7607 = DIRECTION ( 'NONE',  ( -0.000000000000000000, -1.000000000000000000, -0.000000000000000000 ) ) ;
#7608 = LINE ( 'NONE', #194, #1708 ) ;
#7609 = CARTESIAN_POINT ( 'NONE',  ( 2.570000000000001172, 0.8000833275471006534, 0.1200000000000000927 ) ) ;
#7610 = AXIS2_PLACEMENT_3D ( 'NONE', #8094, #3543, #5444 ) ;
#7611 = ORIENTED_EDGE ( 'NONE', *, *, #158, .T. ) ;
#7612 = PRESENTATION_LAYER_ASSIGNMENT (  '', '', ( #722 ) ) ;
#7613 = ORIENTED_EDGE ( 'NONE', *, *, #8191, .T. ) ;
#7614 = EDGE_LOOP ( 'NONE', ( #1594, #7335, #1123, #847 ) ) ;
#7615 = ORIENTED_EDGE ( 'NONE', *, *, #5039, .T. ) ;
#7616 = CARTESIAN_POINT ( 'NONE',  ( 0.1200000000000003147, 0.2000000000000000111, -2.570000000000001616 ) ) ;
#7617 = VERTEX_POINT ( 'NONE', #11097 ) ;
#7618 =( GEOMETRIC_REPRESENTATION_CONTEXT ( 3 ) GLOBAL_UNCERTAINTY_ASSIGNED_CONTEXT ( ( #6767 ) ) GLOBAL_UNIT_ASSIGNED_CONTEXT ( ( #2458, #8000, #2216 ) ) REPRESENTATION_CONTEXT ( 'NONE', 'WORKASPACE' ) );
#7619 = DIRECTION ( 'NONE',  ( -0.000000000000000000, -1.000000000000000000, -0.000000000000000000 ) ) ;
#7620 = CARTESIAN_POINT ( 'NONE',  ( 2.999999999999999112, 0.05000000000000000278, 2.999999999999998224 ) ) ;
#7621 = VECTOR ( 'NONE', #6187, 1000.000000000000000 ) ;
#7622 = LINE ( 'NONE', #4728, #10486 ) ;
#7623 = CARTESIAN_POINT ( 'NONE',  ( 1.880000000000000560, 0.2000000000000000111, -3.000000000000001776 ) ) ;
#7624 = FACE_OUTER_BOUND ( 'NONE', #1205, .T. ) ;
#7625 = ORIENTED_EDGE ( 'NONE', *, *, #8410, .F. ) ;
#7626 = VERTEX_POINT ( 'NONE', #5232 ) ;
#7627 = ORIENTED_EDGE ( 'NONE', *, *, #10500, .T. ) ;
#7628 = ADVANCED_FACE ( 'NONE', ( #2413 ), #7327, .F. ) ;
#7629 = ORIENTED_EDGE ( 'NONE', *, *, #1720, .T. ) ;
#7630 = DIRECTION ( 'NONE',  ( 0.000000000000000000, -1.000000000000000000, 0.000000000000000000 ) ) ;
#7631 = EDGE_CURVE ( 'NONE', #9613, #6506, #10981, .T. ) ;
#7632 = LINE ( 'NONE', #1035, #11921 ) ;
#7633 = CARTESIAN_POINT ( 'NONE',  ( 2.999999999999999112, 0.9999999999999991118, -3.000000000000001776 ) ) ;
#7634 = PLANE ( 'NONE',  #7040 ) ;
#7635 = VECTOR ( 'NONE', #5073, 1000.000000000000000 ) ;
#7636 = DIRECTION ( 'NONE',  ( -1.000000000000000000, 0.000000000000000000, 0.000000000000000000 ) ) ;
#7637 = CARTESIAN_POINT ( 'NONE',  ( 0.6200000000000001066, 0.8000833275471003203, 2.570000000000001616 ) ) ;
#7638 = CARTESIAN_POINT ( 'NONE',  ( 2.120000000000000551, 0.2000000000000000111, 2.570000000000001616 ) ) ;
#7639 = ORIENTED_EDGE ( 'NONE', *, *, #9994, .T. ) ;
#7640 = EDGE_LOOP ( 'NONE', ( #6899, #4512, #3722, #10043 ) ) ;
#7641 = CARTESIAN_POINT ( 'NONE',  ( -9.480465508245352884E-16, 0.05000000000000000278, -1.880000000000001226 ) ) ;
#7642 = VECTOR ( 'NONE', #1859, 1000.000000000000000 ) ;
#7643 = CLOSED_SHELL ( 'NONE', ( #4427, #8496, #11439, #7664, #10088, #10912 ) ) ;
#7644 = EDGE_LOOP ( 'NONE', ( #11759, #6068, #4720, #6246 ) ) ;
#7645 = DIRECTION ( 'NONE',  ( 1.000000000000000000, 0.000000000000000000, -0.000000000000000000 ) ) ;
#7646 = VERTEX_POINT ( 'NONE', #8934 ) ;
#7647 = PLANE ( 'NONE',  #6495 ) ;
#7648 = DIRECTION ( 'NONE',  ( -0.000000000000000000, -1.000000000000000000, -0.000000000000000000 ) ) ;
#7649 = DIRECTION ( 'NONE',  ( -0.000000000000000000, -1.000000000000000000, -0.000000000000000000 ) ) ;
#7650 = DIRECTION ( 'NONE',  ( 0.000000000000000000, -1.000000000000000000, 0.000000000000000000 ) ) ;
#7651 = CARTESIAN_POINT ( 'NONE',  ( 1.880000000000000560, 0.1999999999999999833, -3.000000000000001776 ) ) ;
#7652 = VECTOR ( 'NONE', #5382, 1000.000000000000000 ) ;
#7653 = CLOSED_SHELL ( 'NONE', ( #7527, #1250, #6687, #11421, #5893, #3008 ) ) ;
#7654 = EDGE_CURVE ( 'NONE', #2467, #4180, #8999, .T. ) ;
#7655 = EDGE_CURVE ( 'NONE', #6177, #2857, #4643, .T. ) ;
#7656 = DIRECTION ( 'NONE',  ( 0.000000000000000000, 0.000000000000000000, -1.000000000000000000 ) ) ;
#7657 = EDGE_LOOP ( 'NONE', ( #213, #12000, #837, #11573 ) ) ;
#7658 = ADVANCED_FACE ( 'NONE', ( #1600 ), #4255, .F. ) ;
#7659 = VECTOR ( 'NONE', #4589, 1000.000000000000000 ) ;
#7660 = ORIENTED_EDGE ( 'NONE', *, *, #9098, .F. ) ;
#7661 = VECTOR ( 'NONE', #5782, 1000.000000000000000 ) ;
#7662 =( LENGTH_UNIT ( ) NAMED_UNIT ( * ) SI_UNIT ( .MILLI., .METRE. ) );
#7663 = CARTESIAN_POINT ( 'NONE',  ( 0.000000000000000000, 0.2000000000000000111, -2.570000000000001616 ) ) ;
#7664 = ADVANCED_FACE ( 'NONE', ( #8015 ), #10915, .F. ) ;
#7665 = LINE ( 'NONE', #885, #11914 ) ;
#7666 = DIRECTION ( 'NONE',  ( 0.000000000000000000, 0.000000000000000000, 1.000000000000000000 ) ) ;
#7667 = FACE_OUTER_BOUND ( 'NONE', #7205, .T. ) ;
#7668 = DIRECTION ( 'NONE',  ( 0.000000000000000000, 0.000000000000000000, 1.000000000000000000 ) ) ;
#7669 = CARTESIAN_POINT ( 'NONE',  ( -2.120000000000002327, 0.05000000000000000278, -2.138147540157461265E-15 ) ) ;
#7670 = VERTEX_POINT ( 'NONE', #1727 ) ;
#7671 = VERTEX_POINT ( 'NONE', #1541 ) ;
#7672 = ORIENTED_EDGE ( 'NONE', *, *, #11539, .F. ) ;
#7673 = EDGE_LOOP ( 'NONE', ( #10012, #10313, #1636, #9593 ) ) ;
#7674 = CARTESIAN_POINT ( 'NONE',  ( -2.570000000000001172, 0.000000000000000000, -0.5000000000000000000 ) ) ;
#7675 = ORIENTED_EDGE ( 'NONE', *, *, #8600, .F. ) ;
#7676 = AXIS2_PLACEMENT_3D ( 'NONE', #1447, #9776, #4289 ) ;
#7677 = ADVANCED_FACE ( 'NONE', ( #3337 ), #10859, .F. ) ;
#7678 = DIRECTION ( 'NONE',  ( 0.000000000000000000, -1.000000000000000000, 0.000000000000000000 ) ) ;
#7679 = DIRECTION ( 'NONE',  ( 1.000000000000000000, -0.000000000000000000, -0.000000000000000000 ) ) ;
#7680 = DIRECTION ( 'NONE',  ( 0.000000000000000000, -1.000000000000000000, 0.000000000000000000 ) ) ;
#7681 = CARTESIAN_POINT ( 'NONE',  ( -1.379999999999999671, 0.1999999999999999833, -3.000000000000001776 ) ) ;
#7682 =( NAMED_UNIT ( * ) SI_UNIT ( $, .STERADIAN. ) SOLID_ANGLE_UNIT ( ) );
#7683 = CARTESIAN_POINT ( 'NONE',  ( 2.570000000000001172, 0.1999999999999999833, -1.879999999999999893 ) ) ;
#7684 = DIRECTION ( 'NONE',  ( 0.000000000000000000, 1.000000000000000000, 0.000000000000000000 ) ) ;
#7685 = VERTEX_POINT ( 'NONE', #3391 ) ;
#7686 = VERTEX_POINT ( 'NONE', #7215 ) ;
#7687 = EDGE_LOOP ( 'NONE', ( #1353, #3409, #1304, #1699 ) ) ;
#7688 = VERTEX_POINT ( 'NONE', #11043 ) ;
#7689 = CARTESIAN_POINT ( 'NONE',  ( -2.570000000000001172, 0.8000833275471006534, 1.620000000000000107 ) ) ;
#7690 = DIRECTION ( 'NONE',  ( 0.000000000000000000, 0.000000000000000000, -1.000000000000000000 ) ) ;
#7691 = DIRECTION ( 'NONE',  ( 0.000000000000000000, 1.000000000000000000, 0.000000000000000000 ) ) ;
#7692 =( NAMED_UNIT ( * ) SI_UNIT ( $, .STERADIAN. ) SOLID_ANGLE_UNIT ( ) );
#7693 = CARTESIAN_POINT ( 'NONE',  ( -3.000000000000000888, 0.1999999999999999833, -2.120000000000000107 ) ) ;
#7694 = LINE ( 'NONE', #6904, #1488 ) ;
#7695 = EDGE_CURVE ( 'NONE', #224, #8433, #9922, .T. ) ;
#7696 = DIRECTION ( 'NONE',  ( -1.000000000000000000, 0.000000000000000000, 0.000000000000000000 ) ) ;
#7697 = ORIENTED_EDGE ( 'NONE', *, *, #9103, .T. ) ;
#7698 = EDGE_LOOP ( 'NONE', ( #2083, #5408, #8492, #11551 ) ) ;
#7699 = EDGE_CURVE ( 'NONE', #1071, #3792, #7154, .T. ) ;
#7700 =( GEOMETRIC_REPRESENTATION_CONTEXT ( 3 ) GLOBAL_UNCERTAINTY_ASSIGNED_CONTEXT ( ( #3934 ) ) GLOBAL_UNIT_ASSIGNED_CONTEXT ( ( #9769, #8904, #10702 ) ) REPRESENTATION_CONTEXT ( 'NONE', 'WORKASPACE' ) );
#7701 = LINE ( 'NONE', #7583, #5298 ) ;
#7702 = EDGE_LOOP ( 'NONE', ( #8583, #7435, #10471, #1891 ) ) ;
#7703 = CARTESIAN_POINT ( 'NONE',  ( -2.119999999999999662, 0.2000000000000000111, 3.000000000000001776 ) ) ;
#7704 = ORIENTED_EDGE ( 'NONE', *, *, #5174, .T. ) ;
#7705 = DIRECTION ( 'NONE',  ( 1.000000000000000000, -0.000000000000000000, 1.008560160451631481E-15 ) ) ;
#7706 = CARTESIAN_POINT ( 'NONE',  ( 3.000000000000000888, 0.000000000000000000, -0.8799999999999996714 ) ) ;
#7707 = LINE ( 'NONE', #6862, #3067 ) ;
#7708 = DIRECTION ( 'NONE',  ( 0.000000000000000000, -1.000000000000000000, 0.000000000000000000 ) ) ;
#7709 = DIRECTION ( 'NONE',  ( 0.000000000000000000, -0.000000000000000000, 1.000000000000000000 ) ) ;
#7710 = DIRECTION ( 'NONE',  ( 0.000000000000000000, 1.000000000000000000, 0.000000000000000000 ) ) ;
#7711 = EDGE_CURVE ( 'NONE', #11130, #5598, #9989, .T. ) ;
#7712 = LINE ( 'NONE', #9445, #9039 ) ;
#7713 = ORIENTED_EDGE ( 'NONE', *, *, #6473, .T. ) ;
#7714 = VERTEX_POINT ( 'NONE', #5294 ) ;
#7715 = AXIS2_PLACEMENT_3D ( 'NONE', #10275, #4669, #724 ) ;
#7716 = DIRECTION ( 'NONE',  ( 0.000000000000000000, -1.000000000000000000, 0.000000000000000000 ) ) ;
#7717 = CARTESIAN_POINT ( 'NONE',  ( -2.570000000000001172, 0.000000000000000000, -2.120000000000000107 ) ) ;
#7718 = LINE ( 'NONE', #3782, #1140 ) ;
#7719 = CARTESIAN_POINT ( 'NONE',  ( 3.000000000000000888, 0.8000833275471006534, -0.8799999999999996714 ) ) ;
#7720 = DIRECTION ( 'NONE',  ( 0.000000000000000000, -0.000000000000000000, 1.000000000000000000 ) ) ;
#7721 = DIRECTION ( 'NONE',  ( 1.000000000000000000, -0.000000000000000000, 1.008560160451631481E-15 ) ) ;
#7722 =( GEOMETRIC_REPRESENTATION_CONTEXT ( 3 ) GLOBAL_UNCERTAINTY_ASSIGNED_CONTEXT ( ( #4295 ) ) GLOBAL_UNIT_ASSIGNED_CONTEXT ( ( #3107, #7055, #8889 ) ) REPRESENTATION_CONTEXT ( 'NONE', 'WORKASPACE' ) );
#7723 = ORIENTED_EDGE ( 'NONE', *, *, #8810, .T. ) ;
#7724 = ORIENTED_EDGE ( 'NONE', *, *, #10628, .F. ) ;
#7725 = ORIENTED_EDGE ( 'NONE', *, *, #10727, .T. ) ;
#7726 = EDGE_CURVE ( 'NONE', #1192, #8298, #613, .T. ) ;
#7727 = VERTEX_POINT ( 'NONE', #10106 ) ;
#7728 = EDGE_CURVE ( 'NONE', #9898, #1969, #3452, .T. ) ;
#7729 = CARTESIAN_POINT ( 'NONE',  ( -0.6199999999999994404, 0.000000000000000000, -3.000000000000001776 ) ) ;
#7730 = EDGE_LOOP ( 'NONE', ( #10837, #7436, #6397, #5927 ) ) ;
#7731 =( NAMED_UNIT ( * ) PLANE_ANGLE_UNIT ( ) SI_UNIT ( $, .RADIAN. ) );
#7732 = AXIS2_PLACEMENT_3D ( 'NONE', #6590, #9426, #5531 ) ;
#7733 = LINE ( 'NONE', #11490, #2676 ) ;
#7734 = DIRECTION ( 'NONE',  ( 0.000000000000000000, 0.000000000000000000, -1.000000000000000000 ) ) ;
#7735 = CARTESIAN_POINT ( 'NONE',  ( 1.380000000000000560, 0.2000000000000000111, 3.000000000000001776 ) ) ;
#7736 = CARTESIAN_POINT ( 'NONE',  ( 2.570000000000001172, 0.1999999999999999833, -1.379999999999999893 ) ) ;
#7737 = DIRECTION ( 'NONE',  ( 1.008560160451631481E-15, 0.000000000000000000, -1.000000000000000000 ) ) ;
#7738 = EDGE_CURVE ( 'NONE', #6396, #607, #2533, .T. ) ;
#7739 = CARTESIAN_POINT ( 'NONE',  ( 3.000000000000000888, 0.8000833275471006534, -2.120000000000000107 ) ) ;
#7740 = EDGE_CURVE ( 'NONE', #7727, #3178, #12212, .T. ) ;
#7741 = ORIENTED_EDGE ( 'NONE', *, *, #5239, .T. ) ;
#7742 = EDGE_CURVE ( 'NONE', #7549, #7171, #796, .T. ) ;
#7743 = EDGE_LOOP ( 'NONE', ( #6130, #2495, #9540, #4702 ) ) ;
#7744 = ORIENTED_EDGE ( 'NONE', *, *, #7050, .T. ) ;
#7745 = AXIS2_PLACEMENT_3D ( 'NONE', #3043, #3969, #4711 ) ;
#7746 = ORIENTED_EDGE ( 'NONE', *, *, #660, .T. ) ;
#7747 = ADVANCED_FACE ( 'NONE', ( #856 ), #5656, .F. ) ;
#7748 = CARTESIAN_POINT ( 'NONE',  ( 0.000000000000000000, 0.000000000000000000, 2.570000000000001616 ) ) ;
#7749 = DIRECTION ( 'NONE',  ( 0.000000000000000000, -1.000000000000000000, 0.000000000000000000 ) ) ;
#7750 = DIRECTION ( 'NONE',  ( -0.000000000000000000, -1.000000000000000000, 0.000000000000000000 ) ) ;
#7751 = SURFACE_STYLE_USAGE ( .BOTH. , #11398 ) ;
#7752 = VECTOR ( 'NONE', #1118, 1000.000000000000000 ) ;
#7753 = DIRECTION ( 'NONE',  ( -0.000000000000000000, -1.000000000000000000, -0.000000000000000000 ) ) ;
#7754 = PLANE ( 'NONE',  #517 ) ;
#7755 = DIRECTION ( 'NONE',  ( 1.000000000000000000, 0.000000000000000000, -1.008560160451631481E-15 ) ) ;
#7756 = VERTEX_POINT ( 'NONE', #8441 ) ;
#7757 = VERTEX_POINT ( 'NONE', #5532 ) ;
#7758 = DIRECTION ( 'NONE',  ( 0.000000000000000000, 0.000000000000000000, -1.000000000000000000 ) ) ;
#7759 = AXIS2_PLACEMENT_3D ( 'NONE', #12215, #5595, #5661 ) ;
#7760 = AXIS2_PLACEMENT_3D ( 'NONE', #5234, #10984, #4440 ) ;
#7761 = VERTEX_POINT ( 'NONE', #2897 ) ;
#7762 = LINE ( 'NONE', #11525, #6382 ) ;
#7763 = ORIENTED_EDGE ( 'NONE', *, *, #4102, .F. ) ;
#7764 = DIRECTION ( 'NONE',  ( 0.000000000000000000, -0.000000000000000000, 1.000000000000000000 ) ) ;
#7765 = CARTESIAN_POINT ( 'NONE',  ( -1.619999999999999440, 0.000000000000000000, -3.000000000000001776 ) ) ;
#7766 = DIRECTION ( 'NONE',  ( 0.000000000000000000, 0.000000000000000000, -1.000000000000000000 ) ) ;
#7767 = CARTESIAN_POINT ( 'NONE',  ( 1.120000000000000329, 0.1999999999999999833, -2.570000000000001616 ) ) ;
#7768 = PRESENTATION_LAYER_ASSIGNMENT (  '', '', ( #5400 ) ) ;
#7769 = CARTESIAN_POINT ( 'NONE',  ( -2.000000000000000000, 0.000000000000000000, 2.570000000000001616 ) ) ;
#7770 = DIRECTION ( 'NONE',  ( 0.000000000000000000, 0.000000000000000000, -1.000000000000000000 ) ) ;
#7771 = VECTOR ( 'NONE', #3502, 1000.000000000000000 ) ;
#7772 = DIRECTION ( 'NONE',  ( -1.000000000000000000, 0.000000000000000000, 0.000000000000000000 ) ) ;
#7773 = VECTOR ( 'NONE', #7182, 1000.000000000000000 ) ;
#7774 = DIRECTION ( 'NONE',  ( 1.000000000000000000, 0.000000000000000000, 1.008560160451631481E-15 ) ) ;
#7775 = VERTEX_POINT ( 'NONE', #8374 ) ;
#7776 = COLOUR_RGB ( '',0.7921568627450980005, 0.8196078431372548767, 0.9333333333333333481 ) ;
#7777 = ORIENTED_EDGE ( 'NONE', *, *, #8380, .T. ) ;
#7778 =( GEOMETRIC_REPRESENTATION_CONTEXT ( 3 ) GLOBAL_UNCERTAINTY_ASSIGNED_CONTEXT ( ( #11571 ) ) GLOBAL_UNIT_ASSIGNED_CONTEXT ( ( #11128, #9400, #5453 ) ) REPRESENTATION_CONTEXT ( 'NONE', 'WORKASPACE' ) );
#7779 = CARTESIAN_POINT ( 'NONE',  ( -1.500000000000000000, 0.000000000000000000, 2.570000000000001616 ) ) ;
#7780 = ADVANCED_FACE ( 'NONE', ( #6660 ), #11219, .T. ) ;
#7781 = EDGE_CURVE ( 'NONE', #9724, #8378, #6531, .T. ) ;
#7782 = AXIS2_PLACEMENT_3D ( 'NONE', #2344, #4176, #7137 ) ;
#7783 = CIRCLE ( 'NONE', #294, 0.1199999999999998845 ) ;
#7784 = CARTESIAN_POINT ( 'NONE',  ( -3.000000000000000888, 0.1999999999999999833, 1.380000000000000115 ) ) ;
#7785 = CARTESIAN_POINT ( 'NONE',  ( 1.000000000000000000, 0.8000833275471003203, 2.570000000000001616 ) ) ;
#7786 = CARTESIAN_POINT ( 'NONE',  ( 3.000000000000000888, 0.1999999999999999833, -0.8799999999999996714 ) ) ;
#7787 = EDGE_CURVE ( 'NONE', #930, #12012, #7460, .T. ) ;
#7788 = CARTESIAN_POINT ( 'NONE',  ( 3.000000000000000888, 0.8000833275471006534, -1.879999999999999671 ) ) ;
#7789 = STYLED_ITEM ( 'NONE', ( #11423 ), #5817 ) ;
#7790 = ORIENTED_EDGE ( 'NONE', *, *, #4139, .F. ) ;
#7791 = ORIENTED_EDGE ( 'NONE', *, *, #9927, .T. ) ;
#7792 = ORIENTED_EDGE ( 'NONE', *, *, #9189, .T. ) ;
#7793 = AXIS2_PLACEMENT_3D ( 'NONE', #280, #4058, #12059 ) ;
#7794 = VERTEX_POINT ( 'NONE', #2718 ) ;
#7795 = LINE ( 'NONE', #3121, #10973 ) ;
#7796 = VERTEX_POINT ( 'NONE', #10289 ) ;
#7797 = FILL_AREA_STYLE_COLOUR ( '', #7776 ) ;
#7798 = LINE ( 'NONE', #4162, #4641 ) ;
#7799 = FILL_AREA_STYLE_COLOUR ( '', #5858 ) ;
#7800 = DIRECTION ( 'NONE',  ( 0.000000000000000000, 0.000000000000000000, 1.000000000000000000 ) ) ;
#7801 = LINE ( 'NONE', #3363, #6450 ) ;
#7802 = VECTOR ( 'NONE', #9986, 1000.000000000000000 ) ;
#7803 = ADVANCED_FACE ( 'NONE', ( #1845 ), #39, .F. ) ;
#7804 = CARTESIAN_POINT ( 'NONE',  ( -0.5000000000000000000, 0.000000000000000000, -2.570000000000001616 ) ) ;
#7805 = DIRECTION ( 'NONE',  ( -0.000000000000000000, -1.000000000000000000, -0.000000000000000000 ) ) ;
#7806 = ORIENTED_EDGE ( 'NONE', *, *, #2893, .F. ) ;
#7807 = ORIENTED_EDGE ( 'NONE', *, *, #12192, .T. ) ;
#7808 = VERTEX_POINT ( 'NONE', #9427 ) ;
#7809 = EDGE_CURVE ( 'NONE', #3150, #8199, #6720, .T. ) ;
#7810 = EDGE_CURVE ( 'NONE', #11619, #78, #4684, .T. ) ;
#7811 = ORIENTED_EDGE ( 'NONE', *, *, #6156, .F. ) ;
#7812 = COLOUR_RGB ( '',0.7921568627450980005, 0.8196078431372548767, 0.9333333333333333481 ) ;
#7813 = VECTOR ( 'NONE', #1824, 1000.000000000000000 ) ;
#7814 = EDGE_CURVE ( 'NONE', #9901, #10113, #5719, .T. ) ;
#7815 = CYLINDRICAL_SURFACE ( 'NONE', #4417, 0.1199999999999999956 ) ;
#7816 = CARTESIAN_POINT ( 'NONE',  ( 0.5000000000000000000, 0.8000833275471003203, 2.570000000000001616 ) ) ;
#7817 = FILL_AREA_STYLE_COLOUR ( '', #7812 ) ;
#7818 = CARTESIAN_POINT ( 'NONE',  ( -3.000000000000000888, 0.000000000000000000, 1.380000000000000115 ) ) ;
#7819 = DIRECTION ( 'NONE',  ( 0.000000000000000000, -0.000000000000000000, 1.000000000000000000 ) ) ;
#7820 = DIRECTION ( 'NONE',  ( -0.000000000000000000, -1.000000000000000000, -0.000000000000000000 ) ) ;
#7821 = ORIENTED_EDGE ( 'NONE', *, *, #8551, .F. ) ;
#7822 = VECTOR ( 'NONE', #6574, 1000.000000000000000 ) ;
#7823 = ADVANCED_FACE ( 'NONE', ( #4618 ), #1038, .F. ) ;
#7824 = ORIENTED_EDGE ( 'NONE', *, *, #10188, .F. ) ;
#7825 = ORIENTED_EDGE ( 'NONE', *, *, #1536, .F. ) ;
#7826 = CARTESIAN_POINT ( 'NONE',  ( 2.999999999999999112, 0.9999999999999991118, 2.999999999999998224 ) ) ;
#7827 = ORIENTED_EDGE ( 'NONE', *, *, #7508, .F. ) ;
#7828 = ADVANCED_BREP_SHAPE_REPRESENTATION ( 'RHH36', ( #4332, #1605, #1937, #9913, #1526, #5607, #9687, #10025, #4430, #1897, #8764, #9669, #5941, #5794, #1795, #5960, #5921, #5635, #9857, #8723, #240, #8488, #5752, #353, #1750, #9837, #10042, #5838, #1566, #10057, #5693, #5588, #5817, #4679, #434, #9961, #1919, #9896, #1684, #3542 ), #386 ) ;
#7829 = CARTESIAN_POINT ( 'NONE',  ( 2.570000000000001172, 0.8000833275471006534, 0.8799999999999996714 ) ) ;
#7830 = VECTOR ( 'NONE', #10132, 1000.000000000000000 ) ;
#7831 = ORIENTED_EDGE ( 'NONE', *, *, #8416, .T. ) ;
#7832 = CARTESIAN_POINT ( 'NONE',  ( -3.000000000000000888, 0.05000000000000000278, -3.000000000000000888 ) ) ;
#7833 = CIRCLE ( 'NONE', #3308, 0.1199999999999999956 ) ;
#7834 = CARTESIAN_POINT ( 'NONE',  ( -0.6200000000000001066, 0.1999999999999999833, -2.570000000000001616 ) ) ;
#7835 = DIRECTION ( 'NONE',  ( 0.000000000000000000, 0.000000000000000000, 1.000000000000000000 ) ) ;
#7836 = CARTESIAN_POINT ( 'NONE',  ( -1.000000000000000000, 0.000000000000000000, -2.570000000000001616 ) ) ;
#7837 = LINE ( 'NONE', #2360, #3705 ) ;
#7838 = DIRECTION ( 'NONE',  ( 0.000000000000000000, -1.000000000000000000, 0.000000000000000000 ) ) ;
#7839 = CARTESIAN_POINT ( 'NONE',  ( 2.570000000000000284, 0.8000833275471006534, 1.499999999999999556 ) ) ;
#7840 = VECTOR ( 'NONE', #7290, 1000.000000000000000 ) ;
#7841 = DIRECTION ( 'NONE',  ( 0.000000000000000000, 1.000000000000000000, -0.000000000000000000 ) ) ;
#7842 = ORIENTED_EDGE ( 'NONE', *, *, #11247, .T. ) ;
#7843 = ORIENTED_EDGE ( 'NONE', *, *, #416, .F. ) ;
#7844 = DIRECTION ( 'NONE',  ( 0.000000000000000000, -1.000000000000000000, 0.000000000000000000 ) ) ;
#7845 = CIRCLE ( 'NONE', #1749, 0.1199999999999998845 ) ;
#7846 = CARTESIAN_POINT ( 'NONE',  ( 2.570000000000001172, 0.1999999999999999833, -0.3799999999999998934 ) ) ;
#7847 = LINE ( 'NONE', #10686, #10547 ) ;
#7848 = LINE ( 'NONE', #10568, #746 ) ;
#7849 = CARTESIAN_POINT ( 'NONE',  ( 0.000000000000000000, 0.05000000000000000278, 1.880000000000000115 ) ) ;
#7850 = EDGE_CURVE ( 'NONE', #11192, #3856, #10355, .T. ) ;
#7851 = DIRECTION ( 'NONE',  ( 0.000000000000000000, 0.000000000000000000, 1.000000000000000000 ) ) ;
#7852 = EDGE_CURVE ( 'NONE', #8550, #10959, #4558, .T. ) ;
#7853 = ORIENTED_EDGE ( 'NONE', *, *, #3440, .T. ) ;
#7854 = VERTEX_POINT ( 'NONE', #2958 ) ;
#7855 = ORIENTED_EDGE ( 'NONE', *, *, #10119, .T. ) ;
#7856 = EDGE_CURVE ( 'NONE', #7808, #2220, #7998, .T. ) ;
#7857 = VECTOR ( 'NONE', #3421, 1000.000000000000000 ) ;
#7858 = CIRCLE ( 'NONE', #5674, 0.1199999999999998845 ) ;
#7859 = EDGE_LOOP ( 'NONE', ( #7368, #4306, #11446, #2574 ) ) ;
#7860 = CARTESIAN_POINT ( 'NONE',  ( -1.879999999999999893, 0.2000000000000000111, 2.570000000000001616 ) ) ;
#7861 = ORIENTED_EDGE ( 'NONE', *, *, #3152, .F. ) ;
#7862 =( NAMED_UNIT ( * ) SI_UNIT ( $, .STERADIAN. ) SOLID_ANGLE_UNIT ( ) );
#7863 = DIRECTION ( 'NONE',  ( 0.000000000000000000, -1.000000000000000000, 0.000000000000000000 ) ) ;
#7864 = DIRECTION ( 'NONE',  ( -1.000000000000000000, 0.000000000000000000, 5.042800802258162337E-16 ) ) ;
#7865 = LINE ( 'NONE', #11626, #3102 ) ;
#7866 = VECTOR ( 'NONE', #8021, 1000.000000000000000 ) ;
#7867 = DIRECTION ( 'NONE',  ( -0.000000000000000000, -1.000000000000000000, -0.000000000000000000 ) ) ;
#7868 = CARTESIAN_POINT ( 'NONE',  ( -2.570000000000001172, 0.8000833275471006534, 2.120000000000000551 ) ) ;
#7869 = FACE_OUTER_BOUND ( 'NONE', #5148, .T. ) ;
#7870 = EDGE_LOOP ( 'NONE', ( #2767, #10709, #1000, #11482 ) ) ;
#7871 = ORIENTED_EDGE ( 'NONE', *, *, #3529, .F. ) ;
#7872 = EDGE_LOOP ( 'NONE', ( #5723, #6680, #10581, #6085, #1682, #11407, #3850, #4896, #7063, #9780, #11078, #6909, #6298, #9547, #2307, #1735, #7037, #408, #7564, #1425, #2404, #4393, #1369, #3677, #7974, #8450, #5190, #8508, #5525, #11474, #3493, #10940, #6616, #1206, #1136, #10699, #3492, #5897, #7404, #8106 ) ) ;
#7873 = AXIS2_PLACEMENT_3D ( 'NONE', #7868, #1393, #4224 ) ;
#7874 = UNCERTAINTY_MEASURE_WITH_UNIT (LENGTH_MEASURE( 1.000000000000000082E-05 ), #1772, 'distance_accuracy_value', 'NONE');
#7875 = ORIENTED_EDGE ( 'NONE', *, *, #7814, .T. ) ;
#7876 = CARTESIAN_POINT ( 'NONE',  ( -3.000000000000000888, 0.04999999999999969746, -1.619999999999999885 ) ) ;
#7877 = FILL_AREA_STYLE ('',( #3139 ) ) ;
#7878 = CARTESIAN_POINT ( 'NONE',  ( 1.879999999999999671, 0.2000000000000000111, -2.570000000000001616 ) ) ;
#7879 = DIRECTION ( 'NONE',  ( 0.000000000000000000, -1.000000000000000000, 0.000000000000000000 ) ) ;
#7880 = DIRECTION ( 'NONE',  ( 0.000000000000000000, 1.000000000000000000, 0.000000000000000000 ) ) ;
#7881 = DIRECTION ( 'NONE',  ( 1.000000000000000000, -0.000000000000000000, 1.008560160451631481E-15 ) ) ;
#7882 = CARTESIAN_POINT ( 'NONE',  ( -3.000000000000000888, 0.8000833275471006534, 1.380000000000000115 ) ) ;
#7883 = ORIENTED_EDGE ( 'NONE', *, *, #2210, .F. ) ;
#7884 = EDGE_CURVE ( 'NONE', #8623, #11435, #10481, .T. ) ;
#7885 = ORIENTED_EDGE ( 'NONE', *, *, #7852, .T. ) ;
#7886 = EDGE_LOOP ( 'NONE', ( #8793, #8738, #5083, #940, #7905 ) ) ;
#7887 = EDGE_CURVE ( 'NONE', #4422, #8987, #3628, .T. ) ;
#7888 = ORIENTED_EDGE ( 'NONE', *, *, #1404, .T. ) ;
#7889 = CARTESIAN_POINT ( 'NONE',  ( -2.570000000000001172, 0.8000833275471006534, -0.3799999999999998934 ) ) ;
#7890 = ORIENTED_EDGE ( 'NONE', *, *, #4914, .F. ) ;
#7891 = CARTESIAN_POINT ( 'NONE',  ( 2.999999999999999112, 0.05000000000000000278, -3.000000000000001776 ) ) ;
#7892 = CARTESIAN_POINT ( 'NONE',  ( 2.570000000000001172, 0.000000000000000000, -0.3799999999999998934 ) ) ;
#7893 = CARTESIAN_POINT ( 'NONE',  ( 1.000000000000000000, 0.2000000000000000111, -2.570000000000001616 ) ) ;
#7894 = DIRECTION ( 'NONE',  ( 0.000000000000000000, 0.000000000000000000, -1.000000000000000000 ) ) ;
#7895 = CARTESIAN_POINT ( 'NONE',  ( -3.000000000000000888, 0.05000000000000000278, 2.999999999999999112 ) ) ;
#7896 = DIRECTION ( 'NONE',  ( 0.000000000000000000, 0.000000000000000000, -1.000000000000000000 ) ) ;
#7897 = CARTESIAN_POINT ( 'NONE',  ( -1.879999999999999671, 0.8000833275471003203, -3.000000000000001776 ) ) ;
#7898 = EDGE_CURVE ( 'NONE', #6089, #3398, #5237, .T. ) ;
#7899 = ADVANCED_FACE ( 'NONE', ( #4127 ), #11640, .F. ) ;
#7900 = EDGE_CURVE ( 'NONE', #10767, #11608, #8676, .T. ) ;
#7901 = CARTESIAN_POINT ( 'NONE',  ( -2.119999999999999662, 0.8000833275471003203, -3.000000000000001776 ) ) ;
#7902 = EDGE_CURVE ( 'NONE', #4773, #534, #4063, .T. ) ;
#7903 = VERTEX_POINT ( 'NONE', #2161 ) ;
#7904 = EDGE_CURVE ( 'NONE', #1267, #9825, #3998, .T. ) ;
#7905 = ORIENTED_EDGE ( 'NONE', *, *, #9031, .F. ) ;
#7906 = DIRECTION ( 'NONE',  ( 1.000000000000000000, -0.000000000000000000, 1.008560160451631481E-15 ) ) ;
#7907 = DIRECTION ( 'NONE',  ( 0.000000000000000000, 0.000000000000000000, 1.000000000000000000 ) ) ;
#7908 = PLANE ( 'NONE',  #10593 ) ;
#7909 = CARTESIAN_POINT ( 'NONE',  ( 2.570000000000000284, 0.8000833275471006534, 1.999999999999999556 ) ) ;
#7910 = VECTOR ( 'NONE', #11925, 1000.000000000000000 ) ;
#7911 = CARTESIAN_POINT ( 'NONE',  ( 2.000000000000000000, 0.8000833275471003203, 2.570000000000001616 ) ) ;
#7912 = ORIENTED_EDGE ( 'NONE', *, *, #1023, .T. ) ;
#7913 = ORIENTED_EDGE ( 'NONE', *, *, #10755, .T. ) ;
#7914 = EDGE_LOOP ( 'NONE', ( #955, #11487, #1226, #8346 ) ) ;
#7915 = VECTOR ( 'NONE', #11030, 1000.000000000000000 ) ;
#7916 = ORIENTED_EDGE ( 'NONE', *, *, #9255, .F. ) ;
#7917 = PLANE ( 'NONE',  #1315 ) ;
#7918 = ORIENTED_EDGE ( 'NONE', *, *, #12099, .T. ) ;
#7919 = DIRECTION ( 'NONE',  ( -5.042800802258162337E-16, 0.000000000000000000, -1.000000000000000000 ) ) ;
#7920 = DIRECTION ( 'NONE',  ( 0.000000000000000000, 0.000000000000000000, 1.000000000000000000 ) ) ;
#7921 = FILL_AREA_STYLE_COLOUR ( '', #9470 ) ;
#7922 = CARTESIAN_POINT ( 'NONE',  ( -2.570000000000001172, 0.05000000000000002359, 1.120000000000000107 ) ) ;
#7923 = CARTESIAN_POINT ( 'NONE',  ( -2.570000000000001172, 0.05000000000000002359, -0.5000000000000000000 ) ) ;
#7924 = PRESENTATION_LAYER_ASSIGNMENT (  '', '', ( #2026 ) ) ;
#7925 = DIRECTION ( 'NONE',  ( -1.000000000000000000, 0.000000000000000000, 5.042800802258162337E-16 ) ) ;
#7926 = DIRECTION ( 'NONE',  ( 1.008560160451631481E-15, 0.000000000000000000, -1.000000000000000000 ) ) ;
#7927 = DIRECTION ( 'NONE',  ( -1.000000000000000000, 0.000000000000000000, 0.000000000000000000 ) ) ;
#7928 = EDGE_LOOP ( 'NONE', ( #6915, #4006, #6765, #7238 ) ) ;
#7929 = ORIENTED_EDGE ( 'NONE', *, *, #1554, .F. ) ;
#7930 = ORIENTED_EDGE ( 'NONE', *, *, #3368, .T. ) ;
#7931 = ORIENTED_EDGE ( 'NONE', *, *, #9077, .F. ) ;
#7932 = AXIS2_PLACEMENT_3D ( 'NONE', #12158, #3712, #9802 ) ;
#7933 = ADVANCED_FACE ( 'NONE', ( #220 ), #2218, .T. ) ;
#7934 = DIRECTION ( 'NONE',  ( 0.000000000000000000, 1.000000000000000000, 0.000000000000000000 ) ) ;
#7935 = DIRECTION ( 'NONE',  ( 0.000000000000000000, -1.000000000000000000, 0.000000000000000000 ) ) ;
#7936 = FACE_OUTER_BOUND ( 'NONE', #2197, .T. ) ;
#7937 = ADVANCED_FACE ( 'NONE', ( #6775 ), #6962, .F. ) ;
#7938 = DIRECTION ( 'NONE',  ( 0.000000000000000000, 0.000000000000000000, 1.000000000000000000 ) ) ;
#7939 = DIRECTION ( 'NONE',  ( 1.000000000000000000, 0.000000000000000000, -1.008560160451631481E-15 ) ) ;
#7940 = ADVANCED_FACE ( 'NONE', ( #4178 ), #7754, .F. ) ;
#7941 = VECTOR ( 'NONE', #3942, 1000.000000000000000 ) ;
#7942 = VERTEX_POINT ( 'NONE', #8803 ) ;
#7943 = EDGE_LOOP ( 'NONE', ( #11620, #6565, #6426, #10366 ) ) ;
#7944 = ORIENTED_EDGE ( 'NONE', *, *, #6535, .F. ) ;
#7945 = ORIENTED_EDGE ( 'NONE', *, *, #2911, .F. ) ;
#7946 = DIRECTION ( 'NONE',  ( 0.000000000000000000, -1.000000000000000000, 0.000000000000000000 ) ) ;
#7947 = EDGE_LOOP ( 'NONE', ( #9078, #8656, #297, #1317 ) ) ;
#7948 = VECTOR ( 'NONE', #3230, 1000.000000000000000 ) ;
#7949 = PLANE ( 'NONE',  #9773 ) ;
#7950 = CARTESIAN_POINT ( 'NONE',  ( -1.620000000000000329, 0.2000000000000000111, -2.570000000000001616 ) ) ;
#7951 = CARTESIAN_POINT ( 'NONE',  ( -2.570000000000001172, 0.8000833275471006534, 0.6200000000000001066 ) ) ;
#7952 = CARTESIAN_POINT ( 'NONE',  ( -1.379999999999999671, 0.000000000000000000, -3.000000000000001776 ) ) ;
#7953 = CARTESIAN_POINT ( 'NONE',  ( 3.000000000000000888, 0.1999999999999999833, -1.879999999999999671 ) ) ;
#7954 = EDGE_CURVE ( 'NONE', #12055, #9080, #284, .T. ) ;
#7955 = EDGE_CURVE ( 'NONE', #7903, #11462, #6843, .T. ) ;
#7956 = DIRECTION ( 'NONE',  ( 1.000000000000000000, 0.000000000000000000, -0.000000000000000000 ) ) ;
#7957 = EDGE_CURVE ( 'NONE', #5571, #4607, #3943, .T. ) ;
#7958 = CIRCLE ( 'NONE', #2285, 0.2500000000000002220 ) ;
#7959 = SURFACE_STYLE_FILL_AREA ( #4200 ) ;
#7960 = ORIENTED_EDGE ( 'NONE', *, *, #3753, .F. ) ;
#7961 = ORIENTED_EDGE ( 'NONE', *, *, #9077, .T. ) ;
#7962 = EDGE_CURVE ( 'NONE', #4382, #913, #12141, .T. ) ;
#7963 = VECTOR ( 'NONE', #11826, 1000.000000000000000 ) ;
#7964 = AXIS2_PLACEMENT_3D ( 'NONE', #269, #7927, #11497 ) ;
#7965 = CARTESIAN_POINT ( 'NONE',  ( -3.000000000000000888, 0.05000000000000000278, 2.999999999999999112 ) ) ;
#7966 = DIRECTION ( 'NONE',  ( 0.000000000000000000, -1.000000000000000000, 0.000000000000000000 ) ) ;
#7967 = LINE ( 'NONE', #4206, #938 ) ;
#7968 = CARTESIAN_POINT ( 'NONE',  ( -2.168404344971008868E-16, 0.05000000000000000278, 2.049999999999999822 ) ) ;
#7969 = LINE ( 'NONE', #10816, #374 ) ;
#7970 = EDGE_CURVE ( 'NONE', #5206, #4230, #7694, .T. ) ;
#7971 = ORIENTED_EDGE ( 'NONE', *, *, #7477, .T. ) ;
#7972 = ORIENTED_EDGE ( 'NONE', *, *, #2145, .T. ) ;
#7973 =( GEOMETRIC_REPRESENTATION_CONTEXT ( 3 ) GLOBAL_UNCERTAINTY_ASSIGNED_CONTEXT ( ( #593 ) ) GLOBAL_UNIT_ASSIGNED_CONTEXT ( ( #11315, #4842, #10333 ) ) REPRESENTATION_CONTEXT ( 'NONE', 'WORKASPACE' ) );
#7974 = ORIENTED_EDGE ( 'NONE', *, *, #3218, .F. ) ;
#7975 = ORIENTED_EDGE ( 'NONE', *, *, #5330, .T. ) ;
#7976 = FACE_OUTER_BOUND ( 'NONE', #3170, .T. ) ;
#7977 = CIRCLE ( 'NONE', #4444, 0.1199999999999998845 ) ;
#7978 = VERTEX_POINT ( 'NONE', #5844 ) ;
#7979 = VECTOR ( 'NONE', #11546, 1000.000000000000000 ) ;
#7980 = LINE ( 'NONE', #2383, #4030 ) ;
#7981 = DIRECTION ( 'NONE',  ( -1.000000000000000000, 0.000000000000000000, -0.000000000000000000 ) ) ;
#7982 = PLANE ( 'NONE',  #7194 ) ;
#7983 = VECTOR ( 'NONE', #9027, 1000.000000000000000 ) ;
#7984 = PLANE ( 'NONE',  #8407 ) ;
#7985 = AXIS2_PLACEMENT_3D ( 'NONE', #10613, #5913, #4987 ) ;
#7986 = LINE ( 'NONE', #9708, #10610 ) ;
#7987 = FACE_OUTER_BOUND ( 'NONE', #2689, .T. ) ;
#7988 = DIRECTION ( 'NONE',  ( 0.000000000000000000, -1.000000000000000000, 0.000000000000000000 ) ) ;
#7989 = ORIENTED_EDGE ( 'NONE', *, *, #1494, .T. ) ;
#7990 = VECTOR ( 'NONE', #2971, 1000.000000000000000 ) ;
#7991 = VERTEX_POINT ( 'NONE', #11454 ) ;
#7992 = ORIENTED_EDGE ( 'NONE', *, *, #7726, .T. ) ;
#7993 = UNCERTAINTY_MEASURE_WITH_UNIT (LENGTH_MEASURE( 1.000000000000000082E-05 ), #7662, 'distance_accuracy_value', 'NONE');
#7994 = VERTEX_POINT ( 'NONE', #3263 ) ;
#7995 = VECTOR ( 'NONE', #1096, 1000.000000000000000 ) ;
#7996 = FACE_OUTER_BOUND ( 'NONE', #2183, .T. ) ;
#7997 = SURFACE_STYLE_FILL_AREA ( #7877 ) ;
#7998 = CIRCLE ( 'NONE', #2300, 0.1199999999999999956 ) ;
#7999 = CARTESIAN_POINT ( 'NONE',  ( -0.3799999999999996714, 0.1999999999999999833, -3.000000000000001776 ) ) ;
#8000 =( NAMED_UNIT ( * ) PLANE_ANGLE_UNIT ( ) SI_UNIT ( $, .RADIAN. ) );
#8001 = DIRECTION ( 'NONE',  ( 0.000000000000000000, -1.000000000000000000, 0.000000000000000000 ) ) ;
#8002 = ORIENTED_EDGE ( 'NONE', *, *, #8557, .T. ) ;
#8003 = EDGE_CURVE ( 'NONE', #12012, #2169, #306, .T. ) ;
#8004 = EDGE_CURVE ( 'NONE', #256, #10499, #4924, .T. ) ;
#8005 = ORIENTED_EDGE ( 'NONE', *, *, #953, .T. ) ;
#8006 = VECTOR ( 'NONE', #931, 1000.000000000000000 ) ;
#8007 = ORIENTED_EDGE ( 'NONE', *, *, #5708, .T. ) ;
#8008 = ADVANCED_FACE ( 'NONE', ( #9536 ), #9663, .F. ) ;
#8009 = VERTEX_POINT ( 'NONE', #11187 ) ;
#8010 = DIRECTION ( 'NONE',  ( 0.000000000000000000, 0.000000000000000000, -1.000000000000000000 ) ) ;
#8011 = DIRECTION ( 'NONE',  ( 0.000000000000000000, 0.000000000000000000, 1.000000000000000000 ) ) ;
#8012 = DIRECTION ( 'NONE',  ( 0.000000000000000000, 0.000000000000000000, -1.000000000000000000 ) ) ;
#8013 = CIRCLE ( 'NONE', #4470, 0.1199999999999998845 ) ;
#8014 = CARTESIAN_POINT ( 'NONE',  ( -2.570000000000001172, 0.000000000000000000, -2.000000000000000000 ) ) ;
#8015 = FACE_OUTER_BOUND ( 'NONE', #7118, .T. ) ;
#8016 = AXIS2_PLACEMENT_3D ( 'NONE', #4540, #3855, #11379 ) ;
#8017 = DIRECTION ( 'NONE',  ( -5.042800802258162337E-16, 0.000000000000000000, -1.000000000000000000 ) ) ;
#8018 = CARTESIAN_POINT ( 'NONE',  ( 2.570000000000001172, 0.8000833275471006534, -0.1200000000000003147 ) ) ;
#8019 = DIRECTION ( 'NONE',  ( -0.000000000000000000, -1.000000000000000000, -0.000000000000000000 ) ) ;
#8020 = DIRECTION ( 'NONE',  ( 0.000000000000000000, 0.000000000000000000, -1.000000000000000000 ) ) ;
#8021 = DIRECTION ( 'NONE',  ( 0.000000000000000000, 0.000000000000000000, 1.000000000000000000 ) ) ;
#8022 = PRESENTATION_LAYER_ASSIGNMENT (  '', '', ( #9793 ) ) ;
#8023 = VECTOR ( 'NONE', #10862, 1000.000000000000000 ) ;
#8024 = ORIENTED_EDGE ( 'NONE', *, *, #476, .F. ) ;
#8025 = VERTEX_POINT ( 'NONE', #9089 ) ;
#8026 = LINE ( 'NONE', #8945, #11927 ) ;
#8027 = SURFACE_STYLE_FILL_AREA ( #5930 ) ;
#8028 = CARTESIAN_POINT ( 'NONE',  ( -2.570000000000001172, 0.05000000000000002359, 0.6200000000000001066 ) ) ;
#8029 = CARTESIAN_POINT ( 'NONE',  ( -2.000000000000000000, 0.2000000000000000111, -2.570000000000001616 ) ) ;
#8030 = CARTESIAN_POINT ( 'NONE',  ( 1.120000000000000329, 0.05000000000000000278, 0.000000000000000000 ) ) ;
#8031 = VECTOR ( 'NONE', #4468, 1000.000000000000000 ) ;
#8032 = EDGE_CURVE ( 'NONE', #12187, #7808, #11930, .T. ) ;
#8033 = VERTEX_POINT ( 'NONE', #1816 ) ;
#8034 = ADVANCED_FACE ( 'NONE', ( #12107 ), #9220, .F. ) ;
#8035 = VERTEX_POINT ( 'NONE', #11125 ) ;
#8036 = ORIENTED_EDGE ( 'NONE', *, *, #9852, .F. ) ;
#8037 = EDGE_LOOP ( 'NONE', ( #10697, #10908, #8972, #8653 ) ) ;
#8038 = CARTESIAN_POINT ( 'NONE',  ( 1.620000000000000329, 0.000000000000000000, -2.570000000000001616 ) ) ;
#8039 = AXIS2_PLACEMENT_3D ( 'NONE', #4014, #5063, #7044 ) ;
#8040 = EDGE_LOOP ( 'NONE', ( #10669, #11295, #11609, #7145 ) ) ;
#8041 = ADVANCED_FACE ( 'NONE', ( #8342 ), #9331, .T. ) ;
#8042 = CARTESIAN_POINT ( 'NONE',  ( 3.000000000000000888, 0.8000833275471006534, -1.119999999999999885 ) ) ;
#8043 = FACE_OUTER_BOUND ( 'NONE', #5220, .T. ) ;
#8044 = CARTESIAN_POINT ( 'NONE',  ( 2.570000000000000284, 0.1999999999999999833, -1.500000000000000444 ) ) ;
#8045 = DIRECTION ( 'NONE',  ( 1.000000000000000000, -0.000000000000000000, -0.000000000000000000 ) ) ;
#8046 = DIRECTION ( 'NONE',  ( 0.000000000000000000, 0.000000000000000000, 1.000000000000000000 ) ) ;
#8047 = PLANE ( 'NONE',  #4333 ) ;
#8048 = CARTESIAN_POINT ( 'NONE',  ( -1.879999999999999671, 0.1999999999999999833, 2.570000000000001616 ) ) ;
#8049 = ORIENTED_EDGE ( 'NONE', *, *, #4266, .F. ) ;
#8050 = CIRCLE ( 'NONE', #2157, 0.1199999999999999956 ) ;
#8051 = ORIENTED_EDGE ( 'NONE', *, *, #2479, .F. ) ;
#8052 = ORIENTED_EDGE ( 'NONE', *, *, #9229, .F. ) ;
#8053 = ORIENTED_EDGE ( 'NONE', *, *, #10727, .F. ) ;
#8054 = DIRECTION ( 'NONE',  ( 5.042800802258162337E-16, 0.000000000000000000, -1.000000000000000000 ) ) ;
#8055 = EDGE_CURVE ( 'NONE', #6089, #365, #4471, .T. ) ;
#8056 = FACE_OUTER_BOUND ( 'NONE', #7092, .T. ) ;
#8057 = DIRECTION ( 'NONE',  ( 0.000000000000000000, 0.000000000000000000, 1.000000000000000000 ) ) ;
#8058 = DIRECTION ( 'NONE',  ( 0.000000000000000000, 0.000000000000000000, 1.000000000000000000 ) ) ;
#8059 = FILL_AREA_STYLE ('',( #5214 ) ) ;
#8060 = DIRECTION ( 'NONE',  ( 5.042800802258162337E-16, 0.000000000000000000, -1.000000000000000000 ) ) ;
#8061 = VERTEX_POINT ( 'NONE', #769 ) ;
#8062 = VERTEX_POINT ( 'NONE', #641 ) ;
#8063 = ADVANCED_FACE ( 'NONE', ( #4532 ), #7303, .F. ) ;
#8064 = ORIENTED_EDGE ( 'NONE', *, *, #7173, .F. ) ;
#8065 = VERTEX_POINT ( 'NONE', #5561 ) ;
#8066 = DIRECTION ( 'NONE',  ( -0.000000000000000000, -1.000000000000000000, -0.000000000000000000 ) ) ;
#8067 = CIRCLE ( 'NONE', #5501, 0.1199999999999998845 ) ;
#8068 = CARTESIAN_POINT ( 'NONE',  ( 2.570000000000000284, 0.1999999999999999833, 1.999999999999999556 ) ) ;
#8069 = EDGE_CURVE ( 'NONE', #7688, #7142, #10202, .T. ) ;
#8070 = CARTESIAN_POINT ( 'NONE',  ( 0.1200000000000003147, 0.000000000000000000, -3.000000000000001776 ) ) ;
#8071 = LINE ( 'NONE', #11838, #8120 ) ;
#8072 = CARTESIAN_POINT ( 'NONE',  ( -3.000000000000000888, 0.8000833275471006534, 0.6200000000000003286 ) ) ;
#8073 = CARTESIAN_POINT ( 'NONE',  ( -2.049999999999999378, 5.998275605729689097, -2.050000000000000266 ) ) ;
#8074 = CARTESIAN_POINT ( 'NONE',  ( -2.120000000000000551, 0.8000833275471003203, -2.570000000000001616 ) ) ;
#8075 = EDGE_CURVE ( 'NONE', #74, #3873, #5438, .T. ) ;
#8076 = EDGE_CURVE ( 'NONE', #5689, #3253, #5508, .T. ) ;
#8077 = FACE_OUTER_BOUND ( 'NONE', #7493, .T. ) ;
#8078 = LINE ( 'NONE', #5171, #3259 ) ;
#8079 = CARTESIAN_POINT ( 'NONE',  ( 2.570000000000001172, 0.8000833275471006534, -0.3799999999999998934 ) ) ;
#8080 = ORIENTED_EDGE ( 'NONE', *, *, #4068, .F. ) ;
#8081 = ORIENTED_EDGE ( 'NONE', *, *, #1667, .F. ) ;
#8082 = FILL_AREA_STYLE_COLOUR ( '', #6347 ) ;
#8083 = CARTESIAN_POINT ( 'NONE',  ( -1.119999999999999440, 0.2000000000000000111, -3.000000000000001776 ) ) ;
#8084 = CARTESIAN_POINT ( 'NONE',  ( 1.120000000000000329, 0.000000000000000000, -3.000000000000001776 ) ) ;
#8085 = FACE_OUTER_BOUND ( 'NONE', #10179, .T. ) ;
#8086 = EDGE_CURVE ( 'NONE', #3622, #5697, #8990, .T. ) ;
#8087 = ORIENTED_EDGE ( 'NONE', *, *, #9388, .T. ) ;
#8088 = ORIENTED_EDGE ( 'NONE', *, *, #7134, .F. ) ;
#8089 = VERTEX_POINT ( 'NONE', #10134 ) ;
#8090 = ORIENTED_EDGE ( 'NONE', *, *, #8264, .F. ) ;
#8091 = DIRECTION ( 'NONE',  ( -0.000000000000000000, -1.000000000000000000, -0.000000000000000000 ) ) ;
#8092 = ORIENTED_EDGE ( 'NONE', *, *, #2554, .F. ) ;
#8093 =( LENGTH_UNIT ( ) NAMED_UNIT ( * ) SI_UNIT ( .MILLI., .METRE. ) );
#8094 = CARTESIAN_POINT ( 'NONE',  ( -2.570000000000001172, 0.1999999999999999833, -1.000000000000000000 ) ) ;
#8095 = CARTESIAN_POINT ( 'NONE',  ( 1.120000000000000329, 0.2000000000000000111, 2.570000000000001616 ) ) ;
#8096 = CARTESIAN_POINT ( 'NONE',  ( 0.6200000000000003286, 0.2000000000000000111, -3.000000000000001776 ) ) ;
#8097 = DIRECTION ( 'NONE',  ( 0.000000000000000000, -1.000000000000000000, 0.000000000000000000 ) ) ;
#8098 = LINE ( 'NONE', #7125, #2156 ) ;
#8099 = DIRECTION ( 'NONE',  ( 1.000000000000000000, -0.000000000000000000, -0.000000000000000000 ) ) ;
#8100 = DIRECTION ( 'NONE',  ( 1.000000000000000000, 0.000000000000000000, -0.000000000000000000 ) ) ;
#8101 = VECTOR ( 'NONE', #10586, 1000.000000000000000 ) ;
#8102 = ORIENTED_EDGE ( 'NONE', *, *, #2049, .T. ) ;
#8103 = EDGE_CURVE ( 'NONE', #5812, #7293, #7426, .T. ) ;
#8104 = EDGE_CURVE ( 'NONE', #2319, #11328, #2685, .T. ) ;
#8105 = EDGE_LOOP ( 'NONE', ( #9488, #1839, #11999, #10638 ) ) ;
#8106 = ORIENTED_EDGE ( 'NONE', *, *, #7210, .T. ) ;
#8107 = ORIENTED_EDGE ( 'NONE', *, *, #3070, .F. ) ;
#8108 = LINE ( 'NONE', #9101, #9253 ) ;
#8109 = DIRECTION ( 'NONE',  ( 0.000000000000000000, -0.000000000000000000, 1.000000000000000000 ) ) ;
#8110 = CARTESIAN_POINT ( 'NONE',  ( 3.000000000000000888, 0.1999999999999999833, 0.6200000000000003286 ) ) ;
#8111 = LINE ( 'NONE', #9718, #9679 ) ;
#8112 = EDGE_CURVE ( 'NONE', #391, #6042, #4403, .T. ) ;
#8113 = CARTESIAN_POINT ( 'NONE',  ( 0.000000000000000000, 0.2000000000000000111, -2.570000000000001616 ) ) ;
#8114 = ADVANCED_FACE ( 'NONE', ( #706 ), #10260, .T. ) ;
#8115 = DIRECTION ( 'NONE',  ( 1.000000000000000000, -0.000000000000000000, -1.445602896647339163E-16 ) ) ;
#8116 = ORIENTED_EDGE ( 'NONE', *, *, #7781, .F. ) ;
#8117 = EDGE_CURVE ( 'NONE', #4230, #9946, #7219, .T. ) ;
#8118 = EDGE_CURVE ( 'NONE', #8035, #5096, #3730, .T. ) ;
#8119 = VERTEX_POINT ( 'NONE', #11015 ) ;
#8120 = VECTOR ( 'NONE', #1911, 1000.000000000000000 ) ;
#8121 = ORIENTED_EDGE ( 'NONE', *, *, #8255, .T. ) ;
#8122 = EDGE_LOOP ( 'NONE', ( #8562, #2237, #9490, #2429 ) ) ;
#8123 = FACE_OUTER_BOUND ( 'NONE', #4391, .T. ) ;
#8124 = CARTESIAN_POINT ( 'NONE',  ( -3.000000000000000888, 0.000000000000000000, -1.879999999999999671 ) ) ;
#8125 = CARTESIAN_POINT ( 'NONE',  ( 0.000000000000000000, 0.000000000000000000, 2.570000000000001616 ) ) ;
#8126 = AXIS2_PLACEMENT_3D ( 'NONE', #2896, #7513, #3813 ) ;
#8127 = DIRECTION ( 'NONE',  ( -1.000000000000000000, 0.000000000000000000, 1.445602896647339163E-16 ) ) ;
#8128 = CARTESIAN_POINT ( 'NONE',  ( -0.5000000000000000000, 0.000000000000000000, 2.570000000000001616 ) ) ;
#8129 = CARTESIAN_POINT ( 'NONE',  ( -3.000000000000000888, 0.000000000000000000, -0.1199999999999998845 ) ) ;
#8130 = DIRECTION ( 'NONE',  ( 0.000000000000000000, 0.000000000000000000, 1.000000000000000000 ) ) ;
#8131 = AXIS2_PLACEMENT_3D ( 'NONE', #9205, #3532, #3404 ) ;
#8132 = ORIENTED_EDGE ( 'NONE', *, *, #9327, .T. ) ;
#8133 = ORIENTED_EDGE ( 'NONE', *, *, #6908, .F. ) ;
#8134 = SURFACE_STYLE_USAGE ( .BOTH. , #11792 ) ;
#8135 = CARTESIAN_POINT ( 'NONE',  ( 0.3800000000000005596, 0.2000000000000000111, -3.000000000000001776 ) ) ;
#8136 = CARTESIAN_POINT ( 'NONE',  ( 2.570000000000001172, 0.000000000000000000, -0.1200000000000003147 ) ) ;
#8137 = DIRECTION ( 'NONE',  ( -0.000000000000000000, -1.000000000000000000, -0.000000000000000000 ) ) ;
#8138 = AXIS2_PLACEMENT_3D ( 'NONE', #7638, #7696, #11455 ) ;
#8139 = VERTEX_POINT ( 'NONE', #6323 ) ;
#8140 = ORIENTED_EDGE ( 'NONE', *, *, #11101, .T. ) ;
#8141 = ORIENTED_EDGE ( 'NONE', *, *, #10089, .T. ) ;
#8142 = ORIENTED_EDGE ( 'NONE', *, *, #10611, .F. ) ;
#8143 = FACE_OUTER_BOUND ( 'NONE', #10011, .T. ) ;
#8144 = ADVANCED_FACE ( 'NONE', ( #7357 ), #3846, .F. ) ;
#8145 = VECTOR ( 'NONE', #8797, 1000.000000000000000 ) ;
#8146 = EDGE_CURVE ( 'NONE', #896, #1109, #10505, .T. ) ;
#8147 = EDGE_LOOP ( 'NONE', ( #9748, #8641 ) ) ;
#8148 = VECTOR ( 'NONE', #2534, 1000.000000000000000 ) ;
#8149 = DIRECTION ( 'NONE',  ( -0.000000000000000000, -1.000000000000000000, -0.000000000000000000 ) ) ;
#8150 = CARTESIAN_POINT ( 'NONE',  ( -2.570000000000001172, 0.1999999999999999833, -0.3799999999999998934 ) ) ;
#8151 = CARTESIAN_POINT ( 'NONE',  ( -0.5000000000000000000, 0.04999999999999999584, -2.570000000000001616 ) ) ;
#8152 = LINE ( 'NONE', #7245, #8419 ) ;
#8153 = LINE ( 'NONE', #10133, #5768 ) ;
#8154 = DIRECTION ( 'NONE',  ( 0.000000000000000000, -1.000000000000000000, 0.000000000000000000 ) ) ;
#8155 = CARTESIAN_POINT ( 'NONE',  ( 2.570000000000000284, 0.000000000000000000, -1.500000000000000444 ) ) ;
#8156 = CARTESIAN_POINT ( 'NONE',  ( -0.1199999999999994404, 0.8000833275471003203, 3.000000000000001776 ) ) ;
#8158 = LINE ( 'NONE', #9036, #8958 ) ;
#8157 = MECHANICAL_DESIGN_GEOMETRIC_PRESENTATION_REPRESENTATION (  '', ( #3059 ), #7973 ) ;
#8159 = VECTOR ( 'NONE', #10707, 1000.000000000000000 ) ;
#8160 = ORIENTED_EDGE ( 'NONE', *, *, #2466, .F. ) ;
#8161 = VERTEX_POINT ( 'NONE', #11371 ) ;
#8162 = EDGE_LOOP ( 'NONE', ( #9336, #7724, #9730, #4104 ) ) ;
#8163 = VERTEX_POINT ( 'NONE', #69 ) ;
#8164 = CARTESIAN_POINT ( 'NONE',  ( 3.000000000000000888, 0.8000833275471006534, -1.619999999999999885 ) ) ;
#8165 = CARTESIAN_POINT ( 'NONE',  ( 3.000000000000000888, 0.8000833275471006534, 0.1200000000000003147 ) ) ;
#8166 =( GEOMETRIC_REPRESENTATION_CONTEXT ( 3 ) GLOBAL_UNCERTAINTY_ASSIGNED_CONTEXT ( ( #10960 ) ) GLOBAL_UNIT_ASSIGNED_CONTEXT ( ( #10196, #3414, #9952 ) ) REPRESENTATION_CONTEXT ( 'NONE', 'WORKASPACE' ) );
#8167 = VECTOR ( 'NONE', #617, 1000.000000000000000 ) ;
#8168 = DIRECTION ( 'NONE',  ( 0.000000000000000000, 1.000000000000000000, -0.000000000000000000 ) ) ;
#8169 = DIRECTION ( 'NONE',  ( 0.000000000000000000, -1.000000000000000000, 0.000000000000000000 ) ) ;
#8170 = ADVANCED_FACE ( 'NONE', ( #5745 ), #951, .T. ) ;
#8171 = CARTESIAN_POINT ( 'NONE',  ( 0.5000000000000000000, 0.2000000000000000111, 2.570000000000001616 ) ) ;
#8172 = DIRECTION ( 'NONE',  ( 0.000000000000000000, 1.000000000000000000, 0.000000000000000000 ) ) ;
#8173 = AXIS2_PLACEMENT_3D ( 'NONE', #2028, #10534, #3995 ) ;
#8174 = AXIS2_PLACEMENT_3D ( 'NONE', #12087, #1741, #9132 ) ;
#8175 = PLANE ( 'NONE',  #1273 ) ;
#8176 = EDGE_CURVE ( 'NONE', #3313, #2875, #3971, .T. ) ;
#8177 = EDGE_CURVE ( 'NONE', #1805, #5244, #8590, .T. ) ;
#8178 = ORIENTED_EDGE ( 'NONE', *, *, #184, .T. ) ;
#8179 = AXIS2_PLACEMENT_3D ( 'NONE', #6657, #9479, #10415 ) ;
#8180 = ORIENTED_EDGE ( 'NONE', *, *, #7787, .F. ) ;
#8181 = ORIENTED_EDGE ( 'NONE', *, *, #7318, .T. ) ;
#8182 = EDGE_CURVE ( 'NONE', #7761, #7285, #1131, .T. ) ;
#8183 = VECTOR ( 'NONE', #4038, 1000.000000000000000 ) ;
#8184 = VECTOR ( 'NONE', #11336, 1000.000000000000000 ) ;
#8185 = CARTESIAN_POINT ( 'NONE',  ( -2.570000000000001172, 0.8000833275471006534, 1.120000000000000107 ) ) ;
#8186 = DIRECTION ( 'NONE',  ( -1.000000000000000000, 0.000000000000000000, -5.042800802258162337E-16 ) ) ;
#8187 = EDGE_CURVE ( 'NONE', #9283, #7757, #7608, .T. ) ;
#8188 = DIRECTION ( 'NONE',  ( -1.000000000000000000, 0.000000000000000000, 0.000000000000000000 ) ) ;
#8189 = LINE ( 'NONE', #3336, #4000 ) ;
#8190 = DIRECTION ( 'NONE',  ( 0.000000000000000000, 0.000000000000000000, -1.000000000000000000 ) ) ;
#8191 = EDGE_CURVE ( 'NONE', #7361, #3622, #9453, .T. ) ;
#8192 = PLANE ( 'NONE',  #4805 ) ;
#8193 = VECTOR ( 'NONE', #485, 1000.000000000000000 ) ;
#8194 = PLANE ( 'NONE',  #6451 ) ;
#8195 = AXIS2_PLACEMENT_3D ( 'NONE', #5228, #2291, #8817 ) ;
#8196 =( NAMED_UNIT ( * ) PLANE_ANGLE_UNIT ( ) SI_UNIT ( $, .RADIAN. ) );
#8197 = EDGE_LOOP ( 'NONE', ( #6264, #4310, #7971, #8739 ) ) ;
#8198 = LINE ( 'NONE', #4693, #1508 ) ;
#8199 = VERTEX_POINT ( 'NONE', #8650 ) ;
#8200 = VECTOR ( 'NONE', #5884, 1000.000000000000000 ) ;
#8201 = DIRECTION ( 'NONE',  ( 0.000000000000000000, -1.000000000000000000, 0.000000000000000000 ) ) ;
#8202 = LINE ( 'NONE', #7112, #507 ) ;
#8203 = CARTESIAN_POINT ( 'NONE',  ( 2.120000000000000551, 0.2000000000000000111, -3.000000000000001776 ) ) ;
#8204 = LINE ( 'NONE', #6360, #3032 ) ;
#8205 = STYLED_ITEM ( 'NONE', ( #5891 ), #10057 ) ;
#8206 = ORIENTED_EDGE ( 'NONE', *, *, #10385, .F. ) ;
#8207 = PRESENTATION_LAYER_ASSIGNMENT (  '', '', ( #5460 ) ) ;
#8208 = ORIENTED_EDGE ( 'NONE', *, *, #597, .T. ) ;
#8209 = DIRECTION ( 'NONE',  ( 1.000000000000000000, 0.000000000000000000, 0.000000000000000000 ) ) ;
#8210 = ORIENTED_EDGE ( 'NONE', *, *, #5088, .F. ) ;
#8211 = DIRECTION ( 'NONE',  ( 0.000000000000000000, 0.000000000000000000, -1.000000000000000000 ) ) ;
#8212 = ORIENTED_EDGE ( 'NONE', *, *, #9389, .T. ) ;
#8213 = PRESENTATION_STYLE_ASSIGNMENT (( #11863 ) ) ;
#8214 = CIRCLE ( 'NONE', #11380, 0.1199999999999998845 ) ;
#8215 = CYLINDRICAL_SURFACE ( 'NONE', #10171, 0.1199999999999998845 ) ;
#8216 = DIRECTION ( 'NONE',  ( 0.000000000000000000, 0.000000000000000000, 1.000000000000000000 ) ) ;
#8217 = ADVANCED_FACE ( 'NONE', ( #136 ), #1878, .F. ) ;
#8218 = FACE_OUTER_BOUND ( 'NONE', #1782, .T. ) ;
#8219 = PLANE ( 'NONE',  #343 ) ;
#8220 = FACE_OUTER_BOUND ( 'NONE', #5385, .T. ) ;
#8221 = CARTESIAN_POINT ( 'NONE',  ( -2.000000000000000000, 0.8000833275471003203, 2.450000000000001510 ) ) ;
#8222 = LINE ( 'NONE', #11073, #7659 ) ;
#8223 = LINE ( 'NONE', #3550, #1083 ) ;
#8224 = ADVANCED_FACE ( 'NONE', ( #7488 ), #6630, .T. ) ;
#8225 = ORIENTED_EDGE ( 'NONE', *, *, #7066, .F. ) ;
#8226 = ORIENTED_EDGE ( 'NONE', *, *, #1176, .T. ) ;
#8227 = ORIENTED_EDGE ( 'NONE', *, *, #439, .T. ) ;
#8228 = VECTOR ( 'NONE', #5792, 1000.000000000000000 ) ;
#8229 = ORIENTED_EDGE ( 'NONE', *, *, #2296, .T. ) ;
#8230 = CARTESIAN_POINT ( 'NONE',  ( 2.570000000000000284, 0.1999999999999999833, 0.9999999999999995559 ) ) ;
#8231 = FACE_OUTER_BOUND ( 'NONE', #1408, .T. ) ;
#8232 = DIRECTION ( 'NONE',  ( 1.000000000000000000, 0.000000000000000000, -5.042800802258162337E-16 ) ) ;
#8233 = CARTESIAN_POINT ( 'NONE',  ( -2.570000000000001172, 0.000000000000000000, -1.500000000000000000 ) ) ;
#8234 = DIRECTION ( 'NONE',  ( -1.000000000000000000, 0.000000000000000000, 1.445602896647339163E-16 ) ) ;
#8235 = DIRECTION ( 'NONE',  ( -0.000000000000000000, 0.000000000000000000, 1.000000000000000000 ) ) ;
#8236 = VECTOR ( 'NONE', #8607, 1000.000000000000000 ) ;
#8237 = CLOSED_SHELL ( 'NONE', ( #4791, #11973, #7780, #3585, #8783, #5536, #2520 ) ) ;
#8238 = LINE ( 'NONE', #1462, #64 ) ;
#8239 = ORIENTED_EDGE ( 'NONE', *, *, #9373, .F. ) ;
#8240 = VERTEX_POINT ( 'NONE', #10390 ) ;
#8241 = VERTEX_POINT ( 'NONE', #5686 ) ;
#8242 = CIRCLE ( 'NONE', #773, 0.1199999999999999956 ) ;
#8243 = VECTOR ( 'NONE', #3704, 1000.000000000000000 ) ;
#8244 = DIRECTION ( 'NONE',  ( 1.008560160451631481E-15, -0.000000000000000000, 1.000000000000000000 ) ) ;
#8245 = LINE ( 'NONE', #11215, #1887 ) ;
#8246 = DIRECTION ( 'NONE',  ( -0.000000000000000000, -1.000000000000000000, -0.000000000000000000 ) ) ;
#8247 = PLANE ( 'NONE',  #3603 ) ;
#8248 = DIRECTION ( 'NONE',  ( 0.000000000000000000, -1.000000000000000000, 0.000000000000000000 ) ) ;
#8249 = EDGE_CURVE ( 'NONE', #11434, #1192, #1064, .T. ) ;
#8250 = DIRECTION ( 'NONE',  ( 0.000000000000000000, -0.000000000000000000, 1.000000000000000000 ) ) ;
#8251 = CARTESIAN_POINT ( 'NONE',  ( -0.8799999999999996714, 0.000000000000000000, -3.000000000000001776 ) ) ;
#8252 = CIRCLE ( 'NONE', #5112, 0.1199999999999998845 ) ;
#8253 = LINE ( 'NONE', #9254, #2673 ) ;
#8254 = ADVANCED_FACE ( 'NONE', ( #2803 ), #4767, .T. ) ;
#8255 = EDGE_CURVE ( 'NONE', #1028, #482, #4712, .T. ) ;
#8256 = CARTESIAN_POINT ( 'NONE',  ( -2.570000000000001172, 0.8000833275471006534, 1.120000000000000107 ) ) ;
#8257 = VECTOR ( 'NONE', #338, 1000.000000000000000 ) ;
#8258 = VERTEX_POINT ( 'NONE', #1947 ) ;
#8259 = DIRECTION ( 'NONE',  ( 0.000000000000000000, 0.000000000000000000, 1.000000000000000000 ) ) ;
#8260 = EDGE_LOOP ( 'NONE', ( #9338, #4575, #8711, #1534 ) ) ;
#8261 = CARTESIAN_POINT ( 'NONE',  ( -2.570000000000001172, 0.1999999999999999833, -1.619999999999999885 ) ) ;
#8262 = CARTESIAN_POINT ( 'NONE',  ( 2.570000000000001172, 0.1999999999999999833, 1.620000000000000107 ) ) ;
#8263 = LINE ( 'NONE', #8083, #9751 ) ;
#8264 = EDGE_CURVE ( 'NONE', #5255, #4382, #804, .T. ) ;
#8265 = CARTESIAN_POINT ( 'NONE',  ( 0.6200000000000003286, 0.1999999999999999833, 3.000000000000001776 ) ) ;
#8266 = ADVANCED_FACE ( 'NONE', ( #1853 ), #4627, .F. ) ;
#8267 = FACE_OUTER_BOUND ( 'NONE', #10761, .T. ) ;
#8268 = EDGE_CURVE ( 'NONE', #5096, #7171, #11282, .T. ) ;
#8269 = EDGE_CURVE ( 'NONE', #9566, #8199, #6353, .T. ) ;
#8270 = EDGE_CURVE ( 'NONE', #4048, #4212, #11228, .T. ) ;
#8271 = ORIENTED_EDGE ( 'NONE', *, *, #10900, .F. ) ;
#8272 = DIRECTION ( 'NONE',  ( 0.000000000000000000, 1.000000000000000000, 0.000000000000000000 ) ) ;
#8273 = EDGE_LOOP ( 'NONE', ( #2570, #11483 ) ) ;
#8274 = CARTESIAN_POINT ( 'NONE',  ( -0.8799999999999996714, 0.8000833275471003203, 3.000000000000001776 ) ) ;
#8275 = ORIENTED_EDGE ( 'NONE', *, *, #11410, .F. ) ;
#8276 = CARTESIAN_POINT ( 'NONE',  ( -0.8799999999999996714, 0.05000000000000000278, 0.000000000000000000 ) ) ;
#8277 = LINE ( 'NONE', #5315, #4070 ) ;
#8278 = CARTESIAN_POINT ( 'NONE',  ( -0.1199999999999994404, 0.000000000000000000, -3.000000000000001776 ) ) ;
#8279 = DIRECTION ( 'NONE',  ( 1.008560160451631481E-15, 0.000000000000000000, -1.000000000000000000 ) ) ;
#8280 = EDGE_CURVE ( 'NONE', #6600, #3541, #5356, .T. ) ;
#8281 = PLANE ( 'NONE',  #4294 ) ;
#8282 = DIRECTION ( 'NONE',  ( -0.000000000000000000, 0.000000000000000000, 1.000000000000000000 ) ) ;
#8283 = DIRECTION ( 'NONE',  ( -0.000000000000000000, -1.000000000000000000, -0.000000000000000000 ) ) ;
#8284 = CARTESIAN_POINT ( 'NONE',  ( 1.500000000000000000, 0.1999999999999999833, 2.570000000000001616 ) ) ;
#8285 = SURFACE_STYLE_USAGE ( .BOTH. , #12182 ) ;
#8286 = AXIS2_PLACEMENT_3D ( 'NONE', #4163, #3245, #7072 ) ;
#8287 = VERTEX_POINT ( 'NONE', #7469 ) ;
#8288 = VERTEX_POINT ( 'NONE', #8315 ) ;
#8289 = ORIENTED_EDGE ( 'NONE', *, *, #11247, .F. ) ;
#8290 = VERTEX_POINT ( 'NONE', #12083 ) ;
#8291 = CARTESIAN_POINT ( 'NONE',  ( 3.000000000000000888, 0.1999999999999999833, -0.8799999999999996714 ) ) ;
#8292 = FILL_AREA_STYLE ('',( #6271 ) ) ;
#8293 = CARTESIAN_POINT ( 'NONE',  ( -2.049999999999999822, 5.998275605729689097, 2.049999999999999378 ) ) ;
#8294 = DIRECTION ( 'NONE',  ( 1.000000000000000000, 0.000000000000000000, 0.000000000000000000 ) ) ;
#8295 = CYLINDRICAL_SURFACE ( 'NONE', #5342, 0.2500000000000002220 ) ;
#8296 = PLANE ( 'NONE',  #9624 ) ;
#8297 = PLANE ( 'NONE',  #11909 ) ;
#8298 = VERTEX_POINT ( 'NONE', #748 ) ;
#8299 = EDGE_LOOP ( 'NONE', ( #5300, #6596, #6650, #4392 ) ) ;
#8300 = ORIENTED_EDGE ( 'NONE', *, *, #1387, .T. ) ;
#8301 = AXIS2_PLACEMENT_3D ( 'NONE', #906, #1645, #1831 ) ;
#8302 = CARTESIAN_POINT ( 'NONE',  ( -1.379999999999999671, 0.2000000000000000111, 3.000000000000001776 ) ) ;
#8303 = EDGE_CURVE ( 'NONE', #7032, #417, #3641, .T. ) ;
#8304 = CARTESIAN_POINT ( 'NONE',  ( -3.000000000000000888, 0.8000833275471006534, 2.120000000000000551 ) ) ;
#8305 = DIRECTION ( 'NONE',  ( -0.000000000000000000, -1.000000000000000000, -0.000000000000000000 ) ) ;
#8306 = EDGE_CURVE ( 'NONE', #10085, #4072, #7402, .T. ) ;
#8307 = CYLINDRICAL_SURFACE ( 'NONE', #11095, 0.1199999999999998845 ) ;
#8308 = DIRECTION ( 'NONE',  ( 0.000000000000000000, -1.000000000000000000, 0.000000000000000000 ) ) ;
#8309 = CARTESIAN_POINT ( 'NONE',  ( -2.049999999999999378, 5.998275605729689097, -2.050000000000000266 ) ) ;
#8310 = STYLED_ITEM ( 'NONE', ( #9070 ), #1919 ) ;
#8311 = VERTEX_POINT ( 'NONE', #6540 ) ;
#8312 = CARTESIAN_POINT ( 'NONE',  ( -0.6199999999999994404, 0.1999999999999999833, 3.000000000000001776 ) ) ;
#8313 = CARTESIAN_POINT ( 'NONE',  ( 8.169337299658216773E-16, 0.05000000000000000278, 1.619999999999998774 ) ) ;
#8314 = ORIENTED_EDGE ( 'NONE', *, *, #9474, .F. ) ;
#8315 = CARTESIAN_POINT ( 'NONE',  ( 0.6200000000000001066, 0.2000000000000000111, 2.570000000000001616 ) ) ;
#8316 = EDGE_LOOP ( 'NONE', ( #9855, #6144, #6697, #1238 ) ) ;
#8317 = CIRCLE ( 'NONE', #642, 0.1199999999999998845 ) ;
#8318 = CARTESIAN_POINT ( 'NONE',  ( 2.999999999999999112, 0.05000000000000000278, 2.999999999999998224 ) ) ;
#8319 = DIRECTION ( 'NONE',  ( 0.000000000000000000, 0.000000000000000000, -1.000000000000000000 ) ) ;
#8320 = EDGE_CURVE ( 'NONE', #3116, #532, #2726, .T. ) ;
#8321 = CARTESIAN_POINT ( 'NONE',  ( 1.880000000000000115, 0.000000000000000000, 2.570000000000001616 ) ) ;
#8322 = EDGE_CURVE ( 'NONE', #29, #7106, #9375, .T. ) ;
#8323 = EDGE_CURVE ( 'NONE', #4839, #7671, #5426, .T. ) ;
#8324 = CARTESIAN_POINT ( 'NONE',  ( 2.570000000000000284, 0.1999999999999999833, -4.336808689942017736E-16 ) ) ;
#8325 = CARTESIAN_POINT ( 'NONE',  ( 3.000000000000000888, 0.8000833275471006534, -2.120000000000000107 ) ) ;
#8326 = EDGE_CURVE ( 'NONE', #8837, #11804, #8198, .T. ) ;
#8327 = VECTOR ( 'NONE', #11510, 1000.000000000000000 ) ;
#8328 = ORIENTED_EDGE ( 'NONE', *, *, #3597, .T. ) ;
#8329 = CARTESIAN_POINT ( 'NONE',  ( -3.000000000000000888, 0.1999999999999999833, -0.8799999999999996714 ) ) ;
#8330 = VERTEX_POINT ( 'NONE', #8451 ) ;
#8331 = CARTESIAN_POINT ( 'NONE',  ( 2.570000000000000284, 0.8000833275471006534, 0.4999999999999995559 ) ) ;
#8332 = EDGE_CURVE ( 'NONE', #3870, #4552, #10241, .T. ) ;
#8333 = ORIENTED_EDGE ( 'NONE', *, *, #2541, .T. ) ;
#8334 = PRESENTATION_STYLE_ASSIGNMENT (( #8585 ) ) ;
#8335 = VECTOR ( 'NONE', #12034, 1000.000000000000000 ) ;
#8336 = PLANE ( 'NONE',  #9971 ) ;
#8337 = DIRECTION ( 'NONE',  ( 0.000000000000000000, 0.000000000000000000, 1.000000000000000000 ) ) ;
#8338 = EDGE_CURVE ( 'NONE', #7727, #6108, #12219, .T. ) ;
#8339 = CARTESIAN_POINT ( 'NONE',  ( 0.000000000000000000, 0.05000000000000000278, 1.880000000000000115 ) ) ;
#8340 = CARTESIAN_POINT ( 'NONE',  ( 3.000000000000000888, 0.1999999999999999833, 1.620000000000000329 ) ) ;
#8341 = CARTESIAN_POINT ( 'NONE',  ( -1.379999999999999893, 0.1999999999999999833, 2.570000000000001616 ) ) ;
#8342 = FACE_OUTER_BOUND ( 'NONE', #520, .T. ) ;
#8343 = DIRECTION ( 'NONE',  ( 0.000000000000000000, -0.000000000000000000, -1.000000000000000000 ) ) ;
#8344 = CARTESIAN_POINT ( 'NONE',  ( 2.570000000000001172, 0.000000000000000000, 0.1200000000000000927 ) ) ;
#8345 = VERTEX_POINT ( 'NONE', #681 ) ;
#8346 = ORIENTED_EDGE ( 'NONE', *, *, #88, .F. ) ;
#8347 = AXIS2_PLACEMENT_3D ( 'NONE', #5162, #9985, #6912 ) ;
#8348 = ORIENTED_EDGE ( 'NONE', *, *, #11470, .F. ) ;
#8349 = VECTOR ( 'NONE', #7575, 1000.000000000000000 ) ;
#8350 = ORIENTED_EDGE ( 'NONE', *, *, #3412, .T. ) ;
#8351 = DIRECTION ( 'NONE',  ( 0.000000000000000000, 0.000000000000000000, -1.000000000000000000 ) ) ;
#8352 = EDGE_LOOP ( 'NONE', ( #3192, #7888, #5271, #1561 ) ) ;
#8353 = DIRECTION ( 'NONE',  ( -0.000000000000000000, -1.000000000000000000, -0.000000000000000000 ) ) ;
#8354 = LINE ( 'NONE', #3432, #5042 ) ;
#8355 = LINE ( 'NONE', #11947, #5262 ) ;
#8356 = CARTESIAN_POINT ( 'NONE',  ( 2.120000000000000551, 0.000000000000000000, 2.570000000000001616 ) ) ;
#8357 = VECTOR ( 'NONE', #7934, 1000.000000000000000 ) ;
#8358 = SURFACE_STYLE_FILL_AREA ( #9347 ) ;
#8359 = VECTOR ( 'NONE', #1394, 1000.000000000000000 ) ;
#8360 = PLANE ( 'NONE',  #9423 ) ;
#8361 = CARTESIAN_POINT ( 'NONE',  ( -1.619999999999999440, 0.1999999999999999833, 3.000000000000001776 ) ) ;
#8362 = EDGE_LOOP ( 'NONE', ( #9475, #711, #1281, #8872 ) ) ;
#8363 = VECTOR ( 'NONE', #8279, 1000.000000000000000 ) ;
#8364 = EDGE_LOOP ( 'NONE', ( #4655, #6779, #10211, #5749 ) ) ;
#8365 = ORIENTED_EDGE ( 'NONE', *, *, #3080, .F. ) ;
#8366 = AXIS2_PLACEMENT_3D ( 'NONE', #5275, #9044, #8109 ) ;
#8367 = AXIS2_PLACEMENT_3D ( 'NONE', #3958, #7710, #3606 ) ;
#8368 = CARTESIAN_POINT ( 'NONE',  ( -1.379999999999999227, 0.2000000000000005107, 2.999999999999998668 ) ) ;
#8369 = STYLED_ITEM ( 'NONE', ( #6656 ), #8723 ) ;
#8370 = CARTESIAN_POINT ( 'NONE',  ( -2.120000000000002327, 0.05000000000000000278, 2.138147540157461265E-15 ) ) ;
#8371 = AXIS2_PLACEMENT_3D ( 'NONE', #8820, #3955, #11653 ) ;
#8372 = DIRECTION ( 'NONE',  ( 0.000000000000000000, 0.000000000000000000, -1.000000000000000000 ) ) ;
#8373 = CARTESIAN_POINT ( 'NONE',  ( -0.3799999999999996714, 0.8000833275471003203, -2.570000000000001616 ) ) ;
#8374 = CARTESIAN_POINT ( 'NONE',  ( 3.000000000000000888, 0.04999999999999969746, -0.8799999999999996714 ) ) ;
#8375 = EDGE_CURVE ( 'NONE', #3951, #6493, #9576, .T. ) ;
#8376 = PRESENTATION_LAYER_ASSIGNMENT (  '', '', ( #6015 ) ) ;
#8377 = PLANE ( 'NONE',  #2839 ) ;
#8378 = VERTEX_POINT ( 'NONE', #1737 ) ;
#8379 = FACE_OUTER_BOUND ( 'NONE', #9607, .T. ) ;
#8380 = EDGE_CURVE ( 'NONE', #5769, #9715, #2658, .T. ) ;
#8381 = CIRCLE ( 'NONE', #10361, 0.1199999999999998845 ) ;
#8382 = VECTOR ( 'NONE', #10234, 1000.000000000000000 ) ;
#8383 = DIRECTION ( 'NONE',  ( -0.000000000000000000, -1.000000000000000000, -0.000000000000000000 ) ) ;
#8384 = ORIENTED_EDGE ( 'NONE', *, *, #10611, .T. ) ;
#8385 = DIRECTION ( 'NONE',  ( -1.000000000000000000, 0.000000000000000000, 0.000000000000000000 ) ) ;
#8386 = VECTOR ( 'NONE', #4060, 1000.000000000000000 ) ;
#8387 = ORIENTED_EDGE ( 'NONE', *, *, #2112, .F. ) ;
#8388 = MECHANICAL_DESIGN_GEOMETRIC_PRESENTATION_REPRESENTATION (  '', ( #2496 ), #310 ) ;
#8389 = PLANE ( 'NONE',  #2222 ) ;
#8390 = VECTOR ( 'NONE', #11303, 1000.000000000000000 ) ;
#8391 = CARTESIAN_POINT ( 'NONE',  ( -0.5000000000000000000, 0.2000000000000000111, 2.570000000000001616 ) ) ;
#8392 = CARTESIAN_POINT ( 'NONE',  ( -1.619999999999999885, 0.000000000000000000, 2.570000000000001616 ) ) ;
#8393 = DIRECTION ( 'NONE',  ( 1.000000000000000000, 0.000000000000000000, -0.000000000000000000 ) ) ;
#8394 = ORIENTED_EDGE ( 'NONE', *, *, #3439, .F. ) ;
#8395 = PLANE ( 'NONE',  #969 ) ;
#8396 =( GEOMETRIC_REPRESENTATION_CONTEXT ( 3 ) GLOBAL_UNCERTAINTY_ASSIGNED_CONTEXT ( ( #715 ) ) GLOBAL_UNIT_ASSIGNED_CONTEXT ( ( #7572, #10353, #7692 ) ) REPRESENTATION_CONTEXT ( 'NONE', 'WORKASPACE' ) );
#8397 = VECTOR ( 'NONE', #11244, 1000.000000000000000 ) ;
#8398 = ORIENTED_EDGE ( 'NONE', *, *, #8432, .F. ) ;
#8399 = PLANE ( 'NONE',  #2909 ) ;
#8400 = ORIENTED_EDGE ( 'NONE', *, *, #1634, .F. ) ;
#8401 =( NAMED_UNIT ( * ) PLANE_ANGLE_UNIT ( ) SI_UNIT ( $, .RADIAN. ) );
#8402 = FACE_OUTER_BOUND ( 'NONE', #619, .T. ) ;
#8403 = DIRECTION ( 'NONE',  ( 1.000000000000000000, 0.000000000000000000, 0.000000000000000000 ) ) ;
#8404 = DIRECTION ( 'NONE',  ( 0.000000000000000000, -0.000000000000000000, 1.000000000000000000 ) ) ;
#8405 = LINE ( 'NONE', #12178, #11181 ) ;
#8406 = LINE ( 'NONE', #1758, #11886 ) ;
#8407 = AXIS2_PLACEMENT_3D ( 'NONE', #11564, #10829, #6888 ) ;
#8408 = CARTESIAN_POINT ( 'NONE',  ( 1.500000000000000000, 0.04999999999999999584, 2.570000000000001616 ) ) ;
#8409 = LINE ( 'NONE', #3731, #2362 ) ;
#8410 = EDGE_CURVE ( 'NONE', #9270, #2223, #3522, .T. ) ;
#8411 = SURFACE_SIDE_STYLE ('',( #5564 ) ) ;
#8412 = CARTESIAN_POINT ( 'NONE',  ( -2.570000000000001172, 0.1999999999999999833, -1.879999999999999893 ) ) ;
#8413 = ORIENTED_EDGE ( 'NONE', *, *, #7225, .T. ) ;
#8414 = ORIENTED_EDGE ( 'NONE', *, *, #3582, .T. ) ;
#8415 = VERTEX_POINT ( 'NONE', #10177 ) ;
#8416 = EDGE_CURVE ( 'NONE', #1352, #10808, #5486, .T. ) ;
#8417 = ORIENTED_EDGE ( 'NONE', *, *, #5808, .F. ) ;
#8418 = FACE_OUTER_BOUND ( 'NONE', #7947, .T. ) ;
#8419 = VECTOR ( 'NONE', #11070, 1000.000000000000000 ) ;
#8420 = ORIENTED_EDGE ( 'NONE', *, *, #3597, .F. ) ;
#8421 = AXIS2_PLACEMENT_3D ( 'NONE', #7313, #840, #905 ) ;
#8422 = VECTOR ( 'NONE', #8216, 1000.000000000000000 ) ;
#8423 = DIRECTION ( 'NONE',  ( -0.000000000000000000, -1.000000000000000000, -0.000000000000000000 ) ) ;
#8424 = LINE ( 'NONE', #8603, #9371 ) ;
#8425 = CARTESIAN_POINT ( 'NONE',  ( -3.000000000000000888, 0.8000833275471006534, 1.880000000000000115 ) ) ;
#8426 = DIRECTION ( 'NONE',  ( 0.000000000000000000, -1.000000000000000000, 0.000000000000000000 ) ) ;
#8427 = SURFACE_STYLE_FILL_AREA ( #3864 ) ;
#8428 = DIRECTION ( 'NONE',  ( 0.000000000000000000, -1.000000000000000000, 0.000000000000000000 ) ) ;
#8429 = DIRECTION ( 'NONE',  ( -0.000000000000000000, -1.000000000000000000, -0.000000000000000000 ) ) ;
#8430 = VECTOR ( 'NONE', #6359, 1000.000000000000000 ) ;
#8431 = EDGE_LOOP ( 'NONE', ( #12220, #9436, #6121, #9114 ) ) ;
#8432 = EDGE_CURVE ( 'NONE', #1150, #10612, #1289, .T. ) ;
#8433 = VERTEX_POINT ( 'NONE', #3388 ) ;
#8434 = EDGE_CURVE ( 'NONE', #1337, #8025, #3211, .T. ) ;
#8435 = ORIENTED_EDGE ( 'NONE', *, *, #9978, .T. ) ;
#8436 = EDGE_CURVE ( 'NONE', #6785, #6640, #6229, .T. ) ;
#8437 = DIRECTION ( 'NONE',  ( 0.000000000000000000, 0.000000000000000000, -1.000000000000000000 ) ) ;
#8438 = VECTOR ( 'NONE', #7100, 1000.000000000000000 ) ;
#8439 = SURFACE_SIDE_STYLE ('',( #1094 ) ) ;
#8440 = CARTESIAN_POINT ( 'NONE',  ( 3.000000000000000888, 0.8000833275471006534, 0.3800000000000001155 ) ) ;
#8441 = CARTESIAN_POINT ( 'NONE',  ( 2.570000000000001172, 0.1999999999999999833, -0.6200000000000003286 ) ) ;
#8442 = LINE ( 'NONE', #9483, #4217 ) ;
#8443 = ORIENTED_EDGE ( 'NONE', *, *, #10371, .F. ) ;
#8444 = CARTESIAN_POINT ( 'NONE',  ( -1.379999999999999671, 0.05000000000000000278, 0.000000000000000000 ) ) ;
#8445 = ORIENTED_EDGE ( 'NONE', *, *, #3584, .T. ) ;
#8446 = AXIS2_PLACEMENT_3D ( 'NONE', #6673, #11348, #8687 ) ;
#8447 = CLOSED_SHELL ( 'NONE', ( #11931, #4547, #2322, #9402, #10747, #959 ) ) ;
#8448 = LINE ( 'NONE', #11970, #9631 ) ;
#8449 = EDGE_CURVE ( 'NONE', #1104, #1617, #9860, .T. ) ;
#8450 = ORIENTED_EDGE ( 'NONE', *, *, #7169, .T. ) ;
#8451 = CARTESIAN_POINT ( 'NONE',  ( 2.120000000000000551, 0.2000000000000005107, 2.999999999999998224 ) ) ;
#8452 = ORIENTED_EDGE ( 'NONE', *, *, #4297, .T. ) ;
#8453 = EDGE_CURVE ( 'NONE', #651, #956, #5163, .T. ) ;
#8454 = DIRECTION ( 'NONE',  ( 0.000000000000000000, 0.000000000000000000, 1.000000000000000000 ) ) ;
#8455 = PRESENTATION_LAYER_ASSIGNMENT (  '', '', ( #10034 ) ) ;
#8456 = CARTESIAN_POINT ( 'NONE',  ( -2.049999999999999822, 5.998275605729689097, 2.049999999999999378 ) ) ;
#8457 = CARTESIAN_POINT ( 'NONE',  ( 2.570000000000001172, 0.000000000000000000, -0.8799999999999998934 ) ) ;
#8458 = PLANE ( 'NONE',  #11892 ) ;
#8459 = VERTEX_POINT ( 'NONE', #7148 ) ;
#8460 = DIRECTION ( 'NONE',  ( -0.000000000000000000, -1.000000000000000000, -0.000000000000000000 ) ) ;
#8461 = ORIENTED_EDGE ( 'NONE', *, *, #2964, .F. ) ;
#8462 = EDGE_CURVE ( 'NONE', #12001, #5255, #10732, .T. ) ;
#8463 = ORIENTED_EDGE ( 'NONE', *, *, #7631, .F. ) ;
#8464 = SURFACE_SIDE_STYLE ('',( #12173 ) ) ;
#8465 = EDGE_CURVE ( 'NONE', #1717, #8610, #1306, .T. ) ;
#8466 = LINE ( 'NONE', #9618, #11350 ) ;
#8467 = PLANE ( 'NONE',  #10886 ) ;
#8468 = LINE ( 'NONE', #4709, #285 ) ;
#8469 = DIRECTION ( 'NONE',  ( 0.000000000000000000, 0.000000000000000000, 1.000000000000000000 ) ) ;
#8470 = DIRECTION ( 'NONE',  ( 0.000000000000000000, 1.000000000000000000, 0.000000000000000000 ) ) ;
#8471 = DIRECTION ( 'NONE',  ( -0.000000000000000000, -1.000000000000000000, -0.000000000000000000 ) ) ;
#8472 = CARTESIAN_POINT ( 'NONE',  ( 0.5000000000000000000, 0.8000833275471003203, 2.450000000000001510 ) ) ;
#8473 = FILL_AREA_STYLE_COLOUR ( '', #5601 ) ;
#8474 = ORIENTED_EDGE ( 'NONE', *, *, #2484, .F. ) ;
#8475 = EDGE_LOOP ( 'NONE', ( #10956, #2932, #6352, #833 ) ) ;
#8476 = EDGE_LOOP ( 'NONE', ( #2494, #4369, #2268, #10780 ) ) ;
#8477 = VERTEX_POINT ( 'NONE', #7832 ) ;
#8478 = DIRECTION ( 'NONE',  ( -1.000000000000000000, 0.000000000000000000, 0.000000000000000000 ) ) ;
#8479 = ORIENTED_EDGE ( 'NONE', *, *, #2703, .F. ) ;
#8480 = DIRECTION ( 'NONE',  ( 0.000000000000000000, 1.000000000000000000, 0.000000000000000000 ) ) ;
#8481 = CARTESIAN_POINT ( 'NONE',  ( 1.380000000000000560, 0.2000000000000000111, 3.000000000000001776 ) ) ;
#8482 = LINE ( 'NONE', #3925, #7822 ) ;
#8483 = LINE ( 'NONE', #8605, #3197 ) ;
#8484 = EDGE_CURVE ( 'NONE', #5244, #11941, #484, .T. ) ;
#8485 = ADVANCED_FACE ( 'NONE', ( #11651 ), #7949, .F. ) ;
#8486 = CARTESIAN_POINT ( 'NONE',  ( -2.120000000000000107, 0.000000000000000000, 2.570000000000001616 ) ) ;
#8487 = DIRECTION ( 'NONE',  ( -1.000000000000000000, 0.000000000000000000, 0.000000000000000000 ) ) ;
#8488 = MANIFOLD_SOLID_BREP ( 'LPattern3[11]', #6679 ) ;
#8489 = EDGE_LOOP ( 'NONE', ( #3579, #4525, #8813, #3370 ) ) ;
#8490 = ORIENTED_EDGE ( 'NONE', *, *, #4599, .T. ) ;
#8491 = VERTEX_POINT ( 'NONE', #8995 ) ;
#8492 = ORIENTED_EDGE ( 'NONE', *, *, #9126, .T. ) ;
#8493 = EDGE_CURVE ( 'NONE', #6970, #10710, #553, .T. ) ;
#8494 = LINE ( 'NONE', #5900, #6392 ) ;
#8495 = LINE ( 'NONE', #36, #293 ) ;
#8496 = ADVANCED_FACE ( 'NONE', ( #6916 ), #10911, .T. ) ;
#8497 =( NAMED_UNIT ( * ) SI_UNIT ( $, .STERADIAN. ) SOLID_ANGLE_UNIT ( ) );
#8498 = FACE_OUTER_BOUND ( 'NONE', #11860, .T. ) ;
#8499 = CARTESIAN_POINT ( 'NONE',  ( -1.379999999999999893, 0.2000000000000000111, 2.570000000000001616 ) ) ;
#8500 = EDGE_CURVE ( 'NONE', #4098, #4539, #7977, .T. ) ;
#8501 = EDGE_CURVE ( 'NONE', #6482, #10958, #9733, .T. ) ;
#8502 = CARTESIAN_POINT ( 'NONE',  ( 1.120000000000000329, 0.04999999999999999584, -2.570000000000001616 ) ) ;
#8503 = ORIENTED_EDGE ( 'NONE', *, *, #10756, .T. ) ;
#8504 = LINE ( 'NONE', #6534, #8544 ) ;
#8505 = ORIENTED_EDGE ( 'NONE', *, *, #2106, .T. ) ;
#8506 = VECTOR ( 'NONE', #9647, 1000.000000000000000 ) ;
#8507 = FACE_OUTER_BOUND ( 'NONE', #9282, .T. ) ;
#8508 = ORIENTED_EDGE ( 'NONE', *, *, #1833, .T. ) ;
#8509 = FACE_OUTER_BOUND ( 'NONE', #8827, .T. ) ;
#8510 = ORIENTED_EDGE ( 'NONE', *, *, #111, .F. ) ;
#8511 = LINE ( 'NONE', #4008, #3927 ) ;
#8512 = AXIS2_PLACEMENT_3D ( 'NONE', #2057, #4889, #12176 ) ;
#8513 = FACE_OUTER_BOUND ( 'NONE', #9966, .T. ) ;
#8514 = CARTESIAN_POINT ( 'NONE',  ( -2.570000000000001172, 0.000000000000000000, 0.000000000000000000 ) ) ;
#8515 = DIRECTION ( 'NONE',  ( 0.000000000000000000, 1.000000000000000000, 0.000000000000000000 ) ) ;
#8516 = FACE_OUTER_BOUND ( 'NONE', #5150, .T. ) ;
#8517 = ORIENTED_EDGE ( 'NONE', *, *, #9683, .F. ) ;
#8518 = DIRECTION ( 'NONE',  ( -0.000000000000000000, -1.000000000000000000, -0.000000000000000000 ) ) ;
#8519 = VECTOR ( 'NONE', #555, 1000.000000000000000 ) ;
#8520 = VERTEX_POINT ( 'NONE', #3568 ) ;
#8521 = VERTEX_POINT ( 'NONE', #6526 ) ;
#8522 =( NAMED_UNIT ( * ) SI_UNIT ( $, .STERADIAN. ) SOLID_ANGLE_UNIT ( ) );
#8523 = FILL_AREA_STYLE_COLOUR ( '', #12167 ) ;
#8524 = CARTESIAN_POINT ( 'NONE',  ( 2.570000000000001172, 0.05000000000000002359, 1.379999999999999671 ) ) ;
#8525 = CARTESIAN_POINT ( 'NONE',  ( 2.570000000000001172, 0.000000000000000000, 0.6200000000000001066 ) ) ;
#8526 = DIRECTION ( 'NONE',  ( 0.000000000000000000, 0.000000000000000000, -1.000000000000000000 ) ) ;
#8527 = CARTESIAN_POINT ( 'NONE',  ( 1.500000000000000000, 0.8000833275471003203, 2.570000000000001616 ) ) ;
#8528 = VECTOR ( 'NONE', #4923, 1000.000000000000000 ) ;
#8529 = FACE_OUTER_BOUND ( 'NONE', #47, .T. ) ;
#8530 = VERTEX_POINT ( 'NONE', #8124 ) ;
#8531 = ORIENTED_EDGE ( 'NONE', *, *, #2324, .F. ) ;
#8532 = VERTEX_POINT ( 'NONE', #7324 ) ;
#8533 = EDGE_CURVE ( 'NONE', #11175, #6396, #9116, .T. ) ;
#8534 = ORIENTED_EDGE ( 'NONE', *, *, #4883, .T. ) ;
#8535 = DIRECTION ( 'NONE',  ( -0.000000000000000000, -0.000000000000000000, -1.000000000000000000 ) ) ;
#8536 = ORIENTED_EDGE ( 'NONE', *, *, #3970, .F. ) ;
#8537 = VECTOR ( 'NONE', #182, 1000.000000000000000 ) ;
#8538 = CARTESIAN_POINT ( 'NONE',  ( 3.000000000000000888, 0.1999999999999999833, 0.6200000000000003286 ) ) ;
#8539 = DIRECTION ( 'NONE',  ( -1.000000000000000000, 0.000000000000000000, -5.042800802258162337E-16 ) ) ;
#8540 = PRESENTATION_STYLE_ASSIGNMENT (( #9413 ) ) ;
#8541 = DIRECTION ( 'NONE',  ( 0.000000000000000000, 1.000000000000000000, -0.000000000000000000 ) ) ;
#8542 = CARTESIAN_POINT ( 'NONE',  ( 0.5000000000000000000, 0.000000000000000000, -2.570000000000001616 ) ) ;
#8543 = CARTESIAN_POINT ( 'NONE',  ( -3.000000000000000888, 0.8000833275471006534, 0.6200000000000003286 ) ) ;
#8545 = CARTESIAN_POINT ( 'NONE',  ( -2.000000000000000000, 0.2000000000000000111, -2.570000000000001616 ) ) ;
#8544 = VECTOR ( 'NONE', #6594, 1000.000000000000000 ) ;
#8546 = AXIS2_PLACEMENT_3D ( 'NONE', #5533, #3017, #5659 ) ;
#8547 = ORIENTED_EDGE ( 'NONE', *, *, #3044, .F. ) ;
#8548 = VERTEX_POINT ( 'NONE', #11093 ) ;
#8549 = EDGE_LOOP ( 'NONE', ( #3104, #11953, #11002, #2600 ) ) ;
#8550 = VERTEX_POINT ( 'NONE', #7212 ) ;
#8551 = EDGE_CURVE ( 'NONE', #5284, #8959, #10045, .T. ) ;
#8552 = CARTESIAN_POINT ( 'NONE',  ( -3.000000000000000888, 0.8000833275471006534, 0.1200000000000003147 ) ) ;
#8553 = AXIS2_PLACEMENT_3D ( 'NONE', #7689, #3994, #10475 ) ;
#8554 = AXIS2_PLACEMENT_3D ( 'NONE', #4549, #1713, #5338 ) ;
#8555 = CARTESIAN_POINT ( 'NONE',  ( -3.000000000000000888, 0.04999999999999969746, 2.120000000000000551 ) ) ;
#8556 = CARTESIAN_POINT ( 'NONE',  ( 2.999999999999999112, 0.9999999999999991118, -3.000000000000001776 ) ) ;
#8557 = EDGE_CURVE ( 'NONE', #6461, #2467, #9056, .T. ) ;
#8558 = EDGE_CURVE ( 'NONE', #3792, #9200, #10230, .T. ) ;
#8559 = PLANE ( 'NONE',  #7152 ) ;
#8560 = DIRECTION ( 'NONE',  ( 0.000000000000000000, 1.000000000000000000, 0.000000000000000000 ) ) ;
#8561 = DIRECTION ( 'NONE',  ( -0.000000000000000000, -1.000000000000000000, 0.000000000000000000 ) ) ;
#8562 = ORIENTED_EDGE ( 'NONE', *, *, #10644, .T. ) ;
#8563 = EDGE_CURVE ( 'NONE', #346, #4926, #2589, .T. ) ;
#8564 = VERTEX_POINT ( 'NONE', #9299 ) ;
#8565 = DIRECTION ( 'NONE',  ( -1.000000000000000000, 0.000000000000000000, 5.042800802258162337E-16 ) ) ;
#8566 = VECTOR ( 'NONE', #948, 1000.000000000000000 ) ;
#8567 = EDGE_CURVE ( 'NONE', #4074, #5456, #10977, .T. ) ;
#8568 = VERTEX_POINT ( 'NONE', #851 ) ;
#8569 = DIRECTION ( 'NONE',  ( 0.000000000000000000, -1.000000000000000000, 0.000000000000000000 ) ) ;
#8570 = ORIENTED_EDGE ( 'NONE', *, *, #850, .T. ) ;
#8571 = CARTESIAN_POINT ( 'NONE',  ( -3.000000000000000888, 0.1999999999999999833, 1.120000000000000329 ) ) ;
#8572 = AXIS2_PLACEMENT_3D ( 'NONE', #9686, #313, #5988 ) ;
#8573 = AXIS2_PLACEMENT_3D ( 'NONE', #10051, #10237, #10174 ) ;
#8574 = DIRECTION ( 'NONE',  ( 0.000000000000000000, 1.000000000000000000, 0.000000000000000000 ) ) ;
#8575 = CARTESIAN_POINT ( 'NONE',  ( 3.000000000000000888, 0.8000833275471006534, 1.880000000000000115 ) ) ;
#8576 = DIRECTION ( 'NONE',  ( 0.000000000000000000, 1.000000000000000000, 0.000000000000000000 ) ) ;
#8577 = CARTESIAN_POINT ( 'NONE',  ( 1.120000000000000329, 0.000000000000000000, -3.000000000000001776 ) ) ;
#8578 = VECTOR ( 'NONE', #9620, 1000.000000000000000 ) ;
#8579 = AXIS2_PLACEMENT_3D ( 'NONE', #5773, #7691, #4792 ) ;
#8580 = FILL_AREA_STYLE_COLOUR ( '', #3330 ) ;
#8581 = EDGE_LOOP ( 'NONE', ( #10127, #6202, #10637, #5534 ) ) ;
#8582 = VECTOR ( 'NONE', #9584, 1000.000000000000000 ) ;
#8583 = ORIENTED_EDGE ( 'NONE', *, *, #884, .F. ) ;
#8584 = VECTOR ( 'NONE', #556, 1000.000000000000000 ) ;
#8585 = SURFACE_STYLE_USAGE ( .BOTH. , #8464 ) ;
#8586 = DIRECTION ( 'NONE',  ( 1.000000000000000000, 0.000000000000000000, 1.057758217059028854E-16 ) ) ;
#8587 = CARTESIAN_POINT ( 'NONE',  ( -1.500000000000000000, 0.2000000000000000111, -2.570000000000001616 ) ) ;
#8588 = CARTESIAN_POINT ( 'NONE',  ( 1.379999999999997451, 0.05000000000000000278, 1.391813021423248920E-15 ) ) ;
#8589 = DIRECTION ( 'NONE',  ( -0.000000000000000000, -0.000000000000000000, -1.000000000000000000 ) ) ;
#8590 = LINE ( 'NONE', #2866, #3875 ) ;
#8591 = DIRECTION ( 'NONE',  ( 1.008560160451631481E-15, 0.000000000000000000, -1.000000000000000000 ) ) ;
#8592 = VECTOR ( 'NONE', #4253, 1000.000000000000000 ) ;
#8593 = EDGE_LOOP ( 'NONE', ( #1885, #3069, #6448, #7468 ) ) ;
#8594 = VECTOR ( 'NONE', #11994, 1000.000000000000000 ) ;
#8595 = ORIENTED_EDGE ( 'NONE', *, *, #7728, .F. ) ;
#8596 = ORIENTED_EDGE ( 'NONE', *, *, #1239, .T. ) ;
#8597 = ORIENTED_EDGE ( 'NONE', *, *, #598, .F. ) ;
#8598 = PLANE ( 'NONE',  #732 ) ;
#8599 = ORIENTED_EDGE ( 'NONE', *, *, #4723, .T. ) ;
#8600 = EDGE_CURVE ( 'NONE', #8696, #11191, #2772, .T. ) ;
#8601 = LINE ( 'NONE', #146, #11713 ) ;
#8602 = VECTOR ( 'NONE', #1406, 1000.000000000000000 ) ;
#8603 = CARTESIAN_POINT ( 'NONE',  ( 3.000000000000000888, 0.1999999999999999833, 0.8800000000000001155 ) ) ;
#8604 = CARTESIAN_POINT ( 'NONE',  ( -0.8799999999999996714, 0.1999999999999999833, 3.000000000000001776 ) ) ;
#8605 = CARTESIAN_POINT ( 'NONE',  ( -1.379999999999999671, 0.000000000000000000, 2.570000000000001616 ) ) ;
#8606 = ADVANCED_FACE ( 'NONE', ( #3625 ), #2714, .T. ) ;
#8607 = DIRECTION ( 'NONE',  ( 1.000000000000000000, 0.000000000000000000, 5.042800802258162337E-16 ) ) ;
#8608 = DIRECTION ( 'NONE',  ( -0.000000000000000000, -0.000000000000000000, -1.000000000000000000 ) ) ;
#8609 = ORIENTED_EDGE ( 'NONE', *, *, #2613, .T. ) ;
#8610 = VERTEX_POINT ( 'NONE', #10286 ) ;
#8611 = ORIENTED_EDGE ( 'NONE', *, *, #10089, .F. ) ;
#8612 = AXIS2_PLACEMENT_3D ( 'NONE', #1710, #12062, #3501 ) ;
#8613 = CIRCLE ( 'NONE', #939, 0.1199999999999999956 ) ;
#8614 = ORIENTED_EDGE ( 'NONE', *, *, #5283, .F. ) ;
#8615 = DIRECTION ( 'NONE',  ( 0.000000000000000000, 0.000000000000000000, -1.000000000000000000 ) ) ;
#8616 = LINE ( 'NONE', #11268, #3852 ) ;
#8617 = LINE ( 'NONE', #6717, #7995 ) ;
#8618 = FILL_AREA_STYLE_COLOUR ( '', #6049 ) ;
#8619 = PLANE ( 'NONE',  #8727 ) ;
#8620 = CARTESIAN_POINT ( 'NONE',  ( -3.000000000000000888, 0.8000833275471006534, 1.620000000000000329 ) ) ;
#8621 = DIRECTION ( 'NONE',  ( 1.000000000000000000, 0.000000000000000000, -1.008560160451631481E-15 ) ) ;
#8622 = ORIENTED_EDGE ( 'NONE', *, *, #3352, .F. ) ;
#8623 = VERTEX_POINT ( 'NONE', #1655 ) ;
#8624 = CARTESIAN_POINT ( 'NONE',  ( -3.000000000000000888, 0.1999999999999999833, -0.8799999999999996714 ) ) ;
#8625 = VECTOR ( 'NONE', #11056, 1000.000000000000000 ) ;
#8626 = ORIENTED_EDGE ( 'NONE', *, *, #6800, .T. ) ;
#8627 = CARTESIAN_POINT ( 'NONE',  ( -2.570000000000001172, 0.1999999999999999833, 0.8800000000000000044 ) ) ;
#8628 = ORIENTED_EDGE ( 'NONE', *, *, #1624, .F. ) ;
#8629 = PLANE ( 'NONE',  #4922 ) ;
#8630 = CARTESIAN_POINT ( 'NONE',  ( -1.379999999999999671, 0.2000000000000000111, -2.570000000000001616 ) ) ;
#8631 = DIRECTION ( 'NONE',  ( -1.000000000000000000, 0.000000000000000000, -5.042800802258162337E-16 ) ) ;
#8632 = PLANE ( 'NONE',  #1744 ) ;
#8633 = LINE ( 'NONE', #12162, #7752 ) ;
#8634 = CIRCLE ( 'NONE', #3517, 0.1199999999999998845 ) ;
#8635 = CLOSED_SHELL ( 'NONE', ( #9553, #10249, #8863, #1332, #4107, #9468 ) ) ;
#8636 = EDGE_CURVE ( 'NONE', #212, #2011, #670, .T. ) ;
#8637 = EDGE_CURVE ( 'NONE', #6354, #6109, #1841, .T. ) ;
#8638 = LINE ( 'NONE', #1235, #1156 ) ;
#8639 = ORIENTED_EDGE ( 'NONE', *, *, #9011, .T. ) ;
#8640 = AXIS2_PLACEMENT_3D ( 'NONE', #8284, #707, #889 ) ;
#8641 = ORIENTED_EDGE ( 'NONE', *, *, #2925, .F. ) ;
#8642 = ADVANCED_FACE ( 'NONE', ( #1721 ), #4615, .F. ) ;
#8643 = CARTESIAN_POINT ( 'NONE',  ( -1.119999999999999885, 0.000000000000000000, 2.570000000000001616 ) ) ;
#8644 = EDGE_CURVE ( 'NONE', #6, #78, #8245, .T. ) ;
#8645 = FACE_OUTER_BOUND ( 'NONE', #10269, .T. ) ;
#8646 = LINE ( 'NONE', #11366, #2471 ) ;
#8647 = EDGE_CURVE ( 'NONE', #11917, #10358, #7272, .T. ) ;
#8648 = CARTESIAN_POINT ( 'NONE',  ( 0.8800000000000005596, 0.8000833275471003203, 3.000000000000001776 ) ) ;
#8649 = CARTESIAN_POINT ( 'NONE',  ( -0.6199999999999998845, 0.000000000000000000, 2.570000000000001616 ) ) ;
#8650 = CARTESIAN_POINT ( 'NONE',  ( -3.000000000000000888, 0.000000000000000000, -0.8799999999999996714 ) ) ;
#8651 = LINE ( 'NONE', #10571, #4907 ) ;
#8652 = ADVANCED_FACE ( 'NONE', ( #6288 ), #7456, .T. ) ;
#8653 = ORIENTED_EDGE ( 'NONE', *, *, #9861, .T. ) ;
#8654 = AXIS2_PLACEMENT_3D ( 'NONE', #9902, #536, #1641 ) ;
#8655 = EDGE_LOOP ( 'NONE', ( #7384, #901, #11456, #6071, #7017 ) ) ;
#8656 = ORIENTED_EDGE ( 'NONE', *, *, #9846, .T. ) ;
#8657 = VERTEX_POINT ( 'NONE', #10102 ) ;
#8658 = LINE ( 'NONE', #201, #8200 ) ;
#8659 = VERTEX_POINT ( 'NONE', #736 ) ;
#8660 = EDGE_CURVE ( 'NONE', #10959, #1218, #10166, .T. ) ;
#8661 = LINE ( 'NONE', #5573, #6799 ) ;
#8662 = CARTESIAN_POINT ( 'NONE',  ( 1.620000000000000329, 0.8000833275471003203, 2.570000000000001616 ) ) ;
#8663 = DIRECTION ( 'NONE',  ( -1.000000000000000000, 0.000000000000000000, 0.000000000000000000 ) ) ;
#8664 = PLANE ( 'NONE',  #2795 ) ;
#8665 = CARTESIAN_POINT ( 'NONE',  ( 2.999999999999999112, 0.2000000000000005107, 1.879999999999999671 ) ) ;
#8666 = DIRECTION ( 'NONE',  ( 0.000000000000000000, -0.000000000000000000, 1.000000000000000000 ) ) ;
#8667 = VERTEX_POINT ( 'NONE', #10413 ) ;
#8668 = ORIENTED_EDGE ( 'NONE', *, *, #10848, .F. ) ;
#8669 = VERTEX_POINT ( 'NONE', #9424 ) ;
#8670 = ORIENTED_EDGE ( 'NONE', *, *, #5239, .F. ) ;
#8671 = PLANE ( 'NONE',  #8553 ) ;
#8672 = CARTESIAN_POINT ( 'NONE',  ( 3.000000000000000888, 0.000000000000000000, 1.880000000000000115 ) ) ;
#8673 = CARTESIAN_POINT ( 'NONE',  ( -1.500000000000000000, 0.1999999999999999833, -2.570000000000001616 ) ) ;
#8674 = DIRECTION ( 'NONE',  ( 0.000000000000000000, -1.000000000000000000, 0.000000000000000000 ) ) ;
#8675 = CARTESIAN_POINT ( 'NONE',  ( 3.000000000000000888, 0.8000833275471006534, -1.619999999999999885 ) ) ;
#8676 = LINE ( 'NONE', #5964, #4260 ) ;
#8677 = DIRECTION ( 'NONE',  ( 1.000000000000000000, -0.000000000000000000, 1.008560160451631481E-15 ) ) ;
#8678 = ORIENTED_EDGE ( 'NONE', *, *, #2991, .F. ) ;
#8679 = ORIENTED_EDGE ( 'NONE', *, *, #4855, .F. ) ;
#8680 = EDGE_CURVE ( 'NONE', #8870, #1124, #8616, .T. ) ;
#8681 = CARTESIAN_POINT ( 'NONE',  ( 2.570000000000001172, 0.05000000000000002359, -1.120000000000000329 ) ) ;
#8682 = ADVANCED_FACE ( 'NONE', ( #3809 ), #10476, .T. ) ;
#8683 = ORIENTED_EDGE ( 'NONE', *, *, #6920, .T. ) ;
#8684 = DIRECTION ( 'NONE',  ( 1.000000000000000000, -0.000000000000000000, -1.445602896647339163E-16 ) ) ;
#8685 = VERTEX_POINT ( 'NONE', #9600 ) ;
#8686 = EDGE_CURVE ( 'NONE', #5651, #12067, #7632, .T. ) ;
#8687 = DIRECTION ( 'NONE',  ( 0.000000000000000000, -0.000000000000000000, 1.000000000000000000 ) ) ;
#8688 = LINE ( 'NONE', #233, #6827 ) ;
#8689 = DIRECTION ( 'NONE',  ( -1.000000000000000000, 0.000000000000000000, 1.445602896647339163E-16 ) ) ;
#8690 = LINE ( 'NONE', #180, #8578 ) ;
#8691 = CARTESIAN_POINT ( 'NONE',  ( 2.570000000000000284, 0.000000000000000000, -2.000000000000000444 ) ) ;
#8692 = DIRECTION ( 'NONE',  ( -0.000000000000000000, -1.000000000000000000, -0.000000000000000000 ) ) ;
#8693 = VECTOR ( 'NONE', #10771, 1000.000000000000000 ) ;
#8694 = LINE ( 'NONE', #1055, #364 ) ;
#8695 = VERTEX_POINT ( 'NONE', #9362 ) ;
#8696 = VERTEX_POINT ( 'NONE', #7571 ) ;
#8697 = PRESENTATION_LAYER_ASSIGNMENT (  '', '', ( #11465 ) ) ;
#8698 = EDGE_CURVE ( 'NONE', #7794, #1435, #8495, .T. ) ;
#8699 = EDGE_CURVE ( 'NONE', #1650, #6505, #9531, .T. ) ;
#8700 = CARTESIAN_POINT ( 'NONE',  ( -2.000000000000000000, 0.2000000000000000111, -2.570000000000001616 ) ) ;
#8701 = LINE ( 'NONE', #9131, #4182 ) ;
#8702 = LINE ( 'NONE', #247, #6611 ) ;
#8703 = DIRECTION ( 'NONE',  ( 0.000000000000000000, 0.000000000000000000, -1.000000000000000000 ) ) ;
#8704 = LINE ( 'NONE', #10569, #7545 ) ;
#8705 = EDGE_CURVE ( 'NONE', #5598, #2627, #5839, .T. ) ;
#8706 = DIRECTION ( 'NONE',  ( 0.000000000000000000, 1.000000000000000000, 0.000000000000000000 ) ) ;
#8707 = ORIENTED_EDGE ( 'NONE', *, *, #10418, .F. ) ;
#8708 = ADVANCED_FACE ( 'NONE', ( #4680 ), #1910, .T. ) ;
#8709 = ORIENTED_EDGE ( 'NONE', *, *, #7366, .F. ) ;
#8710 = EDGE_LOOP ( 'NONE', ( #2173, #10511, #3804, #3703 ) ) ;
#8711 = ORIENTED_EDGE ( 'NONE', *, *, #9285, .T. ) ;
#8712 = PLANE ( 'NONE',  #8796 ) ;
#8713 = ORIENTED_EDGE ( 'NONE', *, *, #8942, .F. ) ;
#8714 = SURFACE_STYLE_USAGE ( .BOTH. , #4957 ) ;
#8715 = CIRCLE ( 'NONE', #447, 0.1199999999999998845 ) ;
#8716 = CYLINDRICAL_SURFACE ( 'NONE', #3465, 0.1199999999999998845 ) ;
#8717 = DIRECTION ( 'NONE',  ( -0.000000000000000000, -1.000000000000000000, -0.000000000000000000 ) ) ;
#8718 = DIRECTION ( 'NONE',  ( 1.000000000000000000, 0.000000000000000000, 1.008560160451631481E-15 ) ) ;
#8719 = EDGE_CURVE ( 'NONE', #1047, #391, #10599, .T. ) ;
#8720 = LINE ( 'NONE', #265, #1518 ) ;
#8721 = DIRECTION ( 'NONE',  ( 0.000000000000000000, 0.000000000000000000, 1.000000000000000000 ) ) ;
#8722 = CARTESIAN_POINT ( 'NONE',  ( 0.6200000000000003286, 0.8000833275471003203, -3.000000000000001776 ) ) ;
#8723 = MANIFOLD_SOLID_BREP ( 'LPattern3[9]', #1346 ) ;
#8724 = VERTEX_POINT ( 'NONE', #2827 ) ;
#8725 = VERTEX_POINT ( 'NONE', #5653 ) ;
#8726 = ORIENTED_EDGE ( 'NONE', *, *, #4645, .T. ) ;
#8727 = AXIS2_PLACEMENT_3D ( 'NONE', #283, #354, #4062 ) ;
#8728 = ORIENTED_EDGE ( 'NONE', *, *, #8146, .T. ) ;
#8729 = CARTESIAN_POINT ( 'NONE',  ( -3.000000000000000888, 0.000000000000000000, -0.3799999999999996714 ) ) ;
#8730 = LINE ( 'NONE', #2214, #1284 ) ;
#8731 = LINE ( 'NONE', #8318, #6028 ) ;
#8732 = LINE ( 'NONE', #6772, #10573 ) ;
#8733 = AXIS2_PLACEMENT_3D ( 'NONE', #10061, #2492, #4634 ) ;
#8734 = FACE_OUTER_BOUND ( 'NONE', #6662, .T. ) ;
#8735 = DIRECTION ( 'NONE',  ( 0.000000000000000000, 0.000000000000000000, 1.000000000000000000 ) ) ;
#8736 = DIRECTION ( 'NONE',  ( 0.000000000000000000, 0.000000000000000000, -1.000000000000000000 ) ) ;
#8737 = ORIENTED_EDGE ( 'NONE', *, *, #10467, .F. ) ;
#8738 = ORIENTED_EDGE ( 'NONE', *, *, #6672, .F. ) ;
#8739 = ORIENTED_EDGE ( 'NONE', *, *, #5937, .T. ) ;
#8740 = DIRECTION ( 'NONE',  ( 0.000000000000000000, 0.000000000000000000, -1.000000000000000000 ) ) ;
#8741 = VECTOR ( 'NONE', #5473, 1000.000000000000000 ) ;
#8742 = AXIS2_PLACEMENT_3D ( 'NONE', #11099, #6293, #11966 ) ;
#8743 = VERTEX_POINT ( 'NONE', #11507 ) ;
#8744 = LINE ( 'NONE', #1287, #5194 ) ;
#8745 = EDGE_LOOP ( 'NONE', ( #6728, #1560, #11834, #11922 ) ) ;
#8746 = DIRECTION ( 'NONE',  ( 1.008560160451631481E-15, 0.000000000000000000, -1.000000000000000000 ) ) ;
#8747 = ADVANCED_FACE ( 'NONE', ( #98 ), #1974, .F. ) ;
#8748 = ADVANCED_FACE ( 'NONE', ( #3938 ), #217, .F. ) ;
#8749 = DIRECTION ( 'NONE',  ( 0.000000000000000000, 0.000000000000000000, -1.000000000000000000 ) ) ;
#8750 = FACE_OUTER_BOUND ( 'NONE', #6383, .T. ) ;
#8751 = CARTESIAN_POINT ( 'NONE',  ( -3.000000000000000888, 0.8000833275471006534, -0.6199999999999998845 ) ) ;
#8752 = LINE ( 'NONE', #181, #1942 ) ;
#8753 = DIRECTION ( 'NONE',  ( -0.000000000000000000, -1.000000000000000000, -0.000000000000000000 ) ) ;
#8754 = EDGE_CURVE ( 'NONE', #7052, #3607, #9905, .T. ) ;
#8755 = VECTOR ( 'NONE', #10969, 1000.000000000000000 ) ;
#8756 = DIRECTION ( 'NONE',  ( 1.000000000000000000, 0.000000000000000000, -5.042800802258162337E-16 ) ) ;
#8757 = VECTOR ( 'NONE', #1998, 1000.000000000000000 ) ;
#8758 = FACE_OUTER_BOUND ( 'NONE', #3763, .T. ) ;
#8759 = ORIENTED_EDGE ( 'NONE', *, *, #3334, .T. ) ;
#8760 = PRESENTATION_LAYER_ASSIGNMENT (  '', '', ( #11723 ) ) ;
#8761 = ORIENTED_EDGE ( 'NONE', *, *, #10114, .T. ) ;
#8762 = AXIS2_PLACEMENT_3D ( 'NONE', #11658, #3396, #9741 ) ;
#8763 = SURFACE_STYLE_FILL_AREA ( #4942 ) ;
#8764 = MANIFOLD_SOLID_BREP ( 'Boss-Extrude2[2]', #10027 ) ;
#8765 = CARTESIAN_POINT ( 'NONE',  ( -2.000000000000000000, 0.2000000000000000111, -2.570000000000001616 ) ) ;
#8766 = VECTOR ( 'NONE', #2663, 1000.000000000000000 ) ;
#8767 = CARTESIAN_POINT ( 'NONE',  ( 2.000000000000000000, 0.04999999999999999584, 2.570000000000001616 ) ) ;
#8768 = DIRECTION ( 'NONE',  ( 0.000000000000000000, 1.000000000000000000, 0.000000000000000000 ) ) ;
#8769 = DIRECTION ( 'NONE',  ( 0.000000000000000000, 0.000000000000000000, 1.000000000000000000 ) ) ;
#8770 = CARTESIAN_POINT ( 'NONE',  ( -2.570000000000001172, 0.1999999999999999833, 0.5000000000000000000 ) ) ;
#8771 = AXIS2_PLACEMENT_3D ( 'NONE', #3076, #281, #2094 ) ;
#8772 = ORIENTED_EDGE ( 'NONE', *, *, #6320, .T. ) ;
#8773 = ORIENTED_EDGE ( 'NONE', *, *, #257, .F. ) ;
#8774 = ORIENTED_EDGE ( 'NONE', *, *, #3908, .T. ) ;
#8775 = AXIS2_PLACEMENT_3D ( 'NONE', #11623, #1322, #10646 ) ;
#8776 = AXIS2_PLACEMENT_3D ( 'NONE', #1790, #7574, #11156 ) ;
#8777 = ORIENTED_EDGE ( 'NONE', *, *, #5159, .F. ) ;
#8778 = CARTESIAN_POINT ( 'NONE',  ( -3.000000000000000888, 0.8000833275471006534, -1.119999999999999885 ) ) ;
#8779 = ORIENTED_EDGE ( 'NONE', *, *, #7224, .T. ) ;
#8780 = LINE ( 'NONE', #329, #9737 ) ;
#8781 = PLANE ( 'NONE',  #4057 ) ;
#8782 = CARTESIAN_POINT ( 'NONE',  ( -0.1199999999999998845, 0.1999999999999999833, 2.570000000000001616 ) ) ;
#8783 = ADVANCED_FACE ( 'NONE', ( #11636 ), #11694, .T. ) ;
#8784 = DIRECTION ( 'NONE',  ( 1.008560160451631481E-15, 0.000000000000000000, -1.000000000000000000 ) ) ;
#8785 = VECTOR ( 'NONE', #1416, 1000.000000000000000 ) ;
#8786 = VECTOR ( 'NONE', #5057, 1000.000000000000000 ) ;
#8787 = CARTESIAN_POINT ( 'NONE',  ( 2.570000000000001172, 0.05000000000000002359, -0.6200000000000003286 ) ) ;
#8788 = CARTESIAN_POINT ( 'NONE',  ( -2.000000000000000000, 0.2000000000000000111, 2.570000000000001616 ) ) ;
#8789 = LINE ( 'NONE', #4113, #8359 ) ;
#8790 = ORIENTED_EDGE ( 'NONE', *, *, #8055, .T. ) ;
#8791 = EDGE_CURVE ( 'NONE', #5369, #3872, #8730, .T. ) ;
#8792 = ORIENTED_EDGE ( 'NONE', *, *, #11158, .T. ) ;
#8793 = ORIENTED_EDGE ( 'NONE', *, *, #8644, .F. ) ;
#8794 = ORIENTED_EDGE ( 'NONE', *, *, #7954, .F. ) ;
#8795 = VECTOR ( 'NONE', #2649, 1000.000000000000000 ) ;
#8796 = AXIS2_PLACEMENT_3D ( 'NONE', #7674, #258, #11621 ) ;
#8797 = DIRECTION ( 'NONE',  ( -0.000000000000000000, -0.000000000000000000, 1.000000000000000000 ) ) ;
#8798 = CARTESIAN_POINT ( 'NONE',  ( 0.000000000000000000, 0.000000000000000000, 0.000000000000000000 ) ) ;
#8799 = CARTESIAN_POINT ( 'NONE',  ( -2.300000000000000711, 1.000000000000000000, -2.050000000000000711 ) ) ;
#8800 = ADVANCED_FACE ( 'NONE', ( #9848 ), #6031, .F. ) ;
#8801 = DIRECTION ( 'NONE',  ( -0.000000000000000000, 0.000000000000000000, 1.000000000000000000 ) ) ;
#8802 = CARTESIAN_POINT ( 'NONE',  ( 2.570000000000001172, 0.1999999999999999833, 0.8799999999999996714 ) ) ;
#8803 = CARTESIAN_POINT ( 'NONE',  ( 2.570000000000001172, 0.1999999999999999833, 1.379999999999999671 ) ) ;
#8804 = EDGE_CURVE ( 'NONE', #8987, #4447, #2399, .T. ) ;
#8805 = DIRECTION ( 'NONE',  ( 1.008560160451631481E-15, 0.000000000000000000, -1.000000000000000000 ) ) ;
#8806 = AXIS2_PLACEMENT_3D ( 'NONE', #1590, #4546, #3617 ) ;
#8807 = ADVANCED_FACE ( 'NONE', ( #470 ), #9717, .T. ) ;
#8808 = ORIENTED_EDGE ( 'NONE', *, *, #3923, .F. ) ;
#8809 = VECTOR ( 'NONE', #7680, 1000.000000000000000 ) ;
#8810 = EDGE_CURVE ( 'NONE', #8548, #9667, #1339, .T. ) ;
#8811 = VERTEX_POINT ( 'NONE', #5901 ) ;
#8812 = ORIENTED_EDGE ( 'NONE', *, *, #6893, .T. ) ;
#8813 = ORIENTED_EDGE ( 'NONE', *, *, #2397, .T. ) ;
#8814 = FACE_OUTER_BOUND ( 'NONE', #7115, .T. ) ;
#8815 = CIRCLE ( 'NONE', #552, 0.1199999999999998845 ) ;
#8816 = VERTEX_POINT ( 'NONE', #3260 ) ;
#8817 = DIRECTION ( 'NONE',  ( 0.000000000000000000, 0.000000000000000000, 1.000000000000000000 ) ) ;
#8818 = PRESENTATION_STYLE_ASSIGNMENT (( #5058 ) ) ;
#8819 = DIRECTION ( 'NONE',  ( 0.000000000000000000, 0.000000000000000000, 1.000000000000000000 ) ) ;
#8820 = CARTESIAN_POINT ( 'NONE',  ( -2.000000000000000000, 0.2000000000000000111, 2.570000000000001616 ) ) ;
#8821 = DIRECTION ( 'NONE',  ( -1.000000000000000000, 0.000000000000000000, 0.000000000000000000 ) ) ;
#8822 = DIRECTION ( 'NONE',  ( 0.000000000000000000, 0.000000000000000000, -1.000000000000000000 ) ) ;
#8823 = FACE_OUTER_BOUND ( 'NONE', #6263, .T. ) ;
#8824 = CIRCLE ( 'NONE', #3122, 0.1199999999999998845 ) ;
#8825 = CARTESIAN_POINT ( 'NONE',  ( -0.6199999999999994404, 0.000000000000000000, 3.000000000000001776 ) ) ;
#8826 = ORIENTED_EDGE ( 'NONE', *, *, #579, .T. ) ;
#8827 = EDGE_LOOP ( 'NONE', ( #2709, #4509, #11936, #11234 ) ) ;
#8828 = SURFACE_SIDE_STYLE ('',( #8763 ) ) ;
#8829 = CARTESIAN_POINT ( 'NONE',  ( -1.379999999999999671, 0.8000833275471003203, 3.000000000000001776 ) ) ;
#8830 = CLOSED_SHELL ( 'NONE', ( #7155, #2625, #2410, #3003, #12030, #10683 ) ) ;
#8831 = CYLINDRICAL_SURFACE ( 'NONE', #498, 0.1199999999999998845 ) ;
#8832 = CARTESIAN_POINT ( 'NONE',  ( 3.000000000000000888, 0.000000000000000000, 1.380000000000000115 ) ) ;
#8833 = CARTESIAN_POINT ( 'NONE',  ( 2.570000000000001172, 0.000000000000000000, 1.379999999999999671 ) ) ;
#8834 = DIRECTION ( 'NONE',  ( -0.000000000000000000, -1.000000000000000000, -0.000000000000000000 ) ) ;
#8835 = ORIENTED_EDGE ( 'NONE', *, *, #124, .T. ) ;
#8836 = ADVANCED_FACE ( 'NONE', ( #7026 ), #1457, .F. ) ;
#8837 = VERTEX_POINT ( 'NONE', #4236 ) ;
#8838 = EDGE_LOOP ( 'NONE', ( #1837, #7629, #8895, #176 ) ) ;
#8839 = VECTOR ( 'NONE', #11245, 1000.000000000000000 ) ;
#8840 = UNCERTAINTY_MEASURE_WITH_UNIT (LENGTH_MEASURE( 1.000000000000000082E-05 ), #2687, 'distance_accuracy_value', 'NONE');
#8841 = VECTOR ( 'NONE', #9744, 1000.000000000000000 ) ;
#8842 = ORIENTED_EDGE ( 'NONE', *, *, #7596, .F. ) ;
#8843 = CARTESIAN_POINT ( 'NONE',  ( 0.6200000000000003286, 0.2000000000000000111, -2.570000000000001616 ) ) ;
#8844 = EDGE_CURVE ( 'NONE', #11307, #4422, #10763, .T. ) ;
#8845 = EDGE_LOOP ( 'NONE', ( #9643, #10271, #6701, #680 ) ) ;
#8846 = CARTESIAN_POINT ( 'NONE',  ( -1.000000000000000000, 0.000000000000000000, 2.450000000000001510 ) ) ;
#8847 = EDGE_CURVE ( 'NONE', #10854, #749, #11827, .T. ) ;
#8848 = FACE_OUTER_BOUND ( 'NONE', #11135, .T. ) ;
#8849 = FACE_OUTER_BOUND ( 'NONE', #6665, .T. ) ;
#8850 = CARTESIAN_POINT ( 'NONE',  ( -3.000000000000000888, 0.1999999999999999833, 0.8800000000000001155 ) ) ;
#8851 = CARTESIAN_POINT ( 'NONE',  ( -2.119999999999999662, 0.1999999999999999833, -3.000000000000001776 ) ) ;
#8852 = AXIS2_PLACEMENT_3D ( 'NONE', #8230, #12003, #3555 ) ;
#8853 = LINE ( 'NONE', #402, #11394 ) ;
#8854 = FACE_OUTER_BOUND ( 'NONE', #2582, .T. ) ;
#8855 = DIRECTION ( 'NONE',  ( 0.000000000000000000, 0.000000000000000000, 1.000000000000000000 ) ) ;
#8856 = EDGE_LOOP ( 'NONE', ( #254, #10653, #2794, #9095 ) ) ;
#8857 = ORIENTED_EDGE ( 'NONE', *, *, #9126, .F. ) ;
#8858 = ORIENTED_EDGE ( 'NONE', *, *, #7169, .F. ) ;
#8859 = UNCERTAINTY_MEASURE_WITH_UNIT (LENGTH_MEASURE( 1.000000000000000082E-05 ), #5481, 'distance_accuracy_value', 'NONE');
#8860 = ORIENTED_EDGE ( 'NONE', *, *, #8791, .F. ) ;
#8861 = CARTESIAN_POINT ( 'NONE',  ( -3.000000000000000888, 0.8000833275471006534, -1.379999999999999671 ) ) ;
#8862 = SURFACE_STYLE_USAGE ( .BOTH. , #10843 ) ;
#8863 = ADVANCED_FACE ( 'NONE', ( #4972 ), #11576, .F. ) ;
#8864 = LINE ( 'NONE', #5153, #6149 ) ;
#8865 = EDGE_CURVE ( 'NONE', #11004, #4537, #5276, .T. ) ;
#8866 = ADVANCED_FACE ( 'NONE', ( #1587 ), #5396, .F. ) ;
#8867 = CARTESIAN_POINT ( 'NONE',  ( -3.000000000000000888, 0.2000000000000005107, -1.879999999999999671 ) ) ;
#8868 = DIRECTION ( 'NONE',  ( 0.000000000000000000, -0.000000000000000000, -1.000000000000000000 ) ) ;
#8869 = CARTESIAN_POINT ( 'NONE',  ( 0.1200000000000003147, 0.2000000000000000111, -3.000000000000001776 ) ) ;
#8870 = VERTEX_POINT ( 'NONE', #11084 ) ;
#8871 = VERTEX_POINT ( 'NONE', #6453 ) ;
#8872 = ORIENTED_EDGE ( 'NONE', *, *, #188, .F. ) ;
#8873 = EDGE_CURVE ( 'NONE', #11148, #10345, #907, .T. ) ;
#8874 = ORIENTED_EDGE ( 'NONE', *, *, #1718, .T. ) ;
#8875 = CARTESIAN_POINT ( 'NONE',  ( -0.1199999999999994404, 0.04999999999999969746, -3.000000000000001776 ) ) ;
#8876 = EDGE_LOOP ( 'NONE', ( #5552, #2036, #2949, #8116 ) ) ;
#8877 = EDGE_CURVE ( 'NONE', #4273, #6461, #10092, .T. ) ;
#8878 = PLANE ( 'NONE',  #1498 ) ;
#8879 = DIRECTION ( 'NONE',  ( 1.000000000000000000, 0.000000000000000000, 0.000000000000000000 ) ) ;
#8880 = DIRECTION ( 'NONE',  ( 0.000000000000000000, 0.000000000000000000, -1.000000000000000000 ) ) ;
#8881 = CARTESIAN_POINT ( 'NONE',  ( 3.000000000000000888, 0.8000833275471006534, 0.8800000000000001155 ) ) ;
#8882 = CARTESIAN_POINT ( 'NONE',  ( 0.5000000000000000000, 0.000000000000000000, 2.570000000000001616 ) ) ;
#8883 = CYLINDRICAL_SURFACE ( 'NONE', #2274, 0.1199999999999998845 ) ;
#8884 = DIRECTION ( 'NONE',  ( -0.000000000000000000, -1.000000000000000000, -0.000000000000000000 ) ) ;
#8885 = ORIENTED_EDGE ( 'NONE', *, *, #4883, .F. ) ;
#8886 = ORIENTED_EDGE ( 'NONE', *, *, #3411, .F. ) ;
#8887 = EDGE_CURVE ( 'NONE', #10468, #10961, #8354, .T. ) ;
#8888 = CARTESIAN_POINT ( 'NONE',  ( 1.620000000000000329, 0.05000000000000000278, 0.000000000000000000 ) ) ;
#8889 =( NAMED_UNIT ( * ) SI_UNIT ( $, .STERADIAN. ) SOLID_ANGLE_UNIT ( ) );
#8890 = DIRECTION ( 'NONE',  ( -1.000000000000000000, 0.000000000000000000, -0.000000000000000000 ) ) ;
#8891 = CARTESIAN_POINT ( 'NONE',  ( 3.000000000000000888, 0.04999999999999969746, -1.119999999999999885 ) ) ;
#8892 = CYLINDRICAL_SURFACE ( 'NONE', #4208, 0.1199999999999998845 ) ;
#8893 = PRESENTATION_LAYER_ASSIGNMENT (  '', '', ( #4157 ) ) ;
#8894 = FACE_OUTER_BOUND ( 'NONE', #1836, .T. ) ;
#8895 = ORIENTED_EDGE ( 'NONE', *, *, #9186, .T. ) ;
#8896 = ORIENTED_EDGE ( 'NONE', *, *, #2009, .T. ) ;
#8897 = ORIENTED_EDGE ( 'NONE', *, *, #10469, .F. ) ;
#8898 = VECTOR ( 'NONE', #5890, 1000.000000000000000 ) ;
#8899 = ORIENTED_EDGE ( 'NONE', *, *, #10087, .F. ) ;
#8900 = LINE ( 'NONE', #8038, #7621 ) ;
#8901 = VERTEX_POINT ( 'NONE', #11881 ) ;
#8902 = DIRECTION ( 'NONE',  ( -0.000000000000000000, -1.000000000000000000, 0.000000000000000000 ) ) ;
#8903 = CARTESIAN_POINT ( 'NONE',  ( -2.570000000000001172, 0.000000000000000000, 1.120000000000000107 ) ) ;
#8904 =( NAMED_UNIT ( * ) PLANE_ANGLE_UNIT ( ) SI_UNIT ( $, .RADIAN. ) );
#8905 = ADVANCED_FACE ( 'NONE', ( #5462 ), #2636, .F. ) ;
#8906 = DIRECTION ( 'NONE',  ( -1.000000000000000000, 0.000000000000000000, 0.000000000000000000 ) ) ;
#8907 = DIRECTION ( 'NONE',  ( -1.000000000000000000, 0.000000000000000000, 0.000000000000000000 ) ) ;
#8908 = MECHANICAL_DESIGN_GEOMETRIC_PRESENTATION_REPRESENTATION (  '', ( #631 ), #7722 ) ;
#8909 = DIRECTION ( 'NONE',  ( -0.000000000000000000, -1.000000000000000000, -0.000000000000000000 ) ) ;
#8910 = PLANE ( 'NONE',  #12210 ) ;
#8911 = CARTESIAN_POINT ( 'NONE',  ( -3.000000000000000888, 0.1999999999999999833, -0.6199999999999998845 ) ) ;
#8912 = EDGE_CURVE ( 'NONE', #8033, #4338, #7206, .T. ) ;
#8913 = ORIENTED_EDGE ( 'NONE', *, *, #8968, .F. ) ;
#8914 = VERTEX_POINT ( 'NONE', #2577 ) ;
#8915 = ORIENTED_EDGE ( 'NONE', *, *, #2836, .F. ) ;
#8916 = EDGE_LOOP ( 'NONE', ( #7536, #9810, #4020, #798 ) ) ;
#8917 = AXIS2_PLACEMENT_3D ( 'NONE', #5789, #7648, #2910 ) ;
#8918 = CARTESIAN_POINT ( 'NONE',  ( -3.000000000000000888, 0.000000000000000000, 1.880000000000000115 ) ) ;
#8919 = DIRECTION ( 'NONE',  ( 1.000000000000000000, -0.000000000000000000, 0.000000000000000000 ) ) ;
#8920 = DIRECTION ( 'NONE',  ( -0.000000000000000000, -0.000000000000000000, -1.000000000000000000 ) ) ;
#8921 = CARTESIAN_POINT ( 'NONE',  ( -2.000000000000000000, 0.2000000000000000111, -2.570000000000001616 ) ) ;
#8922 = LINE ( 'NONE', #10605, #3624 ) ;
#8923 = VECTOR ( 'NONE', #3845, 1000.000000000000000 ) ;
#8924 = ORIENTED_EDGE ( 'NONE', *, *, #3686, .F. ) ;
#8925 = ORIENTED_EDGE ( 'NONE', *, *, #10448, .T. ) ;
#8926 = ORIENTED_EDGE ( 'NONE', *, *, #1184, .T. ) ;
#8927 = ORIENTED_EDGE ( 'NONE', *, *, #11406, .F. ) ;
#8928 = CARTESIAN_POINT ( 'NONE',  ( -0.6199999999999998845, 0.2000000000000000111, 2.570000000000001616 ) ) ;
#8929 = EDGE_CURVE ( 'NONE', #6638, #391, #12005, .T. ) ;
#8930 = AXIS2_PLACEMENT_3D ( 'NONE', #1311, #1430, #5074 ) ;
#8931 = DIRECTION ( 'NONE',  ( -0.000000000000000000, -1.000000000000000000, -0.000000000000000000 ) ) ;
#8932 = CARTESIAN_POINT ( 'NONE',  ( -1.879999999999999893, 0.2000000000000000111, 2.570000000000001616 ) ) ;
#8933 = DIRECTION ( 'NONE',  ( -1.000000000000000000, 0.000000000000000000, -5.042800802258162337E-16 ) ) ;
#8934 = CARTESIAN_POINT ( 'NONE',  ( -2.570000000000001172, 0.000000000000000000, 0.3800000000000001155 ) ) ;
#8935 = EDGE_CURVE ( 'NONE', #5373, #3146, #839, .T. ) ;
#8936 = CARTESIAN_POINT ( 'NONE',  ( -2.119999999999999662, 0.1999999999999999833, -3.000000000000001776 ) ) ;
#8937 = DIRECTION ( 'NONE',  ( 0.000000000000000000, 1.000000000000000000, -0.000000000000000000 ) ) ;
#8938 = CARTESIAN_POINT ( 'NONE',  ( -2.119999999999999662, 0.1999999999999999833, 3.000000000000001776 ) ) ;
#8939 = FACE_OUTER_BOUND ( 'NONE', #5487, .T. ) ;
#8940 = VECTOR ( 'NONE', #859, 1000.000000000000000 ) ;
#8941 = VECTOR ( 'NONE', #414, 1000.000000000000000 ) ;
#8942 = EDGE_CURVE ( 'NONE', #1702, #9342, #5518, .T. ) ;
#8943 = ORIENTED_EDGE ( 'NONE', *, *, #6088, .F. ) ;
#8944 = ORIENTED_EDGE ( 'NONE', *, *, #8810, .F. ) ;
#8945 = CARTESIAN_POINT ( 'NONE',  ( -2.570000000000001172, 0.8000833275471006534, -1.119999999999999885 ) ) ;
#8946 = VECTOR ( 'NONE', #215, 1000.000000000000000 ) ;
#8947 = PRESENTATION_LAYER_ASSIGNMENT (  '', '', ( #11506 ) ) ;
#8948 = CARTESIAN_POINT ( 'NONE',  ( -2.570000000000001172, 0.1999999999999999833, 1.000000000000000000 ) ) ;
#8949 = CARTESIAN_POINT ( 'NONE',  ( -0.6199999999999998845, 0.2000000000000000111, 2.570000000000001616 ) ) ;
#8950 = CARTESIAN_POINT ( 'NONE',  ( -2.570000000000001172, 0.05000000000000002359, 1.880000000000000115 ) ) ;
#8951 = CARTESIAN_POINT ( 'NONE',  ( 1.380000000000000560, 0.2000000000000000111, 3.000000000000001776 ) ) ;
#8952 = CARTESIAN_POINT ( 'NONE',  ( -1.379999999999999671, 0.8000833275471003203, -3.000000000000001776 ) ) ;
#8953 = EDGE_CURVE ( 'NONE', #7480, #913, #4413, .T. ) ;
#8954 = VERTEX_POINT ( 'NONE', #11946 ) ;
#8955 = ORIENTED_EDGE ( 'NONE', *, *, #9544, .T. ) ;
#8956 = PRESENTATION_LAYER_ASSIGNMENT (  '', '', ( #1474 ) ) ;
#8957 = EDGE_LOOP ( 'NONE', ( #10207, #803, #12027, #4886 ) ) ;
#8958 = VECTOR ( 'NONE', #7988, 1000.000000000000000 ) ;
#8959 = VERTEX_POINT ( 'NONE', #3557 ) ;
#8960 = DIRECTION ( 'NONE',  ( -0.000000000000000000, -1.000000000000000000, -0.000000000000000000 ) ) ;
#8961 = VECTOR ( 'NONE', #10715, 1000.000000000000000 ) ;
#8962 = ORIENTED_EDGE ( 'NONE', *, *, #4251, .T. ) ;
#8963 = VECTOR ( 'NONE', #1873, 1000.000000000000000 ) ;
#8964 = LINE ( 'NONE', #9888, #1093 ) ;
#8965 = CARTESIAN_POINT ( 'NONE',  ( -0.1200000000000000927, 0.1999999999999999833, -2.570000000000001616 ) ) ;
#8966 = CARTESIAN_POINT ( 'NONE',  ( -2.570000000000001172, 0.000000000000000000, 0.1200000000000000927 ) ) ;
#8967 = CARTESIAN_POINT ( 'NONE',  ( 2.570000000000000284, 0.000000000000000000, -0.5000000000000004441 ) ) ;
#8968 = EDGE_CURVE ( 'NONE', #1889, #12002, #7312, .T. ) ;
#8969 = DIRECTION ( 'NONE',  ( 0.000000000000000000, -0.000000000000000000, 1.000000000000000000 ) ) ;
#8970 = LINE ( 'NONE', #11628, #11226 ) ;
#8971 = VECTOR ( 'NONE', #3982, 1000.000000000000000 ) ;
#8972 = ORIENTED_EDGE ( 'NONE', *, *, #8563, .T. ) ;
#8973 = AXIS2_PLACEMENT_3D ( 'NONE', #7951, #1172, #11601 ) ;
#8974 = ORIENTED_EDGE ( 'NONE', *, *, #336, .F. ) ;
#8975 = VERTEX_POINT ( 'NONE', #2518 ) ;
#8976 = UNCERTAINTY_MEASURE_WITH_UNIT (LENGTH_MEASURE( 1.000000000000000082E-05 ), #11765, 'distance_accuracy_value', 'NONE');
#8977 = EDGE_CURVE ( 'NONE', #1847, #12054, #655, .T. ) ;
#8978 = ORIENTED_EDGE ( 'NONE', *, *, #11424, .F. ) ;
#8979 = DIRECTION ( 'NONE',  ( 0.000000000000000000, 0.000000000000000000, -1.000000000000000000 ) ) ;
#8980 = PRESENTATION_LAYER_ASSIGNMENT (  '', '', ( #10948 ) ) ;
#8981 = DIRECTION ( 'NONE',  ( 0.000000000000000000, -0.000000000000000000, 1.000000000000000000 ) ) ;
#8982 = EDGE_CURVE ( 'NONE', #5697, #5926, #8381, .T. ) ;
#8983 = PRESENTATION_LAYER_ASSIGNMENT (  '', '', ( #2496 ) ) ;
#8984 = VECTOR ( 'NONE', #355, 1000.000000000000000 ) ;
#8985 = CARTESIAN_POINT ( 'NONE',  ( -1.000000000000000000, 0.8000833275471003203, 2.570000000000001616 ) ) ;
#8986 = LINE ( 'NONE', #541, #7189 ) ;
#8987 = VERTEX_POINT ( 'NONE', #2455 ) ;
#8988 = EDGE_LOOP ( 'NONE', ( #3766, #10470, #3089, #11673 ) ) ;
#8989 = VECTOR ( 'NONE', #8246, 1000.000000000000000 ) ;
#8990 = CIRCLE ( 'NONE', #7415, 0.1199999999999998845 ) ;
#8991 = EDGE_LOOP ( 'NONE', ( #7385, #8180, #2585, #12097 ) ) ;
#8992 = VERTEX_POINT ( 'NONE', #4543 ) ;
#8993 = CARTESIAN_POINT ( 'NONE',  ( -2.120000000000000107, 0.1999999999999999833, 2.570000000000001616 ) ) ;
#8994 = EDGE_CURVE ( 'NONE', #7903, #8564, #6210, .T. ) ;
#8995 = CARTESIAN_POINT ( 'NONE',  ( 3.000000000000000888, 0.1999999999999999833, 1.620000000000000329 ) ) ;
#8996 = LINE ( 'NONE', #7892, #8785 ) ;
#8997 = STYLED_ITEM ( 'NONE', ( #11494 ), #10025 ) ;
#8998 = DIRECTION ( 'NONE',  ( 0.000000000000000000, -1.000000000000000000, 0.000000000000000000 ) ) ;
#8999 = LINE ( 'NONE', #487, #10164 ) ;
#9000 = VECTOR ( 'NONE', #961, 1000.000000000000000 ) ;
#9001 = DIRECTION ( 'NONE',  ( 0.000000000000000000, 0.000000000000000000, -1.000000000000000000 ) ) ;
#9002 = DIRECTION ( 'NONE',  ( -0.000000000000000000, -0.000000000000000000, -1.000000000000000000 ) ) ;
#9003 = FACE_OUTER_BOUND ( 'NONE', #5513, .T. ) ;
#9004 = CARTESIAN_POINT ( 'NONE',  ( -0.1200000000000003147, 0.04999999999999999584, -2.570000000000001616 ) ) ;
#9005 = PLANE ( 'NONE',  #6889 ) ;
#9006 = VECTOR ( 'NONE', #248, 1000.000000000000000 ) ;
#9007 = AXIS2_PLACEMENT_3D ( 'NONE', #5499, #5440, #5297 ) ;
#9008 = ORIENTED_EDGE ( 'NONE', *, *, #7432, .T. ) ;
#9009 = ORIENTED_EDGE ( 'NONE', *, *, #11041, .F. ) ;
#9010 = CARTESIAN_POINT ( 'NONE',  ( -2.570000000000001172, 0.1999999999999999833, 2.000000000000000000 ) ) ;
#9011 = EDGE_CURVE ( 'NONE', #224, #2493, #1523, .T. ) ;
#9012 = LINE ( 'NONE', #4329, #7990 ) ;
#9013 = EDGE_CURVE ( 'NONE', #896, #5270, #4361, .T. ) ;
#9014 = DIRECTION ( 'NONE',  ( 0.000000000000000000, 0.000000000000000000, 1.000000000000000000 ) ) ;
#9015 = DIRECTION ( 'NONE',  ( -0.000000000000000000, -1.000000000000000000, -0.000000000000000000 ) ) ;
#9016 = AXIS2_PLACEMENT_3D ( 'NONE', #9804, #3098, #428 ) ;
#9017 = ORIENTED_EDGE ( 'NONE', *, *, #2171, .F. ) ;
#9018 = ORIENTED_EDGE ( 'NONE', *, *, #225, .T. ) ;
#9019 = ORIENTED_EDGE ( 'NONE', *, *, #10644, .F. ) ;
#9020 = ORIENTED_EDGE ( 'NONE', *, *, #1187, .T. ) ;
#9021 = CARTESIAN_POINT ( 'NONE',  ( -2.570000000000001172, 0.1999999999999999833, -0.1199999999999999956 ) ) ;
#9022 = EDGE_CURVE ( 'NONE', #9052, #2485, #8424, .T. ) ;
#9023 = EDGE_CURVE ( 'NONE', #6475, #5206, #5699, .T. ) ;
#9024 = VECTOR ( 'NONE', #5144, 1000.000000000000000 ) ;
#9025 = ORIENTED_EDGE ( 'NONE', *, *, #10121, .T. ) ;
#9026 = EDGE_CURVE ( 'NONE', #10239, #4866, #11935, .T. ) ;
#9027 = DIRECTION ( 'NONE',  ( 0.000000000000000000, -1.000000000000000000, 0.000000000000000000 ) ) ;
#9028 = DIRECTION ( 'NONE',  ( -0.000000000000000000, -1.000000000000000000, -0.000000000000000000 ) ) ;
#9029 = DIRECTION ( 'NONE',  ( 0.000000000000000000, -0.000000000000000000, 1.000000000000000000 ) ) ;
#9030 = DIRECTION ( 'NONE',  ( 0.000000000000000000, 0.000000000000000000, -1.000000000000000000 ) ) ;
#9031 = EDGE_CURVE ( 'NONE', #78, #5407, #3075, .T. ) ;
#9032 = CARTESIAN_POINT ( 'NONE',  ( -0.6199999999999994404, 0.2000000000000000111, -3.000000000000001776 ) ) ;
#9033 = FACE_OUTER_BOUND ( 'NONE', #1550, .T. ) ;
#9034 = LINE ( 'NONE', #460, #11006 ) ;
#9035 = CARTESIAN_POINT ( 'NONE',  ( 0.1200000000000003147, 0.2000000000000000111, 3.000000000000001776 ) ) ;
#9036 = CARTESIAN_POINT ( 'NONE',  ( 2.570000000000001172, 0.8000833275471006534, 1.379999999999999671 ) ) ;
#9037 = VECTOR ( 'NONE', #5645, 1000.000000000000000 ) ;
#9038 = VERTEX_POINT ( 'NONE', #7499 ) ;
#9039 = VECTOR ( 'NONE', #4758, 1000.000000000000000 ) ;
#9040 = ORIENTED_EDGE ( 'NONE', *, *, #7278, .T. ) ;
#9041 = ORIENTED_EDGE ( 'NONE', *, *, #6571, .T. ) ;
#9042 = ORIENTED_EDGE ( 'NONE', *, *, #11815, .F. ) ;
#9043 = CARTESIAN_POINT ( 'NONE',  ( 0.3800000000000001155, 0.8000833275471003203, 2.570000000000001616 ) ) ;
#9044 = DIRECTION ( 'NONE',  ( 0.000000000000000000, 1.000000000000000000, 0.000000000000000000 ) ) ;
#9045 = CARTESIAN_POINT ( 'NONE',  ( 3.000000000000000888, 0.1999999999999999833, -1.119999999999999885 ) ) ;
#9046 = CIRCLE ( 'NONE', #775, 0.1199999999999998845 ) ;
#9047 = DIRECTION ( 'NONE',  ( 1.000000000000000000, -0.000000000000000000, 0.000000000000000000 ) ) ;
#9048 =( NAMED_UNIT ( * ) SI_UNIT ( $, .STERADIAN. ) SOLID_ANGLE_UNIT ( ) );
#9049 = DIRECTION ( 'NONE',  ( 0.000000000000000000, 1.000000000000000000, 0.000000000000000000 ) ) ;
#9050 = ORIENTED_EDGE ( 'NONE', *, *, #3204, .T. ) ;
#9051 = EDGE_LOOP ( 'NONE', ( #9239, #1745, #200, #8899 ) ) ;
#9052 = VERTEX_POINT ( 'NONE', #1018 ) ;
#9053 = ORIENTED_EDGE ( 'NONE', *, *, #336, .T. ) ;
#9054 = CARTESIAN_POINT ( 'NONE',  ( -3.000000000000000888, 0.04999999999999969746, 1.380000000000000115 ) ) ;
#9055 = MECHANICAL_DESIGN_GEOMETRIC_PRESENTATION_REPRESENTATION (  '', ( #4137 ), #3353 ) ;
#9056 = LINE ( 'NONE', #4431, #7594 ) ;
#9057 =( NAMED_UNIT ( * ) SI_UNIT ( $, .STERADIAN. ) SOLID_ANGLE_UNIT ( ) );
#9058 = CARTESIAN_POINT ( 'NONE',  ( -1.500000000000000000, 0.000000000000000000, -2.570000000000001616 ) ) ;
#9059 = DIRECTION ( 'NONE',  ( 0.000000000000000000, 0.000000000000000000, -1.000000000000000000 ) ) ;
#9060 = CARTESIAN_POINT ( 'NONE',  ( -2.119999999999999662, 0.8000833275471003203, 3.000000000000001776 ) ) ;
#9061 = CARTESIAN_POINT ( 'NONE',  ( 1.620000000000000329, 0.000000000000000000, 2.570000000000001616 ) ) ;
#9062 = CARTESIAN_POINT ( 'NONE',  ( 1.380000000000000115, 0.8000833275471003203, 2.570000000000001616 ) ) ;
#9063 = LINE ( 'NONE', #5535, #8940 ) ;
#9064 = ADVANCED_FACE ( 'NONE', ( #80 ), #2879, .F. ) ;
#9065 = ADVANCED_FACE ( 'NONE', ( #22 ), #10334, .T. ) ;
#9066 = DIRECTION ( 'NONE',  ( 0.000000000000000000, -1.000000000000000000, 0.000000000000000000 ) ) ;
#9067 = ORIENTED_EDGE ( 'NONE', *, *, #2105, .T. ) ;
#9068 = ORIENTED_EDGE ( 'NONE', *, *, #10835, .F. ) ;
#9069 =( NAMED_UNIT ( * ) PLANE_ANGLE_UNIT ( ) SI_UNIT ( $, .RADIAN. ) );
#9070 = PRESENTATION_STYLE_ASSIGNMENT (( #11976 ) ) ;
#9071 = DIRECTION ( 'NONE',  ( 0.000000000000000000, 0.000000000000000000, 1.000000000000000000 ) ) ;
#9072 = DIRECTION ( 'NONE',  ( 0.000000000000000000, 1.000000000000000000, 0.000000000000000000 ) ) ;
#9073 = DIRECTION ( 'NONE',  ( 0.000000000000000000, 0.000000000000000000, -1.000000000000000000 ) ) ;
#9074 = ORIENTED_EDGE ( 'NONE', *, *, #3482, .F. ) ;
#9075 = EDGE_LOOP ( 'NONE', ( #990, #7021, #10484, #11981 ) ) ;
#9076 = ORIENTED_EDGE ( 'NONE', *, *, #9225, .T. ) ;
#9077 = EDGE_CURVE ( 'NONE', #6461, #8330, #9343, .T. ) ;
#9078 = ORIENTED_EDGE ( 'NONE', *, *, #2634, .T. ) ;
#9079 = FACE_OUTER_BOUND ( 'NONE', #6895, .T. ) ;
#9080 = VERTEX_POINT ( 'NONE', #4667 ) ;
#9081 = DIRECTION ( 'NONE',  ( 0.000000000000000000, 0.000000000000000000, -1.000000000000000000 ) ) ;
#9082 = EDGE_CURVE ( 'NONE', #7347, #8695, #1893, .T. ) ;
#9083 = EDGE_CURVE ( 'NONE', #8061, #10062, #9516, .T. ) ;
#9084 = PLANE ( 'NONE',  #2103 ) ;
#9085 = CARTESIAN_POINT ( 'NONE',  ( 2.570000000000001172, 0.8000833275471006534, -1.620000000000000329 ) ) ;
#9086 = CARTESIAN_POINT ( 'NONE',  ( 3.000000000000000888, 0.8000833275471006534, 0.3800000000000001155 ) ) ;
#9087 = CARTESIAN_POINT ( 'NONE',  ( 3.000000000000000888, 0.000000000000000000, -0.3799999999999996714 ) ) ;
#9088 = DIRECTION ( 'NONE',  ( -0.000000000000000000, -0.000000000000000000, 1.000000000000000000 ) ) ;
#9089 = CARTESIAN_POINT ( 'NONE',  ( -2.570000000000001172, 0.000000000000000000, 1.620000000000000107 ) ) ;
#9090 = FACE_OUTER_BOUND ( 'NONE', #139, .T. ) ;
#9091 = EDGE_CURVE ( 'NONE', #8298, #2407, #1698, .T. ) ;
#9092 = DIRECTION ( 'NONE',  ( 0.000000000000000000, 0.000000000000000000, -1.000000000000000000 ) ) ;
#9093 = CIRCLE ( 'NONE', #2999, 0.1199999999999998845 ) ;
#9094 = VERTEX_POINT ( 'NONE', #11255 ) ;
#9095 = ORIENTED_EDGE ( 'NONE', *, *, #5187, .T. ) ;
#9096 = ORIENTED_EDGE ( 'NONE', *, *, #10506, .T. ) ;
#9097 = UNCERTAINTY_MEASURE_WITH_UNIT (LENGTH_MEASURE( 1.000000000000000082E-05 ), #4220, 'distance_accuracy_value', 'NONE');
#9098 = EDGE_CURVE ( 'NONE', #7480, #10026, #6420, .T. ) ;
#9099 = MECHANICAL_DESIGN_GEOMETRIC_PRESENTATION_REPRESENTATION (  '', ( #6858 ), #9685 ) ;
#9100 = ORIENTED_EDGE ( 'NONE', *, *, #4433, .T. ) ;
#9101 = CARTESIAN_POINT ( 'NONE',  ( -1.500000000000000000, 0.8000833275471003203, 2.450000000000001510 ) ) ;
#9102 = LINE ( 'NONE', #11137, #9143 ) ;
#9103 = EDGE_CURVE ( 'NONE', #4607, #5096, #11316, .T. ) ;
#9104 = VECTOR ( 'NONE', #6731, 1000.000000000000000 ) ;
#9105 = DIRECTION ( 'NONE',  ( -1.000000000000000000, 0.000000000000000000, 0.000000000000000000 ) ) ;
#9106 = FACE_OUTER_BOUND ( 'NONE', #3552, .T. ) ;
#9107 = DIRECTION ( 'NONE',  ( -0.000000000000000000, -1.000000000000000000, -0.000000000000000000 ) ) ;
#9108 = CARTESIAN_POINT ( 'NONE',  ( -2.570000000000001172, 0.000000000000000000, -2.000000000000000000 ) ) ;
#9109 = DIRECTION ( 'NONE',  ( 0.000000000000000000, -1.000000000000000000, 0.000000000000000000 ) ) ;
#9110 = ORIENTED_EDGE ( 'NONE', *, *, #11271, .T. ) ;
#9111 = ORIENTED_EDGE ( 'NONE', *, *, #4187, .T. ) ;
#9112 = VECTOR ( 'NONE', #1801, 1000.000000000000000 ) ;
#9113 = ORIENTED_EDGE ( 'NONE', *, *, #6101, .T. ) ;
#9114 = ORIENTED_EDGE ( 'NONE', *, *, #615, .T. ) ;
#9115 = DIRECTION ( 'NONE',  ( 0.000000000000000000, -1.000000000000000000, 0.000000000000000000 ) ) ;
#9116 = LINE ( 'NONE', #6402, #6804 ) ;
#9117 = LINE ( 'NONE', #4434, #1716 ) ;
#9118 = AXIS2_PLACEMENT_3D ( 'NONE', #10950, #10603, #585 ) ;
#9119 = FACE_OUTER_BOUND ( 'NONE', #2626, .T. ) ;
#9120 = CARTESIAN_POINT ( 'NONE',  ( -2.570000000000001172, 0.8000833275471006534, 0.000000000000000000 ) ) ;
#9121 = DIRECTION ( 'NONE',  ( -1.000000000000000000, 0.000000000000000000, 0.000000000000000000 ) ) ;
#9122 = DIRECTION ( 'NONE',  ( 0.000000000000000000, 0.000000000000000000, -1.000000000000000000 ) ) ;
#9123 = CYLINDRICAL_SURFACE ( 'NONE', #8573, 0.1199999999999998845 ) ;
#9124 =( NAMED_UNIT ( * ) PLANE_ANGLE_UNIT ( ) SI_UNIT ( $, .RADIAN. ) );
#9125 = VECTOR ( 'NONE', #9496, 1000.000000000000000 ) ;
#9126 = EDGE_CURVE ( 'NONE', #9477, #11832, #6756, .T. ) ;
#9127 = ORIENTED_EDGE ( 'NONE', *, *, #1906, .F. ) ;
#9128 = DIRECTION ( 'NONE',  ( -1.000000000000000000, 0.000000000000000000, -5.042800802258162337E-16 ) ) ;
#9129 = ORIENTED_EDGE ( 'NONE', *, *, #1442, .F. ) ;
#9130 = EDGE_CURVE ( 'NONE', #7761, #3951, #4843, .T. ) ;
#9131 = CARTESIAN_POINT ( 'NONE',  ( 0.000000000000000000, 0.05000000000000000278, -0.1199999999999998845 ) ) ;
#9132 = DIRECTION ( 'NONE',  ( 0.000000000000000000, 0.000000000000000000, -1.000000000000000000 ) ) ;
#9133 = AXIS2_PLACEMENT_3D ( 'NONE', #6349, #5299, #10109 ) ;
#9134 = DIRECTION ( 'NONE',  ( -1.008560160451631481E-15, 0.000000000000000000, 1.000000000000000000 ) ) ;
#9135 = CARTESIAN_POINT ( 'NONE',  ( 0.6200000000000003286, 0.1999999999999999833, -2.570000000000001616 ) ) ;
#9136 = VECTOR ( 'NONE', #5908, 1000.000000000000000 ) ;
#9137 = ORIENTED_EDGE ( 'NONE', *, *, #8699, .F. ) ;
#9138 = ORIENTED_EDGE ( 'NONE', *, *, #2613, .F. ) ;
#9139 = CARTESIAN_POINT ( 'NONE',  ( 2.570000000000000284, 0.1999999999999999833, -2.000000000000000444 ) ) ;
#9140 = ORIENTED_EDGE ( 'NONE', *, *, #6626, .F. ) ;
#9141 = DIRECTION ( 'NONE',  ( 0.000000000000000000, -1.000000000000000000, 0.000000000000000000 ) ) ;
#9142 = COLOUR_RGB ( '',0.7921568627450980005, 0.8196078431372548767, 0.9333333333333333481 ) ;
#9143 = VECTOR ( 'NONE', #6452, 1000.000000000000000 ) ;
#9144 = VERTEX_POINT ( 'NONE', #10516 ) ;
#9145 = CARTESIAN_POINT ( 'NONE',  ( -3.000000000000000888, 0.8000833275471006534, 1.120000000000000329 ) ) ;
#9146 = DIRECTION ( 'NONE',  ( 0.000000000000000000, 1.000000000000000000, 0.000000000000000000 ) ) ;
#9147 = CARTESIAN_POINT ( 'NONE',  ( -2.049999999999999822, 0.05000000000000000278, -2.168404344971008868E-16 ) ) ;
#9148 = CARTESIAN_POINT ( 'NONE',  ( 3.000000000000000888, 0.1999999999999999833, -0.1199999999999998845 ) ) ;
#9149 = DIRECTION ( 'NONE',  ( -0.000000000000000000, -1.000000000000000000, -0.000000000000000000 ) ) ;
#9150 = DIRECTION ( 'NONE',  ( 0.000000000000000000, -1.000000000000000000, 0.000000000000000000 ) ) ;
#9151 = CARTESIAN_POINT ( 'NONE',  ( 1.880000000000000560, 0.8000833275471003203, -3.000000000000001776 ) ) ;
#9152 = LINE ( 'NONE', #7304, #958 ) ;
#9153 = DIRECTION ( 'NONE',  ( -1.000000000000000000, 0.000000000000000000, -5.042800802258162337E-16 ) ) ;
#9155 = DIRECTION ( 'NONE',  ( 0.000000000000000000, 0.000000000000000000, 1.000000000000000000 ) ) ;
#9154 = VECTOR ( 'NONE', #2326, 1000.000000000000000 ) ;
#9156 = ORIENTED_EDGE ( 'NONE', *, *, #3700, .T. ) ;
#9157 = ORIENTED_EDGE ( 'NONE', *, *, #2837, .F. ) ;
#9158 = ORIENTED_EDGE ( 'NONE', *, *, #4958, .F. ) ;
#9159 = VECTOR ( 'NONE', #6944, 1000.000000000000000 ) ;
#9160 = ORIENTED_EDGE ( 'NONE', *, *, #11577, .T. ) ;
#9161 = DIRECTION ( 'NONE',  ( -0.000000000000000000, 0.000000000000000000, 1.000000000000000000 ) ) ;
#9162 = EDGE_CURVE ( 'NONE', #8811, #6380, #10459, .T. ) ;
#9163 = CARTESIAN_POINT ( 'NONE',  ( -2.000000000000000000, 0.2000000000000000111, 2.570000000000001616 ) ) ;
#9164 = COLOUR_RGB ( '',0.7921568627450980005, 0.8196078431372548767, 0.9333333333333333481 ) ;
#9165 = AXIS2_PLACEMENT_3D ( 'NONE', #12142, #10044, #7323 ) ;
#9166 = DIRECTION ( 'NONE',  ( 0.000000000000000000, 0.000000000000000000, 1.000000000000000000 ) ) ;
#9167 = CARTESIAN_POINT ( 'NONE',  ( 2.570000000000001172, 0.1999999999999999833, 1.620000000000000107 ) ) ;
#9168 = LINE ( 'NONE', #3616, #7915 ) ;
#9169 = AXIS2_PLACEMENT_3D ( 'NONE', #4371, #12016, #11893 ) ;
#9170 = AXIS2_PLACEMENT_3D ( 'NONE', #8514, #4878, #9439 ) ;
#9171 = EDGE_CURVE ( 'NONE', #5926, #9080, #2074, .T. ) ;
#9172 = EDGE_CURVE ( 'NONE', #6131, #3178, #7442, .T. ) ;
#9173 = DIRECTION ( 'NONE',  ( 0.000000000000000000, -0.000000000000000000, 1.000000000000000000 ) ) ;
#9174 = ORIENTED_EDGE ( 'NONE', *, *, #12066, .F. ) ;
#9175 = VECTOR ( 'NONE', #11695, 1000.000000000000000 ) ;
#9176 = VERTEX_POINT ( 'NONE', #6513 ) ;
#9177 = ORIENTED_EDGE ( 'NONE', *, *, #4507, .T. ) ;
#9178 = VECTOR ( 'NONE', #147, 1000.000000000000000 ) ;
#9179 = VECTOR ( 'NONE', #12076, 1000.000000000000000 ) ;
#9180 = ADVANCED_FACE ( 'NONE', ( #1829 ), #5574, .T. ) ;
#9181 = CARTESIAN_POINT ( 'NONE',  ( -0.3799999999999998934, 0.8000833275471003203, 2.570000000000001616 ) ) ;
#9182 = ADVANCED_FACE ( 'NONE', ( #8848 ), #8716, .F. ) ;
#9183 = CARTESIAN_POINT ( 'NONE',  ( -2.570000000000001172, 0.8000833275471006534, -1.879999999999999893 ) ) ;
#9184 = EDGE_CURVE ( 'NONE', #2220, #10085, #7071, .T. ) ;
#9185 = DIRECTION ( 'NONE',  ( -0.000000000000000000, 0.000000000000000000, 1.000000000000000000 ) ) ;
#9186 = EDGE_CURVE ( 'NONE', #10423, #1109, #7798, .T. ) ;
#9187 = FACE_OUTER_BOUND ( 'NONE', #9910, .T. ) ;
#9188 = CARTESIAN_POINT ( 'NONE',  ( -1.879999999999999671, 0.8000833275471003203, -3.000000000000001776 ) ) ;
#9189 = EDGE_CURVE ( 'NONE', #7516, #7268, #4959, .T. ) ;
#9190 = LINE ( 'NONE', #4317, #3822 ) ;
#9191 = VECTOR ( 'NONE', #10943, 1000.000000000000000 ) ;
#9192 = CARTESIAN_POINT ( 'NONE',  ( -3.000000000000000888, 0.2000000000000005107, 1.620000000000000329 ) ) ;
#9193 = VECTOR ( 'NONE', #8154, 1000.000000000000000 ) ;
#9194 = PLANE ( 'NONE',  #11108 ) ;
#9195 = CARTESIAN_POINT ( 'NONE',  ( 1.880000000000000560, 0.1999999999999999833, 3.000000000000001776 ) ) ;
#9196 = ORIENTED_EDGE ( 'NONE', *, *, #2178, .T. ) ;
#9197 = EDGE_CURVE ( 'NONE', #3301, #9144, #6885, .T. ) ;
#9198 = CARTESIAN_POINT ( 'NONE',  ( 2.999999999999999112, 0.05000000000000000278, -3.000000000000001776 ) ) ;
#9199 = PRESENTATION_LAYER_ASSIGNMENT (  '', '', ( #11550 ) ) ;
#9200 = VERTEX_POINT ( 'NONE', #7008 ) ;
#9201 = AXIS2_PLACEMENT_3D ( 'NONE', #4214, #8091, #11005 ) ;
#9202 = CARTESIAN_POINT ( 'NONE',  ( 0.1200000000000003147, 0.2000000000000000111, 2.570000000000001616 ) ) ;
#9203 = DIRECTION ( 'NONE',  ( 0.000000000000000000, 1.000000000000000000, -0.000000000000000000 ) ) ;
#9204 = CARTESIAN_POINT ( 'NONE',  ( 0.8799999999999996714, 0.04999999999999999584, -2.570000000000001616 ) ) ;
#9205 = CARTESIAN_POINT ( 'NONE',  ( 0.000000000000000000, 0.04999999999999999584, 2.570000000000001616 ) ) ;
#9206 =( GEOMETRIC_REPRESENTATION_CONTEXT ( 3 ) GLOBAL_UNCERTAINTY_ASSIGNED_CONTEXT ( ( #10594 ) ) GLOBAL_UNIT_ASSIGNED_CONTEXT ( ( #3745, #11319, #2143 ) ) REPRESENTATION_CONTEXT ( 'NONE', 'WORKASPACE' ) );
#9207 = AXIS2_PLACEMENT_3D ( 'NONE', #10108, #4318, #1659 ) ;
#9208 = VERTEX_POINT ( 'NONE', #8903 ) ;
#9209 = CARTESIAN_POINT ( 'NONE',  ( -2.570000000000001172, 0.8000833275471006534, -1.879999999999999893 ) ) ;
#9210 = ORIENTED_EDGE ( 'NONE', *, *, #11367, .T. ) ;
#9211 = DIRECTION ( 'NONE',  ( 0.000000000000000000, 0.000000000000000000, -1.000000000000000000 ) ) ;
#9212 = ORIENTED_EDGE ( 'NONE', *, *, #445, .F. ) ;
#9213 = FILL_AREA_STYLE ('',( #1503 ) ) ;
#9214 = VECTOR ( 'NONE', #8703, 1000.000000000000000 ) ;
#9215 = LINE ( 'NONE', #10070, #2306 ) ;
#9216 = DIRECTION ( 'NONE',  ( 0.000000000000000000, 0.000000000000000000, 1.000000000000000000 ) ) ;
#9217 = DIRECTION ( 'NONE',  ( -0.000000000000000000, -0.000000000000000000, 1.000000000000000000 ) ) ;
#9218 = CARTESIAN_POINT ( 'NONE',  ( 2.570000000000001172, 0.8000833275471006534, 1.120000000000000107 ) ) ;
#9219 = CARTESIAN_POINT ( 'NONE',  ( -3.000000000000000888, 0.8000833275471006534, -1.619999999999999885 ) ) ;
#9220 = PLANE ( 'NONE',  #3867 ) ;
#9221 = PLANE ( 'NONE',  #6870 ) ;
#9222 = ORIENTED_EDGE ( 'NONE', *, *, #6464, .F. ) ;
#9223 = VERTEX_POINT ( 'NONE', #5084 ) ;
#9224 = ORIENTED_EDGE ( 'NONE', *, *, #8269, .T. ) ;
#9225 = EDGE_CURVE ( 'NONE', #7854, #1192, #331, .T. ) ;
#9226 = VECTOR ( 'NONE', #1362, 1000.000000000000000 ) ;
#9227 = ORIENTED_EDGE ( 'NONE', *, *, #11722, .F. ) ;
#9228 = CARTESIAN_POINT ( 'NONE',  ( 0.3799999999999996714, 0.2000000000000000111, -2.570000000000001616 ) ) ;
#9229 = EDGE_CURVE ( 'NONE', #3210, #8061, #3184, .T. ) ;
#9230 = SURFACE_SIDE_STYLE ('',( #11944 ) ) ;
#9231 = DIRECTION ( 'NONE',  ( 0.000000000000000000, 0.000000000000000000, -1.000000000000000000 ) ) ;
#9232 = CARTESIAN_POINT ( 'NONE',  ( 3.000000000000000888, 0.8000833275471006534, 1.380000000000000115 ) ) ;
#9233 = DIRECTION ( 'NONE',  ( -0.000000000000000000, -1.000000000000000000, -0.000000000000000000 ) ) ;
#9234 = CYLINDRICAL_SURFACE ( 'NONE', #8806, 0.1199999999999998845 ) ;
#9235 = VECTOR ( 'NONE', #9349, 1000.000000000000000 ) ;
#9236 = CLOSED_SHELL ( 'NONE', ( #11785, #658, #6523, #2584, #3147, #4199, #190 ) ) ;
#9237 = FACE_OUTER_BOUND ( 'NONE', #3132, .T. ) ;
#9238 = ORIENTED_EDGE ( 'NONE', *, *, #6014, .T. ) ;
#9239 = ORIENTED_EDGE ( 'NONE', *, *, #2238, .F. ) ;
#9240 = EDGE_LOOP ( 'NONE', ( #9354, #6041, #7660, #11818 ) ) ;
#9241 = AXIS2_PLACEMENT_3D ( 'NONE', #9755, #9819, #1377 ) ;
#9242 =( GEOMETRIC_REPRESENTATION_CONTEXT ( 3 ) GLOBAL_UNCERTAINTY_ASSIGNED_CONTEXT ( ( #10712 ) ) GLOBAL_UNIT_ASSIGNED_CONTEXT ( ( #5175, #10864, #2365 ) ) REPRESENTATION_CONTEXT ( 'NONE', 'WORKASPACE' ) );
#9243 = EDGE_CURVE ( 'NONE', #9901, #9666, #6011, .T. ) ;
#9244 = ADVANCED_FACE ( 'NONE', ( #5022 ), #8781, .T. ) ;
#9245 = DIRECTION ( 'NONE',  ( 0.000000000000000000, 1.000000000000000000, 0.000000000000000000 ) ) ;
#9246 = ADVANCED_FACE ( 'NONE', ( #2258 ), #6137, .T. ) ;
#9247 = CARTESIAN_POINT ( 'NONE',  ( -2.119999999999999662, 0.2000000000000000111, 3.000000000000001776 ) ) ;
#9248 = CARTESIAN_POINT ( 'NONE',  ( 2.120000000000000551, 0.000000000000000000, -3.000000000000001776 ) ) ;
#9249 = CARTESIAN_POINT ( 'NONE',  ( 2.570000000000001172, 0.1999999999999999833, 2.120000000000000551 ) ) ;
#9250 = DIRECTION ( 'NONE',  ( -0.000000000000000000, -1.000000000000000000, -0.000000000000000000 ) ) ;
#9251 = CARTESIAN_POINT ( 'NONE',  ( -2.049999999999999822, 0.1999999999999996503, 2.049999999999999378 ) ) ;
#9252 = ORIENTED_EDGE ( 'NONE', *, *, #3119, .F. ) ;
#9253 = VECTOR ( 'NONE', #652, 1000.000000000000000 ) ;
#9254 = CARTESIAN_POINT ( 'NONE',  ( -0.8799999999999996714, 0.8000833275471003203, 3.000000000000001776 ) ) ;
#9255 = EDGE_CURVE ( 'NONE', #8521, #9270, #11726, .T. ) ;
#9256 = LINE ( 'NONE', #1733, #8243 ) ;
#9257 = VECTOR ( 'NONE', #2334, 1000.000000000000000 ) ;
#9258 = EDGE_CURVE ( 'NONE', #4737, #9318, #5888, .T. ) ;
#9259 = ORIENTED_EDGE ( 'NONE', *, *, #11752, .F. ) ;
#9260 = CARTESIAN_POINT ( 'NONE',  ( 2.000000000000000000, 0.8000833275471003203, 2.450000000000001510 ) ) ;
#9261 = ORIENTED_EDGE ( 'NONE', *, *, #493, .F. ) ;
#9262 = FACE_OUTER_BOUND ( 'NONE', #5850, .T. ) ;
#9263 = DIRECTION ( 'NONE',  ( 0.000000000000000000, 0.000000000000000000, 1.000000000000000000 ) ) ;
#9264 = CARTESIAN_POINT ( 'NONE',  ( -1.879999999999999671, 0.2000000000000000111, -2.570000000000001616 ) ) ;
#9265 = CARTESIAN_POINT ( 'NONE',  ( 1.120000000000000329, 0.2000000000000000111, -3.000000000000001776 ) ) ;
#9266 = ORIENTED_EDGE ( 'NONE', *, *, #1023, .F. ) ;
#9267 = LINE ( 'NONE', #3718, #3518 ) ;
#9268 = ORIENTED_EDGE ( 'NONE', *, *, #11216, .F. ) ;
#9269 = CARTESIAN_POINT ( 'NONE',  ( -2.300000000000000711, 1.000000000000000000, -2.300000000000000711 ) ) ;
#9270 = VERTEX_POINT ( 'NONE', #9829 ) ;
#9271 = SURFACE_SIDE_STYLE ('',( #12041 ) ) ;
#9272 = LINE ( 'NONE', #7483, #3287 ) ;
#9273 = PLANE ( 'NONE',  #5734 ) ;
#9274 = CYLINDRICAL_SURFACE ( 'NONE', #4625, 0.1199999999999998845 ) ;
#9275 = LINE ( 'NONE', #4585, #3316 ) ;
#9276 = LINE ( 'NONE', #6438, #4007 ) ;
#9277 = DIRECTION ( 'NONE',  ( 1.000000000000000000, 0.000000000000000000, -5.042800802258162337E-16 ) ) ;
#9278 = FACE_OUTER_BOUND ( 'NONE', #4836, .T. ) ;
#9279 = FACE_OUTER_BOUND ( 'NONE', #5010, .T. ) ;
#9280 = ORIENTED_EDGE ( 'NONE', *, *, #4097, .F. ) ;
#9281 = VERTEX_POINT ( 'NONE', #1388 ) ;
#9282 = EDGE_LOOP ( 'NONE', ( #7586, #2809, #2759, #11389 ) ) ;
#9283 = VERTEX_POINT ( 'NONE', #3306 ) ;
#9284 = FACE_OUTER_BOUND ( 'NONE', #10400, .T. ) ;
#9285 = EDGE_CURVE ( 'NONE', #11462, #6937, #6823, .T. ) ;
#9286 = DIRECTION ( 'NONE',  ( -0.000000000000000000, -1.000000000000000000, -0.000000000000000000 ) ) ;
#9287 = DIRECTION ( 'NONE',  ( 0.000000000000000000, -1.000000000000000000, 0.000000000000000000 ) ) ;
#9288 = DIRECTION ( 'NONE',  ( -0.000000000000000000, -1.000000000000000000, -0.000000000000000000 ) ) ;
#9289 = FACE_OUTER_BOUND ( 'NONE', #1412, .T. ) ;
#9290 =( NAMED_UNIT ( * ) PLANE_ANGLE_UNIT ( ) SI_UNIT ( $, .RADIAN. ) );
#9291 = EDGE_CURVE ( 'NONE', #3975, #12054, #8964, .T. ) ;
#9292 = CARTESIAN_POINT ( 'NONE',  ( 2.570000000000001172, 0.1999999999999999833, 0.1200000000000000927 ) ) ;
#9293 = LINE ( 'NONE', #971, #678 ) ;
#9294 = ORIENTED_EDGE ( 'NONE', *, *, #11134, .T. ) ;
#9295 = ORIENTED_EDGE ( 'NONE', *, *, #11557, .F. ) ;
#9296 = ORIENTED_EDGE ( 'NONE', *, *, #5029, .F. ) ;
#9297 = CIRCLE ( 'NONE', #3385, 0.2500000000000002220 ) ;
#9298 = DIRECTION ( 'NONE',  ( -1.000000000000000000, 0.000000000000000000, 0.000000000000000000 ) ) ;
#9299 = CARTESIAN_POINT ( 'NONE',  ( -3.000000000000000888, 0.1999999999999999833, 0.6200000000000003286 ) ) ;
#9300 = DIRECTION ( 'NONE',  ( 0.000000000000000000, 0.000000000000000000, -1.000000000000000000 ) ) ;
#9301 = CARTESIAN_POINT ( 'NONE',  ( 0.3800000000000005596, 0.2000000000000000111, 3.000000000000001776 ) ) ;
#9302 = CARTESIAN_POINT ( 'NONE',  ( 0.6200000000000003286, 0.2000000000000000111, -2.570000000000001616 ) ) ;
#9303 = CARTESIAN_POINT ( 'NONE',  ( 3.000000000000000888, 0.1999999999999999833, 2.120000000000000551 ) ) ;
#9304 = MECHANICAL_DESIGN_GEOMETRIC_PRESENTATION_REPRESENTATION (  '', ( #2026 ), #9492 ) ;
#9305 = ORIENTED_EDGE ( 'NONE', *, *, #8887, .T. ) ;
#9306 = CARTESIAN_POINT ( 'NONE',  ( -0.1199999999999994404, 0.8000833275471003203, 3.000000000000001776 ) ) ;
#9307 = ORIENTED_EDGE ( 'NONE', *, *, #11957, .T. ) ;
#9308 = CARTESIAN_POINT ( 'NONE',  ( 6.959065107116270237E-16, 0.05000000000000000278, -1.380000000000001226 ) ) ;
#9309 = ORIENTED_EDGE ( 'NONE', *, *, #10998, .F. ) ;
#9310 = AXIS2_PLACEMENT_3D ( 'NONE', #8373, #10354, #38 ) ;
#9311 = EDGE_CURVE ( 'NONE', #7347, #1995, #10584, .T. ) ;
#9312 = CARTESIAN_POINT ( 'NONE',  ( 1.880000000000000560, 0.04999999999999969746, -3.000000000000001776 ) ) ;
#9313 = CARTESIAN_POINT ( 'NONE',  ( -3.000000000000000888, 0.1999999999999999833, -1.379999999999999671 ) ) ;
#9314 = CYLINDRICAL_SURFACE ( 'NONE', #7069, 0.1199999999999998845 ) ;
#9315 = DIRECTION ( 'NONE',  ( -1.000000000000000000, -0.000000000000000000, -0.000000000000000000 ) ) ;
#9316 = EDGE_CURVE ( 'NONE', #11347, #7991, #7733, .T. ) ;
#9317 = AXIS2_PLACEMENT_3D ( 'NONE', #2506, #11639, #166 ) ;
#9318 = VERTEX_POINT ( 'NONE', #1199 ) ;
#9319 = DIRECTION ( 'NONE',  ( 0.000000000000000000, 0.000000000000000000, 1.000000000000000000 ) ) ;
#9320 = ORIENTED_EDGE ( 'NONE', *, *, #3061, .F. ) ;
#9321 = FACE_OUTER_BOUND ( 'NONE', #11248, .T. ) ;
#9322 = ORIENTED_EDGE ( 'NONE', *, *, #5546, .T. ) ;
#9323 = AXIS2_PLACEMENT_3D ( 'NONE', #7909, #11668, #4207 ) ;
#9324 = DIRECTION ( 'NONE',  ( 0.000000000000000000, -0.000000000000000000, 1.000000000000000000 ) ) ;
#9325 = PRESENTATION_STYLE_ASSIGNMENT (( #702 ) ) ;
#9326 = DIRECTION ( 'NONE',  ( 1.000000000000000000, 0.000000000000000000, -0.000000000000000000 ) ) ;
#9327 = EDGE_CURVE ( 'NONE', #10989, #4900, #9565, .T. ) ;
#9328 = LINE ( 'NONE', #886, #9408 ) ;
#9329 = CARTESIAN_POINT ( 'NONE',  ( 3.000000000000000888, 0.8000833275471006534, -0.1199999999999998845 ) ) ;
#9330 = EDGE_CURVE ( 'NONE', #2571, #4837, #9215, .T. ) ;
#9331 = PLANE ( 'NONE',  #5431 ) ;
#9332 = CARTESIAN_POINT ( 'NONE',  ( -1.379999999999999671, 0.8000833275471003203, -2.570000000000001616 ) ) ;
#9333 = ADVANCED_FACE ( 'NONE', ( #4282 ), #6191, .T. ) ;
#9334 = LINE ( 'NONE', #11017, #1178 ) ;
#9335 = DIRECTION ( 'NONE',  ( -1.000000000000000000, 0.000000000000000000, -5.042800802258162337E-16 ) ) ;
#9336 = ORIENTED_EDGE ( 'NONE', *, *, #3902, .T. ) ;
#9337 = ORIENTED_EDGE ( 'NONE', *, *, #4734, .T. ) ;
#9338 = ORIENTED_EDGE ( 'NONE', *, *, #8994, .F. ) ;
#9339 = AXIS2_PLACEMENT_3D ( 'NONE', #8309, #12077, #11841 ) ;
#9340 = ORIENTED_EDGE ( 'NONE', *, *, #6302, .F. ) ;
#9341 = FACE_OUTER_BOUND ( 'NONE', #11292, .T. ) ;
#9342 = VERTEX_POINT ( 'NONE', #11066 ) ;
#9343 = LINE ( 'NONE', #904, #9178 ) ;
#9344 = DIRECTION ( 'NONE',  ( 0.000000000000000000, 0.000000000000000000, -1.000000000000000000 ) ) ;
#9345 = CARTESIAN_POINT ( 'NONE',  ( -1.000000000000000000, 0.2000000000000000111, 2.450000000000001510 ) ) ;
#9346 = VECTOR ( 'NONE', #11393, 1000.000000000000000 ) ;
#9347 = FILL_AREA_STYLE ('',( #5577 ) ) ;
#9348 = AXIS2_PLACEMENT_3D ( 'NONE', #11207, #6518, #4782 ) ;
#9349 = DIRECTION ( 'NONE',  ( 0.000000000000000000, 0.000000000000000000, 1.000000000000000000 ) ) ;
#9350 = DIRECTION ( 'NONE',  ( 0.000000000000000000, 0.000000000000000000, 1.000000000000000000 ) ) ;
#9351 = VERTEX_POINT ( 'NONE', #9953 ) ;
#9352 = VECTOR ( 'NONE', #9217, 1000.000000000000000 ) ;
#9353 = EDGE_CURVE ( 'NONE', #11192, #5912, #2563, .T. ) ;
#9354 = ORIENTED_EDGE ( 'NONE', *, *, #890, .F. ) ;
#9355 = ORIENTED_EDGE ( 'NONE', *, *, #10877, .T. ) ;
#9356 = CIRCLE ( 'NONE', #2273, 0.1199999999999998845 ) ;
#9357 = EDGE_CURVE ( 'NONE', #8870, #11113, #7180, .T. ) ;
#9358 = EDGE_CURVE ( 'NONE', #7095, #1889, #1504, .T. ) ;
#9359 = AXIS2_PLACEMENT_3D ( 'NONE', #2301, #9806, #8020 ) ;
#9360 = LINE ( 'NONE', #8185, #3435 ) ;
#9361 = AXIS2_PLACEMENT_3D ( 'NONE', #7088, #9787, #5961 ) ;
#9362 = CARTESIAN_POINT ( 'NONE',  ( -2.570000000000001172, 0.1999999999999999833, -1.379999999999999893 ) ) ;
#9363 = AXIS2_PLACEMENT_3D ( 'NONE', #5303, #624, #3583 ) ;
#9364 = CYLINDRICAL_SURFACE ( 'NONE', #3678, 0.1199999999999999956 ) ;
#9365 = CARTESIAN_POINT ( 'NONE',  ( 2.049999999999999822, 5.998275605729689097, 2.049999999999999822 ) ) ;
#9366 = DIRECTION ( 'NONE',  ( -0.000000000000000000, -0.000000000000000000, -1.000000000000000000 ) ) ;
#9367 = DIRECTION ( 'NONE',  ( 0.000000000000000000, -0.000000000000000000, -1.000000000000000000 ) ) ;
#9368 = VERTEX_POINT ( 'NONE', #10018 ) ;
#9369 = CARTESIAN_POINT ( 'NONE',  ( -3.000000000000000888, 0.8000833275471006534, -1.879999999999999671 ) ) ;
#9370 = ORIENTED_EDGE ( 'NONE', *, *, #7362, .F. ) ;
#9371 = VECTOR ( 'NONE', #10273, 1000.000000000000000 ) ;
#9372 = VECTOR ( 'NONE', #2592, 1000.000000000000000 ) ;
#9373 = EDGE_CURVE ( 'NONE', #5425, #4939, #10129, .T. ) ;
#9374 = EDGE_LOOP ( 'NONE', ( #62, #11643, #6764, #8597 ) ) ;
#9375 = LINE ( 'NONE', #12028, #1115 ) ;
#9376 = ORIENTED_EDGE ( 'NONE', *, *, #6620, .F. ) ;
#9377 = PLANE ( 'NONE',  #3405 ) ;
#9378 = AXIS2_PLACEMENT_3D ( 'NONE', #2599, #8385, #8259 ) ;
#9379 = LINE ( 'NONE', #3771, #7018 ) ;
#9380 = CARTESIAN_POINT ( 'NONE',  ( 2.570000000000001172, 0.05000000000000002359, 0.8799999999999996714 ) ) ;
#9381 = PLANE ( 'NONE',  #7351 ) ;
#9382 = ORIENTED_EDGE ( 'NONE', *, *, #1521, .T. ) ;
#9383 = CARTESIAN_POINT ( 'NONE',  ( 0.6200000000000001066, 0.000000000000000000, 2.570000000000001616 ) ) ;
#9384 = VECTOR ( 'NONE', #11334, 1000.000000000000000 ) ;
#9385 = CIRCLE ( 'NONE', #9201, 0.1199999999999999956 ) ;
#9386 = VERTEX_POINT ( 'NONE', #3479 ) ;
#9387 = EDGE_LOOP ( 'NONE', ( #5899, #1731, #7035, #7912 ) ) ;
#9388 = EDGE_CURVE ( 'NONE', #9318, #2857, #4527, .T. ) ;
#9389 = EDGE_CURVE ( 'NONE', #1088, #3870, #8277, .T. ) ;
#9390 = PLANE ( 'NONE',  #500 ) ;
#9391 = DIRECTION ( 'NONE',  ( 0.000000000000000000, 0.000000000000000000, -1.000000000000000000 ) ) ;
#9392 = SURFACE_STYLE_USAGE ( .BOTH. , #11299 ) ;
#9393 = DIRECTION ( 'NONE',  ( -1.000000000000000000, 0.000000000000000000, -5.042800802258162337E-16 ) ) ;
#9394 = LINE ( 'NONE', #2801, #1528 ) ;
#9395 = CARTESIAN_POINT ( 'NONE',  ( -2.570000000000001172, 0.8000833275471006534, 0.6200000000000001066 ) ) ;
#9396 = PRESENTATION_LAYER_ASSIGNMENT (  '', '', ( #2515 ) ) ;
#9397 = DIRECTION ( 'NONE',  ( -1.008560160451631481E-15, 0.000000000000000000, -1.000000000000000000 ) ) ;
#9398 = AXIS2_PLACEMENT_3D ( 'NONE', #876, #4640, #12095 ) ;
#9399 = LINE ( 'NONE', #4894, #8839 ) ;
#9400 =( NAMED_UNIT ( * ) PLANE_ANGLE_UNIT ( ) SI_UNIT ( $, .RADIAN. ) );
#9401 = ORIENTED_EDGE ( 'NONE', *, *, #4611, .F. ) ;
#9402 = ADVANCED_FACE ( 'NONE', ( #8043 ), #6434, .T. ) ;
#9403 = ORIENTED_EDGE ( 'NONE', *, *, #4665, .T. ) ;
#9404 = ORIENTED_EDGE ( 'NONE', *, *, #11349, .T. ) ;
#9405 = ORIENTED_EDGE ( 'NONE', *, *, #121, .T. ) ;
#9406 = CARTESIAN_POINT ( 'NONE',  ( -0.8799999999999996714, 0.2000000000000000111, 3.000000000000001776 ) ) ;
#9407 = EDGE_CURVE ( 'NONE', #10000, #2431, #581, .T. ) ;
#9408 = VECTOR ( 'NONE', #4650, 1000.000000000000000 ) ;
#9409 = ORIENTED_EDGE ( 'NONE', *, *, #7591, .F. ) ;
#9410 = ADVANCED_FACE ( 'NONE', ( #1571 ), #11010, .T. ) ;
#9411 = ADVANCED_FACE ( 'NONE', ( #10198 ), #9084, .F. ) ;
#9412 = DIRECTION ( 'NONE',  ( 0.000000000000000000, 0.000000000000000000, 1.000000000000000000 ) ) ;
#9413 = SURFACE_STYLE_USAGE ( .BOTH. , #11441 ) ;
#9414 = DIRECTION ( 'NONE',  ( -0.000000000000000000, 0.000000000000000000, 1.000000000000000000 ) ) ;
#9415 = LINE ( 'NONE', #1025, #2741 ) ;
#9416 = CARTESIAN_POINT ( 'NONE',  ( -0.8799999999999996714, 0.04999999999999969746, -3.000000000000001776 ) ) ;
#9417 = VECTOR ( 'NONE', #569, 1000.000000000000000 ) ;
#9418 = VERTEX_POINT ( 'NONE', #4345 ) ;
#9419 = ORIENTED_EDGE ( 'NONE', *, *, #5922, .F. ) ;
#9420 = ORIENTED_EDGE ( 'NONE', *, *, #7208, .T. ) ;
#9421 = ORIENTED_EDGE ( 'NONE', *, *, #10834, .F. ) ;
#9422 = FACE_OUTER_BOUND ( 'NONE', #11276, .T. ) ;
#9423 = AXIS2_PLACEMENT_3D ( 'NONE', #4604, #9923, #786 ) ;
#9424 = CARTESIAN_POINT ( 'NONE',  ( -2.300000000000000711, 0.9000000000000000222, -2.050000000000000711 ) ) ;
#9425 = LINE ( 'NONE', #1976, #1914 ) ;
#9426 = DIRECTION ( 'NONE',  ( 0.000000000000000000, 0.000000000000000000, 1.000000000000000000 ) ) ;
#9427 = CARTESIAN_POINT ( 'NONE',  ( -2.570000000000001172, 0.1999999999999999833, -0.3799999999999998934 ) ) ;
#9428 = CARTESIAN_POINT ( 'NONE',  ( 1.120000000000000329, 0.2000000000000000111, -2.570000000000001616 ) ) ;
#9429 = ORIENTED_EDGE ( 'NONE', *, *, #8500, .T. ) ;
#9430 = CARTESIAN_POINT ( 'NONE',  ( -0.8799999999999998934, 0.8000833275471003203, 2.570000000000001616 ) ) ;
#9431 = EDGE_LOOP ( 'NONE', ( #8140, #7746, #8181, #9074 ) ) ;
#9432 = VECTOR ( 'NONE', #3033, 1000.000000000000000 ) ;
#9433 = LINE ( 'NONE', #4746, #4716 ) ;
#9434 = ORIENTED_EDGE ( 'NONE', *, *, #5584, .T. ) ;
#9435 = CARTESIAN_POINT ( 'NONE',  ( 3.000000000000000888, 0.8000833275471006534, -0.6199999999999998845 ) ) ;
#9436 = ORIENTED_EDGE ( 'NONE', *, *, #7225, .F. ) ;
#9437 = FACE_OUTER_BOUND ( 'NONE', #7614, .T. ) ;
#9438 = LINE ( 'NONE', #994, #10497 ) ;
#9439 = DIRECTION ( 'NONE',  ( 0.000000000000000000, 0.000000000000000000, -1.000000000000000000 ) ) ;
#9440 = CARTESIAN_POINT ( 'NONE',  ( -2.570000000000001172, 0.1999999999999999833, 2.120000000000000551 ) ) ;
#9441 = CARTESIAN_POINT ( 'NONE',  ( 0.8799999999999996714, 0.000000000000000000, -2.570000000000001616 ) ) ;
#9442 = EDGE_CURVE ( 'NONE', #326, #4835, #4654, .T. ) ;
#9443 = AXIS2_PLACEMENT_3D ( 'NONE', #6378, #4475, #644 ) ;
#9444 = ORIENTED_EDGE ( 'NONE', *, *, #7281, .T. ) ;
#9445 = CARTESIAN_POINT ( 'NONE',  ( 0.1200000000000003147, 0.05000000000000000278, 0.000000000000000000 ) ) ;
#9446 = ORIENTED_EDGE ( 'NONE', *, *, #3629, .F. ) ;
#9447 = ORIENTED_EDGE ( 'NONE', *, *, #4379, .F. ) ;
#9448 = DIRECTION ( 'NONE',  ( 0.000000000000000000, 0.000000000000000000, 1.000000000000000000 ) ) ;
#9449 = DIRECTION ( 'NONE',  ( 0.000000000000000000, -0.000000000000000000, 1.000000000000000000 ) ) ;
#9450 = FACE_OUTER_BOUND ( 'NONE', #10016, .T. ) ;
#9451 = DIRECTION ( 'NONE',  ( 0.000000000000000000, -1.000000000000000000, 0.000000000000000000 ) ) ;
#9452 = CARTESIAN_POINT ( 'NONE',  ( -3.000000000000000888, 0.04999999999999969746, 0.8800000000000001155 ) ) ;
#9453 = LINE ( 'NONE', #5807, #8390 ) ;
#9454 = CARTESIAN_POINT ( 'NONE',  ( 0.8800000000000005596, 0.1999999999999999833, 3.000000000000001776 ) ) ;
#9455 = ORIENTED_EDGE ( 'NONE', *, *, #7738, .T. ) ;
#9456 = EDGE_CURVE ( 'NONE', #11197, #1738, #1754, .T. ) ;
#9457 = ORIENTED_EDGE ( 'NONE', *, *, #8567, .T. ) ;
#9458 = ORIENTED_EDGE ( 'NONE', *, *, #10656, .F. ) ;
#9459 = ORIENTED_EDGE ( 'NONE', *, *, #9542, .T. ) ;
#9460 = CARTESIAN_POINT ( 'NONE',  ( 2.570000000000001172, 0.8000833275471006534, 1.120000000000000107 ) ) ;
#9461 = ADVANCED_FACE ( 'NONE', ( #5376 ), #8215, .T. ) ;
#9462 = EDGE_CURVE ( 'NONE', #482, #1397, #10882, .T. ) ;
#9463 = ORIENTED_EDGE ( 'NONE', *, *, #3232, .T. ) ;
#9464 = SURFACE_STYLE_FILL_AREA ( #9582 ) ;
#9465 = CARTESIAN_POINT ( 'NONE',  ( 3.000000000000000888, 0.1999999999999999833, 0.3800000000000001155 ) ) ;
#9466 = DIRECTION ( 'NONE',  ( -1.000000000000000000, 0.000000000000000000, -0.000000000000000000 ) ) ;
#9467 = LINE ( 'NONE', #5826, #7322 ) ;
#9468 = ADVANCED_FACE ( 'NONE', ( #8402 ), #882, .T. ) ;
#9469 = PLANE ( 'NONE',  #4873 ) ;
#9470 = COLOUR_RGB ( '',0.7921568627450980005, 0.8196078431372548767, 0.9333333333333333481 ) ;
#9471 = DIRECTION ( 'NONE',  ( -1.000000000000000000, 0.000000000000000000, 5.042800802258162337E-16 ) ) ;
#9472 = CARTESIAN_POINT ( 'NONE',  ( -1.119999999999999440, 0.2000000000000000111, 3.000000000000001776 ) ) ;
#9473 = ORIENTED_EDGE ( 'NONE', *, *, #11654, .F. ) ;
#9474 = EDGE_CURVE ( 'NONE', #5832, #1398, #8466, .T. ) ;
#9475 = ORIENTED_EDGE ( 'NONE', *, *, #494, .F. ) ;
#9476 = ORIENTED_EDGE ( 'NONE', *, *, #6612, .T. ) ;
#9477 = VERTEX_POINT ( 'NONE', #4991 ) ;
#9478 = FACE_OUTER_BOUND ( 'NONE', #7673, .T. ) ;
#9479 = DIRECTION ( 'NONE',  ( 0.000000000000000000, 1.000000000000000000, 0.000000000000000000 ) ) ;
#9480 =( GEOMETRIC_REPRESENTATION_CONTEXT ( 3 ) GLOBAL_UNCERTAINTY_ASSIGNED_CONTEXT ( ( #9097 ) ) GLOBAL_UNIT_ASSIGNED_CONTEXT ( ( #4220, #10883, #6077 ) ) REPRESENTATION_CONTEXT ( 'NONE', 'WORKASPACE' ) );
#9481 = DIRECTION ( 'NONE',  ( 0.000000000000000000, -1.000000000000000000, 0.000000000000000000 ) ) ;
#9482 = CARTESIAN_POINT ( 'NONE',  ( -3.000000000000000888, 0.8000833275471006534, -0.8799999999999996714 ) ) ;
#9483 = CARTESIAN_POINT ( 'NONE',  ( -1.120000000000000329, 0.8000833275471003203, -2.570000000000001616 ) ) ;
#9484 = ORIENTED_EDGE ( 'NONE', *, *, #2669, .F. ) ;
#9485 = FACE_OUTER_BOUND ( 'NONE', #1162, .T. ) ;
#9486 = ORIENTED_EDGE ( 'NONE', *, *, #4962, .F. ) ;
#9487 = DIRECTION ( 'NONE',  ( 0.000000000000000000, 0.000000000000000000, 1.000000000000000000 ) ) ;
#9488 = ORIENTED_EDGE ( 'NONE', *, *, #2427, .F. ) ;
#9489 = DIRECTION ( 'NONE',  ( 0.000000000000000000, -1.000000000000000000, 0.000000000000000000 ) ) ;
#9490 = ORIENTED_EDGE ( 'NONE', *, *, #5472, .T. ) ;
#9491 = CARTESIAN_POINT ( 'NONE',  ( -3.000000000000000888, 0.2000000000000005107, 0.1200000000000003147 ) ) ;
#9492 =( GEOMETRIC_REPRESENTATION_CONTEXT ( 3 ) GLOBAL_UNCERTAINTY_ASSIGNED_CONTEXT ( ( #3428 ) ) GLOBAL_UNIT_ASSIGNED_CONTEXT ( ( #10632, #7229, #10058 ) ) REPRESENTATION_CONTEXT ( 'NONE', 'WORKASPACE' ) );
#9493 = DIRECTION ( 'NONE',  ( 0.000000000000000000, 1.000000000000000000, 0.000000000000000000 ) ) ;
#9494 = DIRECTION ( 'NONE',  ( 5.042800802258162337E-16, 0.000000000000000000, -1.000000000000000000 ) ) ;
#9495 = FACE_OUTER_BOUND ( 'NONE', #1533, .T. ) ;
#9496 = DIRECTION ( 'NONE',  ( -1.000000000000000000, 0.000000000000000000, 0.000000000000000000 ) ) ;
#9497 = EDGE_CURVE ( 'NONE', #1286, #2319, #11182, .T. ) ;
#9498 = FACE_OUTER_BOUND ( 'NONE', #8431, .T. ) ;
#9499 = VECTOR ( 'NONE', #8819, 1000.000000000000000 ) ;
#9500 = ORIENTED_EDGE ( 'NONE', *, *, #5737, .T. ) ;
#9501 = ADVANCED_FACE ( 'NONE', ( #6860 ), #6917, .T. ) ;
#9502 = ORIENTED_EDGE ( 'NONE', *, *, #6350, .T. ) ;
#9503 = CARTESIAN_POINT ( 'NONE',  ( 0.000000000000000000, 0.05000000000000000278, -0.1199999999999998845 ) ) ;
#9504 = LINE ( 'NONE', #6691, #9743 ) ;
#9505 = CARTESIAN_POINT ( 'NONE',  ( -3.000000000000000888, 0.8000833275471006534, -1.619999999999999885 ) ) ;
#9506 = CARTESIAN_POINT ( 'NONE',  ( -2.000000000000000000, 0.2000000000000000111, -2.570000000000001616 ) ) ;
#9507 = DIRECTION ( 'NONE',  ( 0.000000000000000000, 0.000000000000000000, -1.000000000000000000 ) ) ;
#9508 = AXIS2_PLACEMENT_3D ( 'NONE', #9506, #8470, #1063 ) ;
#9509 = LINE ( 'NONE', #1133, #9823 ) ;
#9510 = VERTEX_POINT ( 'NONE', #2228 ) ;
#9511 = ORIENTED_EDGE ( 'NONE', *, *, #5387, .F. ) ;
#9512 = ORIENTED_EDGE ( 'NONE', *, *, #12192, .F. ) ;
#9513 = VERTEX_POINT ( 'NONE', #7834 ) ;
#9514 = DIRECTION ( 'NONE',  ( 0.000000000000000000, -1.000000000000000000, 0.000000000000000000 ) ) ;
#9515 = ORIENTED_EDGE ( 'NONE', *, *, #2254, .T. ) ;
#9516 = LINE ( 'NONE', #12195, #108 ) ;
#9517 = PLANE ( 'NONE',  #4284 ) ;
#9518 = LINE ( 'NONE', #1201, #8506 ) ;
#9519 = CARTESIAN_POINT ( 'NONE',  ( -0.1199999999999994404, 0.2000000000000000111, -3.000000000000001776 ) ) ;
#9521 = DIRECTION ( 'NONE',  ( 0.000000000000000000, 1.000000000000000000, 0.000000000000000000 ) ) ;
#9520 = VECTOR ( 'NONE', #6043, 1000.000000000000000 ) ;
#9522 = CIRCLE ( 'NONE', #7760, 0.1199999999999998845 ) ;
#9523 = ORIENTED_EDGE ( 'NONE', *, *, #156, .F. ) ;
#9524 = ORIENTED_EDGE ( 'NONE', *, *, #10878, .F. ) ;
#9525 = ORIENTED_EDGE ( 'NONE', *, *, #8647, .F. ) ;
#9526 = ORIENTED_EDGE ( 'NONE', *, *, #8563, .F. ) ;
#9527 = ADVANCED_FACE ( 'NONE', ( #5621 ), #11298, .F. ) ;
#9528 = CARTESIAN_POINT ( 'NONE',  ( -2.570000000000001172, 0.05000000000000002359, -0.6199999999999998845 ) ) ;
#9529 = AXIS2_PLACEMENT_3D ( 'NONE', #1092, #1973, #8615 ) ;
#9530 = VECTOR ( 'NONE', #8608, 1000.000000000000000 ) ;
#9531 = LINE ( 'NONE', #6838, #10749 ) ;
#9532 = EDGE_CURVE ( 'NONE', #4273, #4180, #1811, .T. ) ;
#9533 = DIRECTION ( 'NONE',  ( 0.000000000000000000, 1.000000000000000000, 0.000000000000000000 ) ) ;
#9534 = EDGE_CURVE ( 'NONE', #3856, #6002, #9272, .T. ) ;
#9535 = CARTESIAN_POINT ( 'NONE',  ( -2.570000000000001172, 0.8000833275471006534, 0.8800000000000001155 ) ) ;
#9536 = FACE_OUTER_BOUND ( 'NONE', #1380, .T. ) ;
#9537 = CARTESIAN_POINT ( 'NONE',  ( 1.880000000000000560, 0.2000000000000000111, 3.000000000000001776 ) ) ;
#9538 = VERTEX_POINT ( 'NONE', #12101 ) ;
#9539 = STYLED_ITEM ( 'NONE', ( #8213 ), #5794 ) ;
#9540 = ORIENTED_EDGE ( 'NONE', *, *, #3533, .T. ) ;
#9541 = VECTOR ( 'NONE', #1511, 1000.000000000000000 ) ;
#9542 = EDGE_CURVE ( 'NONE', #5001, #10563, #4077, .T. ) ;
#9543 = DIRECTION ( 'NONE',  ( 0.000000000000000000, 0.000000000000000000, -1.000000000000000000 ) ) ;
#9544 = EDGE_CURVE ( 'NONE', #1738, #6600, #1870, .T. ) ;
#9545 = VECTOR ( 'NONE', #6342, 1000.000000000000000 ) ;
#9546 = AXIS2_PLACEMENT_3D ( 'NONE', #2441, #458, #4221 ) ;
#9547 = ORIENTED_EDGE ( 'NONE', *, *, #4608, .T. ) ;
#9548 = EDGE_CURVE ( 'NONE', #9281, #8696, #6496, .T. ) ;
#9549 = CARTESIAN_POINT ( 'NONE',  ( -1.379999999999999893, 0.000000000000000000, 2.570000000000001616 ) ) ;
#9550 = ADVANCED_FACE ( 'NONE', ( #946 ), #10317, .T. ) ;
#9551 = ORIENTED_EDGE ( 'NONE', *, *, #5740, .F. ) ;
#9552 = DIRECTION ( 'NONE',  ( 0.000000000000000000, 1.000000000000000000, 0.000000000000000000 ) ) ;
#9553 = ADVANCED_FACE ( 'NONE', ( #4933 ), #8336, .F. ) ;
#9554 = AXIS2_PLACEMENT_3D ( 'NONE', #7419, #10253, #5620 ) ;
#9555 = VECTOR ( 'NONE', #3332, 1000.000000000000000 ) ;
#9556 = DIRECTION ( 'NONE',  ( 1.000000000000000000, -0.000000000000000000, -0.000000000000000000 ) ) ;
#9557 = CARTESIAN_POINT ( 'NONE',  ( -1.120000000000000329, 0.2000000000000000111, -2.570000000000001616 ) ) ;
#9558 = DIRECTION ( 'NONE',  ( -0.000000000000000000, -1.000000000000000000, -0.000000000000000000 ) ) ;
#9559 = CARTESIAN_POINT ( 'NONE',  ( -3.000000000000000888, 0.8000833275471006534, -2.120000000000000107 ) ) ;
#9560 = VECTOR ( 'NONE', #1961, 1000.000000000000000 ) ;
#9561 = VECTOR ( 'NONE', #10493, 1000.000000000000000 ) ;
#9562 = EDGE_CURVE ( 'NONE', #8548, #4773, #6554, .T. ) ;
#9563 = AXIS2_PLACEMENT_3D ( 'NONE', #8673, #471, #1340 ) ;
#9564 = EDGE_LOOP ( 'NONE', ( #7204, #3620, #5223, #9629, #7310 ) ) ;
#9565 = CIRCLE ( 'NONE', #7610, 0.1199999999999999956 ) ;
#9566 = VERTEX_POINT ( 'NONE', #4708 ) ;
#9567 = AXIS2_PLACEMENT_3D ( 'NONE', #8128, #10169, #740 ) ;
#9568 = DIRECTION ( 'NONE',  ( 0.000000000000000000, 0.000000000000000000, 1.000000000000000000 ) ) ;
#9569 = CARTESIAN_POINT ( 'NONE',  ( -1.379999999999999671, 0.000000000000000000, 3.000000000000001776 ) ) ;
#9570 = DIRECTION ( 'NONE',  ( -0.000000000000000000, -1.000000000000000000, 0.000000000000000000 ) ) ;
#9571 = DIRECTION ( 'NONE',  ( 0.000000000000000000, 1.000000000000000000, 0.000000000000000000 ) ) ;
#9572 = CARTESIAN_POINT ( 'NONE',  ( -2.119999999999999662, 0.2000000000000000111, 3.000000000000001776 ) ) ;
#9573 = CARTESIAN_POINT ( 'NONE',  ( 0.3800000000000001155, 0.2000000000000000111, 2.570000000000001616 ) ) ;
#9574 = VERTEX_POINT ( 'NONE', #11599 ) ;
#9575 = ORIENTED_EDGE ( 'NONE', *, *, #7887, .T. ) ;
#9576 = CIRCLE ( 'NONE', #6635, 0.1199999999999998845 ) ;
#9577 = ORIENTED_EDGE ( 'NONE', *, *, #5763, .T. ) ;
#9578 = ORIENTED_EDGE ( 'NONE', *, *, #3005, .T. ) ;
#9579 = ORIENTED_EDGE ( 'NONE', *, *, #1065, .F. ) ;
#9580 = FACE_OUTER_BOUND ( 'NONE', #10028, .T. ) ;
#9581 = ORIENTED_EDGE ( 'NONE', *, *, #7193, .F. ) ;
#9582 = FILL_AREA_STYLE ('',( #902 ) ) ;
#9583 = VECTOR ( 'NONE', #10287, 1000.000000000000000 ) ;
#9584 = DIRECTION ( 'NONE',  ( 1.008560160451631481E-15, -0.000000000000000000, 1.000000000000000000 ) ) ;
#9585 = PLANE ( 'NONE',  #933 ) ;
#9586 = VECTOR ( 'NONE', #6449, 1000.000000000000000 ) ;
#9587 = LINE ( 'NONE', #1145, #1810 ) ;
#9588 = DIRECTION ( 'NONE',  ( 1.000000000000000000, -0.000000000000000000, 5.042800802258162337E-16 ) ) ;
#9589 = CARTESIAN_POINT ( 'NONE',  ( 1.880000000000000560, 0.000000000000000000, -3.000000000000001776 ) ) ;
#9590 = EDGE_CURVE ( 'NONE', #5368, #8415, #1907, .T. ) ;
#9591 = ORIENTED_EDGE ( 'NONE', *, *, #9764, .T. ) ;
#9592 = ORIENTED_EDGE ( 'NONE', *, *, #9562, .F. ) ;
#9593 = ORIENTED_EDGE ( 'NONE', *, *, #5215, .T. ) ;
#9594 = VECTOR ( 'NONE', #8784, 1000.000000000000000 ) ;
#9595 = EDGE_CURVE ( 'NONE', #10866, #7062, #8688, .T. ) ;
#9596 = UNCERTAINTY_MEASURE_WITH_UNIT (LENGTH_MEASURE( 1.000000000000000082E-05 ), #25, 'distance_accuracy_value', 'NONE');
#9597 = AXIS2_PLACEMENT_3D ( 'NONE', #3342, #10050, #2417 ) ;
#9598 = VERTEX_POINT ( 'NONE', #7765 ) ;
#9599 = DIRECTION ( 'NONE',  ( 0.000000000000000000, -0.000000000000000000, 1.000000000000000000 ) ) ;
#9600 = CARTESIAN_POINT ( 'NONE',  ( -0.3799999999999996714, 0.000000000000000000, -2.570000000000001616 ) ) ;
#9601 = CARTESIAN_POINT ( 'NONE',  ( -1.000000000000000000, 0.2000000000000000111, -2.570000000000001616 ) ) ;
#9602 =( LENGTH_UNIT ( ) NAMED_UNIT ( * ) SI_UNIT ( .MILLI., .METRE. ) );
#9603 = VECTOR ( 'NONE', #6557, 1000.000000000000000 ) ;
#9604 = PLANE ( 'NONE',  #7161 ) ;
#9605 = CARTESIAN_POINT ( 'NONE',  ( 1.380000000000000560, 0.2000000000000000111, -3.000000000000001776 ) ) ;
#9606 = CARTESIAN_POINT ( 'NONE',  ( 1.500000000000000000, 0.8000833275471003203, -2.570000000000001616 ) ) ;
#9607 = EDGE_LOOP ( 'NONE', ( #63, #11831, #8229, #589 ) ) ;
#9608 = EDGE_LOOP ( 'NONE', ( #5647, #9899, #4950, #10548 ) ) ;
#9609 = EDGE_CURVE ( 'NONE', #2931, #2134, #554, .T. ) ;
#9610 = EDGE_CURVE ( 'NONE', #12218, #11941, #8996, .T. ) ;
#9611 = DIRECTION ( 'NONE',  ( -1.000000000000000000, 0.000000000000000000, -5.042800802258162337E-16 ) ) ;
#9612 = VECTOR ( 'NONE', #5363, 1000.000000000000000 ) ;
#9613 = VERTEX_POINT ( 'NONE', #3389 ) ;
#9614 = DIRECTION ( 'NONE',  ( 0.000000000000000000, -0.000000000000000000, -1.000000000000000000 ) ) ;
#9615 = EDGE_CURVE ( 'NONE', #2769, #2467, #2411, .T. ) ;
#9616 = EDGE_LOOP ( 'NONE', ( #8925, #6926, #6285, #11193 ) ) ;
#9617 = CARTESIAN_POINT ( 'NONE',  ( -3.000000000000000888, 0.8000833275471006534, -1.119999999999999885 ) ) ;
#9618 = CARTESIAN_POINT ( 'NONE',  ( 2.999999999999999112, 0.05000000000000000278, 2.999999999999998224 ) ) ;
#9619 = CARTESIAN_POINT ( 'NONE',  ( 2.999999999999999112, 0.05000000000000000278, -3.000000000000001776 ) ) ;
#9620 = DIRECTION ( 'NONE',  ( 0.000000000000000000, 0.000000000000000000, -1.000000000000000000 ) ) ;
#9621 = EDGE_CURVE ( 'NONE', #532, #12214, #7150, .T. ) ;
#9622 = DIRECTION ( 'NONE',  ( 0.000000000000000000, 1.000000000000000000, -0.000000000000000000 ) ) ;
#9623 = FACE_OUTER_BOUND ( 'NONE', #1593, .T. ) ;
#9624 = AXIS2_PLACEMENT_3D ( 'NONE', #8073, #1778, #3748 ) ;
#9625 = VECTOR ( 'NONE', #9681, 1000.000000000000000 ) ;
#9626 = LINE ( 'NONE', #10263, #12112 ) ;
#9627 = ADVANCED_FACE ( 'NONE', ( #10799 ), #8878, .F. ) ;
#9628 = CARTESIAN_POINT ( 'NONE',  ( -0.5000000000000000000, 0.000000000000000000, 2.570000000000001616 ) ) ;
#9629 = ORIENTED_EDGE ( 'NONE', *, *, #1341, .F. ) ;
#9630 = ORIENTED_EDGE ( 'NONE', *, *, #12025, .F. ) ;
#9631 = VECTOR ( 'NONE', #10052, 1000.000000000000000 ) ;
#9632 = DIRECTION ( 'NONE',  ( 0.000000000000000000, 0.000000000000000000, -1.000000000000000000 ) ) ;
#9633 = LINE ( 'NONE', #5682, #12058 ) ;
#9634 = CARTESIAN_POINT ( 'NONE',  ( -0.5000000000000000000, 0.000000000000000000, -2.570000000000001616 ) ) ;
#9635 = CARTESIAN_POINT ( 'NONE',  ( -0.8799999999999996714, 0.1999999999999999833, -2.570000000000001616 ) ) ;
#9636 = CARTESIAN_POINT ( 'NONE',  ( 2.570000000000000284, 0.1999999999999999833, -0.5000000000000004441 ) ) ;
#9637 = DIRECTION ( 'NONE',  ( 0.000000000000000000, -0.000000000000000000, 1.000000000000000000 ) ) ;
#9638 = EDGE_LOOP ( 'NONE', ( #5498, #9008, #5726, #4913 ) ) ;
#9639 = VERTEX_POINT ( 'NONE', #5164 ) ;
#9640 = EDGE_LOOP ( 'NONE', ( #11048, #9577, #8626, #9457 ) ) ;
#9641 = VERTEX_POINT ( 'NONE', #5292 ) ;
#9642 = LINE ( 'NONE', #2251, #11955 ) ;
#9643 = ORIENTED_EDGE ( 'NONE', *, *, #4277, .T. ) ;
#9644 = LINE ( 'NONE', #3243, #9154 ) ;
#9645 = CARTESIAN_POINT ( 'NONE',  ( -0.6199999999999994404, 0.1999999999999999833, 3.000000000000001776 ) ) ;
#9646 = LINE ( 'NONE', #4960, #3565 ) ;
#9647 = DIRECTION ( 'NONE',  ( 1.000000000000000000, 0.000000000000000000, 0.000000000000000000 ) ) ;
#9648 = CARTESIAN_POINT ( 'NONE',  ( 0.8799999999999996714, 0.2000000000000000111, -2.570000000000001616 ) ) ;
#9649 = LINE ( 'NONE', #1203, #363 ) ;
#9650 = PLANE ( 'NONE',  #7964 ) ;
#9651 = ORIENTED_EDGE ( 'NONE', *, *, #4644, .F. ) ;
#9652 = ORIENTED_EDGE ( 'NONE', *, *, #6626, .T. ) ;
#9653 = ORIENTED_EDGE ( 'NONE', *, *, #8434, .F. ) ;
#9654 = EDGE_CURVE ( 'NONE', #1334, #11634, #11754, .T. ) ;
#9655 = VERTEX_POINT ( 'NONE', #8932 ) ;
#9656 = ADVANCED_FACE ( 'NONE', ( #11837 ), #3212, .F. ) ;
#9657 = DIRECTION ( 'NONE',  ( 0.000000000000000000, -0.000000000000000000, -1.000000000000000000 ) ) ;
#9658 = EDGE_CURVE ( 'NONE', #7062, #12067, #9987, .T. ) ;
#9659 = DIRECTION ( 'NONE',  ( 0.000000000000000000, 1.000000000000000000, 0.000000000000000000 ) ) ;
#9660 = CARTESIAN_POINT ( 'NONE',  ( 0.3800000000000001155, 0.04999999999999999584, 2.570000000000001616 ) ) ;
#9661 = CARTESIAN_POINT ( 'NONE',  ( 2.570000000000001172, 0.05000000000000002359, 0.3799999999999996714 ) ) ;
#9662 = DIRECTION ( 'NONE',  ( -1.000000000000000000, 0.000000000000000000, 0.000000000000000000 ) ) ;
#9663 = PLANE ( 'NONE',  #7207 ) ;
#9664 = FACE_OUTER_BOUND ( 'NONE', #6307, .T. ) ;
#9665 = ORIENTED_EDGE ( 'NONE', *, *, #1039, .F. ) ;
#9666 = VERTEX_POINT ( 'NONE', #1359 ) ;
#9667 = VERTEX_POINT ( 'NONE', #4191 ) ;
#9668 = CARTESIAN_POINT ( 'NONE',  ( 2.570000000000001172, 0.8000833275471006534, 1.120000000000000107 ) ) ;
#9669 = MANIFOLD_SOLID_BREP ( 'LPattern3[1]', #11591 ) ;
#9670 = ORIENTED_EDGE ( 'NONE', *, *, #10455, .F. ) ;
#9671 = CARTESIAN_POINT ( 'NONE',  ( 2.999999999999999112, 0.05000000000000000278, 2.999999999999998224 ) ) ;
#9672 = ORIENTED_EDGE ( 'NONE', *, *, #2960, .F. ) ;
#9673 = DIRECTION ( 'NONE',  ( -0.000000000000000000, -1.000000000000000000, -0.000000000000000000 ) ) ;
#9674 = DIRECTION ( 'NONE',  ( 5.042800802258162337E-16, 0.000000000000000000, -1.000000000000000000 ) ) ;
#9675 = LINE ( 'NONE', #6973, #6167 ) ;
#9676 = CARTESIAN_POINT ( 'NONE',  ( 0.000000000000000000, 0.05000000000000000278, -1.119999999999999885 ) ) ;
#9677 = PLANE ( 'NONE',  #10008 ) ;
#9678 = CARTESIAN_POINT ( 'NONE',  ( 1.120000000000000329, 0.05000000000000000278, 0.000000000000000000 ) ) ;
#9679 = VECTOR ( 'NONE', #1274, 1000.000000000000000 ) ;
#9680 = DIRECTION ( 'NONE',  ( -1.000000000000000000, 0.000000000000000000, 0.000000000000000000 ) ) ;
#9681 = DIRECTION ( 'NONE',  ( 0.000000000000000000, -1.000000000000000000, 0.000000000000000000 ) ) ;
#9682 = ORIENTED_EDGE ( 'NONE', *, *, #7957, .F. ) ;
#9683 = EDGE_CURVE ( 'NONE', #405, #6300, #7039, .T. ) ;
#9684 = ORIENTED_EDGE ( 'NONE', *, *, #3904, .F. ) ;
#9685 =( GEOMETRIC_REPRESENTATION_CONTEXT ( 3 ) GLOBAL_UNCERTAINTY_ASSIGNED_CONTEXT ( ( #9844 ) ) GLOBAL_UNIT_ASSIGNED_CONTEXT ( ( #9, #6555, #5802 ) ) REPRESENTATION_CONTEXT ( 'NONE', 'WORKASPACE' ) );
#9686 = CARTESIAN_POINT ( 'NONE',  ( 1.500000000000000000, 0.2000000000000000111, 2.570000000000001616 ) ) ;
#9687 = MANIFOLD_SOLID_BREP ( 'LPattern4[5]', #10210 ) ;
#9688 = EDGE_CURVE ( 'NONE', #3873, #6970, #8013, .T. ) ;
#9689 = DIRECTION ( 'NONE',  ( 0.000000000000000000, -1.000000000000000000, 0.000000000000000000 ) ) ;
#9690 = DIRECTION ( 'NONE',  ( 0.000000000000000000, 0.000000000000000000, -1.000000000000000000 ) ) ;
#9691 = DIRECTION ( 'NONE',  ( 0.000000000000000000, -1.000000000000000000, 0.000000000000000000 ) ) ;
#9692 = CARTESIAN_POINT ( 'NONE',  ( -0.8799999999999996714, 0.2000000000000000111, -3.000000000000001776 ) ) ;
#9693 = VECTOR ( 'NONE', #612, 1000.000000000000000 ) ;
#9694 = ORIENTED_EDGE ( 'NONE', *, *, #5587, .F. ) ;
#9695 = ORIENTED_EDGE ( 'NONE', *, *, #6528, .F. ) ;
#9696 = ORIENTED_EDGE ( 'NONE', *, *, #6622, .T. ) ;
#9697 = EDGE_LOOP ( 'NONE', ( #3315, #8005, #5309, #12189 ) ) ;
#9698 = LINE ( 'NONE', #8778, #5643 ) ;
#9699 = ORIENTED_EDGE ( 'NONE', *, *, #1704, .T. ) ;
#9700 = EDGE_CURVE ( 'NONE', #7994, #8477, #12144, .T. ) ;
#9701 =( LENGTH_UNIT ( ) NAMED_UNIT ( * ) SI_UNIT ( .MILLI., .METRE. ) );
#9702 = EDGE_CURVE ( 'NONE', #4366, #5736, #5414, .T. ) ;
#9703 = CIRCLE ( 'NONE', #8126, 0.1199999999999998845 ) ;
#9704 = CARTESIAN_POINT ( 'NONE',  ( -1.379999999999999671, 0.2000000000000000111, -2.570000000000001616 ) ) ;
#9705 = CARTESIAN_POINT ( 'NONE',  ( 0.6200000000000003286, 0.000000000000000000, 3.000000000000001776 ) ) ;
#9706 = ADVANCED_FACE ( 'NONE', ( #12017 ), #9364, .F. ) ;
#9707 = CARTESIAN_POINT ( 'NONE',  ( -2.300000000000000711, 0.9000000000000000222, -2.300000000000000711 ) ) ;
#9708 = CARTESIAN_POINT ( 'NONE',  ( 0.6200000000000003286, 0.05000000000000000278, 0.000000000000000000 ) ) ;
#9709 = DIRECTION ( 'NONE',  ( 1.057758217059028854E-16, 0.000000000000000000, -1.000000000000000000 ) ) ;
#9710 = CARTESIAN_POINT ( 'NONE',  ( 1.380000000000000115, 0.04999999999999999584, 2.570000000000001616 ) ) ;
#9711 = EDGE_LOOP ( 'NONE', ( #3777, #998, #11798, #6568 ) ) ;
#9712 = ORIENTED_EDGE ( 'NONE', *, *, #9736, .T. ) ;
#9713 = EDGE_LOOP ( 'NONE', ( #3383, #10818, #11738, #7034 ) ) ;
#9714 = AXIS2_PLACEMENT_3D ( 'NONE', #8325, #7340, #8393 ) ;
#9715 = VERTEX_POINT ( 'NONE', #9248 ) ;
#9716 = PLANE ( 'NONE',  #1858 ) ;
#9717 = CYLINDRICAL_SURFACE ( 'NONE', #9361, 0.1199999999999998845 ) ;
#9718 = CARTESIAN_POINT ( 'NONE',  ( -0.8799999999999996714, 0.2000000000000000111, 2.570000000000001616 ) ) ;
#9719 = CARTESIAN_POINT ( 'NONE',  ( -1.619999999999999440, 0.2000000000000000111, 3.000000000000001776 ) ) ;
#9720 = CIRCLE ( 'NONE', #8742, 0.1199999999999998845 ) ;
#9721 = DIRECTION ( 'NONE',  ( 0.000000000000000000, -0.000000000000000000, 1.000000000000000000 ) ) ;
#9722 = DIRECTION ( 'NONE',  ( 0.000000000000000000, 0.000000000000000000, -1.000000000000000000 ) ) ;
#9723 = LINE ( 'NONE', #2281, #11297 ) ;
#9724 = VERTEX_POINT ( 'NONE', #10232 ) ;
#9725 = VERTEX_POINT ( 'NONE', #3569 ) ;
#9726 = EDGE_CURVE ( 'NONE', #7236, #3314, #6470, .T. ) ;
#9727 = VERTEX_POINT ( 'NONE', #6343 ) ;
#9728 = VECTOR ( 'NONE', #5344, 1000.000000000000000 ) ;
#9729 = VECTOR ( 'NONE', #10589, 1000.000000000000000 ) ;
#9730 = ORIENTED_EDGE ( 'NONE', *, *, #9929, .T. ) ;
#9731 = CARTESIAN_POINT ( 'NONE',  ( 2.049999999999999822, 0.1999999999999996503, 2.049999999999999822 ) ) ;
#9732 = ORIENTED_EDGE ( 'NONE', *, *, #8332, .F. ) ;
#9733 = LINE ( 'NONE', #5529, #10546 ) ;
#9734 = DIRECTION ( 'NONE',  ( 0.000000000000000000, -0.000000000000000000, 1.000000000000000000 ) ) ;
#9735 = DIRECTION ( 'NONE',  ( 0.000000000000000000, -1.000000000000000000, 0.000000000000000000 ) ) ;
#9736 = EDGE_CURVE ( 'NONE', #10111, #10640, #918, .T. ) ;
#9737 = VECTOR ( 'NONE', #10769, 1000.000000000000000 ) ;
#9738 = DIRECTION ( 'NONE',  ( 0.000000000000000000, 0.000000000000000000, -1.000000000000000000 ) ) ;
#9739 = CARTESIAN_POINT ( 'NONE',  ( 2.999999999999999112, 0.05000000000000000278, 2.999999999999998224 ) ) ;
#9740 = AXIS2_PLACEMENT_3D ( 'NONE', #3869, #1085, #7503 ) ;
#9741 = DIRECTION ( 'NONE',  ( 0.000000000000000000, 0.000000000000000000, 1.000000000000000000 ) ) ;
#9742 = EDGE_CURVE ( 'NONE', #1863, #4230, #12073, .T. ) ;
#9743 = VECTOR ( 'NONE', #5623, 1000.000000000000000 ) ;
#9744 = DIRECTION ( 'NONE',  ( -0.000000000000000000, -1.000000000000000000, -0.000000000000000000 ) ) ;
#9745 = EDGE_CURVE ( 'NONE', #5371, #4902, #6439, .T. ) ;
#9746 = ORIENTED_EDGE ( 'NONE', *, *, #6604, .T. ) ;
#9747 = VECTOR ( 'NONE', #4646, 1000.000000000000000 ) ;
#9748 = ORIENTED_EDGE ( 'NONE', *, *, #6225, .F. ) ;
#9749 = STYLED_ITEM ( 'NONE', ( #1603 ), #4679 ) ;
#9750 =( GEOMETRIC_REPRESENTATION_CONTEXT ( 3 ) GLOBAL_UNCERTAINTY_ASSIGNED_CONTEXT ( ( #6267 ) ) GLOBAL_UNIT_ASSIGNED_CONTEXT ( ( #5291, #1414, #3157 ) ) REPRESENTATION_CONTEXT ( 'NONE', 'WORKASPACE' ) );
#9751 = VECTOR ( 'NONE', #685, 1000.000000000000000 ) ;
#9752 = CARTESIAN_POINT ( 'NONE',  ( 1.620000000000000329, 0.2000000000000000111, -2.570000000000001616 ) ) ;
#9753 = CARTESIAN_POINT ( 'NONE',  ( -1.620000000000000329, 0.2000000000000000111, -2.570000000000001616 ) ) ;
#9754 = DIRECTION ( 'NONE',  ( 1.000000000000000000, -0.000000000000000000, 0.000000000000000000 ) ) ;
#9755 = CARTESIAN_POINT ( 'NONE',  ( 0.000000000000000000, 0.8000833275471003203, 2.570000000000001616 ) ) ;
#9756 = CIRCLE ( 'NONE', #7599, 0.1199999999999998845 ) ;
#9757 = ORIENTED_EDGE ( 'NONE', *, *, #7084, .T. ) ;
#9758 = ORIENTED_EDGE ( 'NONE', *, *, #3489, .F. ) ;
#9759 = VERTEX_POINT ( 'NONE', #738 ) ;
#9760 = AXIS2_PLACEMENT_3D ( 'NONE', #2328, #2141, #6076 ) ;
#9761 = VECTOR ( 'NONE', #5047, 1000.000000000000000 ) ;
#9762 = EDGE_CURVE ( 'NONE', #6108, #6131, #12209, .T. ) ;
#9763 = EDGE_LOOP ( 'NONE', ( #4852, #10142, #3977, #1195 ) ) ;
#9764 = EDGE_CURVE ( 'NONE', #10961, #6669, #11154, .T. ) ;
#9765 = CARTESIAN_POINT ( 'NONE',  ( -1.500000000000000000, 0.8000833275471003203, 2.570000000000001616 ) ) ;
#9766 = ORIENTED_EDGE ( 'NONE', *, *, #7781, .T. ) ;
#9767 = FILL_AREA_STYLE ('',( #7797 ) ) ;
#9768 = CARTESIAN_POINT ( 'NONE',  ( 3.000000000000000888, 0.8000833275471006534, 0.8800000000000001155 ) ) ;
#9769 =( LENGTH_UNIT ( ) NAMED_UNIT ( * ) SI_UNIT ( .MILLI., .METRE. ) );
#9770 = LINE ( 'NONE', #11751, #8693 ) ;
#9771 = CARTESIAN_POINT ( 'NONE',  ( 0.1200000000000003147, 0.1999999999999999833, -2.570000000000001616 ) ) ;
#9772 = VECTOR ( 'NONE', #11120, 1000.000000000000000 ) ;
#9773 = AXIS2_PLACEMENT_3D ( 'NONE', #298, #9919, #3276 ) ;
#9774 = DIRECTION ( 'NONE',  ( 0.000000000000000000, 0.000000000000000000, 1.000000000000000000 ) ) ;
#9775 = EDGE_CURVE ( 'NONE', #3609, #3429, #4616, .T. ) ;
#9776 = DIRECTION ( 'NONE',  ( 0.000000000000000000, 1.000000000000000000, 0.000000000000000000 ) ) ;
#9777 = LINE ( 'NONE', #2146, #1467 ) ;
#9778 = ORIENTED_EDGE ( 'NONE', *, *, #10835, .T. ) ;
#9779 = ORIENTED_EDGE ( 'NONE', *, *, #2257, .T. ) ;
#9780 = ORIENTED_EDGE ( 'NONE', *, *, #11972, .T. ) ;
#9781 = VERTEX_POINT ( 'NONE', #1842 ) ;
#9782 = EDGE_CURVE ( 'NONE', #10970, #7550, #4681, .T. ) ;
#9783 = EDGE_CURVE ( 'NONE', #9725, #2088, #3094, .T. ) ;
#9784 = VECTOR ( 'NONE', #282, 1000.000000000000000 ) ;
#9785 = AXIS2_PLACEMENT_3D ( 'NONE', #10270, #6567, #7437 ) ;
#9786 = LINE ( 'NONE', #3320, #7177 ) ;
#9787 = DIRECTION ( 'NONE',  ( -0.000000000000000000, -1.000000000000000000, -0.000000000000000000 ) ) ;
#9788 = DIRECTION ( 'NONE',  ( 0.000000000000000000, -0.000000000000000000, -1.000000000000000000 ) ) ;
#9789 = PRESENTATION_STYLE_ASSIGNMENT (( #3378 ) ) ;
#9790 = DIRECTION ( 'NONE',  ( 0.000000000000000000, -0.000000000000000000, 1.000000000000000000 ) ) ;
#9791 = CARTESIAN_POINT ( 'NONE',  ( -0.1200000000000003147, 0.2000000000000000111, -2.570000000000001616 ) ) ;
#9792 = CARTESIAN_POINT ( 'NONE',  ( 0.000000000000000000, 0.000000000000000000, 2.450000000000001510 ) ) ;
#9793 = STYLED_ITEM ( 'NONE', ( #10217 ), #9961 ) ;
#9794 = EDGE_LOOP ( 'NONE', ( #4520, #7308, #4772, #5582 ) ) ;
#9795 = VECTOR ( 'NONE', #9344, 1000.000000000000000 ) ;
#9796 = ORIENTED_EDGE ( 'NONE', *, *, #10907, .F. ) ;
#9797 = ORIENTED_EDGE ( 'NONE', *, *, #8268, .T. ) ;
#9798 = ORIENTED_EDGE ( 'NONE', *, *, #6304, .F. ) ;
#9799 = LINE ( 'NONE', #5115, #9555 ) ;
#9800 = AXIS2_PLACEMENT_3D ( 'NONE', #3909, #10387, #2748 ) ;
#9801 = EDGE_LOOP ( 'NONE', ( #12203, #11800, #5797, #5615 ) ) ;
#9802 = DIRECTION ( 'NONE',  ( 0.000000000000000000, 0.000000000000000000, -1.000000000000000000 ) ) ;
#9803 = DIRECTION ( 'NONE',  ( 0.000000000000000000, 0.000000000000000000, 1.000000000000000000 ) ) ;
#9804 = CARTESIAN_POINT ( 'NONE',  ( -1.000000000000000000, 0.04999999999999999584, -2.570000000000001616 ) ) ;
#9805 = CARTESIAN_POINT ( 'NONE',  ( 6.051360962709733914E-17, 0.05000000000000000278, 0.1199999999999988021 ) ) ;
#9806 = DIRECTION ( 'NONE',  ( 1.000000000000000000, -0.000000000000000000, 0.000000000000000000 ) ) ;
#9807 = VECTOR ( 'NONE', #2848, 1000.000000000000000 ) ;
#9808 = CARTESIAN_POINT ( 'NONE',  ( -2.000000000000000000, 0.2000000000000000111, 2.570000000000001616 ) ) ;
#9809 = ORIENTED_EDGE ( 'NONE', *, *, #3753, .T. ) ;
#9810 = ORIENTED_EDGE ( 'NONE', *, *, #8719, .T. ) ;
#9811 = SURFACE_STYLE_FILL_AREA ( #245 ) ;
#9812 = EDGE_CURVE ( 'NONE', #157, #3609, #9117, .T. ) ;
#9813 = VECTOR ( 'NONE', #5201, 1000.000000000000000 ) ;
#9814 = SURFACE_STYLE_USAGE ( .BOTH. , #6062 ) ;
#9815 = VECTOR ( 'NONE', #3775, 1000.000000000000000 ) ;
#9816 = CARTESIAN_POINT ( 'NONE',  ( -1.379999999999999671, 0.1999999999999999833, 2.570000000000001616 ) ) ;
#9817 = LINE ( 'NONE', #1374, #7635 ) ;
#9818 = LINE ( 'NONE', #1375, #5975 ) ;
#9819 = DIRECTION ( 'NONE',  ( -0.000000000000000000, -1.000000000000000000, -0.000000000000000000 ) ) ;
#9820 = ORIENTED_EDGE ( 'NONE', *, *, #1482, .F. ) ;
#9821 = ORIENTED_EDGE ( 'NONE', *, *, #11180, .T. ) ;
#9822 = EDGE_LOOP ( 'NONE', ( #2305, #4272, #6520, #3136 ) ) ;
#9823 = VECTOR ( 'NONE', #2867, 1000.000000000000000 ) ;
#9824 = AXIS2_PLACEMENT_3D ( 'NONE', #10742, #2235, #2303 ) ;
#9825 = VERTEX_POINT ( 'NONE', #11961 ) ;
#9826 = CARTESIAN_POINT ( 'NONE',  ( 0.1200000000000003147, 0.2000000000000000111, -2.570000000000001616 ) ) ;
#9827 = ORIENTED_EDGE ( 'NONE', *, *, #11356, .T. ) ;
#9828 =( NAMED_UNIT ( * ) PLANE_ANGLE_UNIT ( ) SI_UNIT ( $, .RADIAN. ) );
#9829 = CARTESIAN_POINT ( 'NONE',  ( 1.000000000000000000, 0.2000000000000000111, 2.450000000000001510 ) ) ;
#9830 = DIRECTION ( 'NONE',  ( 1.000000000000000000, 0.000000000000000000, -1.008560160451631481E-15 ) ) ;
#9831 = DIRECTION ( 'NONE',  ( 0.000000000000000000, -0.000000000000000000, 1.000000000000000000 ) ) ;
#9832 = VECTOR ( 'NONE', #8535, 1000.000000000000000 ) ;
#9833 = EDGE_CURVE ( 'NONE', #9715, #3253, #7273, .T. ) ;
#9834 = CARTESIAN_POINT ( 'NONE',  ( 4.336808689942017736E-16, 0.05000000000000000278, -2.049999999999999822 ) ) ;
#9835 = DIRECTION ( 'NONE',  ( 0.000000000000000000, -1.000000000000000000, 0.000000000000000000 ) ) ;
#9836 = CARTESIAN_POINT ( 'NONE',  ( -3.000000000000000888, 0.8000833275471006534, 1.120000000000000329 ) ) ;
#9837 = MANIFOLD_SOLID_BREP ( 'Chamfer2', #11794 ) ;
#9838 = VERTEX_POINT ( 'NONE', #9661 ) ;
#9839 = VERTEX_POINT ( 'NONE', #8556 ) ;
#9840 = VERTEX_POINT ( 'NONE', #101 ) ;
#9841 = EDGE_CURVE ( 'NONE', #10364, #2586, #4501, .T. ) ;
#9842 = EDGE_CURVE ( 'NONE', #7416, #4033, #2030, .T. ) ;
#9843 = AXIS2_PLACEMENT_3D ( 'NONE', #1927, #9552, #3769 ) ;
#9844 = UNCERTAINTY_MEASURE_WITH_UNIT (LENGTH_MEASURE( 1.000000000000000082E-05 ), #9, 'distance_accuracy_value', 'NONE');
#9845 = ORIENTED_EDGE ( 'NONE', *, *, #6473, .F. ) ;
#9846 = EDGE_CURVE ( 'NONE', #3009, #5697, #8732, .T. ) ;
#9847 = LINE ( 'NONE', #6148, #4225 ) ;
#9848 = FACE_OUTER_BOUND ( 'NONE', #7295, .T. ) ;
#9849 = DIRECTION ( 'NONE',  ( -1.000000000000000000, 0.000000000000000000, 0.000000000000000000 ) ) ;
#9850 = DIRECTION ( 'NONE',  ( 1.000000000000000000, -0.000000000000000000, 0.000000000000000000 ) ) ;
#9851 = DIRECTION ( 'NONE',  ( 0.000000000000000000, -1.000000000000000000, 0.000000000000000000 ) ) ;
#9852 = EDGE_CURVE ( 'NONE', #8033, #6682, #3879, .T. ) ;
#9853 = DIRECTION ( 'NONE',  ( 1.008560160451631481E-15, 0.000000000000000000, -1.000000000000000000 ) ) ;
#9854 = ORIENTED_EDGE ( 'NONE', *, *, #11744, .F. ) ;
#9855 = ORIENTED_EDGE ( 'NONE', *, *, #1246, .T. ) ;
#9856 = ORIENTED_EDGE ( 'NONE', *, *, #5628, .T. ) ;
#9857 = MANIFOLD_SOLID_BREP ( 'LPattern3[8]', #4105 ) ;
#9858 = ORIENTED_EDGE ( 'NONE', *, *, #437, .T. ) ;
#9859 = DIRECTION ( 'NONE',  ( 0.000000000000000000, 0.000000000000000000, -1.000000000000000000 ) ) ;
#9860 = LINE ( 'NONE', #7891, #7802 ) ;
#9861 = EDGE_CURVE ( 'NONE', #4926, #11917, #9425, .T. ) ;
#9862 = CARTESIAN_POINT ( 'NONE',  ( -2.570000000000001172, 0.8000833275471006534, -1.500000000000000000 ) ) ;
#9863 = CARTESIAN_POINT ( 'NONE',  ( -1.000000000000000000, 0.2000000000000000111, 2.570000000000001616 ) ) ;
#9864 = CARTESIAN_POINT ( 'NONE',  ( 2.999999999999999112, 0.05000000000000000278, 2.999999999999998224 ) ) ;
#9865 = DIRECTION ( 'NONE',  ( -0.000000000000000000, 0.000000000000000000, 1.000000000000000000 ) ) ;
#9866 = AXIS2_PLACEMENT_3D ( 'NONE', #5023, #1389, #9029 ) ;
#9867 = LINE ( 'NONE', #1423, #5027 ) ;
#9868 = CARTESIAN_POINT ( 'NONE',  ( 2.999999999999999112, 0.9999999999999991118, 2.999999999999998224 ) ) ;
#9869 = EDGE_LOOP ( 'NONE', ( #9401, #9821, #3359, #2707 ) ) ;
#9870 = ORIENTED_EDGE ( 'NONE', *, *, #4379, .T. ) ;
#9871 = DIRECTION ( 'NONE',  ( 0.000000000000000000, 0.000000000000000000, -1.000000000000000000 ) ) ;
#9872 = CARTESIAN_POINT ( 'NONE',  ( -2.049999999999999822, 0.1999999999999996503, 2.049999999999999378 ) ) ;
#9873 = DIRECTION ( 'NONE',  ( 1.000000000000000000, 0.000000000000000000, -0.000000000000000000 ) ) ;
#9874 = DIRECTION ( 'NONE',  ( 0.000000000000000000, -1.000000000000000000, 0.000000000000000000 ) ) ;
#9875 = DIRECTION ( 'NONE',  ( -0.000000000000000000, -1.000000000000000000, -0.000000000000000000 ) ) ;
#9876 = AXIS2_PLACEMENT_3D ( 'NONE', #12102, #11990, #2503 ) ;
#9877 = ADVANCED_FACE ( 'NONE', ( #4794 ), #7634, .F. ) ;
#9878 = PLANE ( 'NONE',  #1364 ) ;
#9879 = EDGE_CURVE ( 'NONE', #2195, #7095, #5841, .T. ) ;
#9880 = VERTEX_POINT ( 'NONE', #11509 ) ;
#9881 = ORIENTED_EDGE ( 'NONE', *, *, #5441, .T. ) ;
#9882 = ORIENTED_EDGE ( 'NONE', *, *, #3865, .F. ) ;
#9883 = ADVANCED_FACE ( 'NONE', ( #5903 ), #3077, .F. ) ;
#9884 = AXIS2_PLACEMENT_3D ( 'NONE', #10461, #4906, #149 ) ;
#9885 = VERTEX_POINT ( 'NONE', #11638 ) ;
#9886 = PLANE ( 'NONE',  #3103 ) ;
#9887 = ORIENTED_EDGE ( 'NONE', *, *, #1482, .T. ) ;
#9888 = CARTESIAN_POINT ( 'NONE',  ( -2.049999999999999822, 0.000000000000000000, 2.049999999999999378 ) ) ;
#9889 = SURFACE_STYLE_FILL_AREA ( #457 ) ;
#9890 = DIRECTION ( 'NONE',  ( -0.000000000000000000, -0.000000000000000000, -1.000000000000000000 ) ) ;
#9891 = DIRECTION ( 'NONE',  ( -0.000000000000000000, -1.000000000000000000, -0.000000000000000000 ) ) ;
#9892 = AXIS2_PLACEMENT_3D ( 'NONE', #11169, #5490, #8319 ) ;
#9893 = LINE ( 'NONE', #9958, #12188 ) ;
#9894 = FACE_OUTER_BOUND ( 'NONE', #5833, .T. ) ;
#9895 =( NAMED_UNIT ( * ) SI_UNIT ( $, .STERADIAN. ) SOLID_ANGLE_UNIT ( ) );
#9896 = MANIFOLD_SOLID_BREP ( 'LPattern4[15]', #3140 ) ;
#9897 = ORIENTED_EDGE ( 'NONE', *, *, #6796, .F. ) ;
#9898 = VERTEX_POINT ( 'NONE', #8867 ) ;
#9899 = ORIENTED_EDGE ( 'NONE', *, *, #3700, .F. ) ;
#9900 = EDGE_CURVE ( 'NONE', #5538, #8623, #1460, .T. ) ;
#9901 = VERTEX_POINT ( 'NONE', #3262 ) ;
#9902 = CARTESIAN_POINT ( 'NONE',  ( -2.000000000000000000, 0.2000000000000000111, -2.570000000000001616 ) ) ;
#9903 = VECTOR ( 'NONE', #1726, 1000.000000000000000 ) ;
#9904 = CARTESIAN_POINT ( 'NONE',  ( -1.120000000000000329, 0.000000000000000000, -2.570000000000001616 ) ) ;
#9905 = LINE ( 'NONE', #410, #9982 ) ;
#9906 = CARTESIAN_POINT ( 'NONE',  ( 2.120000000000000551, 0.2000000000000000111, -3.000000000000001776 ) ) ;
#9907 = CARTESIAN_POINT ( 'NONE',  ( 2.120000000000000551, 0.2000000000000000111, -2.570000000000001616 ) ) ;
#9908 = DIRECTION ( 'NONE',  ( -0.000000000000000000, -0.000000000000000000, 1.000000000000000000 ) ) ;
#9909 = AXIS2_PLACEMENT_3D ( 'NONE', #4766, #6693, #8526 ) ;
#9910 = EDGE_LOOP ( 'NONE', ( #899, #9018, #8333, #6911 ) ) ;
#9911 = ORIENTED_EDGE ( 'NONE', *, *, #2959, .F. ) ;
#9912 = ORIENTED_EDGE ( 'NONE', *, *, #272, .T. ) ;
#9913 = MANIFOLD_SOLID_BREP ( 'LPattern4[2]', #7255 ) ;
#9914 = ADVANCED_FACE ( 'NONE', ( #11767 ), #5154, .F. ) ;
#9915 = ORIENTED_EDGE ( 'NONE', *, *, #5546, .F. ) ;
#9916 = EDGE_CURVE ( 'NONE', #3153, #3314, #11580, .T. ) ;
#9917 = DIRECTION ( 'NONE',  ( -1.000000000000000000, 0.000000000000000000, 0.000000000000000000 ) ) ;
#9918 = VECTOR ( 'NONE', #319, 1000.000000000000000 ) ;
#9919 = DIRECTION ( 'NONE',  ( -1.000000000000000000, 0.000000000000000000, 0.000000000000000000 ) ) ;
#9920 = CARTESIAN_POINT ( 'NONE',  ( 3.000000000000000888, 0.8000833275471006534, -1.119999999999999885 ) ) ;
#9921 = CARTESIAN_POINT ( 'NONE',  ( 1.000000000000000000, 0.04999999999999999584, 2.450000000000001510 ) ) ;
#9922 = LINE ( 'NONE', #1657, #8584 ) ;
#9923 = DIRECTION ( 'NONE',  ( 0.000000000000000000, 1.000000000000000000, 0.000000000000000000 ) ) ;
#9924 = DIRECTION ( 'NONE',  ( 0.000000000000000000, 0.000000000000000000, -1.000000000000000000 ) ) ;
#9925 = CARTESIAN_POINT ( 'NONE',  ( -2.570000000000001172, 0.05000000000000002359, 2.000000000000000000 ) ) ;
#9926 = CARTESIAN_POINT ( 'NONE',  ( -2.570000000000001172, 0.000000000000000000, 2.000000000000000000 ) ) ;
#9927 = EDGE_CURVE ( 'NONE', #7670, #1798, #3323, .T. ) ;
#9928 = VECTOR ( 'NONE', #2778, 1000.000000000000000 ) ;
#9929 = EDGE_CURVE ( 'NONE', #8345, #5568, #6902, .T. ) ;
#9930 = VECTOR ( 'NONE', #8822, 1000.000000000000000 ) ;
#9931 = ADVANCED_FACE ( 'NONE', ( #6154 ), #1275, .T. ) ;
#9932 = CARTESIAN_POINT ( 'NONE',  ( 1.380000000000000560, 0.1999999999999999833, -3.000000000000001776 ) ) ;
#9933 = ORIENTED_EDGE ( 'NONE', *, *, #10900, .T. ) ;
#9934 = ADVANCED_FACE ( 'NONE', ( #11031 ), #7262, .T. ) ;
#9935 = ORIENTED_EDGE ( 'NONE', *, *, #9562, .T. ) ;
#9936 = DIRECTION ( 'NONE',  ( 0.000000000000000000, 0.000000000000000000, 1.000000000000000000 ) ) ;
#9937 = AXIS2_PLACEMENT_3D ( 'NONE', #7381, #9521, #3684 ) ;
#9938 = SURFACE_SIDE_STYLE ('',( #623 ) ) ;
#9939 = CARTESIAN_POINT ( 'NONE',  ( -1.500000000000000000, 0.000000000000000000, 2.570000000000001616 ) ) ;
#9940 = LINE ( 'NONE', #1675, #8430 ) ;
#9941 = DIRECTION ( 'NONE',  ( 1.000000000000000000, -0.000000000000000000, 5.042800802258162337E-16 ) ) ;
#9942 = VECTOR ( 'NONE', #5199, 1000.000000000000000 ) ;
#9943 = ORIENTED_EDGE ( 'NONE', *, *, #4851, .F. ) ;
#9944 = ORIENTED_EDGE ( 'NONE', *, *, #8493, .F. ) ;
#9945 = CIRCLE ( 'NONE', #6595, 0.1199999999999998845 ) ;
#9946 = VERTEX_POINT ( 'NONE', #1777 ) ;
#9947 = ORIENTED_EDGE ( 'NONE', *, *, #9172, .F. ) ;
#9948 = CARTESIAN_POINT ( 'NONE',  ( 3.000000000000000888, 0.1999999999999999833, -0.3799999999999996714 ) ) ;
#9949 = COLOUR_RGB ( '',0.7921568627450980005, 0.8196078431372548767, 0.9333333333333333481 ) ;
#9950 = ORIENTED_EDGE ( 'NONE', *, *, #10188, .T. ) ;
#9951 = VECTOR ( 'NONE', #427, 1000.000000000000000 ) ;
#9952 =( NAMED_UNIT ( * ) SI_UNIT ( $, .STERADIAN. ) SOLID_ANGLE_UNIT ( ) );
#9953 = CARTESIAN_POINT ( 'NONE',  ( 0.8800000000000005596, 0.000000000000000000, -3.000000000000001776 ) ) ;
#9954 = SURFACE_STYLE_FILL_AREA ( #11624 ) ;
#9955 = DIRECTION ( 'NONE',  ( -5.042800802258162337E-16, 0.000000000000000000, -1.000000000000000000 ) ) ;
#9956 = PRESENTATION_LAYER_ASSIGNMENT (  '', '', ( #3072 ) ) ;
#9957 = DIRECTION ( 'NONE',  ( 0.000000000000000000, 0.000000000000000000, -1.000000000000000000 ) ) ;
#9958 = CARTESIAN_POINT ( 'NONE',  ( -2.570000000000001172, 0.8000833275471006534, 1.880000000000000115 ) ) ;
#9959 = CARTESIAN_POINT ( 'NONE',  ( 0.3799999999999998934, 0.1999999999999999833, -2.570000000000001616 ) ) ;
#9960 = DIRECTION ( 'NONE',  ( 0.000000000000000000, -1.000000000000000000, 0.000000000000000000 ) ) ;
#9961 = MANIFOLD_SOLID_BREP ( 'LPattern4[13]', #3919 ) ;
#9962 = AXIS2_PLACEMENT_3D ( 'NONE', #1706, #720, #9166 ) ;
#9963 = ORIENTED_EDGE ( 'NONE', *, *, #2241, .T. ) ;
#9964 = AXIS2_PLACEMENT_3D ( 'NONE', #9120, #2473, #9059 ) ;
#9965 = ORIENTED_EDGE ( 'NONE', *, *, #10878, .T. ) ;
#9966 = EDGE_LOOP ( 'NONE', ( #1701, #5638, #1938, #145 ) ) ;
#9967 = UNCERTAINTY_MEASURE_WITH_UNIT (LENGTH_MEASURE( 1.000000000000000082E-05 ), #1960, 'distance_accuracy_value', 'NONE');
#9968 = ORIENTED_EDGE ( 'NONE', *, *, #2048, .T. ) ;
#9969 = CARTESIAN_POINT ( 'NONE',  ( 1.000000000000000000, 0.000000000000000000, -2.570000000000001616 ) ) ;
#9970 = FACE_OUTER_BOUND ( 'NONE', #9051, .T. ) ;
#9971 = AXIS2_PLACEMENT_3D ( 'NONE', #11239, #9324, #2797 ) ;
#9972 = CARTESIAN_POINT ( 'NONE',  ( -1.879999999999999671, 0.2000000000000000111, -3.000000000000001776 ) ) ;
#9973 = VECTOR ( 'NONE', #5117, 1000.000000000000000 ) ;
#9974 = DIRECTION ( 'NONE',  ( -0.000000000000000000, -1.000000000000000000, -0.000000000000000000 ) ) ;
#9975 = ADVANCED_FACE ( 'NONE', ( #6335 ), #785, .T. ) ;
#9976 = EDGE_CURVE ( 'NONE', #324, #1584, #5459, .T. ) ;
#9977 = CARTESIAN_POINT ( 'NONE',  ( -3.000000000000000888, 0.000000000000000000, 1.120000000000000329 ) ) ;
#9978 = EDGE_CURVE ( 'NONE', #10665, #858, #6516, .T. ) ;
#9979 = ORIENTED_EDGE ( 'NONE', *, *, #3010, .F. ) ;
#9980 = ORIENTED_EDGE ( 'NONE', *, *, #2095, .T. ) ;
#9981 = STYLED_ITEM ( 'NONE', ( #11269 ), #9837 ) ;
#9982 = VECTOR ( 'NONE', #10658, 1000.000000000000000 ) ;
#9983 = VERTEX_POINT ( 'NONE', #7446 ) ;
#9984 = ORIENTED_EDGE ( 'NONE', *, *, #2666, .F. ) ;
#9985 = DIRECTION ( 'NONE',  ( 0.000000000000000000, 1.000000000000000000, 0.000000000000000000 ) ) ;
#9986 = DIRECTION ( 'NONE',  ( -1.000000000000000000, 0.000000000000000000, 1.445602896647339163E-16 ) ) ;
#9987 = LINE ( 'NONE', #611, #5630 ) ;
#9988 = DIRECTION ( 'NONE',  ( 1.008560160451631481E-15, -0.000000000000000000, 1.000000000000000000 ) ) ;
#9989 = LINE ( 'NONE', #10048, #2104 ) ;
#9990 = CARTESIAN_POINT ( 'NONE',  ( -2.000000000000000000, 0.000000000000000000, 2.570000000000001616 ) ) ;
#9991 = DIRECTION ( 'NONE',  ( 0.000000000000000000, -0.000000000000000000, 1.000000000000000000 ) ) ;
#9992 = CARTESIAN_POINT ( 'NONE',  ( 3.000000000000000888, 0.8000833275471006534, 1.620000000000000329 ) ) ;
#9993 = EDGE_CURVE ( 'NONE', #5114, #3806, #7315, .T. ) ;
#9994 = EDGE_CURVE ( 'NONE', #5571, #9574, #6652, .T. ) ;
#9995 = DIRECTION ( 'NONE',  ( -0.000000000000000000, -1.000000000000000000, -0.000000000000000000 ) ) ;
#9996 = VECTOR ( 'NONE', #1814, 1000.000000000000000 ) ;
#9997 = EDGE_CURVE ( 'NONE', #5270, #3191, #11202, .T. ) ;
#9998 = ADVANCED_FACE ( 'NONE', ( #11950 ), #5401, .T. ) ;
#9999 =( GEOMETRIC_REPRESENTATION_CONTEXT ( 3 ) GLOBAL_UNCERTAINTY_ASSIGNED_CONTEXT ( ( #2340 ) ) GLOBAL_UNIT_ASSIGNED_CONTEXT ( ( #11383, #2940, #10460 ) ) REPRESENTATION_CONTEXT ( 'NONE', 'WORKASPACE' ) );
#10000 = VERTEX_POINT ( 'NONE', #10154 ) ;
#10001 = AXIS2_PLACEMENT_3D ( 'NONE', #4763, #65, #10501 ) ;
#10002 = ORIENTED_EDGE ( 'NONE', *, *, #10469, .T. ) ;
#10003 = ADVANCED_FACE ( 'NONE', ( #2521 ), #3436, .F. ) ;
#10004 = CYLINDRICAL_SURFACE ( 'NONE', #1691, 0.1199999999999998845 ) ;
#10005 = DIRECTION ( 'NONE',  ( -0.000000000000000000, -0.000000000000000000, 1.000000000000000000 ) ) ;
#10006 = DIRECTION ( 'NONE',  ( -0.000000000000000000, -1.000000000000000000, -0.000000000000000000 ) ) ;
#10007 = CARTESIAN_POINT ( 'NONE',  ( 0.1200000000000003147, 0.000000000000000000, -2.570000000000001616 ) ) ;
#10008 = AXIS2_PLACEMENT_3D ( 'NONE', #2232, #8821, #372 ) ;
#10009 = VERTEX_POINT ( 'NONE', #1832 ) ;
#10010 = ADVANCED_FACE ( 'NONE', ( #6276 ), #9234, .F. ) ;
#10011 = EDGE_LOOP ( 'NONE', ( #10326, #8924, #2498, #2085 ) ) ;
#10012 = ORIENTED_EDGE ( 'NONE', *, *, #11250, .T. ) ;
#10013 = ORIENTED_EDGE ( 'NONE', *, *, #2178, .F. ) ;
#10014 = CARTESIAN_POINT ( 'NONE',  ( 3.000000000000000888, 0.000000000000000000, 0.6200000000000003286 ) ) ;
#10015 = VECTOR ( 'NONE', #9471, 1000.000000000000000 ) ;
#10016 = EDGE_LOOP ( 'NONE', ( #5370, #114, #4035, #6430 ) ) ;
#10017 = CARTESIAN_POINT ( 'NONE',  ( -1.119999999999999440, 0.1999999999999999833, -3.000000000000001776 ) ) ;
#10018 = CARTESIAN_POINT ( 'NONE',  ( -2.570000000000001172, 0.1999999999999999833, 0.3800000000000000044 ) ) ;
#10019 = LINE ( 'NONE', #7300, #11512 ) ;
#10020 = DIRECTION ( 'NONE',  ( 0.000000000000000000, -1.000000000000000000, 0.000000000000000000 ) ) ;
#10021 = LINE ( 'NONE', #11582, #1048 ) ;
#10022 = DIRECTION ( 'NONE',  ( 0.000000000000000000, -1.000000000000000000, 0.000000000000000000 ) ) ;
#10023 = DIRECTION ( 'NONE',  ( 0.000000000000000000, -1.000000000000000000, 0.000000000000000000 ) ) ;
#10024 = VECTOR ( 'NONE', #1948, 1000.000000000000000 ) ;
#10025 = MANIFOLD_SOLID_BREP ( 'LPattern4[6]', #7643 ) ;
#10026 = VERTEX_POINT ( 'NONE', #7736 ) ;
#10027 = CLOSED_SHELL ( 'NONE', ( #6046, #10954, #3519, #11069, #8682, #4286, #8800 ) ) ;
#10028 = EDGE_LOOP ( 'NONE', ( #4355, #8639, #3505, #8435 ) ) ;
#10029 = ORIENTED_EDGE ( 'NONE', *, *, #6055, .T. ) ;
#10030 = EDGE_LOOP ( 'NONE', ( #3054, #10266, #5914, #2871 ) ) ;
#10031 = CARTESIAN_POINT ( 'NONE',  ( 0.5000000000000000000, 0.1999999999999999833, -2.570000000000001616 ) ) ;
#10032 = CARTESIAN_POINT ( 'NONE',  ( -2.049999999999999822, 5.998275605729689097, 2.049999999999999378 ) ) ;
#10033 = LINE ( 'NONE', #12060, #2516 ) ;
#10034 = STYLED_ITEM ( 'NONE', ( #7048 ), #353 ) ;
#10035 = CARTESIAN_POINT ( 'NONE',  ( -2.570000000000001172, 0.1999999999999999833, -2.000000000000000000 ) ) ;
#10036 = LINE ( 'NONE', #5280, #8755 ) ;
#10037 = ORIENTED_EDGE ( 'NONE', *, *, #7954, .T. ) ;
#10038 = EDGE_CURVE ( 'NONE', #534, #9176, #7378, .T. ) ;
#10039 = ORIENTED_EDGE ( 'NONE', *, *, #4339, .F. ) ;
#10040 = ORIENTED_EDGE ( 'NONE', *, *, #7432, .F. ) ;
#10041 = EDGE_CURVE ( 'NONE', #8816, #2406, #2817, .T. ) ;
#10042 = MANIFOLD_SOLID_BREP ( 'Boss-Extrude5', #11787 ) ;
#10043 = ORIENTED_EDGE ( 'NONE', *, *, #8375, .T. ) ;
#10044 = DIRECTION ( 'NONE',  ( -0.000000000000000000, -1.000000000000000000, -0.000000000000000000 ) ) ;
#10045 = LINE ( 'NONE', #11153, #7389 ) ;
#10046 = CARTESIAN_POINT ( 'NONE',  ( 2.570000000000000284, 0.000000000000000000, 0.9999999999999995559 ) ) ;
#10047 = DIRECTION ( 'NONE',  ( 0.000000000000000000, 0.000000000000000000, -1.000000000000000000 ) ) ;
#10048 = CARTESIAN_POINT ( 'NONE',  ( 3.000000000000000888, 0.000000000000000000, 2.120000000000000551 ) ) ;
#10049 = PLANE ( 'NONE',  #9339 ) ;
#10050 = DIRECTION ( 'NONE',  ( 0.000000000000000000, 0.000000000000000000, 1.000000000000000000 ) ) ;
#10051 = CARTESIAN_POINT ( 'NONE',  ( 2.570000000000000284, 0.8000833275471006534, 1.999999999999999556 ) ) ;
#10052 = DIRECTION ( 'NONE',  ( -0.000000000000000000, -1.000000000000000000, -0.000000000000000000 ) ) ;
#10053 = ORIENTED_EDGE ( 'NONE', *, *, #3923, .T. ) ;
#10054 = DIRECTION ( 'NONE',  ( -0.000000000000000000, -1.000000000000000000, -0.000000000000000000 ) ) ;
#10055 = ORIENTED_EDGE ( 'NONE', *, *, #9762, .F. ) ;
#10056 = CARTESIAN_POINT ( 'NONE',  ( -3.000000000000000888, 0.04999999999999969746, -0.1199999999999998845 ) ) ;
#10057 = MANIFOLD_SOLID_BREP ( 'LPattern4[7]', #10997 ) ;
#10058 =( NAMED_UNIT ( * ) SI_UNIT ( $, .STERADIAN. ) SOLID_ANGLE_UNIT ( ) );
#10059 = CARTESIAN_POINT ( 'NONE',  ( -2.120000000000000551, 0.2000000000000000111, -2.570000000000001616 ) ) ;
#10060 = DIRECTION ( 'NONE',  ( 0.000000000000000000, -1.000000000000000000, 0.000000000000000000 ) ) ;
#10061 = CARTESIAN_POINT ( 'NONE',  ( -2.000000000000000000, 0.2000000000000000111, -2.570000000000001616 ) ) ;
#10062 = VERTEX_POINT ( 'NONE', #3985 ) ;
#10063 = ADVANCED_FACE ( 'NONE', ( #4780 ), #9469, .F. ) ;
#10064 = EDGE_LOOP ( 'NONE', ( #11224, #2966, #6070, #6563 ) ) ;
#10065 = ORIENTED_EDGE ( 'NONE', *, *, #315, .F. ) ;
#10066 = ORIENTED_EDGE ( 'NONE', *, *, #4411, .T. ) ;
#10067 = DIRECTION ( 'NONE',  ( 0.000000000000000000, -0.000000000000000000, -1.000000000000000000 ) ) ;
#10068 = VERTEX_POINT ( 'NONE', #3187 ) ;
#10069 = EDGE_CURVE ( 'NONE', #4051, #5787, #7801, .T. ) ;
#10070 = CARTESIAN_POINT ( 'NONE',  ( 3.000000000000000888, 0.1999999999999999833, -0.1199999999999998845 ) ) ;
#10071 = CARTESIAN_POINT ( 'NONE',  ( -1.879999999999999671, 0.2000000000000000111, -2.570000000000001616 ) ) ;
#10072 = DIRECTION ( 'NONE',  ( 0.000000000000000000, 0.000000000000000000, 1.000000000000000000 ) ) ;
#10073 = LINE ( 'NONE', #9218, #2915 ) ;
#10074 = DIRECTION ( 'NONE',  ( -0.000000000000000000, -1.000000000000000000, 0.000000000000000000 ) ) ;
#10075 = DIRECTION ( 'NONE',  ( -0.000000000000000000, -1.000000000000000000, -0.000000000000000000 ) ) ;
#10076 = DIRECTION ( 'NONE',  ( -0.000000000000000000, -1.000000000000000000, -0.000000000000000000 ) ) ;
#10077 = SURFACE_SIDE_STYLE ('',( #11018 ) ) ;
#10078 = CIRCLE ( 'NONE', #4432, 0.1199999999999998845 ) ;
#10079 = ORIENTED_EDGE ( 'NONE', *, *, #8103, .T. ) ;
#10080 = EDGE_CURVE ( 'NONE', #10767, #1068, #2387, .T. ) ;
#10081 = VERTEX_POINT ( 'NONE', #2442 ) ;
#10083 = EDGE_CURVE ( 'NONE', #10925, #11175, #11753, .T. ) ;
#10082 = ORIENTED_EDGE ( 'NONE', *, *, #11722, .T. ) ;
#10084 = UNCERTAINTY_MEASURE_WITH_UNIT (LENGTH_MEASURE( 1.000000000000000082E-05 ), #3693, 'distance_accuracy_value', 'NONE');
#10085 = VERTEX_POINT ( 'NONE', #5200 ) ;
#10086 = CARTESIAN_POINT ( 'NONE',  ( 3.000000000000000888, 0.8000833275471006534, -1.879999999999999671 ) ) ;
#10087 = EDGE_CURVE ( 'NONE', #9538, #8161, #7124, .T. ) ;
#10088 = ADVANCED_FACE ( 'NONE', ( #4222 ), #6945, .F. ) ;
#10089 = EDGE_CURVE ( 'NONE', #7031, #9715, #11813, .T. ) ;
#10090 = FACE_OUTER_BOUND ( 'NONE', #5111, .T. ) ;
#10091 = VECTOR ( 'NONE', #6987, 1000.000000000000000 ) ;
#10092 = LINE ( 'NONE', #7197, #12131 ) ;
#10093 = CARTESIAN_POINT ( 'NONE',  ( -0.6199999999999994404, 0.04999999999999969746, -3.000000000000001776 ) ) ;
#10094 = FACE_OUTER_BOUND ( 'NONE', #1138, .T. ) ;
#10095 =( NAMED_UNIT ( * ) SI_UNIT ( $, .STERADIAN. ) SOLID_ANGLE_UNIT ( ) );
#10096 = CARTESIAN_POINT ( 'NONE',  ( 1.380000000000000560, 0.000000000000000000, -3.000000000000001776 ) ) ;
#10097 = ORIENTED_EDGE ( 'NONE', *, *, #8557, .F. ) ;
#10098 = EDGE_LOOP ( 'NONE', ( #7464, #8517, #11686, #16 ) ) ;
#10099 = VECTOR ( 'NONE', #795, 1000.000000000000000 ) ;
#10100 = ORIENTED_EDGE ( 'NONE', *, *, #10677, .F. ) ;
#10101 = CARTESIAN_POINT ( 'NONE',  ( -2.570000000000001172, 0.8000833275471006534, 0.6200000000000001066 ) ) ;
#10102 = CARTESIAN_POINT ( 'NONE',  ( 2.570000000000001172, 0.000000000000000000, -1.120000000000000329 ) ) ;
#10103 = DIRECTION ( 'NONE',  ( -1.000000000000000000, 0.000000000000000000, 0.000000000000000000 ) ) ;
#10104 = AXIS2_PLACEMENT_3D ( 'NONE', #7487, #8282, #3484 ) ;
#10105 = LINE ( 'NONE', #1656, #9693 ) ;
#10106 = CARTESIAN_POINT ( 'NONE',  ( 0.8800000000000001155, 0.2000000000000000111, 2.570000000000001616 ) ) ;
#10107 = LINE ( 'NONE', #9251, #6190 ) ;
#10108 = CARTESIAN_POINT ( 'NONE',  ( -0.8799999999999996714, 0.8000833275471003203, -3.000000000000001776 ) ) ;
#10109 = DIRECTION ( 'NONE',  ( 0.000000000000000000, 0.000000000000000000, -1.000000000000000000 ) ) ;
#10110 = AXIS2_PLACEMENT_3D ( 'NONE', #7167, #7291, #11110 ) ;
#10111 = VERTEX_POINT ( 'NONE', #9648 ) ;
#10112 = CARTESIAN_POINT ( 'NONE',  ( -1.619999999999999440, 0.8000833275471003203, 3.000000000000001776 ) ) ;
#10113 = VERTEX_POINT ( 'NONE', #4287 ) ;
#10114 = EDGE_CURVE ( 'NONE', #5340, #9641, #7425, .T. ) ;
#10115 = DIRECTION ( 'NONE',  ( -1.000000000000000000, 0.000000000000000000, 5.042800802258162337E-16 ) ) ;
#10116 = CIRCLE ( 'NONE', #4613, 0.1199999999999998845 ) ;
#10117 = CARTESIAN_POINT ( 'NONE',  ( 1.380000000000000560, 0.000000000000000000, -3.000000000000001776 ) ) ;
#10118 = PLANE ( 'NONE',  #9714 ) ;
#10119 = EDGE_CURVE ( 'NONE', #30, #8669, #10583, .T. ) ;
#10120 = VECTOR ( 'NONE', #8692, 1000.000000000000000 ) ;
#10121 = EDGE_CURVE ( 'NONE', #4926, #10629, #335, .T. ) ;
#10122 = ORIENTED_EDGE ( 'NONE', *, *, #546, .F. ) ;
#10123 = FACE_OUTER_BOUND ( 'NONE', #6365, .T. ) ;
#10124 = EDGE_LOOP ( 'NONE', ( #3286, #11309, #1854, #8051 ) ) ;
#10125 = CYLINDRICAL_SURFACE ( 'NONE', #6244, 0.1199999999999999956 ) ;
#10126 = AXIS2_PLACEMENT_3D ( 'NONE', #12208, #6655, #11504 ) ;
#10127 = ORIENTED_EDGE ( 'NONE', *, *, #9726, .F. ) ;
#10128 = AXIS2_PLACEMENT_3D ( 'NONE', #10279, #2706, #4605 ) ;
#10129 = LINE ( 'NONE', #6371, #7406 ) ;
#10130 = DIRECTION ( 'NONE',  ( -1.008560160451631481E-15, 0.000000000000000000, 1.000000000000000000 ) ) ;
#10131 = PLANE ( 'NONE',  #4036 ) ;
#10132 = DIRECTION ( 'NONE',  ( 0.000000000000000000, -1.000000000000000000, 0.000000000000000000 ) ) ;
#10133 = CARTESIAN_POINT ( 'NONE',  ( -1.879999999999999671, 0.000000000000000000, -3.000000000000001776 ) ) ;
#10134 = CARTESIAN_POINT ( 'NONE',  ( -2.570000000000001172, 0.000000000000000000, 0.8800000000000001155 ) ) ;
#10135 = DIRECTION ( 'NONE',  ( 1.000000000000000000, 0.000000000000000000, -5.042800802258162337E-16 ) ) ;
#10136 = CARTESIAN_POINT ( 'NONE',  ( 1.120000000000000329, 0.1999999999999999833, -3.000000000000001776 ) ) ;
#10137 = CARTESIAN_POINT ( 'NONE',  ( 0.000000000000000000, 0.2000000000000000111, 2.570000000000001616 ) ) ;
#10138 = VERTEX_POINT ( 'NONE', #4963 ) ;
#10139 = EDGE_CURVE ( 'NONE', #6380, #4130, #7074, .T. ) ;
#10140 = EDGE_CURVE ( 'NONE', #5689, #7031, #8720, .T. ) ;
#10141 = ADVANCED_FACE ( 'NONE', ( #4043 ), #7984, .F. ) ;
#10142 = ORIENTED_EDGE ( 'NONE', *, *, #2805, .T. ) ;
#10143 = ORIENTED_EDGE ( 'NONE', *, *, #4788, .F. ) ;
#10144 = AXIS2_PLACEMENT_3D ( 'NONE', #10502, #6807, #10386 ) ;
#10145 = ORIENTED_EDGE ( 'NONE', *, *, #10189, .F. ) ;
#10146 = DIRECTION ( 'NONE',  ( -0.000000000000000000, -1.000000000000000000, 0.000000000000000000 ) ) ;
#10147 = DIRECTION ( 'NONE',  ( 0.000000000000000000, -1.000000000000000000, 0.000000000000000000 ) ) ;
#10148 = MECHANICAL_DESIGN_GEOMETRIC_PRESENTATION_REPRESENTATION (  '', ( #9539 ), #8166 ) ;
#10149 = VECTOR ( 'NONE', #6969, 1000.000000000000000 ) ;
#10150 = DIRECTION ( 'NONE',  ( 1.008560160451631481E-15, -0.000000000000000000, 1.000000000000000000 ) ) ;
#10151 = LINE ( 'NONE', #3499, #4876 ) ;
#10152 = CYLINDRICAL_SURFACE ( 'NONE', #4368, 0.1199999999999998845 ) ;
#10153 = EDGE_CURVE ( 'NONE', #9281, #9283, #7865, .T. ) ;
#10154 = CARTESIAN_POINT ( 'NONE',  ( -3.000000000000000888, 0.1999999999999999833, 1.880000000000000115 ) ) ;
#10155 = AXIS2_PLACEMENT_3D ( 'NONE', #4919, #3877, #6716 ) ;
#10156 = CIRCLE ( 'NONE', #4848, 0.1199999999999998845 ) ;
#10157 = FACE_OUTER_BOUND ( 'NONE', #9794, .T. ) ;
#10158 = ORIENTED_EDGE ( 'NONE', *, *, #9474, .T. ) ;
#10159 = EDGE_CURVE ( 'NONE', #7317, #324, #10704, .T. ) ;
#10160 = AXIS2_PLACEMENT_3D ( 'NONE', #3580, #5247, #9936 ) ;
#10161 = ORIENTED_EDGE ( 'NONE', *, *, #6047, .T. ) ;
#10162 = VERTEX_POINT ( 'NONE', #6080 ) ;
#10163 = VECTOR ( 'NONE', #10701, 1000.000000000000000 ) ;
#10164 = VECTOR ( 'NONE', #6169, 1000.000000000000000 ) ;
#10165 = CARTESIAN_POINT ( 'NONE',  ( 2.570000000000001172, 0.8000833275471006534, -0.8799999999999998934 ) ) ;
#10166 = LINE ( 'NONE', #5475, #11331 ) ;
#10167 = DIRECTION ( 'NONE',  ( 0.000000000000000000, 1.000000000000000000, -0.000000000000000000 ) ) ;
#10168 = CARTESIAN_POINT ( 'NONE',  ( -1.379999999999999671, 0.2000000000000000111, -2.570000000000001616 ) ) ;
#10169 = DIRECTION ( 'NONE',  ( 0.000000000000000000, 1.000000000000000000, -0.000000000000000000 ) ) ;
#10170 = CARTESIAN_POINT ( 'NONE',  ( -1.879999999999999671, 0.8000833275471003203, 3.000000000000001776 ) ) ;
#10171 = AXIS2_PLACEMENT_3D ( 'NONE', #11989, #3360, #7121 ) ;
#10172 = ORIENTED_EDGE ( 'NONE', *, *, #7292, .T. ) ;
#10173 = VECTOR ( 'NONE', #5539, 1000.000000000000000 ) ;
#10174 = DIRECTION ( 'NONE',  ( 0.000000000000000000, 0.000000000000000000, -1.000000000000000000 ) ) ;
#10175 = FACE_OUTER_BOUND ( 'NONE', #7657, .T. ) ;
#10176 = ORIENTED_EDGE ( 'NONE', *, *, #2544, .F. ) ;
#10177 = CARTESIAN_POINT ( 'NONE',  ( 0.8799999999999998934, 0.1999999999999999833, -2.570000000000001616 ) ) ;
#10178 = STYLED_ITEM ( 'NONE', ( #4238 ), #9896 ) ;
#10179 = EDGE_LOOP ( 'NONE', ( #453, #3355, #7601, #10488 ) ) ;
#10180 = VECTOR ( 'NONE', #7119, 1000.000000000000000 ) ;
#10181 = CARTESIAN_POINT ( 'NONE',  ( 0.8800000000000005596, 0.04999999999999969746, 3.000000000000001776 ) ) ;
#10182 = FACE_OUTER_BOUND ( 'NONE', #7886, .T. ) ;
#10183 = CARTESIAN_POINT ( 'NONE',  ( 2.999999999999999112, 0.05000000000000000278, 2.999999999999998224 ) ) ;
#10184 = LINE ( 'NONE', #3530, #3324 ) ;
#10185 = DIRECTION ( 'NONE',  ( 1.000000000000000000, -0.000000000000000000, 5.042800802258162337E-16 ) ) ;
#10186 =( GEOMETRIC_REPRESENTATION_CONTEXT ( 3 ) GLOBAL_UNCERTAINTY_ASSIGNED_CONTEXT ( ( #2207 ) ) GLOBAL_UNIT_ASSIGNED_CONTEXT ( ( #6576, #2942, #7682 ) ) REPRESENTATION_CONTEXT ( 'NONE', 'WORKASPACE' ) );
#10187 = AXIS2_PLACEMENT_3D ( 'NONE', #656, #4601, #721 ) ;
#10188 = EDGE_CURVE ( 'NONE', #10328, #1150, #1326, .T. ) ;
#10189 = EDGE_CURVE ( 'NONE', #10468, #11524, #3247, .T. ) ;
#10190 = EDGE_LOOP ( 'NONE', ( #9446, #8709, #2392, #7462 ) ) ;
#10191 = DIRECTION ( 'NONE',  ( 0.000000000000000000, 0.000000000000000000, 1.000000000000000000 ) ) ;
#10192 = ORIENTED_EDGE ( 'NONE', *, *, #5999, .T. ) ;
#10193 = FACE_OUTER_BOUND ( 'NONE', #9564, .T. ) ;
#10194 = EDGE_CURVE ( 'NONE', #3191, #1255, #1391, .T. ) ;
#10195 = ORIENTED_EDGE ( 'NONE', *, *, #8686, .F. ) ;
#10196 =( LENGTH_UNIT ( ) NAMED_UNIT ( * ) SI_UNIT ( .MILLI., .METRE. ) );
#10197 = VECTOR ( 'NONE', #2331, 1000.000000000000000 ) ;
#10198 = FACE_OUTER_BOUND ( 'NONE', #3794, .T. ) ;
#10199 = FACE_OUTER_BOUND ( 'NONE', #6738, .T. ) ;
#10200 = CYLINDRICAL_SURFACE ( 'NONE', #10988, 0.1199999999999998845 ) ;
#10201 = LINE ( 'NONE', #1815, #653 ) ;
#10202 = LINE ( 'NONE', #11072, #6040 ) ;
#10203 = LINE ( 'NONE', #11016, #11793 ) ;
#10204 = LINE ( 'NONE', #2622, #2956 ) ;
#10205 = DIRECTION ( 'NONE',  ( 0.000000000000000000, -1.000000000000000000, 0.000000000000000000 ) ) ;
#10206 = ORIENTED_EDGE ( 'NONE', *, *, #1672, .F. ) ;
#10207 = ORIENTED_EDGE ( 'NONE', *, *, #11362, .T. ) ;
#10208 = VERTEX_POINT ( 'NONE', #459 ) ;
#10209 = VECTOR ( 'NONE', #8576, 1000.000000000000000 ) ;
#10210 = CLOSED_SHELL ( 'NONE', ( #7068, #5219, #2917, #3073, #868, #3513 ) ) ;
#10211 = ORIENTED_EDGE ( 'NONE', *, *, #11041, .T. ) ;
#10212 = CARTESIAN_POINT ( 'NONE',  ( -1.000000000000000000, 0.8000833275471003203, 2.570000000000001616 ) ) ;
#10213 = SURFACE_STYLE_USAGE ( .BOTH. , #9230 ) ;
#10214 = DIRECTION ( 'NONE',  ( -1.000000000000000000, 0.000000000000000000, 0.000000000000000000 ) ) ;
#10215 = PLANE ( 'NONE',  #8421 ) ;
#10216 = LINE ( 'NONE', #4488, #4175 ) ;
#10217 = PRESENTATION_STYLE_ASSIGNMENT (( #12130 ) ) ;
#10218 = VECTOR ( 'NONE', #11565, 1000.000000000000000 ) ;
#10219 = STYLED_ITEM ( 'NONE', ( #5796 ), #240 ) ;
#10220 = CARTESIAN_POINT ( 'NONE',  ( -0.3799999999999998934, 0.2000000000000000111, 2.570000000000001616 ) ) ;
#10221 = LINE ( 'NONE', #5523, #3445 ) ;
#10222 = EDGE_CURVE ( 'NONE', #11554, #8298, #5318, .T. ) ;
#10223 = ORIENTED_EDGE ( 'NONE', *, *, #11894, .T. ) ;
#10224 = VERTEX_POINT ( 'NONE', #6194 ) ;
#10225 = ORIENTED_EDGE ( 'NONE', *, *, #12080, .T. ) ;
#10226 = EDGE_CURVE ( 'NONE', #11941, #3256, #11185, .T. ) ;
#10227 = VECTOR ( 'NONE', #3045, 1000.000000000000000 ) ;
#10228 = CIRCLE ( 'NONE', #1765, 0.1199999999999998845 ) ;
#10229 = CARTESIAN_POINT ( 'NONE',  ( 2.570000000000001172, 0.8000833275471006534, -0.3799999999999998934 ) ) ;
#10230 = LINE ( 'NONE', #3448, #4239 ) ;
#10231 = ADVANCED_FACE ( 'NONE', ( #7355 ), #3599, .T. ) ;
#10232 = CARTESIAN_POINT ( 'NONE',  ( -1.379999999999999893, 0.2000000000000000111, 2.570000000000001616 ) ) ;
#10233 = FACE_OUTER_BOUND ( 'NONE', #895, .T. ) ;
#10234 = DIRECTION ( 'NONE',  ( 0.000000000000000000, -1.000000000000000000, 0.000000000000000000 ) ) ;
#10235 = CARTESIAN_POINT ( 'NONE',  ( 2.000000000000000000, 0.04999999999999999584, 2.450000000000001510 ) ) ;
#10236 = ORIENTED_EDGE ( 'NONE', *, *, #6699, .T. ) ;
#10237 = DIRECTION ( 'NONE',  ( 0.000000000000000000, -1.000000000000000000, 0.000000000000000000 ) ) ;
#10238 = CARTESIAN_POINT ( 'NONE',  ( -2.000000000000000000, 0.2000000000000000111, 2.570000000000001616 ) ) ;
#10239 = VERTEX_POINT ( 'NONE', #2683 ) ;
#10240 = ADVANCED_FACE ( 'NONE', ( #11013 ), #10200, .F. ) ;
#10241 = LINE ( 'NONE', #4448, #10775 ) ;
#10242 = ORIENTED_EDGE ( 'NONE', *, *, #2256, .F. ) ;
#10243 = CARTESIAN_POINT ( 'NONE',  ( 3.000000000000000888, 0.1999999999999999833, 0.6200000000000003286 ) ) ;
#10244 = CARTESIAN_POINT ( 'NONE',  ( -1.619999999999999440, 0.8000833275471003203, 3.000000000000001776 ) ) ;
#10245 = CARTESIAN_POINT ( 'NONE',  ( 3.000000000000000888, 0.8000833275471006534, 1.120000000000000329 ) ) ;
#10246 = LINE ( 'NONE', #10931, #2450 ) ;
#10247 = ORIENTED_EDGE ( 'NONE', *, *, #4088, .T. ) ;
#10248 = ORIENTED_EDGE ( 'NONE', *, *, #12026, .F. ) ;
#10249 = ADVANCED_FACE ( 'NONE', ( #1507 ), #704, .T. ) ;
#10250 = ORIENTED_EDGE ( 'NONE', *, *, #3453, .F. ) ;
#10251 = DIRECTION ( 'NONE',  ( 0.000000000000000000, -1.000000000000000000, 0.000000000000000000 ) ) ;
#10252 = EDGE_LOOP ( 'NONE', ( #11375, #8212, #5054, #10937 ) ) ;
#10253 = DIRECTION ( 'NONE',  ( -0.000000000000000000, -1.000000000000000000, -0.000000000000000000 ) ) ;
#10254 = CARTESIAN_POINT ( 'NONE',  ( 1.000000000000000000, 0.000000000000000000, 2.570000000000001616 ) ) ;
#10255 = DIRECTION ( 'NONE',  ( -1.057758217059028854E-16, 0.000000000000000000, 1.000000000000000000 ) ) ;
#10256 = ADVANCED_FACE ( 'NONE', ( #11867 ), #1692, .F. ) ;
#10257 = DIRECTION ( 'NONE',  ( 0.000000000000000000, -0.000000000000000000, 1.000000000000000000 ) ) ;
#10258 = CARTESIAN_POINT ( 'NONE',  ( -1.620000000000002549, 0.05000000000000000278, -1.633867459931645524E-15 ) ) ;
#10259 = DIRECTION ( 'NONE',  ( 0.000000000000000000, 1.000000000000000000, 0.000000000000000000 ) ) ;
#10260 = PLANE ( 'NONE',  #4656 ) ;
#10261 = LINE ( 'NONE', #12108, #1155 ) ;
#10262 =( NAMED_UNIT ( * ) SI_UNIT ( $, .STERADIAN. ) SOLID_ANGLE_UNIT ( ) );
#10263 = CARTESIAN_POINT ( 'NONE',  ( -6.959065107116270237E-16, 0.05000000000000000278, -1.380000000000001226 ) ) ;
#10264 = EDGE_CURVE ( 'NONE', #8163, #7416, #8152, .T. ) ;
#10265 = ADVANCED_FACE ( 'NONE', ( #5265 ), #8219, .T. ) ;
#10266 = ORIENTED_EDGE ( 'NONE', *, *, #10677, .T. ) ;
#10267 = ORIENTED_EDGE ( 'NONE', *, *, #3440, .F. ) ;
#10268 = ORIENTED_EDGE ( 'NONE', *, *, #8375, .F. ) ;
#10269 = EDGE_LOOP ( 'NONE', ( #8713, #9067, #2391, #9320 ) ) ;
#10270 = CARTESIAN_POINT ( 'NONE',  ( 2.570000000000000284, 0.8000833275471006534, -0.5000000000000004441 ) ) ;
#10271 = ORIENTED_EDGE ( 'NONE', *, *, #11433, .F. ) ;
#10272 = CARTESIAN_POINT ( 'NONE',  ( 1.620000000000000329, 0.8000833275471003203, -3.000000000000001776 ) ) ;
#10273 = DIRECTION ( 'NONE',  ( -1.000000000000000000, 0.000000000000000000, 0.000000000000000000 ) ) ;
#10274 = CARTESIAN_POINT ( 'NONE',  ( 2.570000000000001172, 0.000000000000000000, 0.1200000000000000927 ) ) ;
#10275 = CARTESIAN_POINT ( 'NONE',  ( -0.3799999999999996714, 0.2000000000000000111, 2.570000000000001616 ) ) ;
#10276 = CARTESIAN_POINT ( 'NONE',  ( -3.000000000000000888, 0.8000833275471006534, -0.6199999999999998845 ) ) ;
#10277 = VECTOR ( 'NONE', #9107, 1000.000000000000000 ) ;
#10278 = CARTESIAN_POINT ( 'NONE',  ( 0.3800000000000005596, 0.000000000000000000, 3.000000000000001776 ) ) ;
#10279 = CARTESIAN_POINT ( 'NONE',  ( -1.500000000000000000, 0.04999999999999999584, 2.570000000000001616 ) ) ;
#10280 = EDGE_CURVE ( 'NONE', #11773, #10866, #4882, .T. ) ;
#10281 = ORIENTED_EDGE ( 'NONE', *, *, #11536, .F. ) ;
#10282 = EDGE_LOOP ( 'NONE', ( #4689, #11824, #7744, #3118 ) ) ;
#10283 = ORIENTED_EDGE ( 'NONE', *, *, #1291, .T. ) ;
#10284 =( GEOMETRIC_REPRESENTATION_CONTEXT ( 3 ) GLOBAL_UNCERTAINTY_ASSIGNED_CONTEXT ( ( #2451 ) ) GLOBAL_UNIT_ASSIGNED_CONTEXT ( ( #2602, #3526, #6357 ) ) REPRESENTATION_CONTEXT ( 'NONE', 'WORKASPACE' ) );
#10285 = CARTESIAN_POINT ( 'NONE',  ( -2.000000000000000000, 0.2000000000000000111, -2.570000000000001616 ) ) ;
#10286 = CARTESIAN_POINT ( 'NONE',  ( -2.570000000000001172, 0.1999999999999999833, -0.6199999999999999956 ) ) ;
#10287 = DIRECTION ( 'NONE',  ( 0.000000000000000000, -1.000000000000000000, 0.000000000000000000 ) ) ;
#10288 = PLANE ( 'NONE',  #9310 ) ;
#10289 = CARTESIAN_POINT ( 'NONE',  ( 0.000000000000000000, 0.2000000000000000111, 2.450000000000001510 ) ) ;
#10290 = PLANE ( 'NONE',  #3039 ) ;
#10291 = CIRCLE ( 'NONE', #6755, 0.1199999999999998845 ) ;
#10292 = ORIENTED_EDGE ( 'NONE', *, *, #3489, .T. ) ;
#10293 = LINE ( 'NONE', #9369, #95 ) ;
#10294 = ORIENTED_EDGE ( 'NONE', *, *, #3592, .T. ) ;
#10295 = EDGE_CURVE ( 'NONE', #157, #1617, #826, .T. ) ;
#10296 = EDGE_CURVE ( 'NONE', #11889, #6748, #1757, .T. ) ;
#10297 = PRESENTATION_STYLE_ASSIGNMENT (( #7332 ) ) ;
#10298 = EDGE_LOOP ( 'NONE', ( #5956, #3275, #6983, #2779, #606 ) ) ;
#10299 = DIRECTION ( 'NONE',  ( -1.000000000000000000, 0.000000000000000000, -5.042800802258162337E-16 ) ) ;
#10300 = ORIENTED_EDGE ( 'NONE', *, *, #7809, .T. ) ;
#10301 = AXIS2_PLACEMENT_3D ( 'NONE', #5669, #865, #11287 ) ;
#10302 = CARTESIAN_POINT ( 'NONE',  ( -3.000000000000000888, 0.05000000000000000278, 2.999999999999999112 ) ) ;
#10303 = DIRECTION ( 'NONE',  ( -0.000000000000000000, -1.000000000000000000, -0.000000000000000000 ) ) ;
#10304 = EDGE_CURVE ( 'NONE', #4551, #8725, #6321, .T. ) ;
#10305 = DIRECTION ( 'NONE',  ( 0.000000000000000000, 0.000000000000000000, -1.000000000000000000 ) ) ;
#10306 = DIRECTION ( 'NONE',  ( -0.000000000000000000, 0.000000000000000000, 1.000000000000000000 ) ) ;
#10307 = EDGE_CURVE ( 'NONE', #2768, #2088, #10073, .T. ) ;
#10308 = VECTOR ( 'NONE', #10388, 1000.000000000000000 ) ;
#10309 = ADVANCED_FACE ( 'NONE', ( #767 ), #8281, .T. ) ;
#10310 = EDGE_CURVE ( 'NONE', #7143, #6362, #9275, .T. ) ;
#10311 = EDGE_LOOP ( 'NONE', ( #9858, #8790, #5457, #2543 ) ) ;
#10312 = CARTESIAN_POINT ( 'NONE',  ( 3.000000000000000888, 0.04999999999999969746, 0.1200000000000003147 ) ) ;
#10313 = ORIENTED_EDGE ( 'NONE', *, *, #11896, .F. ) ;
#10314 = ORIENTED_EDGE ( 'NONE', *, *, #511, .F. ) ;
#10315 = CARTESIAN_POINT ( 'NONE',  ( -2.000000000000000000, 0.2000000000000000111, 2.570000000000001616 ) ) ;
#10316 = AXIS2_PLACEMENT_3D ( 'NONE', #3957, #1932, #7709 ) ;
#10317 = PLANE ( 'NONE',  #4459 ) ;
#10318 = CARTESIAN_POINT ( 'NONE',  ( 2.999999999999999112, 10.48528137423857132, 2.999999999999998224 ) ) ;
#10319 = CARTESIAN_POINT ( 'NONE',  ( 3.000000000000000888, 0.8000833275471006534, -1.619999999999999885 ) ) ;
#10320 = DIRECTION ( 'NONE',  ( 0.000000000000000000, 0.000000000000000000, 1.000000000000000000 ) ) ;
#10321 = DIRECTION ( 'NONE',  ( -0.000000000000000000, -1.000000000000000000, -0.000000000000000000 ) ) ;
#10322 = DIRECTION ( 'NONE',  ( -0.000000000000000000, -1.000000000000000000, -0.000000000000000000 ) ) ;
#10323 = PLANE ( 'NONE',  #5102 ) ;
#10324 = CARTESIAN_POINT ( 'NONE',  ( 2.570000000000001172, 0.1999999999999999833, 2.120000000000000551 ) ) ;
#10325 = ORIENTED_EDGE ( 'NONE', *, *, #8953, .T. ) ;
#10326 = ORIENTED_EDGE ( 'NONE', *, *, #12184, .F. ) ;
#10327 = VECTOR ( 'NONE', #10348, 1000.000000000000000 ) ;
#10328 = VERTEX_POINT ( 'NONE', #8340 ) ;
#10329 = VECTOR ( 'NONE', #10420, 1000.000000000000000 ) ;
#10330 = EDGE_LOOP ( 'NONE', ( #632, #4099, #8726, #10325 ) ) ;
#10331 = DIRECTION ( 'NONE',  ( -0.000000000000000000, -1.000000000000000000, -0.000000000000000000 ) ) ;
#10332 = ORIENTED_EDGE ( 'NONE', *, *, #1260, .F. ) ;
#10333 =( NAMED_UNIT ( * ) SI_UNIT ( $, .STERADIAN. ) SOLID_ANGLE_UNIT ( ) );
#10334 = PLANE ( 'NONE',  #6815 ) ;
#10335 = SURFACE_STYLE_FILL_AREA ( #7555 ) ;
#10336 = DIRECTION ( 'NONE',  ( -0.000000000000000000, -1.000000000000000000, -0.000000000000000000 ) ) ;
#10337 = AXIS2_PLACEMENT_3D ( 'NONE', #2635, #5461, #12057 ) ;
#10338 = VECTOR ( 'NONE', #8115, 1000.000000000000000 ) ;
#10339 = CARTESIAN_POINT ( 'NONE',  ( -2.570000000000001172, 0.1999999999999999833, -0.1199999999999999956 ) ) ;
#10340 = DIRECTION ( 'NONE',  ( 0.000000000000000000, 1.000000000000000000, 0.000000000000000000 ) ) ;
#10341 = ORIENTED_EDGE ( 'NONE', *, *, #4738, .F. ) ;
#10342 = VECTOR ( 'NONE', #8890, 1000.000000000000000 ) ;
#10343 = ORIENTED_EDGE ( 'NONE', *, *, #4918, .T. ) ;
#10344 = ORIENTED_EDGE ( 'NONE', *, *, #3674, .T. ) ;
#10345 = VERTEX_POINT ( 'NONE', #12105 ) ;
#10346 = VECTOR ( 'NONE', #6056, 1000.000000000000000 ) ;
#10347 = ADVANCED_FACE ( 'NONE', ( #584 ), #3663, .F. ) ;
#10348 = DIRECTION ( 'NONE',  ( 0.000000000000000000, -1.000000000000000000, 0.000000000000000000 ) ) ;
#10349 = ADVANCED_FACE ( 'NONE', ( #5743 ), #3728, .F. ) ;
#10350 = VECTOR ( 'NONE', #12143, 1000.000000000000000 ) ;
#10351 = DIRECTION ( 'NONE',  ( -0.000000000000000000, -1.000000000000000000, -0.000000000000000000 ) ) ;
#10352 = AXIS2_PLACEMENT_3D ( 'NONE', #8391, #12159, #4696 ) ;
#10353 =( NAMED_UNIT ( * ) PLANE_ANGLE_UNIT ( ) SI_UNIT ( $, .RADIAN. ) );
#10354 = DIRECTION ( 'NONE',  ( -1.000000000000000000, 0.000000000000000000, 0.000000000000000000 ) ) ;
#10355 = LINE ( 'NONE', #5592, #3283 ) ;
#10356 = VECTOR ( 'NONE', #806, 1000.000000000000000 ) ;
#10357 = CARTESIAN_POINT ( 'NONE',  ( 2.120000000000000551, 0.1999999999999999833, -2.570000000000001616 ) ) ;
#10358 = VERTEX_POINT ( 'NONE', #5805 ) ;
#10359 = LINE ( 'NONE', #9430, #2646 ) ;
#10360 = EDGE_LOOP ( 'NONE', ( #3406, #438, #2007, #6489 ) ) ;
#10361 = AXIS2_PLACEMENT_3D ( 'NONE', #10897, #8168, #9231 ) ;
#10362 = AXIS2_PLACEMENT_3D ( 'NONE', #2032, #10604, #9722 ) ;
#10363 = CARTESIAN_POINT ( 'NONE',  ( -2.570000000000001172, 0.8000833275471006534, -0.8799999999999998934 ) ) ;
#10364 = VERTEX_POINT ( 'NONE', #6692 ) ;
#10365 = DIRECTION ( 'NONE',  ( -1.000000000000000000, 0.000000000000000000, 5.042800802258162337E-16 ) ) ;
#10366 = ORIENTED_EDGE ( 'NONE', *, *, #3857, .T. ) ;
#10367 = CARTESIAN_POINT ( 'NONE',  ( 0.1200000000000003147, 0.2000000000000000111, -3.000000000000001776 ) ) ;
#10368 = COLOUR_RGB ( '',0.7921568627450980005, 0.8196078431372548767, 0.9333333333333333481 ) ;
#10369 = DIRECTION ( 'NONE',  ( -0.000000000000000000, -1.000000000000000000, -0.000000000000000000 ) ) ;
#10370 = VECTOR ( 'NONE', #13, 1000.000000000000000 ) ;
#10371 = EDGE_CURVE ( 'NONE', #10009, #2931, #4829, .T. ) ;
#10372 = LINE ( 'NONE', #10434, #1481 ) ;
#10373 = LINE ( 'NONE', #9440, #4303 ) ;
#10374 = CARTESIAN_POINT ( 'NONE',  ( -3.000000000000000888, 0.1999999999999999833, 0.3800000000000001155 ) ) ;
#10375 = EDGE_CURVE ( 'NONE', #2842, #8061, #5624, .T. ) ;
#10376 = EDGE_CURVE ( 'NONE', #2316, #7130, #6460, .T. ) ;
#10377 = ORIENTED_EDGE ( 'NONE', *, *, #7047, .T. ) ;
#10378 = DIRECTION ( 'NONE',  ( 0.000000000000000000, 0.000000000000000000, 1.000000000000000000 ) ) ;
#10379 = CIRCLE ( 'NONE', #4865, 0.1199999999999998845 ) ;
#10380 = VERTEX_POINT ( 'NONE', #4765 ) ;
#10381 = EDGE_CURVE ( 'NONE', #12067, #2977, #9394, .T. ) ;
#10382 = VERTEX_POINT ( 'NONE', #949 ) ;
#10383 = DIRECTION ( 'NONE',  ( 0.000000000000000000, -1.000000000000000000, 0.000000000000000000 ) ) ;
#10384 = CARTESIAN_POINT ( 'NONE',  ( -2.000000000000000000, 0.2000000000000000111, -2.570000000000001616 ) ) ;
#10385 = EDGE_CURVE ( 'NONE', #5568, #573, #4710, .T. ) ;
#10386 = DIRECTION ( 'NONE',  ( 0.000000000000000000, 0.000000000000000000, -1.000000000000000000 ) ) ;
#10387 = DIRECTION ( 'NONE',  ( 0.000000000000000000, 1.000000000000000000, 0.000000000000000000 ) ) ;
#10388 = DIRECTION ( 'NONE',  ( -0.000000000000000000, -1.000000000000000000, -0.000000000000000000 ) ) ;
#10389 = PRESENTATION_LAYER_ASSIGNMENT (  '', '', ( #8997 ) ) ;
#10390 = CARTESIAN_POINT ( 'NONE',  ( 1.500000000000000000, 0.2000000000000000111, 2.450000000000001510 ) ) ;
#10391 = AXIS2_PLACEMENT_3D ( 'NONE', #8425, #4544, #8294 ) ;
#10392 = FACE_OUTER_BOUND ( 'NONE', #7644, .T. ) ;
#10393 = EDGE_CURVE ( 'NONE', #8288, #10162, #7718, .T. ) ;
#10394 = ORIENTED_EDGE ( 'NONE', *, *, #9462, .T. ) ;
#10395 = ORIENTED_EDGE ( 'NONE', *, *, #4804, .F. ) ;
#10396 = EDGE_LOOP ( 'NONE', ( #9551, #10013, #11263, #8808 ) ) ;
#10397 = ORIENTED_EDGE ( 'NONE', *, *, #2735, .T. ) ;
#10398 = CARTESIAN_POINT ( 'NONE',  ( 2.570000000000001172, 0.1999999999999999833, -0.8799999999999998934 ) ) ;
#10399 = VECTOR ( 'NONE', #6373, 1000.000000000000000 ) ;
#10400 = EDGE_LOOP ( 'NONE', ( #6783, #10891, #187, #1792, #3241, #9158, #5883, #666, #6215, #6894, #5728, #6381, #4564, #4694, #9512, #4749, #6158, #5495, #1809, #1821, #5526, #3071, #10122, #8314, #9376, #1217, #11538, #7478, #4390, #5675, #9943, #7240, #32, #11361, #2756, #1595, #275, #7929, #9947, #8885, #4335, #1781, #11402, #8348, #4953, #11516, #1017, #4580, #5189, #11701, #18, #2025, #9820, #7209, #89, #1952, #10779, #5325, #5049, #10822, #4244, #7763, #1970, #463, #10410, #9137, #6219, #9523, #9525, #8886, #1918, #9280, #4170, #9979, #1820, #2963, #91, #3179, #9581, #10452, #6146, #9140, #8210, #7890, #3976, #9019, #8474, #1700, #3979, #9127, #7505, #244, #10437, #11519, #3120, #3443, #8080, #8239, #1152, #1620, #8978, #8860, #31, #10314, #3916, #7533, #259, #10576, #5125, #9370, #10428, #4874, #8737, #11772, #6511, #5955, #9212, #1583, #7343, #817, #1637, #10865, #8024, #2133, #4787, #9915, #309, #698, #8678, #5820, #4213, #10473, #3709, #12013, #8547, #6552, #2419, #3816, #1074, #6536, #8842, #7080, #4052, #6205, #1529, #7598, #6700, #51, #11327, #5484, #2379, #8090, #1903, #6896, #9845, #3462, #6185 ) ) ;
#10401 = CARTESIAN_POINT ( 'NONE',  ( -0.1200000000000024658, 0.05000000000000000278, -1.210272192541982775E-16 ) ) ;
#10402 = DIRECTION ( 'NONE',  ( 0.000000000000000000, 0.000000000000000000, -1.000000000000000000 ) ) ;
#10403 = CARTESIAN_POINT ( 'NONE',  ( -2.570000000000001172, 0.1999999999999999833, 1.880000000000000115 ) ) ;
#10404 = DIRECTION ( 'NONE',  ( -0.000000000000000000, -1.000000000000000000, -0.000000000000000000 ) ) ;
#10405 = DIRECTION ( 'NONE',  ( -0.000000000000000000, -1.000000000000000000, -0.000000000000000000 ) ) ;
#10406 = CIRCLE ( 'NONE', #2148, 0.1199999999999999956 ) ;
#10407 = ORIENTED_EDGE ( 'NONE', *, *, #2184, .T. ) ;
#10408 = ORIENTED_EDGE ( 'NONE', *, *, #4665, .F. ) ;
#10409 = EDGE_LOOP ( 'NONE', ( #4463, #1751, #7365, #5000 ) ) ;
#10410 = ORIENTED_EDGE ( 'NONE', *, *, #5017, .F. ) ;
#10411 = CARTESIAN_POINT ( 'NONE',  ( 1.380000000000000560, 0.1999999999999999833, 3.000000000000001776 ) ) ;
#10412 = VECTOR ( 'NONE', #1262, 1000.000000000000000 ) ;
#10413 = CARTESIAN_POINT ( 'NONE',  ( -0.1200000000000003147, 0.000000000000000000, -2.570000000000001616 ) ) ;
#10414 = VECTOR ( 'NONE', #9319, 1000.000000000000000 ) ;
#10415 = DIRECTION ( 'NONE',  ( 0.000000000000000000, -0.000000000000000000, 1.000000000000000000 ) ) ;
#10416 = DIRECTION ( 'NONE',  ( -1.000000000000000000, 0.000000000000000000, 0.000000000000000000 ) ) ;
#10417 = CARTESIAN_POINT ( 'NONE',  ( -2.000000000000000000, 0.2000000000000000111, 2.570000000000001616 ) ) ;
#10418 = EDGE_CURVE ( 'NONE', #9639, #3922, #2980, .T. ) ;
#10419 = EDGE_CURVE ( 'NONE', #4291, #2644, #8815, .T. ) ;
#10420 = DIRECTION ( 'NONE',  ( 0.000000000000000000, 0.000000000000000000, 1.000000000000000000 ) ) ;
#10421 = VERTEX_POINT ( 'NONE', #10444 ) ;
#10422 = DIRECTION ( 'NONE',  ( -1.000000000000000000, 0.000000000000000000, -1.057758217059028854E-16 ) ) ;
#10423 = VERTEX_POINT ( 'NONE', #8525 ) ;
#10424 = EDGE_CURVE ( 'NONE', #8568, #10138, #12164, .T. ) ;
#10425 = CIRCLE ( 'NONE', #9843, 0.1199999999999998845 ) ;
#10426 = VECTOR ( 'NONE', #6174, 1000.000000000000000 ) ;
#10427 = DIRECTION ( 'NONE',  ( -0.000000000000000000, -1.000000000000000000, -0.000000000000000000 ) ) ;
#10428 = ORIENTED_EDGE ( 'NONE', *, *, #5849, .F. ) ;
#10429 = DIRECTION ( 'NONE',  ( 0.000000000000000000, 0.000000000000000000, -1.000000000000000000 ) ) ;
#10430 = VERTEX_POINT ( 'NONE', #5684 ) ;
#10431 = CARTESIAN_POINT ( 'NONE',  ( 0.8800000000000001155, 0.8000833275471003203, 2.570000000000001616 ) ) ;
#10432 = CARTESIAN_POINT ( 'NONE',  ( 1.000000000000000000, 0.2000000000000000111, -2.570000000000001616 ) ) ;
#10433 = AXIS2_PLACEMENT_3D ( 'NONE', #7496, #6509, #10456 ) ;
#10434 = CARTESIAN_POINT ( 'NONE',  ( -2.300000000000000711, 1.000000000000000000, -2.050000000000000711 ) ) ;
#10435 = LINE ( 'NONE', #6546, #7253 ) ;
#10436 = CARTESIAN_POINT ( 'NONE',  ( 3.000000000000000888, 0.000000000000000000, -1.379999999999999671 ) ) ;
#10437 = ORIENTED_EDGE ( 'NONE', *, *, #10114, .F. ) ;
#10438 = LINE ( 'NONE', #11359, #9625 ) ;
#10439 = ORIENTED_EDGE ( 'NONE', *, *, #6287, .F. ) ;
#10440 = EDGE_LOOP ( 'NONE', ( #4658, #4189, #894, #1984 ) ) ;
#10441 = PLANE ( 'NONE',  #1485 ) ;
#10442 = FILL_AREA_STYLE ('',( #8523 ) ) ;
#10443 = PLANE ( 'NONE',  #6403 ) ;
#10444 = CARTESIAN_POINT ( 'NONE',  ( -2.570000000000001172, 0.1999999999999999833, -2.120000000000000107 ) ) ;
#10445 = DIRECTION ( 'NONE',  ( -0.000000000000000000, -1.000000000000000000, -0.000000000000000000 ) ) ;
#10446 = CARTESIAN_POINT ( 'NONE',  ( -2.570000000000001172, 0.8000833275471006534, -1.000000000000000000 ) ) ;
#10447 = LINE ( 'NONE', #9454, #3138 ) ;
#10448 = EDGE_CURVE ( 'NONE', #5912, #468, #3503, .T. ) ;
#10449 = APPLICATION_PROTOCOL_DEFINITION ( 'draft international standard', 'automotive_design', 1998, #6521 ) ;
#10450 = ORIENTED_EDGE ( 'NONE', *, *, #1568, .T. ) ;
#10451 = ORIENTED_EDGE ( 'NONE', *, *, #3232, .F. ) ;
#10452 = ORIENTED_EDGE ( 'NONE', *, *, #11250, .F. ) ;
#10453 = EDGE_CURVE ( 'NONE', #8954, #534, #67, .T. ) ;
#10454 = ORIENTED_EDGE ( 'NONE', *, *, #8270, .F. ) ;
#10455 = EDGE_CURVE ( 'NONE', #2627, #1280, #11570, .T. ) ;
#10456 = DIRECTION ( 'NONE',  ( 0.000000000000000000, -0.000000000000000000, 1.000000000000000000 ) ) ;
#10457 = ORIENTED_EDGE ( 'NONE', *, *, #3112, .T. ) ;
#10458 = SURFACE_SIDE_STYLE ('',( #9464 ) ) ;
#10459 = LINE ( 'NONE', #5757, #7398 ) ;
#10460 =( NAMED_UNIT ( * ) SI_UNIT ( $, .STERADIAN. ) SOLID_ANGLE_UNIT ( ) );
#10461 = CARTESIAN_POINT ( 'NONE',  ( -1.500000000000000000, 0.2000000000000000111, -2.570000000000001616 ) ) ;
#10462 = FILL_AREA_STYLE_COLOUR ( '', #3889 ) ;
#10463 = PRESENTATION_LAYER_ASSIGNMENT (  '', '', ( #807 ) ) ;
#10464 = DIRECTION ( 'NONE',  ( 0.000000000000000000, 1.000000000000000000, 0.000000000000000000 ) ) ;
#10465 = ADVANCED_FACE ( 'NONE', ( #7606 ), #1062, .T. ) ;
#10466 = CARTESIAN_POINT ( 'NONE',  ( -2.570000000000001172, 0.05000000000000002359, -1.000000000000000000 ) ) ;
#10467 = EDGE_CURVE ( 'NONE', #6504, #11328, #4891, .T. ) ;
#10468 = VERTEX_POINT ( 'NONE', #5559 ) ;
#10469 = EDGE_CURVE ( 'NONE', #8550, #8287, #9328, .T. ) ;
#10470 = ORIENTED_EDGE ( 'NONE', *, *, #8637, .F. ) ;
#10471 = ORIENTED_EDGE ( 'NONE', *, *, #7105, .T. ) ;
#10472 = EDGE_CURVE ( 'NONE', #1798, #7401, #8405, .T. ) ;
#10473 = ORIENTED_EDGE ( 'NONE', *, *, #8449, .F. ) ;
#10474 = EDGE_CURVE ( 'NONE', #6482, #5308, #2243, .T. ) ;
#10475 = DIRECTION ( 'NONE',  ( -1.000000000000000000, 0.000000000000000000, 5.042800802258162337E-16 ) ) ;
#10476 = CYLINDRICAL_SURFACE ( 'NONE', #1480, 0.1199999999999998845 ) ;
#10477 = CARTESIAN_POINT ( 'NONE',  ( 2.570000000000000284, 0.000000000000000000, 0.4999999999999995559 ) ) ;
#10478 = DIRECTION ( 'NONE',  ( 0.000000000000000000, 0.000000000000000000, -1.000000000000000000 ) ) ;
#10479 = AXIS2_PLACEMENT_3D ( 'NONE', #4283, #1689, #3417 ) ;
#10480 = CARTESIAN_POINT ( 'NONE',  ( -1.000000000000000000, 0.04999999999999999584, 2.450000000000001510 ) ) ;
#10481 = LINE ( 'NONE', #5478, #9179 ) ;
#10482 = ADVANCED_FACE ( 'NONE', ( #4151 ), #4269, .T. ) ;
#10483 = LINE ( 'NONE', #11401, #12091 ) ;
#10484 = ORIENTED_EDGE ( 'NONE', *, *, #5740, .T. ) ;
#10485 = ORIENTED_EDGE ( 'NONE', *, *, #6852, .T. ) ;
#10486 = VECTOR ( 'NONE', #2941, 1000.000000000000000 ) ;
#10487 = DIRECTION ( 'NONE',  ( -1.000000000000000000, 0.000000000000000000, -5.042800802258162337E-16 ) ) ;
#10488 = ORIENTED_EDGE ( 'NONE', *, *, #11278, .T. ) ;
#10489 = LINE ( 'NONE', #1225, #3821 ) ;
#10490 = VERTEX_POINT ( 'NONE', #8891 ) ;
#10491 = PLANE ( 'NONE',  #6683 ) ;
#10492 = CYLINDRICAL_SURFACE ( 'NONE', #8917, 0.1199999999999998845 ) ;
#10493 = DIRECTION ( 'NONE',  ( -1.000000000000000000, 0.000000000000000000, 5.042800802258162337E-16 ) ) ;
#10494 = CARTESIAN_POINT ( 'NONE',  ( -2.570000000000001172, 0.000000000000000000, -1.879999999999999893 ) ) ;
#10495 = DIRECTION ( 'NONE',  ( -1.000000000000000000, 0.000000000000000000, 0.000000000000000000 ) ) ;
#10496 = DIRECTION ( 'NONE',  ( 0.000000000000000000, -1.000000000000000000, 0.000000000000000000 ) ) ;
#10497 = VECTOR ( 'NONE', #1114, 1000.000000000000000 ) ;
#10498 = ORIENTED_EDGE ( 'NONE', *, *, #5215, .F. ) ;
#10499 = VERTEX_POINT ( 'NONE', #3291 ) ;
#10500 = EDGE_CURVE ( 'NONE', #2163, #6504, #5184, .T. ) ;
#10501 = DIRECTION ( 'NONE',  ( 0.000000000000000000, 0.000000000000000000, 1.000000000000000000 ) ) ;
#10502 = CARTESIAN_POINT ( 'NONE',  ( -2.570000000000001172, 0.8000833275471006534, -2.000000000000000000 ) ) ;
#10503 = DIRECTION ( 'NONE',  ( -0.000000000000000000, 0.000000000000000000, 1.000000000000000000 ) ) ;
#10504 = LINE ( 'NONE', #4830, #7341 ) ;
#10505 = LINE ( 'NONE', #2061, #2497 ) ;
#10506 = EDGE_CURVE ( 'NONE', #4422, #10328, #7967, .T. ) ;
#10507 = AXIS2_PLACEMENT_3D ( 'NONE', #4349, #5106, #3143 ) ;
#10508 = DIRECTION ( 'NONE',  ( -0.000000000000000000, -1.000000000000000000, -0.000000000000000000 ) ) ;
#10509 = ORIENTED_EDGE ( 'NONE', *, *, #2370, .T. ) ;
#10510 = ORIENTED_EDGE ( 'NONE', *, *, #4321, .T. ) ;
#10511 = ORIENTED_EDGE ( 'NONE', *, *, #2583, .T. ) ;
#10512 = ORIENTED_EDGE ( 'NONE', *, *, #848, .T. ) ;
#10513 = DIRECTION ( 'NONE',  ( 0.000000000000000000, 0.000000000000000000, -1.000000000000000000 ) ) ;
#10514 = VERTEX_POINT ( 'NONE', #6125 ) ;
#10515 = AXIS2_PLACEMENT_3D ( 'NONE', #3217, #3281, #5981 ) ;
#10516 = CARTESIAN_POINT ( 'NONE',  ( 1.879999999999999671, 0.2000000000000000111, -2.570000000000001616 ) ) ;
#10517 = FACE_OUTER_BOUND ( 'NONE', #1314, .T. ) ;
#10518 = FILL_AREA_STYLE ('',( #10462 ) ) ;
#10519 = EDGE_CURVE ( 'NONE', #7714, #4326, #11613, .T. ) ;
#10520 = EDGE_CURVE ( 'NONE', #7670, #3588, #11667, .T. ) ;
#10521 = CARTESIAN_POINT ( 'NONE',  ( 3.000000000000000888, 0.04999999999999969746, -2.120000000000000107 ) ) ;
#10522 = EDGE_CURVE ( 'NONE', #11177, #3268, #1310, .T. ) ;
#10524 = DIRECTION ( 'NONE',  ( -1.000000000000000000, 0.000000000000000000, 0.000000000000000000 ) ) ;
#10523 = AXIS2_PLACEMENT_3D ( 'NONE', #9435, #3825, #7645 ) ;
#10525 = AXIS2_PLACEMENT_3D ( 'NONE', #4179, #7939, #5965 ) ;
#10526 = VERTEX_POINT ( 'NONE', #8950 ) ;
#10527 = ORIENTED_EDGE ( 'NONE', *, *, #5995, .T. ) ;
#10528 = ORIENTED_EDGE ( 'NONE', *, *, #3319, .T. ) ;
#10529 = EDGE_LOOP ( 'NONE', ( #2903, #5343, #8007, #1141 ) ) ;
#10530 = ADVANCED_FACE ( 'NONE', ( #5933 ), #7908, .F. ) ;
#10531 = CARTESIAN_POINT ( 'NONE',  ( -0.6199999999999994404, 0.2000000000000000111, -3.000000000000001776 ) ) ;
#10532 = VECTOR ( 'NONE', #1719, 1000.000000000000000 ) ;
#10533 = CIRCLE ( 'NONE', #9740, 0.1199999999999999956 ) ;
#10534 = DIRECTION ( 'NONE',  ( -0.000000000000000000, -1.000000000000000000, -0.000000000000000000 ) ) ;
#10535 = LINE ( 'NONE', #11578, #3662 ) ;
#10536 = CARTESIAN_POINT ( 'NONE',  ( 1.379999999999999671, 0.8000833275471003203, -2.570000000000001616 ) ) ;
#10537 = DIRECTION ( 'NONE',  ( 0.000000000000000000, -0.000000000000000000, 1.000000000000000000 ) ) ;
#10538 = VECTOR ( 'NONE', #9689, 1000.000000000000000 ) ;
#10539 = ADVANCED_FACE ( 'NONE', ( #5993 ), #2189, .T. ) ;
#10540 = CARTESIAN_POINT ( 'NONE',  ( 2.049999999999999822, 5.998275605729689097, 2.049999999999999822 ) ) ;
#10541 = ORIENTED_EDGE ( 'NONE', *, *, #2171, .T. ) ;
#10542 = VECTOR ( 'NONE', #8423, 1000.000000000000000 ) ;
#10543 = ORIENTED_EDGE ( 'NONE', *, *, #7348, .T. ) ;
#10544 = STYLED_ITEM ( 'NONE', ( #2119 ), #4430 ) ;
#10545 = DIRECTION ( 'NONE',  ( -5.042800802258162337E-16, 0.000000000000000000, -1.000000000000000000 ) ) ;
#10546 = VECTOR ( 'NONE', #6468, 1000.000000000000000 ) ;
#10547 = VECTOR ( 'NONE', #11612, 1000.000000000000000 ) ;
#10548 = ORIENTED_EDGE ( 'NONE', *, *, #3152, .T. ) ;
#10549 = LINE ( 'NONE', #2967, #10717 ) ;
#10550 = VERTEX_POINT ( 'NONE', #443 ) ;
#10551 = LINE ( 'NONE', #6856, #5905 ) ;
#10552 = AXIS2_PLACEMENT_3D ( 'NONE', #7779, #1240, #9632 ) ;
#10553 = CARTESIAN_POINT ( 'NONE',  ( -0.1199999999999994404, 0.1999999999999999833, -3.000000000000001776 ) ) ;
#10554 = DIRECTION ( 'NONE',  ( 0.000000000000000000, 0.000000000000000000, -1.000000000000000000 ) ) ;
#10555 = FACE_OUTER_BOUND ( 'NONE', #5885, .T. ) ;
#10556 = DIRECTION ( 'NONE',  ( 0.000000000000000000, -0.000000000000000000, 1.000000000000000000 ) ) ;
#10557 = VECTOR ( 'NONE', #1643, 1000.000000000000000 ) ;
#10558 = VECTOR ( 'NONE', #5362, 1000.000000000000000 ) ;
#10559 = SURFACE_STYLE_FILL_AREA ( #12111 ) ;
#10560 = DIRECTION ( 'NONE',  ( 0.000000000000000000, -1.000000000000000000, 0.000000000000000000 ) ) ;
#10561 = ORIENTED_EDGE ( 'NONE', *, *, #5548, .T. ) ;
#10562 = VECTOR ( 'NONE', #522, 1000.000000000000000 ) ;
#10563 = VERTEX_POINT ( 'NONE', #11547 ) ;
#10564 = AXIS2_PLACEMENT_3D ( 'NONE', #6035, #7881, #7029 ) ;
#10565 = LINE ( 'NONE', #2125, #3454 ) ;
#10566 = DIRECTION ( 'NONE',  ( 0.000000000000000000, 1.000000000000000000, 0.000000000000000000 ) ) ;
#10567 = CARTESIAN_POINT ( 'NONE',  ( 1.620000000000000329, 0.8000833275471003203, 3.000000000000001776 ) ) ;
#10568 = CARTESIAN_POINT ( 'NONE',  ( -2.119999999999999662, 0.000000000000000000, -3.000000000000001776 ) ) ;
#10569 = CARTESIAN_POINT ( 'NONE',  ( 1.620000000000000329, 0.1999999999999999833, -2.570000000000001616 ) ) ;
#10570 = ADVANCED_FACE ( 'NONE', ( #3109 ), #2312, .T. ) ;
#10571 = CARTESIAN_POINT ( 'NONE',  ( -2.570000000000001172, 0.8000833275471006534, -0.6199999999999998845 ) ) ;
#10572 = EDGE_CURVE ( 'NONE', #170, #8240, #8214, .T. ) ;
#10573 = VECTOR ( 'NONE', #6718, 1000.000000000000000 ) ;
#10574 = ORIENTED_EDGE ( 'NONE', *, *, #11158, .F. ) ;
#10575 = VECTOR ( 'NONE', #10299, 1000.000000000000000 ) ;
#10576 = ORIENTED_EDGE ( 'NONE', *, *, #6456, .F. ) ;
#10577 = ORIENTED_EDGE ( 'NONE', *, *, #4420, .T. ) ;
#10578 = EDGE_CURVE ( 'NONE', #8743, #11179, #7848, .T. ) ;
#10579 = EDGE_LOOP ( 'NONE', ( #7003, #1434, #6269, #3134 ) ) ;
#10580 = DIRECTION ( 'NONE',  ( -0.000000000000000000, -1.000000000000000000, -0.000000000000000000 ) ) ;
#10581 = ORIENTED_EDGE ( 'NONE', *, *, #5366, .T. ) ;
#10582 = PLANE ( 'NONE',  #4425 ) ;
#10583 = CIRCLE ( 'NONE', #5252, 0.2500000000000002220 ) ;
#10584 = LINE ( 'NONE', #5198, #8971 ) ;
#10585 = DIRECTION ( 'NONE',  ( 0.000000000000000000, 0.000000000000000000, 1.000000000000000000 ) ) ;
#10586 = DIRECTION ( 'NONE',  ( 0.000000000000000000, -1.000000000000000000, 0.000000000000000000 ) ) ;
#10587 = DIRECTION ( 'NONE',  ( 0.000000000000000000, -1.000000000000000000, 0.000000000000000000 ) ) ;
#10588 = LINE ( 'NONE', #2019, #9037 ) ;
#10589 = DIRECTION ( 'NONE',  ( 1.000000000000000000, 0.000000000000000000, 0.000000000000000000 ) ) ;
#10590 = VERTEX_POINT ( 'NONE', #9635 ) ;
#10591 = ORIENTED_EDGE ( 'NONE', *, *, #665, .T. ) ;
#10592 = ORIENTED_EDGE ( 'NONE', *, *, #9243, .F. ) ;
#10593 = AXIS2_PLACEMENT_3D ( 'NONE', #11732, #11478, #4092 ) ;
#10594 = UNCERTAINTY_MEASURE_WITH_UNIT (LENGTH_MEASURE( 1.000000000000000082E-05 ), #3745, 'distance_accuracy_value', 'NONE');
#10595 = AXIS2_PLACEMENT_3D ( 'NONE', #9925, #8019, #8130 ) ;
#10596 = EDGE_LOOP ( 'NONE', ( #8943, #10300, #1043, #5390 ) ) ;
#10597 = VECTOR ( 'NONE', #10255, 1000.000000000000000 ) ;
#10598 = DIRECTION ( 'NONE',  ( -1.008560160451631481E-15, 0.000000000000000000, 1.000000000000000000 ) ) ;
#10599 = LINE ( 'NONE', #6588, #2873 ) ;
#10600 = CARTESIAN_POINT ( 'NONE',  ( 0.8800000000000005596, 0.2000000000000000111, 3.000000000000001776 ) ) ;
#10601 = DIRECTION ( 'NONE',  ( -0.000000000000000000, -1.000000000000000000, -0.000000000000000000 ) ) ;
#10602 = CIRCLE ( 'NONE', #152, 0.1199999999999998845 ) ;
#10603 = DIRECTION ( 'NONE',  ( -0.000000000000000000, -1.000000000000000000, -0.000000000000000000 ) ) ;
#10604 = DIRECTION ( 'NONE',  ( 0.000000000000000000, -1.000000000000000000, 0.000000000000000000 ) ) ;
#10605 = CARTESIAN_POINT ( 'NONE',  ( -3.000000000000000888, 0.05000000000000000278, 2.999999999999999112 ) ) ;
#10606 = ORIENTED_EDGE ( 'NONE', *, *, #7318, .F. ) ;
#10607 = EDGE_CURVE ( 'NONE', #4539, #10608, #9817, .T. ) ;
#10608 = VERTEX_POINT ( 'NONE', #5007 ) ;
#10609 = CARTESIAN_POINT ( 'NONE',  ( -0.5000000000000000000, 0.1999999999999999833, -2.570000000000001616 ) ) ;
#10610 = VECTOR ( 'NONE', #8046, 1000.000000000000000 ) ;
#10611 = EDGE_CURVE ( 'NONE', #1717, #5371, #5873, .T. ) ;
#10612 = VERTEX_POINT ( 'NONE', #8832 ) ;
#10613 = CARTESIAN_POINT ( 'NONE',  ( -2.570000000000001172, 0.000000000000000000, 1.000000000000000000 ) ) ;
#10614 = ORIENTED_EDGE ( 'NONE', *, *, #1026, .T. ) ;
#10615 = DIRECTION ( 'NONE',  ( 1.008560160451631481E-15, 0.000000000000000000, -1.000000000000000000 ) ) ;
#10616 = CARTESIAN_POINT ( 'NONE',  ( 1.620000000000000329, 0.2000000000000000111, -3.000000000000001776 ) ) ;
#10617 = LINE ( 'NONE', #3159, #9499 ) ;
#10618 = CARTESIAN_POINT ( 'NONE',  ( 2.999999999999999112, 0.2000000000000005107, -1.120000000000000329 ) ) ;
#10619 = FACE_OUTER_BOUND ( 'NONE', #5355, .T. ) ;
#10620 = LINE ( 'NONE', #6118, #6569 ) ;
#10621 = VECTOR ( 'NONE', #11304, 1000.000000000000000 ) ;
#10622 = CIRCLE ( 'NONE', #4121, 0.1199999999999998845 ) ;
#10623 = CARTESIAN_POINT ( 'NONE',  ( 0.000000000000000000, 0.2000000000000000111, 2.570000000000001616 ) ) ;
#10624 = EDGE_CURVE ( 'NONE', #5244, #988, #4946, .T. ) ;
#10625 = FILL_AREA_STYLE ('',( #8580 ) ) ;
#10626 = EDGE_CURVE ( 'NONE', #9946, #1496, #4888, .T. ) ;
#10627 = ORIENTED_EDGE ( 'NONE', *, *, #6988, .F. ) ;
#10628 = EDGE_CURVE ( 'NONE', #8345, #5515, #4454, .T. ) ;
#10629 = VERTEX_POINT ( 'NONE', #10930 ) ;
#10630 = VECTOR ( 'NONE', #3947, 1000.000000000000000 ) ;
#10631 = DIRECTION ( 'NONE',  ( -1.000000000000000000, 0.000000000000000000, 0.000000000000000000 ) ) ;
#10632 =( LENGTH_UNIT ( ) NAMED_UNIT ( * ) SI_UNIT ( .MILLI., .METRE. ) );
#10633 = CARTESIAN_POINT ( 'NONE',  ( 3.000000000000000888, 0.04999999999999969746, 0.8800000000000001155 ) ) ;
#10634 = DIRECTION ( 'NONE',  ( 1.000000000000000000, -0.000000000000000000, 5.042800802258162337E-16 ) ) ;
#10635 = FACE_OUTER_BOUND ( 'NONE', #2135, .T. ) ;
#10636 = CYLINDRICAL_SURFACE ( 'NONE', #9241, 0.1199999999999998845 ) ;
#10637 = ORIENTED_EDGE ( 'NONE', *, *, #5504, .T. ) ;
#10638 = ORIENTED_EDGE ( 'NONE', *, *, #3219, .F. ) ;
#10639 = VERTEX_POINT ( 'NONE', #6180 ) ;
#10640 = VERTEX_POINT ( 'NONE', #9204 ) ;
#10641 = DIRECTION ( 'NONE',  ( 0.000000000000000000, 0.000000000000000000, -1.000000000000000000 ) ) ;
#10642 = ORIENTED_EDGE ( 'NONE', *, *, #2049, .F. ) ;
#10643 = PRODUCT_DEFINITION_FORMATION_WITH_SPECIFIED_SOURCE ( 'ANY', '', #1305, .NOT_KNOWN. ) ;
#10644 = EDGE_CURVE ( 'NONE', #12205, #9386, #752, .T. ) ;
#10645 = DIRECTION ( 'NONE',  ( 0.000000000000000000, 0.000000000000000000, 1.000000000000000000 ) ) ;
#10646 = DIRECTION ( 'NONE',  ( -0.000000000000000000, 0.000000000000000000, 1.000000000000000000 ) ) ;
#10647 = FACE_OUTER_BOUND ( 'NONE', #7202, .T. ) ;
#10648 = DIRECTION ( 'NONE',  ( -0.000000000000000000, -1.000000000000000000, -0.000000000000000000 ) ) ;
#10649 = EDGE_CURVE ( 'NONE', #3608, #8724, #10406, .T. ) ;
#10650 = CARTESIAN_POINT ( 'NONE',  ( -1.379999999999999671, 0.04999999999999969746, 3.000000000000001776 ) ) ;
#10651 = FACE_OUTER_BOUND ( 'NONE', #9801, .T. ) ;
#10652 = ORIENTED_EDGE ( 'NONE', *, *, #2799, .T. ) ;
#10653 = ORIENTED_EDGE ( 'NONE', *, *, #10474, .T. ) ;
#10654 = VERTEX_POINT ( 'NONE', #8136 ) ;
#10655 = ORIENTED_EDGE ( 'NONE', *, *, #7900, .T. ) ;
#10656 = EDGE_CURVE ( 'NONE', #3922, #9510, #2425, .T. ) ;
#10657 = LINE ( 'NONE', #8918, #11115 ) ;
#10658 = DIRECTION ( 'NONE',  ( 0.000000000000000000, -1.000000000000000000, 0.000000000000000000 ) ) ;
#10659 = CARTESIAN_POINT ( 'NONE',  ( 0.1200000000000003147, 0.000000000000000000, 2.570000000000001616 ) ) ;
#10660 = EDGE_CURVE ( 'NONE', #4202, #10696, #3508, .T. ) ;
#10661 = CARTESIAN_POINT ( 'NONE',  ( 2.999999999999999112, 0.05000000000000000278, 2.999999999999998224 ) ) ;
#10662 = DIRECTION ( 'NONE',  ( 0.000000000000000000, -1.000000000000000000, 0.000000000000000000 ) ) ;
#10663 = DIRECTION ( 'NONE',  ( 1.000000000000000000, -0.000000000000000000, 5.042800802258162337E-16 ) ) ;
#10664 = ORIENTED_EDGE ( 'NONE', *, *, #6629, .T. ) ;
#10665 = VERTEX_POINT ( 'NONE', #6424 ) ;
#10666 = ORIENTED_EDGE ( 'NONE', *, *, #7566, .T. ) ;
#10667 = ORIENTED_EDGE ( 'NONE', *, *, #4010, .T. ) ;
#10668 = CARTESIAN_POINT ( 'NONE',  ( 1.120000000000000329, 0.2000000000000000111, -3.000000000000001776 ) ) ;
#10669 = ORIENTED_EDGE ( 'NONE', *, *, #93, .F. ) ;
#10670 = CARTESIAN_POINT ( 'NONE',  ( 2.570000000000000284, 0.8000833275471006534, -0.5000000000000004441 ) ) ;
#10671 = DIRECTION ( 'NONE',  ( -1.000000000000000000, 0.000000000000000000, -5.042800802258162337E-16 ) ) ;
#10672 = CARTESIAN_POINT ( 'NONE',  ( -2.300000000000000711, 0.9000000000000000222, -2.300000000000000711 ) ) ;
#10673 = CARTESIAN_POINT ( 'NONE',  ( -1.379999999999999893, 0.8000833275471003203, 2.570000000000001616 ) ) ;
#10674 = CARTESIAN_POINT ( 'NONE',  ( 2.570000000000001172, 0.1999999999999999833, 0.1200000000000000927 ) ) ;
#10675 = FACE_OUTER_BOUND ( 'NONE', #5648, .T. ) ;
#10676 = CIRCLE ( 'NONE', #2601, 0.1199999999999999956 ) ;
#10677 = EDGE_CURVE ( 'NONE', #9727, #9901, #3403, .T. ) ;
#10678 = EDGE_CURVE ( 'NONE', #3066, #3301, #3586, .T. ) ;
#10679 = FACE_OUTER_BOUND ( 'NONE', #6000, .T. ) ;
#10680 = SURFACE_STYLE_FILL_AREA ( #10625 ) ;
#10681 = ORIENTED_EDGE ( 'NONE', *, *, #546, .T. ) ;
#10682 = ORIENTED_EDGE ( 'NONE', *, *, #3234, .T. ) ;
#10683 = ADVANCED_FACE ( 'NONE', ( #1557 ), #11109, .F. ) ;
#10684 =( NAMED_UNIT ( * ) PLANE_ANGLE_UNIT ( ) SI_UNIT ( $, .RADIAN. ) );
#10685 = PLANE ( 'NONE',  #1819 ) ;
#10686 = CARTESIAN_POINT ( 'NONE',  ( 0.1200000000000003147, 0.8000833275471003203, -2.570000000000001616 ) ) ;
#10687 = EDGE_CURVE ( 'NONE', #5612, #1280, #10184, .T. ) ;
#10688 = CARTESIAN_POINT ( 'NONE',  ( -0.3799999999999996714, 0.1999999999999999833, -2.570000000000001616 ) ) ;
#10689 = CARTESIAN_POINT ( 'NONE',  ( -0.1199999999999994404, 0.1999999999999999833, 3.000000000000001776 ) ) ;
#10690 = EDGE_CURVE ( 'NONE', #3314, #9351, #7231, .T. ) ;
#10691 = CARTESIAN_POINT ( 'NONE',  ( 0.1200000000000003147, 0.000000000000000000, 3.000000000000001776 ) ) ;
#10692 = EDGE_CURVE ( 'NONE', #9880, #8837, #11854, .T. ) ;
#10693 = VECTOR ( 'NONE', #8998, 1000.000000000000000 ) ;
#10694 = ORIENTED_EDGE ( 'NONE', *, *, #11693, .F. ) ;
#10695 = ORIENTED_EDGE ( 'NONE', *, *, #2693, .T. ) ;
#10696 = VERTEX_POINT ( 'NONE', #9264 ) ;
#10697 = ORIENTED_EDGE ( 'NONE', *, *, #8647, .T. ) ;
#10698 = LINE ( 'NONE', #7729, #5254 ) ;
#10699 = ORIENTED_EDGE ( 'NONE', *, *, #1826, .T. ) ;
#10700 = DIRECTION ( 'NONE',  ( 0.000000000000000000, -0.000000000000000000, 1.000000000000000000 ) ) ;
#10701 = DIRECTION ( 'NONE',  ( 0.000000000000000000, -1.000000000000000000, 0.000000000000000000 ) ) ;
#10702 =( NAMED_UNIT ( * ) SI_UNIT ( $, .STERADIAN. ) SOLID_ANGLE_UNIT ( ) );
#10703 = CARTESIAN_POINT ( 'NONE',  ( 0.3800000000000005596, 0.2000000000000000111, 3.000000000000001776 ) ) ;
#10704 = LINE ( 'NONE', #9771, #5855 ) ;
#10705 = DIRECTION ( 'NONE',  ( -5.042800802258162337E-16, 0.000000000000000000, -1.000000000000000000 ) ) ;
#10706 = DIRECTION ( 'NONE',  ( 1.000000000000000000, -0.000000000000000000, 1.008560160451631481E-15 ) ) ;
#10707 = DIRECTION ( 'NONE',  ( -1.008560160451631481E-15, 0.000000000000000000, 1.000000000000000000 ) ) ;
#10708 = EDGE_LOOP ( 'NONE', ( #11208, #9591, #5910, #5939 ) ) ;
#10709 = ORIENTED_EDGE ( 'NONE', *, *, #5877, .F. ) ;
#10710 = VERTEX_POINT ( 'NONE', #11912 ) ;
#10711 = CIRCLE ( 'NONE', #5375, 0.1199999999999998845 ) ;
#10712 = UNCERTAINTY_MEASURE_WITH_UNIT (LENGTH_MEASURE( 1.000000000000000082E-05 ), #5175, 'distance_accuracy_value', 'NONE');
#10713 = ORIENTED_EDGE ( 'NONE', *, *, #6319, .F. ) ;
#10714 = DIRECTION ( 'NONE',  ( -0.000000000000000000, -1.000000000000000000, -0.000000000000000000 ) ) ;
#10715 = DIRECTION ( 'NONE',  ( 1.000000000000000000, 0.000000000000000000, 5.042800802258162337E-16 ) ) ;
#10716 = CARTESIAN_POINT ( 'NONE',  ( 1.379999999999999671, 0.2000000000000000111, -2.570000000000001616 ) ) ;
#10717 = VECTOR ( 'NONE', #1923, 1000.000000000000000 ) ;
#10718 = FILL_AREA_STYLE ('',( #7817 ) ) ;
#10719 = AXIS2_PLACEMENT_3D ( 'NONE', #9606, #1161, #8736 ) ;
#10720 = LINE ( 'NONE', #219, #8327 ) ;
#10721 = DIRECTION ( 'NONE',  ( -0.000000000000000000, -1.000000000000000000, -0.000000000000000000 ) ) ;
#10722 = CARTESIAN_POINT ( 'NONE',  ( 1.000000000000000000, 0.8000833275471003203, 2.570000000000001616 ) ) ;
#10723 = ORIENTED_EDGE ( 'NONE', *, *, #11847, .F. ) ;
#10724 = ORIENTED_EDGE ( 'NONE', *, *, #7511, .F. ) ;
#10725 = ORIENTED_EDGE ( 'NONE', *, *, #8103, .F. ) ;
#10726 = COLOUR_RGB ( '',0.7921568627450980005, 0.8196078431372548767, 0.9333333333333333481 ) ;
#10727 = EDGE_CURVE ( 'NONE', #10854, #8288, #9940, .T. ) ;
#10728 =( GEOMETRIC_REPRESENTATION_CONTEXT ( 3 ) GLOBAL_UNCERTAINTY_ASSIGNED_CONTEXT ( ( #1336 ) ) GLOBAL_UNIT_ASSIGNED_CONTEXT ( ( #5323, #3423, #9895 ) ) REPRESENTATION_CONTEXT ( 'NONE', 'WORKASPACE' ) );
#10729 = EDGE_LOOP ( 'NONE', ( #12193, #3989, #8208, #7163 ) ) ;
#10730 = CARTESIAN_POINT ( 'NONE',  ( -3.000000000000000888, 0.05000000000000000278, 2.999999999999999112 ) ) ;
#10731 = EDGE_LOOP ( 'NONE', ( #3177, #4566, #5896, #2003 ) ) ;
#10732 = LINE ( 'NONE', #6164, #8786 ) ;
#10733 = DIRECTION ( 'NONE',  ( 0.000000000000000000, 1.000000000000000000, -0.000000000000000000 ) ) ;
#10734 = LINE ( 'NONE', #2358, #12068 ) ;
#10735 = DIRECTION ( 'NONE',  ( -1.000000000000000000, 0.000000000000000000, -0.000000000000000000 ) ) ;
#10736 = VECTOR ( 'NONE', #6251, 1000.000000000000000 ) ;
#10737 = DIRECTION ( 'NONE',  ( -0.000000000000000000, -1.000000000000000000, -0.000000000000000000 ) ) ;
#10738 = CARTESIAN_POINT ( 'NONE',  ( 0.3799999999999996714, 0.2000000000000000111, -2.570000000000001616 ) ) ;
#10739 = MECHANICAL_DESIGN_GEOMETRIC_PRESENTATION_REPRESENTATION (  '', ( #10544 ), #7778 ) ;
#10740 = CARTESIAN_POINT ( 'NONE',  ( -1.120000000000000107, 0.1999999999999999833, -2.570000000000001616 ) ) ;
#10741 = AXIS2_PLACEMENT_3D ( 'NONE', #6013, #9955, #7864 ) ;
#10742 = CARTESIAN_POINT ( 'NONE',  ( -0.5000000000000000000, 0.2000000000000000111, -2.570000000000001616 ) ) ;
#10743 = ORIENTED_EDGE ( 'NONE', *, *, #2479, .T. ) ;
#10744 = COLOUR_RGB ( '',0.7921568627450980005, 0.8196078431372548767, 0.9333333333333333481 ) ;
#10745 = ORIENTED_EDGE ( 'NONE', *, *, #9609, .T. ) ;
#10746 = AXIS2_PLACEMENT_3D ( 'NONE', #744, #9995, #4621 ) ;
#10747 = ADVANCED_FACE ( 'NONE', ( #2550 ), #7166, .F. ) ;
#10748 = DIRECTION ( 'NONE',  ( 1.008560160451631481E-15, 0.000000000000000000, -1.000000000000000000 ) ) ;
#10749 = VECTOR ( 'NONE', #7510, 1000.000000000000000 ) ;
#10750 = FILL_AREA_STYLE_COLOUR ( '', #11663 ) ;
#10751 = VECTOR ( 'NONE', #4571, 1000.000000000000000 ) ;
#10752 = CARTESIAN_POINT ( 'NONE',  ( -1.619999999999999440, 0.1999999999999999833, 3.000000000000001776 ) ) ;
#10753 = CARTESIAN_POINT ( 'NONE',  ( -0.5000000000000000000, 0.8000833275471003203, 2.570000000000001616 ) ) ;
#10754 = CARTESIAN_POINT ( 'NONE',  ( 0.3799999999999975064, 0.05000000000000000278, 3.832528609716174878E-16 ) ) ;
#10755 = EDGE_CURVE ( 'NONE', #10640, #1104, #1490, .T. ) ;
#10756 = EDGE_CURVE ( 'NONE', #3933, #3870, #7455, .T. ) ;
#10757 = CARTESIAN_POINT ( 'NONE',  ( 2.570000000000001172, 0.000000000000000000, -1.879999999999999893 ) ) ;
#10758 = VECTOR ( 'NONE', #10926, 1000.000000000000000 ) ;
#10759 = VERTEX_POINT ( 'NONE', #625 ) ;
#10760 = ADVANCED_FACE ( 'NONE', ( #4387 ), #3469, .F. ) ;
#10761 = EDGE_LOOP ( 'NONE', ( #5035, #12123, #2560, #11856 ) ) ;
#10762 = ORIENTED_EDGE ( 'NONE', *, *, #6730, .T. ) ;
#10763 = CIRCLE ( 'NONE', #2090, 0.1199999999999998845 ) ;
#10764 = VECTOR ( 'NONE', #1979, 1000.000000000000000 ) ;
#10765 = ORIENTED_EDGE ( 'NONE', *, *, #8501, .T. ) ;
#10766 = DIRECTION ( 'NONE',  ( 0.000000000000000000, -1.000000000000000000, 0.000000000000000000 ) ) ;
#10767 = VERTEX_POINT ( 'NONE', #12223 ) ;
#10768 = EDGE_CURVE ( 'NONE', #5078, #2067, #4698, .T. ) ;
#10769 = DIRECTION ( 'NONE',  ( 1.000000000000000000, -0.000000000000000000, -5.042800802258162337E-16 ) ) ;
#10770 = DIRECTION ( 'NONE',  ( -0.000000000000000000, -1.000000000000000000, -0.000000000000000000 ) ) ;
#10771 = DIRECTION ( 'NONE',  ( 1.000000000000000000, -0.000000000000000000, -1.445602896647339163E-16 ) ) ;
#10772 = CARTESIAN_POINT ( 'NONE',  ( -3.000000000000000888, 0.8000833275471006534, 0.1200000000000003147 ) ) ;
#10773 = AXIS2_PLACEMENT_3D ( 'NONE', #763, #8149, #11864 ) ;
#10774 = PRODUCT_DEFINITION_SHAPE ( 'NONE', 'NONE',  #11163 ) ;
#10775 = VECTOR ( 'NONE', #11164, 1000.000000000000000 ) ;
#10776 = CARTESIAN_POINT ( 'NONE',  ( -3.000000000000000888, 0.1999999999999999833, 1.120000000000000329 ) ) ;
#10777 = LINE ( 'NONE', #10831, #9257 ) ;
#10778 = PLANE ( 'NONE',  #5795 ) ;
#10779 = ORIENTED_EDGE ( 'NONE', *, *, #572, .F. ) ;
#10780 = ORIENTED_EDGE ( 'NONE', *, *, #1176, .F. ) ;
#10781 = ORIENTED_EDGE ( 'NONE', *, *, #4977, .T. ) ;
#10782 = ORIENTED_EDGE ( 'NONE', *, *, #972, .F. ) ;
#10783 = MECHANICAL_DESIGN_GEOMETRIC_PRESENTATION_REPRESENTATION (  '', ( #11550 ), #731 ) ;
#10784 = DIRECTION ( 'NONE',  ( 1.000000000000000000, -0.000000000000000000, 0.000000000000000000 ) ) ;
#10785 = DIRECTION ( 'NONE',  ( 0.000000000000000000, -0.000000000000000000, 1.000000000000000000 ) ) ;
#10786 = DIRECTION ( 'NONE',  ( 0.000000000000000000, 0.000000000000000000, 1.000000000000000000 ) ) ;
#10787 = DIRECTION ( 'NONE',  ( 0.000000000000000000, 0.000000000000000000, -1.000000000000000000 ) ) ;
#10788 = DIRECTION ( 'NONE',  ( -1.008560160451631481E-15, 0.000000000000000000, -1.000000000000000000 ) ) ;
#10789 = AXIS2_PLACEMENT_3D ( 'NONE', #9907, #5045, #8801 ) ;
#10790 = ORIENTED_EDGE ( 'NONE', *, *, #11214, .F. ) ;
#10791 = AXIS2_PLACEMENT_3D ( 'NONE', #2610, #6366, #3591 ) ;
#10792 = ORIENTED_EDGE ( 'NONE', *, *, #2105, .F. ) ;
#10793 = ORIENTED_EDGE ( 'NONE', *, *, #5038, .F. ) ;
#10794 = ORIENTED_EDGE ( 'NONE', *, *, #9162, .F. ) ;
#10795 = CARTESIAN_POINT ( 'NONE',  ( 2.570000000000000284, 0.05000000000000002359, -4.336808689942017736E-16 ) ) ;
#10796 = VECTOR ( 'NONE', #1875, 1000.000000000000000 ) ;
#10797 = SURFACE_STYLE_USAGE ( .BOTH. , #368 ) ;
#10798 = ADVANCED_FACE ( 'NONE', ( #2972 ), #6676, .F. ) ;
#10799 = FACE_OUTER_BOUND ( 'NONE', #1996, .T. ) ;
#10800 = CARTESIAN_POINT ( 'NONE',  ( 2.570000000000001172, 0.8000833275471006534, -1.879999999999999893 ) ) ;
#10801 = DIRECTION ( 'NONE',  ( -0.000000000000000000, -1.000000000000000000, 0.000000000000000000 ) ) ;
#10802 = CARTESIAN_POINT ( 'NONE',  ( 0.1200000000000000927, 0.2000000000000000111, 2.570000000000001616 ) ) ;
#10803 = LINE ( 'NONE', #9678, #1247 ) ;
#10804 = ADVANCED_FACE ( 'NONE', ( #9495 ), #9314, .F. ) ;
#10805 = LINE ( 'NONE', #3163, #7580 ) ;
#10806 = AXIS2_PLACEMENT_3D ( 'NONE', #4936, #11655, #1232 ) ;
#10807 = CARTESIAN_POINT ( 'NONE',  ( 0.3800000000000005596, 0.04999999999999969746, -3.000000000000001776 ) ) ;
#10808 = VERTEX_POINT ( 'NONE', #5732 ) ;
#10809 = VERTEX_POINT ( 'NONE', #2913 ) ;
#10810 = CARTESIAN_POINT ( 'NONE',  ( 3.000000000000000888, 0.1999999999999999833, -1.379999999999999671 ) ) ;
#10811 = VECTOR ( 'NONE', #4731, 1000.000000000000000 ) ;
#10812 = AXIS2_PLACEMENT_3D ( 'NONE', #9209, #1680, #6549 ) ;
#10813 = DIRECTION ( 'NONE',  ( -0.000000000000000000, -0.000000000000000000, -1.000000000000000000 ) ) ;
#10814 = CARTESIAN_POINT ( 'NONE',  ( 1.380000000000000560, 0.000000000000000000, 3.000000000000001776 ) ) ;
#10815 = LINE ( 'NONE', #2190, #7168 ) ;
#10816 = CARTESIAN_POINT ( 'NONE',  ( -2.570000000000001172, 0.000000000000000000, 1.120000000000000107 ) ) ;
#10817 = ORIENTED_EDGE ( 'NONE', *, *, #4068, .T. ) ;
#10818 = ORIENTED_EDGE ( 'NONE', *, *, #815, .T. ) ;
#10819 = EDGE_LOOP ( 'NONE', ( #12014, #5470, #9944, #3266, #11645 ) ) ;
#10820 = AXIS2_PLACEMENT_3D ( 'NONE', #6993, #11669, #5997 ) ;
#10821 = VECTOR ( 'NONE', #11047, 1000.000000000000000 ) ;
#10822 = ORIENTED_EDGE ( 'NONE', *, *, #8249, .F. ) ;
#10823 = LINE ( 'NONE', #10876, #2711 ) ;
#10824 = VERTEX_POINT ( 'NONE', #11415 ) ;
#10825 = FACE_OUTER_BOUND ( 'NONE', #10579, .T. ) ;
#10826 = DIRECTION ( 'NONE',  ( 0.000000000000000000, 0.000000000000000000, -1.000000000000000000 ) ) ;
#10827 = SURFACE_SIDE_STYLE ('',( #9954 ) ) ;
#10828 = CARTESIAN_POINT ( 'NONE',  ( -0.6199999999999994404, 0.2000000000000000111, 3.000000000000001776 ) ) ;
#10829 = DIRECTION ( 'NONE',  ( 5.042800802258162337E-16, 0.000000000000000000, -1.000000000000000000 ) ) ;
#10830 = DIRECTION ( 'NONE',  ( 1.000000000000000000, -0.000000000000000000, 0.000000000000000000 ) ) ;
#10831 = CARTESIAN_POINT ( 'NONE',  ( 0.6200000000000003286, 0.1999999999999999833, -3.000000000000001776 ) ) ;
#10832 = DIRECTION ( 'NONE',  ( 0.000000000000000000, -0.000000000000000000, 1.000000000000000000 ) ) ;
#10833 = EDGE_LOOP ( 'NONE', ( #9651, #7129, #6994, #2833 ) ) ;
#10834 = EDGE_CURVE ( 'NONE', #30, #10138, #7474, .T. ) ;
#10835 = EDGE_CURVE ( 'NONE', #1318, #8992, #6733, .T. ) ;
#10836 = ORIENTED_EDGE ( 'NONE', *, *, #7810, .T. ) ;
#10837 = ORIENTED_EDGE ( 'NONE', *, *, #4138, .F. ) ;
#10838 = VECTOR ( 'NONE', #8099, 1000.000000000000000 ) ;
#10839 = UNCERTAINTY_MEASURE_WITH_UNIT (LENGTH_MEASURE( 1.000000000000000082E-05 ), #2369, 'distance_accuracy_value', 'NONE');
#10840 = EDGE_LOOP ( 'NONE', ( #10694, #129, #10666, #9409 ) ) ;
#10841 = DIRECTION ( 'NONE',  ( 0.000000000000000000, -1.000000000000000000, 0.000000000000000000 ) ) ;
#10842 = LINE ( 'NONE', #4233, #8357 ) ;
#10843 = SURFACE_SIDE_STYLE ('',( #7997 ) ) ;
#10844 = DIRECTION ( 'NONE',  ( 0.000000000000000000, 0.000000000000000000, -1.000000000000000000 ) ) ;
#10845 = EDGE_CURVE ( 'NONE', #1042, #11592, #8824, .T. ) ;
#10846 = EDGE_CURVE ( 'NONE', #2134, #12156, #4817, .T. ) ;
#10847 = DIRECTION ( 'NONE',  ( 1.008560160451631481E-15, -0.000000000000000000, 1.000000000000000000 ) ) ;
#10848 = EDGE_CURVE ( 'NONE', #12040, #1042, #3832, .T. ) ;
#10849 = CARTESIAN_POINT ( 'NONE',  ( 2.570000000000001172, 0.8000833275471006534, 0.1200000000000000927 ) ) ;
#10850 = ORIENTED_EDGE ( 'NONE', *, *, #8380, .F. ) ;
#10851 = ADVANCED_FACE ( 'NONE', ( #4633 ), #5545, .T. ) ;
#10852 = VERTEX_POINT ( 'NONE', #10494 ) ;
#10853 = ORIENTED_EDGE ( 'NONE', *, *, #9846, .F. ) ;
#10854 = VERTEX_POINT ( 'NONE', #1990 ) ;
#10855 = PLANE ( 'NONE',  #7364 ) ;
#10856 = DIRECTION ( 'NONE',  ( -0.000000000000000000, -1.000000000000000000, -0.000000000000000000 ) ) ;
#10857 = EDGE_CURVE ( 'NONE', #2195, #10364, #6609, .T. ) ;
#10858 = LINE ( 'NONE', #2412, #10693 ) ;
#10859 = CYLINDRICAL_SURFACE ( 'NONE', #4059, 0.1199999999999998845 ) ;
#10860 = PLANE ( 'NONE',  #5092 ) ;
#10861 = DIRECTION ( 'NONE',  ( 0.000000000000000000, 0.000000000000000000, -1.000000000000000000 ) ) ;
#10862 = DIRECTION ( 'NONE',  ( -0.000000000000000000, -1.000000000000000000, -0.000000000000000000 ) ) ;
#10863 = CARTESIAN_POINT ( 'NONE',  ( 3.000000000000000888, 0.04999999999999969746, -0.6199999999999998845 ) ) ;
#10864 =( NAMED_UNIT ( * ) PLANE_ANGLE_UNIT ( ) SI_UNIT ( $, .RADIAN. ) );
#10865 = ORIENTED_EDGE ( 'NONE', *, *, #6859, .F. ) ;
#10866 = VERTEX_POINT ( 'NONE', #9380 ) ;
#10867 = DIRECTION ( 'NONE',  ( 0.000000000000000000, 1.000000000000000000, 0.000000000000000000 ) ) ;
#10868 = LINE ( 'NONE', #5492, #4445 ) ;
#10869 = DIRECTION ( 'NONE',  ( 1.008560160451631481E-15, 0.000000000000000000, -1.000000000000000000 ) ) ;
#10870 = LINE ( 'NONE', #10754, #5186 ) ;
#10871 = ORIENTED_EDGE ( 'NONE', *, *, #4997, .F. ) ;
#10872 = EDGE_LOOP ( 'NONE', ( #7117, #4673, #1288, #11420 ) ) ;
#10873 = ORIENTED_EDGE ( 'NONE', *, *, #1347, .T. ) ;
#10874 = AXIS2_PLACEMENT_3D ( 'NONE', #8171, #12061, #3682 ) ;
#10875 = ORIENTED_EDGE ( 'NONE', *, *, #88, .T. ) ;
#10876 = CARTESIAN_POINT ( 'NONE',  ( 2.999999999999999112, 0.05000000000000000278, 2.999999999999998224 ) ) ;
#10877 = EDGE_CURVE ( 'NONE', #10380, #11060, #10996, .T. ) ;
#10878 = EDGE_CURVE ( 'NONE', #3588, #1102, #5671, .T. ) ;
#10879 = VERTEX_POINT ( 'NONE', #8392 ) ;
#10880 = SURFACE_STYLE_FILL_AREA ( #1753 ) ;
#10881 = EDGE_CURVE ( 'NONE', #6354, #2224, #10373, .T. ) ;
#10882 = LINE ( 'NONE', #11528, #1705 ) ;
#10883 =( NAMED_UNIT ( * ) PLANE_ANGLE_UNIT ( ) SI_UNIT ( $, .RADIAN. ) );
#10884 = PLANE ( 'NONE',  #9546 ) ;
#10885 = DIRECTION ( 'NONE',  ( 0.000000000000000000, 0.000000000000000000, 1.000000000000000000 ) ) ;
#10886 = AXIS2_PLACEMENT_3D ( 'NONE', #7663, #10566, #9449 ) ;
#10887 = CARTESIAN_POINT ( 'NONE',  ( -2.000000000000000000, 0.2000000000000000111, 2.450000000000001510 ) ) ;
#10888 = CYLINDRICAL_SURFACE ( 'NONE', #11417, 0.1199999999999998845 ) ;
#10889 = SURFACE_STYLE_USAGE ( .BOTH. , #10077 ) ;
#10890 = ORIENTED_EDGE ( 'NONE', *, *, #2784, .F. ) ;
#10891 = ORIENTED_EDGE ( 'NONE', *, *, #1026, .F. ) ;
#10892 = ORIENTED_EDGE ( 'NONE', *, *, #8533, .T. ) ;
#10893 = VERTEX_POINT ( 'NONE', #122 ) ;
#10894 = DIRECTION ( 'NONE',  ( 1.000000000000000000, 0.000000000000000000, 1.057758217059028854E-16 ) ) ;
#10895 = AXIS2_PLACEMENT_3D ( 'NONE', #3214, #3278, #7041 ) ;
#10896 = CYLINDRICAL_SURFACE ( 'NONE', #268, 0.1199999999999998845 ) ;
#10897 = CARTESIAN_POINT ( 'NONE',  ( -1.000000000000000000, 0.000000000000000000, 2.570000000000001616 ) ) ;
#10898 = EDGE_CURVE ( 'NONE', #10904, #2962, #3648, .T. ) ;
#10899 = CARTESIAN_POINT ( 'NONE',  ( 2.049999999999999822, 5.998275605729689097, 2.049999999999999822 ) ) ;
#10900 = EDGE_CURVE ( 'NONE', #1109, #3191, #2789, .T. ) ;
#10901 = CARTESIAN_POINT ( 'NONE',  ( 1.380000000000000560, 0.1999999999999999833, -3.000000000000001776 ) ) ;
#10902 = EDGE_CURVE ( 'NONE', #4692, #11347, #10435, .T. ) ;
#10903 = CIRCLE ( 'NONE', #5572, 0.1199999999999998845 ) ;
#10904 = VERTEX_POINT ( 'NONE', #936 ) ;
#10905 = VERTEX_POINT ( 'NONE', #10674 ) ;
#10906 = ORIENTED_EDGE ( 'NONE', *, *, #112, .F. ) ;
#10907 = EDGE_CURVE ( 'NONE', #10380, #10654, #8752, .T. ) ;
#10908 = ORIENTED_EDGE ( 'NONE', *, *, #4697, .F. ) ;
#10909 = DIRECTION ( 'NONE',  ( 0.000000000000000000, 0.000000000000000000, 1.000000000000000000 ) ) ;
#10910 = VECTOR ( 'NONE', #9754, 1000.000000000000000 ) ;
#10911 = CYLINDRICAL_SURFACE ( 'NONE', #6021, 0.1199999999999999956 ) ;
#10912 = ADVANCED_FACE ( 'NONE', ( #10619 ), #11602, .T. ) ;
#10913 = SURFACE_STYLE_FILL_AREA ( #369 ) ;
#10914 = CARTESIAN_POINT ( 'NONE',  ( 2.570000000000001172, 0.1999999999999999833, 2.120000000000000551 ) ) ;
#10915 = PLANE ( 'NONE',  #7027 ) ;
#10916 = EDGE_CURVE ( 'NONE', #11608, #2461, #1149, .T. ) ;
#10917 = CARTESIAN_POINT ( 'NONE',  ( -2.570000000000001172, 0.000000000000000000, 2.000000000000000000 ) ) ;
#10918 = FACE_OUTER_BOUND ( 'NONE', #11111, .T. ) ;
#10919 = DIRECTION ( 'NONE',  ( 1.000000000000000000, 0.000000000000000000, 0.000000000000000000 ) ) ;
#10920 = CARTESIAN_POINT ( 'NONE',  ( -2.120000000000000107, 0.2000000000000000111, 2.570000000000001616 ) ) ;
#10921 = VECTOR ( 'NONE', #11082, 1000.000000000000000 ) ;
#10922 = AXIS2_PLACEMENT_3D ( 'NONE', #2593, #614, #9991 ) ;
#10923 = LINE ( 'NONE', #8079, #4516 ) ;
#10924 = ORIENTED_EDGE ( 'NONE', *, *, #2320, .T. ) ;
#10925 = VERTEX_POINT ( 'NONE', #6053 ) ;
#10926 = DIRECTION ( 'NONE',  ( -0.000000000000000000, -1.000000000000000000, -0.000000000000000000 ) ) ;
#10927 = COLOUR_RGB ( '',0.7921568627450980005, 0.8196078431372548767, 0.9333333333333333481 ) ;
#10928 = AXIS2_PLACEMENT_3D ( 'NONE', #2335, #7684, #3130 ) ;
#10929 = CARTESIAN_POINT ( 'NONE',  ( -3.000000000000000888, 0.05000000000000000278, 2.999999999999999112 ) ) ;
#10930 = CARTESIAN_POINT ( 'NONE',  ( -1.879999999999999671, 0.2000000000000000111, 3.000000000000001776 ) ) ;
#10931 = CARTESIAN_POINT ( 'NONE',  ( 2.570000000000001172, 0.8000833275471006534, 0.3799999999999996714 ) ) ;
#10932 = VECTOR ( 'NONE', #1006, 1000.000000000000000 ) ;
#10933 = VERTEX_POINT ( 'NONE', #6975 ) ;
#10934 = ORIENTED_EDGE ( 'NONE', *, *, #4050, .T. ) ;
#10935 = EDGE_LOOP ( 'NONE', ( #9652, #9129, #7382, #174 ) ) ;
#10936 = AXIS2_PLACEMENT_3D ( 'NONE', #9926, #376, #4198 ) ;
#10937 = ORIENTED_EDGE ( 'NONE', *, *, #5610, .F. ) ;
#10938 = PLANE ( 'NONE',  #4676 ) ;
#10939 = AXIS2_PLACEMENT_3D ( 'NONE', #6094, #9659, #10785 ) ;
#10940 = ORIENTED_EDGE ( 'NONE', *, *, #3892, .T. ) ;
#10941 = CIRCLE ( 'NONE', #5225, 0.1199999999999998845 ) ;
#10942 = CARTESIAN_POINT ( 'NONE',  ( 3.000000000000000888, 0.8000833275471006534, 2.120000000000000551 ) ) ;
#10943 = DIRECTION ( 'NONE',  ( -0.000000000000000000, 0.000000000000000000, 1.000000000000000000 ) ) ;
#10944 = CARTESIAN_POINT ( 'NONE',  ( -3.000000000000000888, 0.1999999999999999833, 0.6200000000000003286 ) ) ;
#10945 = ADVANCED_FACE ( 'NONE', ( #5120 ), #3161, .F. ) ;
#10946 = DIRECTION ( 'NONE',  ( -0.000000000000000000, 0.000000000000000000, 1.000000000000000000 ) ) ;
#10947 = ADVANCED_FACE ( 'NONE', ( #2297 ), #9677, .T. ) ;
#10948 = STYLED_ITEM ( 'NONE', ( #4327 ), #5960 ) ;
#10949 = CARTESIAN_POINT ( 'NONE',  ( 2.570000000000000284, 0.05000000000000002359, 0.9999999999999995559 ) ) ;
#10950 = CARTESIAN_POINT ( 'NONE',  ( 0.000000000000000000, 0.8000833275471003203, 2.570000000000001616 ) ) ;
#10951 = DIRECTION ( 'NONE',  ( 0.000000000000000000, 0.000000000000000000, -1.000000000000000000 ) ) ;
#10952 = DIRECTION ( 'NONE',  ( 0.000000000000000000, -1.000000000000000000, 0.000000000000000000 ) ) ;
#10953 = DIRECTION ( 'NONE',  ( 0.000000000000000000, 0.000000000000000000, 1.000000000000000000 ) ) ;
#10954 = ADVANCED_FACE ( 'NONE', ( #5980 ), #5919, .T. ) ;
#10955 = AXIS2_PLACEMENT_3D ( 'NONE', #9768, #7920, #11679 ) ;
#10956 = ORIENTED_EDGE ( 'NONE', *, *, #1349, .F. ) ;
#10957 = VECTOR ( 'NONE', #2775, 1000.000000000000000 ) ;
#10958 = VERTEX_POINT ( 'NONE', #7952 ) ;
#10959 = VERTEX_POINT ( 'NONE', #10802 ) ;
#10960 = UNCERTAINTY_MEASURE_WITH_UNIT (LENGTH_MEASURE( 1.000000000000000082E-05 ), #10196, 'distance_accuracy_value', 'NONE');
#10961 = VERTEX_POINT ( 'NONE', #11531 ) ;
#10962 = PLANE ( 'NONE',  #12207 ) ;
#10963 = CARTESIAN_POINT ( 'NONE',  ( 3.000000000000000888, 0.1999999999999999833, -1.619999999999999885 ) ) ;
#10964 = VECTOR ( 'NONE', #3158, 1000.000000000000000 ) ;
#10965 = DIRECTION ( 'NONE',  ( -0.000000000000000000, -0.000000000000000000, 1.000000000000000000 ) ) ;
#10966 = AXIS2_PLACEMENT_3D ( 'NONE', #5381, #5320, #10787 ) ;
#10967 = LINE ( 'NONE', #2762, #10277 ) ;
#10968 = CARTESIAN_POINT ( 'NONE',  ( 3.000000000000000888, 0.8000833275471006534, 0.3800000000000001155 ) ) ;
#10969 = DIRECTION ( 'NONE',  ( -0.000000000000000000, -0.000000000000000000, 1.000000000000000000 ) ) ;
#10970 = VERTEX_POINT ( 'NONE', #4081 ) ;
#10971 = ORIENTED_EDGE ( 'NONE', *, *, #2851, .F. ) ;
#10972 = VECTOR ( 'NONE', #3626, 1000.000000000000000 ) ;
#10973 = VECTOR ( 'NONE', #10513, 1000.000000000000000 ) ;
#10974 = ORIENTED_EDGE ( 'NONE', *, *, #1625, .F. ) ;
#10975 = VERTEX_POINT ( 'NONE', #3956 ) ;
#10976 = DIRECTION ( 'NONE',  ( 0.000000000000000000, 0.000000000000000000, 1.000000000000000000 ) ) ;
#10977 = LINE ( 'NONE', #5345, #3459 ) ;
#10978 = FILL_AREA_STYLE ('',( #3450 ) ) ;
#10979 = PRESENTATION_LAYER_ASSIGNMENT (  '', '', ( #8205 ) ) ;
#10980 = DIRECTION ( 'NONE',  ( 0.000000000000000000, 1.000000000000000000, -0.000000000000000000 ) ) ;
#10981 = LINE ( 'NONE', #8072, #6619 ) ;
#10982 = CIRCLE ( 'NONE', #10595, 0.1199999999999998845 ) ;
#10983 = EDGE_CURVE ( 'NONE', #3577, #4033, #11388, .T. ) ;
#10984 = DIRECTION ( 'NONE',  ( -0.000000000000000000, -1.000000000000000000, 0.000000000000000000 ) ) ;
#10985 = DIRECTION ( 'NONE',  ( -1.000000000000000000, 0.000000000000000000, 1.445602896647339163E-16 ) ) ;
#10986 = EDGE_CURVE ( 'NONE', #11919, #9840, #11714, .T. ) ;
#10987 = DIRECTION ( 'NONE',  ( 0.000000000000000000, 1.000000000000000000, 0.000000000000000000 ) ) ;
#10988 = AXIS2_PLACEMENT_3D ( 'NONE', #3419, #11992, #9957 ) ;
#10989 = VERTEX_POINT ( 'NONE', #6791 ) ;
#10990 = ORIENTED_EDGE ( 'NONE', *, *, #10189, .T. ) ;
#10991 = DIRECTION ( 'NONE',  ( 0.000000000000000000, 1.000000000000000000, 0.000000000000000000 ) ) ;
#10992 = DIRECTION ( 'NONE',  ( 0.000000000000000000, -1.000000000000000000, 0.000000000000000000 ) ) ;
#10993 = DIRECTION ( 'NONE',  ( 0.000000000000000000, 0.000000000000000000, 1.000000000000000000 ) ) ;
#10994 = EDGE_CURVE ( 'NONE', #6682, #3210, #561, .T. ) ;
#10995 = FACE_OUTER_BOUND ( 'NONE', #8489, .T. ) ;
#10996 = CIRCLE ( 'NONE', #6073, 0.1199999999999999956 ) ;
#10997 = CLOSED_SHELL ( 'NONE', ( #4360, #1619, #5688, #866, #10851, #10539 ) ) ;
#10998 = EDGE_CURVE ( 'NONE', #7991, #11819, #3905, .T. ) ;
#10999 = ADVANCED_FACE ( 'NONE', ( #10555 ), #4142, .T. ) ;
#11000 = ORIENTED_EDGE ( 'NONE', *, *, #4169, .F. ) ;
#11001 = EDGE_CURVE ( 'NONE', #10085, #12187, #7837, .T. ) ;
#11002 = ORIENTED_EDGE ( 'NONE', *, *, #4869, .T. ) ;
#11003 = VERTEX_POINT ( 'NONE', #1173 ) ;
#11004 = VERTEX_POINT ( 'NONE', #4880 ) ;
#11005 = DIRECTION ( 'NONE',  ( 0.000000000000000000, 0.000000000000000000, 1.000000000000000000 ) ) ;
#11006 = VECTOR ( 'NONE', #3188, 1000.000000000000000 ) ;
#11007 = ORIENTED_EDGE ( 'NONE', *, *, #5937, .F. ) ;
#11008 = CLOSED_SHELL ( 'NONE', ( #7007, #9877, #11038, #82, #9934, #12100 ) ) ;
#11009 = FILL_AREA_STYLE_COLOUR ( '', #10927 ) ;
#11010 = PLANE ( 'NONE',  #118 ) ;
#11011 = DIRECTION ( 'NONE',  ( 0.000000000000000000, 1.000000000000000000, 0.000000000000000000 ) ) ;
#11012 = CARTESIAN_POINT ( 'NONE',  ( -3.000000000000000888, 0.1999999999999999833, -1.119999999999999885 ) ) ;
#11013 = FACE_OUTER_BOUND ( 'NONE', #5222, .T. ) ;
#11014 = DIRECTION ( 'NONE',  ( 0.000000000000000000, -0.000000000000000000, 1.000000000000000000 ) ) ;
#11015 = CARTESIAN_POINT ( 'NONE',  ( 2.999999999999999112, 0.2000000000000005107, -1.620000000000000773 ) ) ;
#11016 = CARTESIAN_POINT ( 'NONE',  ( -1.619999999999999440, 0.8000833275471003203, -3.000000000000001776 ) ) ;
#11017 = CARTESIAN_POINT ( 'NONE',  ( 2.570000000000001172, 0.8000833275471006534, -0.6200000000000003286 ) ) ;
#11018 = SURFACE_STYLE_FILL_AREA ( #11997 ) ;
#11019 = AXIS2_PLACEMENT_3D ( 'NONE', #138, #2983, #5687 ) ;
#11020 = VERTEX_POINT ( 'NONE', #2117 ) ;
#11021 = VECTOR ( 'NONE', #5925, 1000.000000000000000 ) ;
#11022 = ORIENTED_EDGE ( 'NONE', *, *, #10607, .F. ) ;
#11023 = ORIENTED_EDGE ( 'NONE', *, *, #1783, .F. ) ;
#11024 = VERTEX_POINT ( 'NONE', #7895 ) ;
#11025 = LINE ( 'NONE', #10086, #1775 ) ;
#11026 = CARTESIAN_POINT ( 'NONE',  ( -1.879999999999999893, 0.8000833275471003203, 2.570000000000001616 ) ) ;
#11027 = DIRECTION ( 'NONE',  ( 0.000000000000000000, 0.000000000000000000, -1.000000000000000000 ) ) ;
#11028 = CARTESIAN_POINT ( 'NONE',  ( -3.000000000000000888, 0.000000000000000000, -0.1199999999999998845 ) ) ;
#11029 = VECTOR ( 'NONE', #7467, 1000.000000000000000 ) ;
#11030 = DIRECTION ( 'NONE',  ( -0.000000000000000000, -1.000000000000000000, -0.000000000000000000 ) ) ;
#11031 = FACE_OUTER_BOUND ( 'NONE', #10396, .T. ) ;
#11032 = LINE ( 'NONE', #787, #7771 ) ;
#11033 = ORIENTED_EDGE ( 'NONE', *, *, #4322, .T. ) ;
#11034 = ORIENTED_EDGE ( 'NONE', *, *, #1624, .T. ) ;
#11035 = ORIENTED_EDGE ( 'NONE', *, *, #810, .F. ) ;
#11036 = EDGE_CURVE ( 'NONE', #7686, #10162, #10602, .T. ) ;
#11037 = DIRECTION ( 'NONE',  ( -0.000000000000000000, -1.000000000000000000, -0.000000000000000000 ) ) ;
#11038 = ADVANCED_FACE ( 'NONE', ( #3280 ), #8632, .F. ) ;
#11039 = DIRECTION ( 'NONE',  ( 0.000000000000000000, -1.000000000000000000, 0.000000000000000000 ) ) ;
#11040 = CARTESIAN_POINT ( 'NONE',  ( 2.120000000000000551, 0.000000000000000000, -3.000000000000001776 ) ) ;
#11041 = EDGE_CURVE ( 'NONE', #6042, #10933, #5272, .T. ) ;
#11042 = DIRECTION ( 'NONE',  ( 0.000000000000000000, 0.000000000000000000, -1.000000000000000000 ) ) ;
#11043 = CARTESIAN_POINT ( 'NONE',  ( -2.570000000000001172, 0.1999999999999999833, 0.6200000000000001066 ) ) ;
#11044 = CARTESIAN_POINT ( 'NONE',  ( 0.1200000000000003147, 0.2000000000000000111, -3.000000000000001776 ) ) ;
#11045 = CARTESIAN_POINT ( 'NONE',  ( -1.119999999999999440, 0.04999999999999969746, 3.000000000000001776 ) ) ;
#11046 = CARTESIAN_POINT ( 'NONE',  ( -3.000000000000000888, 0.1999999999999999833, 1.380000000000000115 ) ) ;
#11047 = DIRECTION ( 'NONE',  ( -1.000000000000000000, 0.000000000000000000, 5.042800802258162337E-16 ) ) ;
#11048 = ORIENTED_EDGE ( 'NONE', *, *, #3711, .F. ) ;
#11049 = DIRECTION ( 'NONE',  ( 1.000000000000000000, 0.000000000000000000, 0.000000000000000000 ) ) ;
#11050 = ORIENTED_EDGE ( 'NONE', *, *, #3810, .T. ) ;
#11051 = DIRECTION ( 'NONE',  ( 0.000000000000000000, -0.000000000000000000, -1.000000000000000000 ) ) ;
#11052 = EDGE_CURVE ( 'NONE', #10490, #5255, #6170, .T. ) ;
#11053 = DIRECTION ( 'NONE',  ( 0.000000000000000000, -1.000000000000000000, 0.000000000000000000 ) ) ;
#11054 = EDGE_CURVE ( 'NONE', #12187, #3346, #3683, .T. ) ;
#11055 = ADVANCED_FACE ( 'NONE', ( #3618 ), #8296, .F. ) ;
#11056 = DIRECTION ( 'NONE',  ( -1.000000000000000000, 0.000000000000000000, 0.000000000000000000 ) ) ;
#11057 = CARTESIAN_POINT ( 'NONE',  ( 2.120000000000000551, 0.2000000000000000111, -3.000000000000001776 ) ) ;
#11058 = ORIENTED_EDGE ( 'NONE', *, *, #7547, .F. ) ;
#11059 = DIRECTION ( 'NONE',  ( -0.000000000000000000, -1.000000000000000000, -0.000000000000000000 ) ) ;
#11060 = VERTEX_POINT ( 'NONE', #9292 ) ;
#11061 = CARTESIAN_POINT ( 'NONE',  ( -0.3799999999999996714, 0.04999999999999969746, 3.000000000000001776 ) ) ;
#11062 = EDGE_CURVE ( 'NONE', #5566, #10893, #2414, .T. ) ;
#11063 = ORIENTED_EDGE ( 'NONE', *, *, #9621, .T. ) ;
#11064 = CARTESIAN_POINT ( 'NONE',  ( -1.879999999999999671, 0.000000000000000000, -2.570000000000001616 ) ) ;
#11065 = VECTOR ( 'NONE', #10130, 1000.000000000000000 ) ;
#11066 = CARTESIAN_POINT ( 'NONE',  ( -2.049999999999999822, 0.04999999999999969746, 2.049999999999999378 ) ) ;
#11067 = CARTESIAN_POINT ( 'NONE',  ( -2.570000000000001172, 0.1999999999999999833, -2.000000000000000000 ) ) ;
#11068 = DIRECTION ( 'NONE',  ( 1.000000000000000000, 0.000000000000000000, -0.000000000000000000 ) ) ;
#11069 = ADVANCED_FACE ( 'NONE', ( #909 ), #10860, .F. ) ;
#11070 = DIRECTION ( 'NONE',  ( -1.008560160451631481E-15, 0.000000000000000000, 1.000000000000000000 ) ) ;
#11071 = FACE_OUTER_BOUND ( 'NONE', #2337, .T. ) ;
#11072 = CARTESIAN_POINT ( 'NONE',  ( -2.570000000000001172, 0.8000833275471006534, 0.6200000000000001066 ) ) ;
#11073 = CARTESIAN_POINT ( 'NONE',  ( -2.000000000000000000, 0.2000000000000000111, 2.450000000000001510 ) ) ;
#11074 = DIRECTION ( 'NONE',  ( 0.000000000000000000, -1.000000000000000000, 0.000000000000000000 ) ) ;
#11075 = CARTESIAN_POINT ( 'NONE',  ( 0.1200000000000003147, 0.1999999999999999833, 2.570000000000001616 ) ) ;
#11076 = AXIS2_PLACEMENT_3D ( 'NONE', #3799, #3984, #2997 ) ;
#11077 = EDGE_LOOP ( 'NONE', ( #2164, #3399, #548, #3182 ) ) ;
#11078 = ORIENTED_EDGE ( 'NONE', *, *, #11896, .T. ) ;
#11079 = EDGE_LOOP ( 'NONE', ( #2463, #11676, #4897, #2139 ) ) ;
#11080 = ORIENTED_EDGE ( 'NONE', *, *, #10628, .T. ) ;
#11081 = DIRECTION ( 'NONE',  ( 0.000000000000000000, -1.000000000000000000, 0.000000000000000000 ) ) ;
#11082 = DIRECTION ( 'NONE',  ( -0.000000000000000000, -1.000000000000000000, -0.000000000000000000 ) ) ;
#11083 = COLOUR_RGB ( '',0.7921568627450980005, 0.8196078431372548767, 0.9333333333333333481 ) ;
#11084 = CARTESIAN_POINT ( 'NONE',  ( -3.000000000000000888, 0.2000000000000005107, -0.8799999999999996714 ) ) ;
#11085 = CARTESIAN_POINT ( 'NONE',  ( 2.000000000000000000, 0.1999999999999999833, 2.450000000000001510 ) ) ;
#11086 = CARTESIAN_POINT ( 'NONE',  ( 0.000000000000000000, 0.2000000000000000111, 2.570000000000001616 ) ) ;
#11087 = CARTESIAN_POINT ( 'NONE',  ( -2.300000000000000711, 0.9000000000000000222, -2.050000000000000711 ) ) ;
#11088 = VERTEX_POINT ( 'NONE', #12133 ) ;
#11089 = ORIENTED_EDGE ( 'NONE', *, *, #7581, .F. ) ;
#11090 = VECTOR ( 'NONE', #11042, 1000.000000000000000 ) ;
#11091 = ORIENTED_EDGE ( 'NONE', *, *, #8462, .F. ) ;
#11092 = LINE ( 'NONE', #6341, #1466 ) ;
#11093 = CARTESIAN_POINT ( 'NONE',  ( 1.620000000000000329, 0.2000000000000000111, -3.000000000000001776 ) ) ;
#11094 = CARTESIAN_POINT ( 'NONE',  ( 1.380000000000000115, 0.2000000000000000111, 2.570000000000001616 ) ) ;
#11095 = AXIS2_PLACEMENT_3D ( 'NONE', #11399, #2957, #2031 ) ;
#11096 = LINE ( 'NONE', #6405, #9903 ) ;
#11097 = CARTESIAN_POINT ( 'NONE',  ( -2.570000000000001172, 0.000000000000000000, 0.6200000000000001066 ) ) ;
#11098 = EDGE_CURVE ( 'NONE', #11524, #6669, #7380, .T. ) ;
#11099 = CARTESIAN_POINT ( 'NONE',  ( -1.000000000000000000, 0.1999999999999999833, 2.570000000000001616 ) ) ;
#11100 = DIRECTION ( 'NONE',  ( 0.000000000000000000, 1.000000000000000000, 0.000000000000000000 ) ) ;
#11101 = EDGE_CURVE ( 'NONE', #6906, #4291, #161, .T. ) ;
#11102 = VECTOR ( 'NONE', #3587, 1000.000000000000000 ) ;
#11103 = ORIENTED_EDGE ( 'NONE', *, *, #6414, .F. ) ;
#11104 = DIRECTION ( 'NONE',  ( 0.000000000000000000, 0.000000000000000000, -1.000000000000000000 ) ) ;
#11105 = ORIENTED_EDGE ( 'NONE', *, *, #9316, .F. ) ;
#11106 = CARTESIAN_POINT ( 'NONE',  ( -0.8799999999999996714, 0.8000833275471003203, -3.000000000000001776 ) ) ;
#11107 = CARTESIAN_POINT ( 'NONE',  ( 1.620000000000000329, 0.8000833275471003203, -2.570000000000001616 ) ) ;
#11108 = AXIS2_PLACEMENT_3D ( 'NONE', #7331, #3633, #12023 ) ;
#11109 = PLANE ( 'NONE',  #5082 ) ;
#11110 = DIRECTION ( 'NONE',  ( 1.000000000000000000, 0.000000000000000000, -0.000000000000000000 ) ) ;
#11111 = EDGE_LOOP ( 'NONE', ( #628, #629, #2053, #2742 ) ) ;
#11112 = LINE ( 'NONE', #8329, #10414 ) ;
#11113 = VERTEX_POINT ( 'NONE', #7447 ) ;
#11114 = FACE_OUTER_BOUND ( 'NONE', #2, .T. ) ;
#11115 = VECTOR ( 'NONE', #2272, 1000.000000000000000 ) ;
#11116 = ORIENTED_EDGE ( 'NONE', *, *, #8270, .T. ) ;
#11117 = VECTOR ( 'NONE', #1647, 1000.000000000000000 ) ;
#11118 = PRESENTATION_STYLE_ASSIGNMENT (( #4526 ) ) ;
#11119 = EDGE_CURVE ( 'NONE', #365, #11311, #759, .T. ) ;
#11120 = DIRECTION ( 'NONE',  ( 0.000000000000000000, -1.000000000000000000, 0.000000000000000000 ) ) ;
#11121 = FILL_AREA_STYLE_COLOUR ( '', #9142 ) ;
#11122 = DIRECTION ( 'NONE',  ( 0.000000000000000000, 0.000000000000000000, 1.000000000000000000 ) ) ;
#11123 = CARTESIAN_POINT ( 'NONE',  ( -2.000000000000000000, 0.2000000000000000111, -2.570000000000001616 ) ) ;
#11124 = DIRECTION ( 'NONE',  ( 0.000000000000000000, -0.000000000000000000, 1.000000000000000000 ) ) ;
#11125 = CARTESIAN_POINT ( 'NONE',  ( -0.1200000000000003147, 0.2000000000000005107, -3.000000000000001332 ) ) ;
#11126 = CARTESIAN_POINT ( 'NONE',  ( -2.570000000000001172, 0.1999999999999999833, -1.379999999999999893 ) ) ;
#11127 = ADVANCED_FACE ( 'NONE', ( #1834 ), #8360, .F. ) ;
#11128 =( LENGTH_UNIT ( ) NAMED_UNIT ( * ) SI_UNIT ( .MILLI., .METRE. ) );
#11129 = AXIS2_PLACEMENT_3D ( 'NONE', #3669, #4017, #9335 ) ;
#11130 = VERTEX_POINT ( 'NONE', #6517 ) ;
#11131 = ORIENTED_EDGE ( 'NONE', *, *, #3788, .F. ) ;
#11132 = VERTEX_POINT ( 'NONE', #1475 ) ;
#11133 = AXIS2_PLACEMENT_3D ( 'NONE', #3692, #2531, #5412 ) ;
#11134 = EDGE_CURVE ( 'NONE', #8065, #9666, #4671, .T. ) ;
#11135 = EDGE_LOOP ( 'NONE', ( #11210, #3837, #11080, #10407 ) ) ;
#11136 = CYLINDRICAL_SURFACE ( 'NONE', #2317, 0.1199999999999999956 ) ;
#11137 = CARTESIAN_POINT ( 'NONE',  ( 0.1200000000000003147, 0.05000000000000000278, 0.000000000000000000 ) ) ;
#11138 = AXIS2_PLACEMENT_3D ( 'NONE', #8700, #7716, #4022 ) ;
#11139 = CARTESIAN_POINT ( 'NONE',  ( 1.000000000000000000, 0.1999999999999999833, 2.570000000000001616 ) ) ;
#11140 = DIRECTION ( 'NONE',  ( 0.000000000000000000, -1.000000000000000000, 0.000000000000000000 ) ) ;
#11141 = DIRECTION ( 'NONE',  ( 0.000000000000000000, 1.000000000000000000, -0.000000000000000000 ) ) ;
#11142 = DIRECTION ( 'NONE',  ( -0.000000000000000000, -1.000000000000000000, 0.000000000000000000 ) ) ;
#11143 = VECTOR ( 'NONE', #1078, 1000.000000000000000 ) ;
#11144 = DIRECTION ( 'NONE',  ( 0.000000000000000000, 1.000000000000000000, -0.000000000000000000 ) ) ;
#11145 = CARTESIAN_POINT ( 'NONE',  ( 0.8800000000000005596, 0.2000000000000000111, -3.000000000000001776 ) ) ;
#11146 = EDGE_LOOP ( 'NONE', ( #1253, #4156, #4733, #7497 ) ) ;
#11147 = EDGE_CURVE ( 'NONE', #1450, #4771, #2934, .T. ) ;
#11148 = VERTEX_POINT ( 'NONE', #10220 ) ;
#11149 = ORIENTED_EDGE ( 'NONE', *, *, #6136, .F. ) ;
#11150 = AXIS2_PLACEMENT_3D ( 'NONE', #636, #9146, #4398 ) ;
#11151 = AXIS2_PLACEMENT_3D ( 'NONE', #12019, #8248, #4315 ) ;
#11152 = CARTESIAN_POINT ( 'NONE',  ( 1.120000000000000329, 0.8000833275471003203, 2.570000000000001616 ) ) ;
#11153 = CARTESIAN_POINT ( 'NONE',  ( 1.380000000000000560, 0.1999999999999999833, 3.000000000000001776 ) ) ;
#11154 = LINE ( 'NONE', #852, #8795 ) ;
#11155 = CYLINDRICAL_SURFACE ( 'NONE', #4201, 0.1199999999999998845 ) ;
#11156 = DIRECTION ( 'NONE',  ( 0.000000000000000000, 0.000000000000000000, -1.000000000000000000 ) ) ;
#11157 = CARTESIAN_POINT ( 'NONE',  ( 2.570000000000001172, 0.05000000000000002359, 1.620000000000000107 ) ) ;
#11158 = EDGE_CURVE ( 'NONE', #11501, #11569, #5522, .T. ) ;
#11159 = ORIENTED_EDGE ( 'NONE', *, *, #9291, .T. ) ;
#11160 = FILL_AREA_STYLE_COLOUR ( '', #2869 ) ;
#11161 = EDGE_CURVE ( 'NONE', #4293, #6279, #2475, .T. ) ;
#11162 = ORIENTED_EDGE ( 'NONE', *, *, #8484, .F. ) ;
#11163 = PRODUCT_DEFINITION ( 'UNKNOWN', '', #10643, #5881 ) ;
#11164 = DIRECTION ( 'NONE',  ( 1.000000000000000000, 0.000000000000000000, 5.042800802258162337E-16 ) ) ;
#11165 = COLOUR_RGB ( '',1.000000000000000000, 1.000000000000000000, 1.000000000000000000 ) ;
#11166 = VERTEX_POINT ( 'NONE', #5168 ) ;
#11167 = DIRECTION ( 'NONE',  ( -1.000000000000000000, 0.000000000000000000, 1.445602896647338917E-16 ) ) ;
#11168 = EDGE_CURVE ( 'NONE', #7549, #3920, #7502, .T. ) ;
#11169 = CARTESIAN_POINT ( 'NONE',  ( -0.5000000000000000000, 0.2000000000000000111, 2.570000000000001616 ) ) ;
#11170 = DIRECTION ( 'NONE',  ( 0.000000000000000000, 1.000000000000000000, -0.000000000000000000 ) ) ;
#11171 = CARTESIAN_POINT ( 'NONE',  ( -4.185000000000001386, 0.2000000000000000111, 0.3849999999999877964 ) ) ;
#11172 = LINE ( 'NONE', #5547, #4606 ) ;
#11173 = AXIS2_PLACEMENT_3D ( 'NONE', #5337, #11142, #7199 ) ;
#11174 = VECTOR ( 'NONE', #10402, 1000.000000000000000 ) ;
#11175 = VERTEX_POINT ( 'NONE', #8936 ) ;
#11176 = CARTESIAN_POINT ( 'NONE',  ( 2.570000000000000284, 0.1999999999999999833, -1.000000000000000444 ) ) ;
#11177 = VERTEX_POINT ( 'NONE', #489 ) ;
#11178 = DIRECTION ( 'NONE',  ( -1.000000000000000000, 0.000000000000000000, -0.000000000000000000 ) ) ;
#11179 = VERTEX_POINT ( 'NONE', #4256 ) ;
#11180 = EDGE_CURVE ( 'NONE', #5998, #6747, #9415, .T. ) ;
#11181 = VECTOR ( 'NONE', #6873, 1000.000000000000000 ) ;
#11182 = LINE ( 'NONE', #3093, #10964 ) ;
#11183 = LINE ( 'NONE', #823, #2597 ) ;
#11184 = CARTESIAN_POINT ( 'NONE',  ( -1.119999999999999440, 0.8000833275471003203, -3.000000000000001776 ) ) ;
#11185 = LINE ( 'NONE', #9087, #8031 ) ;
#11186 = CARTESIAN_POINT ( 'NONE',  ( 1.120000000000000329, 0.1999999999999999833, 2.570000000000001616 ) ) ;
#11187 = CARTESIAN_POINT ( 'NONE',  ( 2.999999999999999112, 0.05000000000000000278, -3.000000000000001776 ) ) ;
#11188 = DIRECTION ( 'NONE',  ( 1.000000000000000000, 0.000000000000000000, -1.008560160451631481E-15 ) ) ;
#11189 = CARTESIAN_POINT ( 'NONE',  ( 2.570000000000001172, 0.05000000000000002359, -2.120000000000000551 ) ) ;
#11190 = CARTESIAN_POINT ( 'NONE',  ( 3.000000000000000888, 0.1999999999999999833, -1.119999999999999885 ) ) ;
#11191 = VERTEX_POINT ( 'NONE', #10521 ) ;
#11192 = VERTEX_POINT ( 'NONE', #10339 ) ;
#11193 = ORIENTED_EDGE ( 'NONE', *, *, #9353, .T. ) ;
#11194 = AXIS2_PLACEMENT_3D ( 'NONE', #8881, #3029, #303 ) ;
#11195 = ORIENTED_EDGE ( 'NONE', *, *, #1341, .T. ) ;
#11196 = CARTESIAN_POINT ( 'NONE',  ( -1.379999999999999671, 0.2000000000000000111, 2.570000000000001616 ) ) ;
#11197 = VERTEX_POINT ( 'NONE', #8665 ) ;
#11198 = DIRECTION ( 'NONE',  ( 1.000000000000000000, 0.000000000000000000, 1.008560160451631481E-15 ) ) ;
#11199 = CARTESIAN_POINT ( 'NONE',  ( 0.8799999999999975620, 0.05000000000000000278, -8.875329411974331792E-16 ) ) ;
#11200 = LINE ( 'NONE', #1707, #9795 ) ;
#11201 = LINE ( 'NONE', #5576, #26 ) ;
#11202 = LINE ( 'NONE', #10968, #1924 ) ;
#11203 = AXIS2_PLACEMENT_3D ( 'NONE', #8543, #11443, #1084 ) ;
#11204 = ADVANCED_FACE ( 'NONE', ( #2884 ), #150, .F. ) ;
#11205 = ADVANCED_FACE ( 'NONE', ( #208 ), #4965, .T. ) ;
#11206 = DIRECTION ( 'NONE',  ( -1.008560160451631481E-15, 0.000000000000000000, -1.000000000000000000 ) ) ;
#11207 = CARTESIAN_POINT ( 'NONE',  ( -2.570000000000001172, 0.000000000000000000, 1.000000000000000000 ) ) ;
#11208 = ORIENTED_EDGE ( 'NONE', *, *, #5039, .F. ) ;
#11209 = ORIENTED_EDGE ( 'NONE', *, *, #7107, .F. ) ;
#11210 = ORIENTED_EDGE ( 'NONE', *, *, #11161, .F. ) ;
#11211 = AXIS2_PLACEMENT_3D ( 'NONE', #10238, #745, #2539 ) ;
#11212 = ADVANCED_FACE ( 'NONE', ( #4781 ), #3000, .F. ) ;
#11213 = FACE_OUTER_BOUND ( 'NONE', #202, .T. ) ;
#11214 = EDGE_CURVE ( 'NONE', #2854, #7537, #27, .T. ) ;
#11215 = CARTESIAN_POINT ( 'NONE',  ( 0.6200000000000003286, 0.000000000000000000, 2.570000000000001616 ) ) ;
#11216 = EDGE_CURVE ( 'NONE', #10905, #7106, #86, .T. ) ;
#11217 = DIRECTION ( 'NONE',  ( -1.008560160451631481E-15, 0.000000000000000000, 1.000000000000000000 ) ) ;
#11218 = LINE ( 'NONE', #1844, #2428 ) ;
#11219 = PLANE ( 'NONE',  #2883 ) ;
#11220 = EDGE_CURVE ( 'NONE', #9038, #5598, #3063, .T. ) ;
#11221 = DIRECTION ( 'NONE',  ( -1.000000000000000000, 0.000000000000000000, -5.042800802258162337E-16 ) ) ;
#11222 = ORIENTED_EDGE ( 'NONE', *, *, #10907, .T. ) ;
#11223 = LINE ( 'NONE', #7577, #9928 ) ;
#11224 = ORIENTED_EDGE ( 'NONE', *, *, #10898, .F. ) ;
#11225 = PLANE ( 'NONE',  #1164 ) ;
#11226 = VECTOR ( 'NONE', #5267, 1000.000000000000000 ) ;
#11227 = ORIENTED_EDGE ( 'NONE', *, *, #8968, .T. ) ;
#11228 = LINE ( 'NONE', #6299, #6836 ) ;
#11229 = ORIENTED_EDGE ( 'NONE', *, *, #4498, .F. ) ;
#11230 = LINE ( 'NONE', #10302, #4964 ) ;
#11231 = DIRECTION ( 'NONE',  ( 1.000000000000000000, 0.000000000000000000, -1.445602896647338917E-16 ) ) ;
#11232 = DIRECTION ( 'NONE',  ( 0.7071067811865495711, -0.000000000000000000, -0.7071067811865454633 ) ) ;
#11233 = DIRECTION ( 'NONE',  ( -0.000000000000000000, -1.000000000000000000, -0.000000000000000000 ) ) ;
#11234 = ORIENTED_EDGE ( 'NONE', *, *, #5970, .F. ) ;
#11235 = LINE ( 'NONE', #6490, #375 ) ;
#11236 = ORIENTED_EDGE ( 'NONE', *, *, #3016, .F. ) ;
#11237 = ORIENTED_EDGE ( 'NONE', *, *, #7134, .T. ) ;
#11238 = DIRECTION ( 'NONE',  ( 0.000000000000000000, -0.000000000000000000, -1.000000000000000000 ) ) ;
#11239 = CARTESIAN_POINT ( 'NONE',  ( 3.000000000000000888, 0.8000833275471006534, 1.380000000000000115 ) ) ;
#11240 = PLANE ( 'NONE',  #3698 ) ;
#11241 = LINE ( 'NONE', #10319, #7979 ) ;
#11242 = DIRECTION ( 'NONE',  ( -1.000000000000000000, 0.000000000000000000, 0.000000000000000000 ) ) ;
#11243 = CARTESIAN_POINT ( 'NONE',  ( -0.3799999999999996714, 0.8000833275471003203, -3.000000000000001776 ) ) ;
#11244 = DIRECTION ( 'NONE',  ( 1.000000000000000000, -0.000000000000000000, -1.445602896647339163E-16 ) ) ;
#11245 = DIRECTION ( 'NONE',  ( -1.000000000000000000, 0.000000000000000000, 0.000000000000000000 ) ) ;
#11246 = ORIENTED_EDGE ( 'NONE', *, *, #648, .F. ) ;
#11247 = EDGE_CURVE ( 'NONE', #12156, #10009, #10588, .T. ) ;
#11248 = EDGE_LOOP ( 'NONE', ( #10871, #3740, #11790, #11063 ) ) ;
#11249 = ORIENTED_EDGE ( 'NONE', *, *, #9162, .T. ) ;
#11250 = EDGE_CURVE ( 'NONE', #6640, #5207, #5703, .T. ) ;
#11251 = ORIENTED_EDGE ( 'NONE', *, *, #9610, .F. ) ;
#11252 = CYLINDRICAL_SURFACE ( 'NONE', #9785, 0.1199999999999999956 ) ;
#11253 = ORIENTED_EDGE ( 'NONE', *, *, #9994, .F. ) ;
#11254 = FACE_OUTER_BOUND ( 'NONE', #10440, .T. ) ;
#11255 = CARTESIAN_POINT ( 'NONE',  ( -1.119999999999999440, 0.04999999999999969746, -3.000000000000001776 ) ) ;
#11256 = DIRECTION ( 'NONE',  ( -0.000000000000000000, 0.000000000000000000, 1.000000000000000000 ) ) ;
#11257 = LINE ( 'NONE', #1080, #5541 ) ;
#11258 = AXIS2_PLACEMENT_3D ( 'NONE', #10035, #3559, #784 ) ;
#11259 = DIRECTION ( 'NONE',  ( -1.000000000000000000, 0.000000000000000000, 0.000000000000000000 ) ) ;
#11260 = CARTESIAN_POINT ( 'NONE',  ( 2.570000000000001172, 0.1999999999999999833, 1.879999999999999671 ) ) ;
#11261 = ORIENTED_EDGE ( 'NONE', *, *, #7699, .F. ) ;
#11262 = EDGE_LOOP ( 'NONE', ( #6876, #7450, #4155, #7563 ) ) ;
#11263 = ORIENTED_EDGE ( 'NONE', *, *, #5708, .F. ) ;
#11264 = ORIENTED_EDGE ( 'NONE', *, *, #9842, .F. ) ;
#11265 = VECTOR ( 'NONE', #808, 1000.000000000000000 ) ;
#11266 = EDGE_CURVE ( 'NONE', #7942, #1356, #3721, .T. ) ;
#11267 = FACE_OUTER_BOUND ( 'NONE', #4955, .T. ) ;
#11268 = CARTESIAN_POINT ( 'NONE',  ( -3.000000000000000888, 0.8000833275471006534, -0.8799999999999996714 ) ) ;
#11269 = PRESENTATION_STYLE_ASSIGNMENT (( #7751 ) ) ;
#11270 = ADVANCED_FACE ( 'NONE', ( #3800 ), #5762, .F. ) ;
#11271 = EDGE_CURVE ( 'NONE', #4537, #10852, #9649, .T. ) ;
#11272 = CARTESIAN_POINT ( 'NONE',  ( 1.120000000000000107, 0.000000000000000000, 2.570000000000001616 ) ) ;
#11273 = CARTESIAN_POINT ( 'NONE',  ( -0.3799999999999996714, 0.2000000000000000111, -3.000000000000001776 ) ) ;
#11274 = CARTESIAN_POINT ( 'NONE',  ( 2.570000000000001172, 0.8000833275471006534, -1.120000000000000329 ) ) ;
#11275 = VECTOR ( 'NONE', #5917, 1000.000000000000000 ) ;
#11276 = EDGE_LOOP ( 'NONE', ( #1780, #7453, #1012, #8926 ) ) ;
#11277 = DIRECTION ( 'NONE',  ( 0.000000000000000000, -0.000000000000000000, 1.000000000000000000 ) ) ;
#11278 = EDGE_CURVE ( 'NONE', #9418, #8685, #6678, .T. ) ;
#11279 = EDGE_LOOP ( 'NONE', ( #2777, #9009, #2352, #5285 ) ) ;
#11280 = LINE ( 'NONE', #8624, #2165 ) ;
#11281 = ORIENTED_EDGE ( 'NONE', *, *, #8465, .T. ) ;
#11282 = LINE ( 'NONE', #9198, #5245 ) ;
#11283 = VERTEX_POINT ( 'NONE', #4849 ) ;
#11284 = AXIS2_PLACEMENT_3D ( 'NONE', #7246, #10259, #11014 ) ;
#11285 = LINE ( 'NONE', #993, #982 ) ;
#11286 = EDGE_CURVE ( 'NONE', #3301, #2006, #970, .T. ) ;
#11287 = DIRECTION ( 'NONE',  ( 1.000000000000000000, 0.000000000000000000, -0.000000000000000000 ) ) ;
#11288 = DIRECTION ( 'NONE',  ( 0.000000000000000000, 0.000000000000000000, 1.000000000000000000 ) ) ;
#11289 = DIRECTION ( 'NONE',  ( 0.000000000000000000, -0.000000000000000000, -1.000000000000000000 ) ) ;
#11290 = CARTESIAN_POINT ( 'NONE',  ( 2.570000000000001172, 0.8000833275471006534, 1.879999999999999671 ) ) ;
#11291 = CIRCLE ( 'NONE', #6182, 0.1199999999999998845 ) ;
#11292 = EDGE_LOOP ( 'NONE', ( #11887, #9578, #2527, #1350 ) ) ;
#11293 = PLANE ( 'NONE',  #10812 ) ;
#11294 = EDGE_LOOP ( 'NONE', ( #3068, #4626, #10029, #6074 ) ) ;
#11295 = ORIENTED_EDGE ( 'NONE', *, *, #648, .T. ) ;
#11296 = DIRECTION ( 'NONE',  ( -1.008560160451631481E-15, 0.000000000000000000, -1.000000000000000000 ) ) ;
#11297 = VECTOR ( 'NONE', #9853, 1000.000000000000000 ) ;
#11298 = PLANE ( 'NONE',  #5051 ) ;
#11299 = SURFACE_SIDE_STYLE ('',( #3906 ) ) ;
#11300 = FACE_OUTER_BOUND ( 'NONE', #10360, .T. ) ;
#11301 = CARTESIAN_POINT ( 'NONE',  ( 3.000000000000000888, 0.8000833275471006534, 0.1200000000000003147 ) ) ;
#11302 = FACE_OUTER_BOUND ( 'NONE', #4136, .T. ) ;
#11303 = DIRECTION ( 'NONE',  ( -0.000000000000000000, -0.000000000000000000, -1.000000000000000000 ) ) ;
#11304 = DIRECTION ( 'NONE',  ( -1.000000000000000000, 0.000000000000000000, 0.000000000000000000 ) ) ;
#11305 = ORIENTED_EDGE ( 'NONE', *, *, #10153, .F. ) ;
#11306 = CIRCLE ( 'NONE', #2264, 0.1199999999999998845 ) ;
#11307 = VERTEX_POINT ( 'NONE', #5829 ) ;
#11308 = VECTOR ( 'NONE', #7630, 1000.000000000000000 ) ;
#11309 = ORIENTED_EDGE ( 'NONE', *, *, #1331, .T. ) ;
#11310 = VECTOR ( 'NONE', #10524, 1000.000000000000000 ) ;
#11311 = VERTEX_POINT ( 'NONE', #8486 ) ;
#11312 = CARTESIAN_POINT ( 'NONE',  ( 2.570000000000001172, 0.1999999999999999833, -1.879999999999999893 ) ) ;
#11313 = ORIENTED_EDGE ( 'NONE', *, *, #5999, .F. ) ;
#11314 = EDGE_CURVE ( 'NONE', #2088, #4028, #7558, .T. ) ;
#11315 =( LENGTH_UNIT ( ) NAMED_UNIT ( * ) SI_UNIT ( .MILLI., .METRE. ) );
#11316 = LINE ( 'NONE', #10401, #9560 ) ;
#11317 = LINE ( 'NONE', #12197, #8898 ) ;
#11318 = VECTOR ( 'NONE', #6433, 1000.000000000000000 ) ;
#11319 =( NAMED_UNIT ( * ) PLANE_ANGLE_UNIT ( ) SI_UNIT ( $, .RADIAN. ) );
#11320 = EDGE_CURVE ( 'NONE', #755, #9281, #3929, .T. ) ;
#11321 = AXIS2_PLACEMENT_3D ( 'NONE', #6198, #9960, #11934 ) ;
#11322 = CARTESIAN_POINT ( 'NONE',  ( 2.570000000000001172, 0.000000000000000000, 1.120000000000000107 ) ) ;
#11323 = DIRECTION ( 'NONE',  ( 0.000000000000000000, -0.000000000000000000, 1.000000000000000000 ) ) ;
#11324 = ORIENTED_EDGE ( 'NONE', *, *, #3219, .T. ) ;
#11325 = CIRCLE ( 'NONE', #5020, 0.1199999999999998845 ) ;
#11326 = ORIENTED_EDGE ( 'NONE', *, *, #10069, .T. ) ;
#11327 = ORIENTED_EDGE ( 'NONE', *, *, #6079, .F. ) ;
#11328 = VERTEX_POINT ( 'NONE', #1147 ) ;
#11329 = MECHANICAL_DESIGN_GEOMETRIC_PRESENTATION_REPRESENTATION (  '', ( #9749 ), #4630 ) ;
#11330 = CARTESIAN_POINT ( 'NONE',  ( 0.6200000000000003286, 0.000000000000000000, -2.570000000000001616 ) ) ;
#11331 = VECTOR ( 'NONE', #5772, 1000.000000000000000 ) ;
#11332 = DIRECTION ( 'NONE',  ( -1.000000000000000000, 0.000000000000000000, 0.000000000000000000 ) ) ;
#11333 = AXIS2_PLACEMENT_3D ( 'NONE', #1930, #7649, #1116 ) ;
#11334 = DIRECTION ( 'NONE',  ( 0.000000000000000000, -1.000000000000000000, 0.000000000000000000 ) ) ;
#11335 = LINE ( 'NONE', #8440, #242 ) ;
#11336 = DIRECTION ( 'NONE',  ( -1.008560160451631481E-15, 0.000000000000000000, -1.000000000000000000 ) ) ;
#11337 = CIRCLE ( 'NONE', #3277, 0.1199999999999998845 ) ;
#11338 = LINE ( 'NONE', #985, #4023 ) ;
#11339 = ORIENTED_EDGE ( 'NONE', *, *, #6990, .F. ) ;
#11340 = CARTESIAN_POINT ( 'NONE',  ( -0.6199999999999994404, 0.8000833275471003203, 3.000000000000001776 ) ) ;
#11341 = ORIENTED_EDGE ( 'NONE', *, *, #2432, .F. ) ;
#11342 = VECTOR ( 'NONE', #10965, 1000.000000000000000 ) ;
#11343 = VECTOR ( 'NONE', #6345, 1000.000000000000000 ) ;
#11344 = CARTESIAN_POINT ( 'NONE',  ( 1.879999999999999671, 0.04999999999999999584, -2.570000000000001616 ) ) ;
#11345 = ORIENTED_EDGE ( 'NONE', *, *, #6105, .F. ) ;
#11346 = PLANE ( 'NONE',  #5419 ) ;
#11347 = VERTEX_POINT ( 'NONE', #4909 ) ;
#11348 = DIRECTION ( 'NONE',  ( 0.000000000000000000, 1.000000000000000000, 0.000000000000000000 ) ) ;
#11349 = EDGE_CURVE ( 'NONE', #4072, #5340, #8853, .T. ) ;
#11350 = VECTOR ( 'NONE', #8749, 1000.000000000000000 ) ;
#11351 = DIRECTION ( 'NONE',  ( 0.000000000000000000, -1.000000000000000000, 0.000000000000000000 ) ) ;
#11352 = COLOUR_RGB ( '',0.7921568627450980005, 0.8196078431372548767, 0.9333333333333333481 ) ;
#11353 = FACE_OUTER_BOUND ( 'NONE', #7743, .T. ) ;
#11354 = CARTESIAN_POINT ( 'NONE',  ( -2.570000000000001172, 0.000000000000000000, 0.000000000000000000 ) ) ;
#11355 = DIRECTION ( 'NONE',  ( -1.000000000000000000, 0.000000000000000000, 0.000000000000000000 ) ) ;
#11356 = EDGE_CURVE ( 'NONE', #11311, #8992, #9034, .T. ) ;
#11357 = EDGE_CURVE ( 'NONE', #1337, #2195, #5482, .T. ) ;
#11358 = EDGE_LOOP ( 'NONE', ( #4365, #4409, #231, #819 ) ) ;
#11359 = CARTESIAN_POINT ( 'NONE',  ( 2.570000000000001172, 0.8000833275471006534, -2.120000000000000551 ) ) ;
#11360 = ORIENTED_EDGE ( 'NONE', *, *, #9407, .T. ) ;
#11361 = ORIENTED_EDGE ( 'NONE', *, *, #7970, .F. ) ;
#11362 = EDGE_CURVE ( 'NONE', #2406, #7237, #8098, .T. ) ;
#11363 = CARTESIAN_POINT ( 'NONE',  ( 1.500000000000000000, 0.04999999999999999584, -2.570000000000001616 ) ) ;
#11364 = ADVANCED_FACE ( 'NONE', ( #4223 ), #4166, .T. ) ;
#11365 = FACE_OUTER_BOUND ( 'NONE', #778, .T. ) ;
#11366 = CARTESIAN_POINT ( 'NONE',  ( -3.000000000000000888, 0.8000833275471006534, -1.619999999999999885 ) ) ;
#11367 = EDGE_CURVE ( 'NONE', #501, #4051, #5089, .T. ) ;
#11368 = DIRECTION ( 'NONE',  ( -0.000000000000000000, -1.000000000000000000, -0.000000000000000000 ) ) ;
#11369 = DIRECTION ( 'NONE',  ( 0.000000000000000000, -0.000000000000000000, 1.000000000000000000 ) ) ;
#11370 = EDGE_CURVE ( 'NONE', #1983, #10975, #7845, .T. ) ;
#11371 = CARTESIAN_POINT ( 'NONE',  ( 2.570000000000001172, 0.1999999999999999833, 0.8799999999999996714 ) ) ;
#11372 = VECTOR ( 'NONE', #7158, 1000.000000000000000 ) ;
#11373 = CARTESIAN_POINT ( 'NONE',  ( -1.619999999999999440, 0.2000000000000000111, -3.000000000000001776 ) ) ;
#11374 = EDGE_CURVE ( 'NONE', #1617, #12012, #7986, .T. ) ;
#11375 = ORIENTED_EDGE ( 'NONE', *, *, #3636, .F. ) ;
#11376 = VERTEX_POINT ( 'NONE', #2443 ) ;
#11377 = EDGE_LOOP ( 'NONE', ( #7584, #11324, #3408, #2629 ) ) ;
#11378 = VERTEX_POINT ( 'NONE', #3129 ) ;
#11379 = DIRECTION ( 'NONE',  ( 0.000000000000000000, 0.000000000000000000, 1.000000000000000000 ) ) ;
#11380 = AXIS2_PLACEMENT_3D ( 'NONE', #1243, #6064, #6808 ) ;
#11381 = ORIENTED_EDGE ( 'NONE', *, *, #6667, .F. ) ;
#11382 = CARTESIAN_POINT ( 'NONE',  ( 2.570000000000001172, 0.8000833275471006534, -1.379999999999999893 ) ) ;
#11383 =( LENGTH_UNIT ( ) NAMED_UNIT ( * ) SI_UNIT ( .MILLI., .METRE. ) );
#11384 = CARTESIAN_POINT ( 'NONE',  ( 2.570000000000000284, 0.8000833275471006534, -1.000000000000000444 ) ) ;
#11385 = SURFACE_STYLE_FILL_AREA ( #6826 ) ;
#11386 = DIRECTION ( 'NONE',  ( 1.000000000000000000, 0.000000000000000000, -0.000000000000000000 ) ) ;
#11387 = DIRECTION ( 'NONE',  ( -1.008560160451631481E-15, 0.000000000000000000, -1.000000000000000000 ) ) ;
#11388 = CIRCLE ( 'NONE', #9016, 0.1199999999999998845 ) ;
#11389 = ORIENTED_EDGE ( 'NONE', *, *, #11588, .T. ) ;
#11390 = EDGE_LOOP ( 'NONE', ( #1686, #11264, #605, #11857 ) ) ;
#11391 = VERTEX_POINT ( 'NONE', #10887 ) ;
#11392 = ORIENTED_EDGE ( 'NONE', *, *, #6133, .F. ) ;
#11393 = DIRECTION ( 'NONE',  ( 0.000000000000000000, -1.000000000000000000, 0.000000000000000000 ) ) ;
#11394 = VECTOR ( 'NONE', #10830, 1000.000000000000000 ) ;
#11395 = DIRECTION ( 'NONE',  ( -0.000000000000000000, -1.000000000000000000, -0.000000000000000000 ) ) ;
#11396 = AXIS2_PLACEMENT_3D ( 'NONE', #2608, #7344, #8209 ) ;
#11397 = DIRECTION ( 'NONE',  ( -0.000000000000000000, -1.000000000000000000, -0.000000000000000000 ) ) ;
#11398 = SURFACE_SIDE_STYLE ('',( #2895 ) ) ;
#11399 = CARTESIAN_POINT ( 'NONE',  ( 2.000000000000000000, 0.2000000000000000111, -2.570000000000001616 ) ) ;
#11400 = CARTESIAN_POINT ( 'NONE',  ( 0.1200000000000003147, 0.2000000000000000111, 2.570000000000001616 ) ) ;
#11401 = CARTESIAN_POINT ( 'NONE',  ( -2.570000000000001172, 0.000000000000000000, -0.3799999999999998934 ) ) ;
#11402 = ORIENTED_EDGE ( 'NONE', *, *, #6622, .F. ) ;
#11403 = ORIENTED_EDGE ( 'NONE', *, *, #6763, .T. ) ;
#11404 = STYLED_ITEM ( 'NONE', ( #10297 ), #434 ) ;
#11405 = LINE ( 'NONE', #2965, #4908 ) ;
#11406 = EDGE_CURVE ( 'NONE', #8491, #6600, #3311, .T. ) ;
#11407 = ORIENTED_EDGE ( 'NONE', *, *, #1712, .T. ) ;
#11408 = CYLINDRICAL_SURFACE ( 'NONE', #5783, 0.1199999999999998845 ) ;
#11409 = EDGE_LOOP ( 'NONE', ( #9419, #11502, #10682, #4184 ) ) ;
#11410 = EDGE_CURVE ( 'NONE', #8491, #2102, #6890, .T. ) ;
#11411 = CARTESIAN_POINT ( 'NONE',  ( 0.6200000000000003286, 0.04999999999999999584, -2.570000000000001616 ) ) ;
#11412 = CARTESIAN_POINT ( 'NONE',  ( -0.3799999999999996714, 0.1999999999999999833, 2.570000000000001616 ) ) ;
#11413 = VECTOR ( 'NONE', #8979, 1000.000000000000000 ) ;
#11414 = CARTESIAN_POINT ( 'NONE',  ( -0.8799999999999996714, 0.000000000000000000, 3.000000000000001776 ) ) ;
#11415 = CARTESIAN_POINT ( 'NONE',  ( -1.879999999999999671, 0.05000000000000000278, -3.000000000000000888 ) ) ;
#11416 = PLANE ( 'NONE',  #861 ) ;
#11417 = AXIS2_PLACEMENT_3D ( 'NONE', #8788, #1510, #11757 ) ;
#11418 = CARTESIAN_POINT ( 'NONE',  ( -0.8799999999999996714, 0.04999999999999969746, 3.000000000000001776 ) ) ;
#11419 = ORIENTED_EDGE ( 'NONE', *, *, #1404, .F. ) ;
#11420 = ORIENTED_EDGE ( 'NONE', *, *, #11278, .F. ) ;
#11421 = ADVANCED_FACE ( 'NONE', ( #7075 ), #6195, .T. ) ;
#11422 = EDGE_CURVE ( 'NONE', #11661, #10526, #9893, .T. ) ;
#11423 = PRESENTATION_STYLE_ASSIGNMENT (( #2796 ) ) ;
#11424 = EDGE_CURVE ( 'NONE', #3872, #6300, #8634, .T. ) ;
#11425 = DIRECTION ( 'NONE',  ( -1.000000000000000000, 0.000000000000000000, -5.042800802258162337E-16 ) ) ;
#11426 = PLANE ( 'NONE',  #7004 ) ;
#11427 = DIRECTION ( 'NONE',  ( -1.000000000000000000, 0.000000000000000000, 0.000000000000000000 ) ) ;
#11428 = PLANE ( 'NONE',  #4989 ) ;
#11429 = DIRECTION ( 'NONE',  ( 0.000000000000000000, 0.000000000000000000, 1.000000000000000000 ) ) ;
#11430 = CARTESIAN_POINT ( 'NONE',  ( -2.000000000000000000, 0.2000000000000000111, -2.570000000000001616 ) ) ;
#11431 = ORIENTED_EDGE ( 'NONE', *, *, #11180, .F. ) ;
#11432 = ORIENTED_EDGE ( 'NONE', *, *, #7814, .F. ) ;
#11433 = EDGE_CURVE ( 'NONE', #4895, #4560, #7014, .T. ) ;
#11434 = VERTEX_POINT ( 'NONE', #10650 ) ;
#11435 = VERTEX_POINT ( 'NONE', #10776 ) ;
#11436 = ORIENTED_EDGE ( 'NONE', *, *, #10994, .F. ) ;
#11437 = DIRECTION ( 'NONE',  ( 0.000000000000000000, 0.000000000000000000, -1.000000000000000000 ) ) ;
#11438 = VERTEX_POINT ( 'NONE', #529 ) ;
#11439 = ADVANCED_FACE ( 'NONE', ( #5266 ), #2332, .F. ) ;
#11440 = DIRECTION ( 'NONE',  ( -1.000000000000000000, 0.000000000000000000, 0.000000000000000000 ) ) ;
#11441 = SURFACE_SIDE_STYLE ('',( #10335 ) ) ;
#11442 = CARTESIAN_POINT ( 'NONE',  ( -3.000000000000000888, 0.04999999999999969746, 0.6200000000000003286 ) ) ;
#11443 = DIRECTION ( 'NONE',  ( 1.000000000000000000, -0.000000000000000000, 0.000000000000000000 ) ) ;
#11444 = DIRECTION ( 'NONE',  ( 0.000000000000000000, 1.000000000000000000, 0.000000000000000000 ) ) ;
#11445 = VERTEX_POINT ( 'NONE', #5028 ) ;
#11446 = ORIENTED_EDGE ( 'NONE', *, *, #10998, .T. ) ;
#11447 = EDGE_LOOP ( 'NONE', ( #1031, #1330, #5765, #3369 ) ) ;
#11448 = UNCERTAINTY_MEASURE_WITH_UNIT (LENGTH_MEASURE( 1.000000000000000082E-05 ), #9602, 'distance_accuracy_value', 'NONE');
#11449 = ORIENTED_EDGE ( 'NONE', *, *, #10194, .T. ) ;
#11450 = LINE ( 'NONE', #35, #9346 ) ;
#11451 = CARTESIAN_POINT ( 'NONE',  ( -2.570000000000001172, 0.8000833275471006534, 1.880000000000000115 ) ) ;
#11452 = CARTESIAN_POINT ( 'NONE',  ( -3.000000000000000888, 0.000000000000000000, 1.380000000000000115 ) ) ;
#11453 = LINE ( 'NONE', #10536, #6175 ) ;
#11454 = CARTESIAN_POINT ( 'NONE',  ( 2.570000000000001172, 0.000000000000000000, -2.120000000000000551 ) ) ;
#11455 = DIRECTION ( 'NONE',  ( 0.000000000000000000, 0.000000000000000000, 1.000000000000000000 ) ) ;
#11456 = ORIENTED_EDGE ( 'NONE', *, *, #4480, .F. ) ;
#11457 = ORIENTED_EDGE ( 'NONE', *, *, #4804, .T. ) ;
#11458 = VECTOR ( 'NONE', #5520, 1000.000000000000000 ) ;
#11459 = PLANE ( 'NONE',  #2363 ) ;
#11460 = VERTEX_POINT ( 'NONE', #8787 ) ;
#11461 = CARTESIAN_POINT ( 'NONE',  ( -2.570000000000001172, 0.05000000000000002359, -1.119999999999999885 ) ) ;
#11462 = VERTEX_POINT ( 'NONE', #337 ) ;
#11463 = CARTESIAN_POINT ( 'NONE',  ( 3.000000000000000888, 0.1999999999999999833, -1.379999999999999671 ) ) ;
#11464 = ADVANCED_FACE ( 'NONE', ( #4111 ), #6947, .F. ) ;
#11465 = STYLED_ITEM ( 'NONE', ( #684 ), #1937 ) ;
#11466 = CARTESIAN_POINT ( 'NONE',  ( -0.5000000000000000000, 0.1999999999999999833, 2.450000000000001510 ) ) ;
#11467 = DIRECTION ( 'NONE',  ( 0.000000000000000000, 0.000000000000000000, 1.000000000000000000 ) ) ;
#11468 = CARTESIAN_POINT ( 'NONE',  ( -2.570000000000001172, 0.1999999999999999833, 0.1200000000000000927 ) ) ;
#11469 = DIRECTION ( 'NONE',  ( 0.000000000000000000, 1.000000000000000000, 0.000000000000000000 ) ) ;
#11470 = EDGE_CURVE ( 'NONE', #11587, #6069, #2508, .T. ) ;
#11471 = CARTESIAN_POINT ( 'NONE',  ( -2.570000000000001172, 0.1999999999999999833, 0.5000000000000000000 ) ) ;
#11472 = LINE ( 'NONE', #7600, #9432 ) ;
#11473 = VECTOR ( 'NONE', #7636, 1000.000000000000000 ) ;
#11474 = ORIENTED_EDGE ( 'NONE', *, *, #10692, .T. ) ;
#11475 = ORIENTED_EDGE ( 'NONE', *, *, #10572, .T. ) ;
#11476 = LINE ( 'NONE', #5929, #4243 ) ;
#11477 = DIRECTION ( 'NONE',  ( 0.000000000000000000, 1.000000000000000000, 0.000000000000000000 ) ) ;
#11478 = DIRECTION ( 'NONE',  ( 0.000000000000000000, 1.000000000000000000, 0.000000000000000000 ) ) ;
#11479 = CARTESIAN_POINT ( 'NONE',  ( 1.620000000000000329, 0.1999999999999999833, 3.000000000000001776 ) ) ;
#11480 = DIRECTION ( 'NONE',  ( 1.000000000000000000, 0.000000000000000000, -0.000000000000000000 ) ) ;
#11481 = CARTESIAN_POINT ( 'NONE',  ( -0.1199999999999994404, 0.8000833275471003203, -3.000000000000001776 ) ) ;
#11482 = ORIENTED_EDGE ( 'NONE', *, *, #3564, .F. ) ;
#11483 = ORIENTED_EDGE ( 'NONE', *, *, #4734, .F. ) ;
#11484 = ORIENTED_EDGE ( 'NONE', *, *, #8104, .T. ) ;
#11485 = ORIENTED_EDGE ( 'NONE', *, *, #11536, .T. ) ;
#11486 = LINE ( 'NONE', #4159, #12157 ) ;
#11487 = ORIENTED_EDGE ( 'NONE', *, *, #11320, .F. ) ;
#11488 = AXIS2_PLACEMENT_3D ( 'NONE', #2790, #10556, #5672 ) ;
#11489 = SURFACE_STYLE_USAGE ( .BOTH. , #10458 ) ;
#11490 = CARTESIAN_POINT ( 'NONE',  ( 2.570000000000001172, 0.8000833275471006534, -2.120000000000000551 ) ) ;
#11491 = LINE ( 'NONE', #3798, #1928 ) ;
#11492 = CARTESIAN_POINT ( 'NONE',  ( -1.879999999999999671, 0.04999999999999999584, 3.000000000000001776 ) ) ;
#11493 = EDGE_CURVE ( 'NONE', #10808, #7293, #2353, .T. ) ;
#11494 = PRESENTATION_STYLE_ASSIGNMENT (( #4670 ) ) ;
#11495 = CARTESIAN_POINT ( 'NONE',  ( -3.000000000000000888, 0.8000833275471006534, 1.380000000000000115 ) ) ;
#11497 = DIRECTION ( 'NONE',  ( 0.000000000000000000, 0.000000000000000000, 1.000000000000000000 ) ) ;
#11496 = AXIS2_PLACEMENT_3D ( 'NONE', #10165, #1840, #5585 ) ;
#11498 = VECTOR ( 'NONE', #7157, 1000.000000000000000 ) ;
#11499 = ORIENTED_EDGE ( 'NONE', *, *, #3061, .T. ) ;
#11500 = EDGE_CURVE ( 'NONE', #8837, #405, #3487, .T. ) ;
#11501 = VERTEX_POINT ( 'NONE', #4404 ) ;
#11502 = ORIENTED_EDGE ( 'NONE', *, *, #5610, .T. ) ;
#11503 = EDGE_LOOP ( 'NONE', ( #11906, #3442, #4424, #6968 ) ) ;
#11504 = DIRECTION ( 'NONE',  ( 1.000000000000000000, 0.000000000000000000, -0.000000000000000000 ) ) ;
#11505 = AXIS2_PLACEMENT_3D ( 'NONE', #3497, #11198, #5333 ) ;
#11506 = STYLED_ITEM ( 'NONE', ( #1697 ), #4332 ) ;
#11507 = CARTESIAN_POINT ( 'NONE',  ( -2.119999999999999662, 0.000000000000000000, -3.000000000000001776 ) ) ;
#11508 = DIRECTION ( 'NONE',  ( 0.000000000000000000, 1.000000000000000000, -0.000000000000000000 ) ) ;
#11509 = CARTESIAN_POINT ( 'NONE',  ( -3.000000000000000888, 0.1999999999999999833, -1.619999999999999885 ) ) ;
#11510 = DIRECTION ( 'NONE',  ( -0.000000000000000000, -0.000000000000000000, 1.000000000000000000 ) ) ;
#11511 = CARTESIAN_POINT ( 'NONE',  ( 2.999999999999999112, 0.05000000000000000278, -3.000000000000001776 ) ) ;
#11512 = VECTOR ( 'NONE', #10946, 1000.000000000000000 ) ;
#11513 = ADVANCED_FACE ( 'NONE', ( #1817 ), #9221, .F. ) ;
#11514 = FACE_OUTER_BOUND ( 'NONE', #5442, .T. ) ;
#11515 = EDGE_CURVE ( 'NONE', #1068, #9598, #10203, .T. ) ;
#11516 = ORIENTED_EDGE ( 'NONE', *, *, #184, .F. ) ;
#11517 = ADVANCED_FACE ( 'NONE', ( #9090 ), #5563, .T. ) ;
#11518 = AXIS2_PLACEMENT_3D ( 'NONE', #1827, #7678, #12194 ) ;
#11519 = ORIENTED_EDGE ( 'NONE', *, *, #11349, .F. ) ;
#11520 = AXIS2_PLACEMENT_3D ( 'NONE', #10137, #2509, #6262 ) ;
#11521 = DIRECTION ( 'NONE',  ( 0.000000000000000000, 0.000000000000000000, -1.000000000000000000 ) ) ;
#11522 = PRESENTATION_LAYER_ASSIGNMENT (  '', '', ( #4826 ) ) ;
#11523 = AXIS2_PLACEMENT_3D ( 'NONE', #9634, #1186, #4945 ) ;
#11524 = VERTEX_POINT ( 'NONE', #2568 ) ;
#11525 = CARTESIAN_POINT ( 'NONE',  ( -0.8799999999999996714, 0.05000000000000000278, 0.000000000000000000 ) ) ;
#11526 = ORIENTED_EDGE ( 'NONE', *, *, #9532, .T. ) ;
#11527 = DIRECTION ( 'NONE',  ( 1.000000000000000000, 0.000000000000000000, -0.000000000000000000 ) ) ;
#11528 = CARTESIAN_POINT ( 'NONE',  ( -3.000000000000000888, 0.8000833275471006534, -0.1199999999999998845 ) ) ;
#11529 = LINE ( 'NONE', #9619, #4776 ) ;
#11530 = LINE ( 'NONE', #2359, #9951 ) ;
#11531 = CARTESIAN_POINT ( 'NONE',  ( -2.570000000000001172, 0.1999999999999999833, 0.1200000000000000927 ) ) ;
#11532 = FACE_OUTER_BOUND ( 'NONE', #5879, .T. ) ;
#11533 = VECTOR ( 'NONE', #3244, 1000.000000000000000 ) ;
#11534 = AXIS2_PLACEMENT_3D ( 'NONE', #6591, #8560, #103 ) ;
#11535 = CARTESIAN_POINT ( 'NONE',  ( -2.300000000000000711, 1.000000000000000000, -2.550000000000001155 ) ) ;
#11536 = EDGE_CURVE ( 'NONE', #1936, #10654, #10261, .T. ) ;
#11537 = DIRECTION ( 'NONE',  ( -0.000000000000000000, -1.000000000000000000, -0.000000000000000000 ) ) ;
#11538 = ORIENTED_EDGE ( 'NONE', *, *, #7050, .F. ) ;
#11539 = EDGE_CURVE ( 'NONE', #362, #10382, #9152, .T. ) ;
#11540 = EDGE_CURVE ( 'NONE', #5308, #2461, #4533, .T. ) ;
#11541 = VECTOR ( 'NONE', #5916, 1000.000000000000000 ) ;
#11542 = EDGE_LOOP ( 'NONE', ( #8289, #2436, #4356, #8443 ) ) ;
#11543 = VECTOR ( 'NONE', #8931, 1000.000000000000000 ) ;
#11544 = SURFACE_STYLE_USAGE ( .BOTH. , #11664 ) ;
#11545 = CARTESIAN_POINT ( 'NONE',  ( -3.000000000000000888, 0.05000000000000000278, 2.999999999999999112 ) ) ;
#11546 = DIRECTION ( 'NONE',  ( 0.000000000000000000, -1.000000000000000000, 0.000000000000000000 ) ) ;
#11547 = CARTESIAN_POINT ( 'NONE',  ( 2.049999999999999822, 0.1999999999999996503, -2.049999999999999378 ) ) ;
#11548 = LINE ( 'NONE', #3110, #3805 ) ;
#11549 = CARTESIAN_POINT ( 'NONE',  ( 1.120000000000000329, 0.2000000000000000111, -2.570000000000001616 ) ) ;
#11550 = STYLED_ITEM ( 'NONE', ( #3940 ), #9857 ) ;
#11551 = ORIENTED_EDGE ( 'NONE', *, *, #3119, .T. ) ;
#11552 = AXIS2_PLACEMENT_3D ( 'NONE', #1016, #2937, #4774 ) ;
#11553 = ORIENTED_EDGE ( 'NONE', *, *, #7711, .F. ) ;
#11554 = VERTEX_POINT ( 'NONE', #1633 ) ;
#11555 = ORIENTED_EDGE ( 'NONE', *, *, #6161, .F. ) ;
#11556 = CARTESIAN_POINT ( 'NONE',  ( -2.000000000000000000, 0.2000000000000000111, -2.570000000000001616 ) ) ;
#11557 = EDGE_CURVE ( 'NONE', #6714, #7761, #2943, .T. ) ;
#11558 = ORIENTED_EDGE ( 'NONE', *, *, #6529, .T. ) ;
#11559 = COLOUR_RGB ( '',0.7921568627450980005, 0.8196078431372548767, 0.9333333333333333481 ) ;
#11560 = CARTESIAN_POINT ( 'NONE',  ( 0.8800000000000005596, 0.000000000000000000, 3.000000000000001776 ) ) ;
#11561 = SURFACE_STYLE_USAGE ( .BOTH. , #582 ) ;
#11562 = AXIS2_PLACEMENT_3D ( 'NONE', #4524, #5553, #7346 ) ;
#11563 = CARTESIAN_POINT ( 'NONE',  ( 1.500000000000000000, 0.1999999999999999833, 2.450000000000001510 ) ) ;
#11564 = CARTESIAN_POINT ( 'NONE',  ( 2.570000000000001172, 0.8000833275471006534, 0.6200000000000001066 ) ) ;
#11565 = DIRECTION ( 'NONE',  ( 0.000000000000000000, 0.000000000000000000, -1.000000000000000000 ) ) ;
#11566 = PLANE ( 'NONE',  #4622 ) ;
#11567 = ORIENTED_EDGE ( 'NONE', *, *, #6507, .F. ) ;
#11568 = ORIENTED_EDGE ( 'NONE', *, *, #815, .F. ) ;
#11569 = VERTEX_POINT ( 'NONE', #4653 ) ;
#11570 = CIRCLE ( 'NONE', #3111, 0.1199999999999998845 ) ;
#11571 = UNCERTAINTY_MEASURE_WITH_UNIT (LENGTH_MEASURE( 1.000000000000000082E-05 ), #11128, 'distance_accuracy_value', 'NONE');
#11572 = VECTOR ( 'NONE', #10985, 1000.000000000000000 ) ;
#11573 = ORIENTED_EDGE ( 'NONE', *, *, #11958, .F. ) ;
#11574 = VECTOR ( 'NONE', #1060, 1000.000000000000000 ) ;
#11575 = CARTESIAN_POINT ( 'NONE',  ( -1.619999999999999885, 0.04999999999999999584, 2.570000000000001616 ) ) ;
#11576 = PLANE ( 'NONE',  #7793 ) ;
#11577 = EDGE_CURVE ( 'NONE', #11391, #11438, #8222, .T. ) ;
#11578 = CARTESIAN_POINT ( 'NONE',  ( -0.1199999999999994404, 0.2000000000000000111, 3.000000000000001776 ) ) ;
#11579 = EDGE_CURVE ( 'NONE', #10224, #7267, #4474, .T. ) ;
#11580 = LINE ( 'NONE', #3142, #8602 ) ;
#11581 = VECTOR ( 'NONE', #3338, 1000.000000000000000 ) ;
#11582 = CARTESIAN_POINT ( 'NONE',  ( -1.879999999999999671, 0.8000833275471003203, -2.570000000000001616 ) ) ;
#11583 = CARTESIAN_POINT ( 'NONE',  ( 2.000000000000000000, 0.2000000000000000111, 2.570000000000001616 ) ) ;
#11584 = DIRECTION ( 'NONE',  ( -1.000000000000000000, 0.000000000000000000, -0.000000000000000000 ) ) ;
#11585 = EDGE_LOOP ( 'NONE', ( #10242, #6995, #911, #8417 ) ) ;
#11586 = EDGE_LOOP ( 'NONE', ( #9405, #1207, #3610, #6593 ) ) ;
#11587 = VERTEX_POINT ( 'NONE', #2621 ) ;
#11588 = EDGE_CURVE ( 'NONE', #11113, #1867, #1695, .T. ) ;
#11589 = FACE_OUTER_BOUND ( 'NONE', #11971, .T. ) ;
#11590 = AXIS2_PLACEMENT_3D ( 'NONE', #2202, #6081, #5951 ) ;
#11591 = CLOSED_SHELL ( 'NONE', ( #2302, #11845, #8866, #9461, #3980, #5511 ) ) ;
#11592 = VERTEX_POINT ( 'NONE', #5452 ) ;
#11593 = EDGE_CURVE ( 'NONE', #11569, #7143, #643, .T. ) ;
#11594 = DIRECTION ( 'NONE',  ( 0.000000000000000000, 0.000000000000000000, -1.000000000000000000 ) ) ;
#11595 = ORIENTED_EDGE ( 'NONE', *, *, #2172, .F. ) ;
#11596 = PRESENTATION_STYLE_ASSIGNMENT (( #10797 ) ) ;
#11597 = ADVANCED_FACE ( 'NONE', ( #9278 ), #6442, .T. ) ;
#11598 = ADVANCED_FACE ( 'NONE', ( #5321 ), #7428, .F. ) ;
#11599 = CARTESIAN_POINT ( 'NONE',  ( 0.1200000000000003147, 0.2000000000000000111, -2.570000000000001616 ) ) ;
#11600 = PLANE ( 'NONE',  #7336 ) ;
#11601 = DIRECTION ( 'NONE',  ( -1.000000000000000000, 0.000000000000000000, 5.042800802258162337E-16 ) ) ;
#11602 = PLANE ( 'NONE',  #8039 ) ;
#11603 = LINE ( 'NONE', #373, #5784 ) ;
#11604 = AXIS2_PLACEMENT_3D ( 'NONE', #9617, #5729, #2042 ) ;
#11605 = AXIS2_PLACEMENT_3D ( 'NONE', #11176, #8272, #10191 ) ;
#11606 = CARTESIAN_POINT ( 'NONE',  ( -1.379999999999999671, 0.1999999999999999833, -3.000000000000001776 ) ) ;
#11607 = DIRECTION ( 'NONE',  ( 1.008560160451631481E-15, 0.000000000000000000, -1.000000000000000000 ) ) ;
#11608 = VERTEX_POINT ( 'NONE', #6260 ) ;
#11609 = ORIENTED_EDGE ( 'NONE', *, *, #10848, .T. ) ;
#11610 = FACE_OUTER_BOUND ( 'NONE', #9640, .T. ) ;
#11611 = DIRECTION ( 'NONE',  ( 0.000000000000000000, 1.000000000000000000, 0.000000000000000000 ) ) ;
#11612 = DIRECTION ( 'NONE',  ( -0.000000000000000000, -1.000000000000000000, -0.000000000000000000 ) ) ;
#11613 = LINE ( 'NONE', #10688, #9006 ) ;
#11614 = CARTESIAN_POINT ( 'NONE',  ( 2.570000000000001172, 0.1999999999999999833, 0.1200000000000000927 ) ) ;
#11615 = VECTOR ( 'NONE', #9709, 1000.000000000000000 ) ;
#11616 = LINE ( 'NONE', #10691, #1551 ) ;
#11617 = ORIENTED_EDGE ( 'NONE', *, *, #225, .F. ) ;
#11618 = VERTEX_POINT ( 'NONE', #7489 ) ;
#11619 = VERTEX_POINT ( 'NONE', #2002 ) ;
#11620 = ORIENTED_EDGE ( 'NONE', *, *, #5544, .T. ) ;
#11621 = DIRECTION ( 'NONE',  ( 0.000000000000000000, -0.000000000000000000, -1.000000000000000000 ) ) ;
#11622 = ORIENTED_EDGE ( 'NONE', *, *, #8705, .F. ) ;
#11623 = CARTESIAN_POINT ( 'NONE',  ( 1.120000000000000329, 0.2000000000000000111, -2.570000000000001616 ) ) ;
#11624 = FILL_AREA_STYLE ('',( #6943 ) ) ;
#11625 = CARTESIAN_POINT ( 'NONE',  ( -0.3799999999999996714, 0.2000000000000000111, 2.570000000000001616 ) ) ;
#11626 = CARTESIAN_POINT ( 'NONE',  ( 3.000000000000000888, 0.8000833275471006534, -1.879999999999999671 ) ) ;
#11627 = CARTESIAN_POINT ( 'NONE',  ( 3.000000000000000888, 0.8000833275471006534, -0.6199999999999998845 ) ) ;
#11628 = CARTESIAN_POINT ( 'NONE',  ( -2.049999999999999822, 0.1999999999999996503, 2.049999999999999378 ) ) ;
#11629 = LINE ( 'NONE', #5031, #9729 ) ;
#11630 = EDGE_CURVE ( 'NONE', #858, #224, #5875, .T. ) ;
#11631 = ORIENTED_EDGE ( 'NONE', *, *, #2112, .T. ) ;
#11632 = ORIENTED_EDGE ( 'NONE', *, *, #11266, .F. ) ;
#11633 = ORIENTED_EDGE ( 'NONE', *, *, #10119, .F. ) ;
#11634 = VERTEX_POINT ( 'NONE', #9573 ) ;
#11635 = FACE_OUTER_BOUND ( 'NONE', #3357, .T. ) ;
#11636 = FACE_OUTER_BOUND ( 'NONE', #2446, .T. ) ;
#11637 = DIRECTION ( 'NONE',  ( 0.000000000000000000, -1.000000000000000000, 0.000000000000000000 ) ) ;
#11638 = CARTESIAN_POINT ( 'NONE',  ( -0.6199999999999994404, 0.1999999999999999833, -3.000000000000001776 ) ) ;
#11639 = DIRECTION ( 'NONE',  ( 0.000000000000000000, 0.000000000000000000, -1.000000000000000000 ) ) ;
#11640 = PLANE ( 'NONE',  #10564 ) ;
#11641 = LINE ( 'NONE', #2162, #9136 ) ;
#11642 = EDGE_LOOP ( 'NONE', ( #6548, #8728, #9933, #271 ) ) ;
#11643 = ORIENTED_EDGE ( 'NONE', *, *, #10690, .F. ) ;
#11644 = EDGE_CURVE ( 'NONE', #10328, #4447, #9509, .T. ) ;
#11645 = ORIENTED_EDGE ( 'NONE', *, *, #8075, .F. ) ;
#11646 = ORIENTED_EDGE ( 'NONE', *, *, #877, .T. ) ;
#11647 = DIRECTION ( 'NONE',  ( 0.000000000000000000, -1.000000000000000000, 0.000000000000000000 ) ) ;
#11648 = EDGE_CURVE ( 'NONE', #1028, #11618, #70, .T. ) ;
#11649 = EDGE_CURVE ( 'NONE', #6309, #5554, #5747, .T. ) ;
#11650 = EDGE_LOOP ( 'NONE', ( #7579, #8812, #10192, #2781 ) ) ;
#11651 = FACE_OUTER_BOUND ( 'NONE', #11642, .T. ) ;
#11652 = CARTESIAN_POINT ( 'NONE',  ( 2.999999999999999112, 0.2000000000000005107, 1.379999999999999671 ) ) ;
#11653 = DIRECTION ( 'NONE',  ( 0.000000000000000000, 0.000000000000000000, -1.000000000000000000 ) ) ;
#11654 = EDGE_CURVE ( 'NONE', #5471, #5407, #6631, .T. ) ;
#11655 = DIRECTION ( 'NONE',  ( 0.000000000000000000, -1.000000000000000000, 0.000000000000000000 ) ) ;
#11656 = PLANE ( 'NONE',  #1054 ) ;
#11657 = VECTOR ( 'NONE', #11637, 1000.000000000000000 ) ;
#11658 = CARTESIAN_POINT ( 'NONE',  ( -1.500000000000000000, 0.04999999999999999584, -2.570000000000001616 ) ) ;
#11659 = ADVANCED_FACE ( 'NONE', ( #12181 ), #3785, .F. ) ;
#11660 = CARTESIAN_POINT ( 'NONE',  ( 2.000000000000000000, 0.04999999999999999584, 2.570000000000001616 ) ) ;
#11661 = VERTEX_POINT ( 'NONE', #6695 ) ;
#11662 = ORIENTED_EDGE ( 'NONE', *, *, #3584, .F. ) ;
#11663 = COLOUR_RGB ( '',0.7921568627450980005, 0.8196078431372548767, 0.9333333333333333481 ) ;
#11664 = SURFACE_SIDE_STYLE ('',( #9811 ) ) ;
#11665 = LINE ( 'NONE', #6930, #10091 ) ;
#11666 = LINE ( 'NONE', #3290, #5803 ) ;
#11667 = LINE ( 'NONE', #509, #3694 ) ;
#11668 = DIRECTION ( 'NONE',  ( -0.000000000000000000, -1.000000000000000000, -0.000000000000000000 ) ) ;
#11669 = DIRECTION ( 'NONE',  ( 0.000000000000000000, 0.000000000000000000, 1.000000000000000000 ) ) ;
#11670 = VECTOR ( 'NONE', #9988, 1000.000000000000000 ) ;
#11671 = ORIENTED_EDGE ( 'NONE', *, *, #7321, .T. ) ;
#11672 = EDGE_LOOP ( 'NONE', ( #4677, #5898, #1638, #2721, #12029 ) ) ;
#11673 = ORIENTED_EDGE ( 'NONE', *, *, #1, .T. ) ;
#11674 = ORIENTED_EDGE ( 'NONE', *, *, #10986, .F. ) ;
#11675 = LINE ( 'NONE', #7860, #3486 ) ;
#11676 = ORIENTED_EDGE ( 'NONE', *, *, #2296, .F. ) ;
#11677 = DIRECTION ( 'NONE',  ( 1.000000000000000000, 0.000000000000000000, -0.000000000000000000 ) ) ;
#11678 = AXIS2_PLACEMENT_3D ( 'NONE', #11243, #768, #7356 ) ;
#11679 = DIRECTION ( 'NONE',  ( 1.000000000000000000, 0.000000000000000000, -0.000000000000000000 ) ) ;
#11680 = FACE_OUTER_BOUND ( 'NONE', #942, .T. ) ;
#11681 = CARTESIAN_POINT ( 'NONE',  ( -0.8799999999999996714, 0.8000833275471003203, -2.570000000000001616 ) ) ;
#11682 = DIRECTION ( 'NONE',  ( 0.000000000000000000, -1.000000000000000000, 0.000000000000000000 ) ) ;
#11683 = CARTESIAN_POINT ( 'NONE',  ( 3.000000000000000888, 0.8000833275471006534, 1.620000000000000329 ) ) ;
#11684 = LINE ( 'NONE', #5952, #11615 ) ;
#11685 = DIRECTION ( 'NONE',  ( -1.000000000000000000, 0.000000000000000000, 0.000000000000000000 ) ) ;
#11686 = ORIENTED_EDGE ( 'NONE', *, *, #6113, .T. ) ;
#11687 = ORIENTED_EDGE ( 'NONE', *, *, #2238, .T. ) ;
#11688 = EDGE_LOOP ( 'NONE', ( #10395, #11858, #7518, #8142 ) ) ;
#11689 = VECTOR ( 'NONE', #11355, 1000.000000000000000 ) ;
#11690 = ADVANCED_FACE ( 'NONE', ( #195 ), #952, .F. ) ;
#11691 = ORIENTED_EDGE ( 'NONE', *, *, #9022, .T. ) ;
#11692 = DIRECTION ( 'NONE',  ( 0.000000000000000000, -1.000000000000000000, 0.000000000000000000 ) ) ;
#11693 = EDGE_CURVE ( 'NONE', #8610, #4366, #14, .T. ) ;
#11694 = PLANE ( 'NONE',  #2082 ) ;
#11695 = DIRECTION ( 'NONE',  ( -0.000000000000000000, -0.000000000000000000, 1.000000000000000000 ) ) ;
#11696 = AXIS2_PLACEMENT_3D ( 'NONE', #11775, #4135, #8010 ) ;
#11697 = DIRECTION ( 'NONE',  ( 0.000000000000000000, 0.000000000000000000, -1.000000000000000000 ) ) ;
#11698 = AXIS2_PLACEMENT_3D ( 'NONE', #4798, #8561, #857 ) ;
#11699 = DIRECTION ( 'NONE',  ( -1.008560160451631481E-15, 0.000000000000000000, -1.000000000000000000 ) ) ;
#11700 = CARTESIAN_POINT ( 'NONE',  ( -2.570000000000001172, 0.05000000000000002359, -2.120000000000000107 ) ) ;
#11701 = ORIENTED_EDGE ( 'NONE', *, *, #3911, .F. ) ;
#11702 = ORIENTED_EDGE ( 'NONE', *, *, #1880, .T. ) ;
#11703 = ORIENTED_EDGE ( 'NONE', *, *, #4820, .T. ) ;
#11704 = AXIS2_PLACEMENT_3D ( 'NONE', #780, #9286, #3556 ) ;
#11705 = VECTOR ( 'NONE', #2639, 1000.000000000000000 ) ;
#11706 = ORIENTED_EDGE ( 'NONE', *, *, #4567, .F. ) ;
#11707 = CYLINDRICAL_SURFACE ( 'NONE', #11696, 0.1199999999999998845 ) ;
#11708 = EDGE_LOOP ( 'NONE', ( #9911, #3168, #2990, #7061 ) ) ;
#11709 = SURFACE_STYLE_FILL_AREA ( #3333 ) ;
#11710 =( NAMED_UNIT ( * ) PLANE_ANGLE_UNIT ( ) SI_UNIT ( $, .RADIAN. ) );
#11711 = DIRECTION ( 'NONE',  ( 0.000000000000000000, 1.000000000000000000, 0.000000000000000000 ) ) ;
#11712 = LINE ( 'NONE', #10673, #3657 ) ;
#11713 = VECTOR ( 'NONE', #5639, 1000.000000000000000 ) ;
#11714 = LINE ( 'NONE', #11468, #9226 ) ;
#11715 = DIRECTION ( 'NONE',  ( -0.000000000000000000, -1.000000000000000000, -0.000000000000000000 ) ) ;
#11716 = VECTOR ( 'NONE', #2753, 1000.000000000000000 ) ;
#11717 = CARTESIAN_POINT ( 'NONE',  ( 2.120000000000000551, 0.1999999999999999833, 3.000000000000001776 ) ) ;
#11718 = AXIS2_PLACEMENT_3D ( 'NONE', #3755, #7690, #2275 ) ;
#11719 = AXIS2_PLACEMENT_3D ( 'NONE', #8587, #11477, #8404 ) ;
#11720 = SURFACE_SIDE_STYLE ('',( #7959 ) ) ;
#11721 = ORIENTED_EDGE ( 'NONE', *, *, #3630, .T. ) ;
#11722 = EDGE_CURVE ( 'NONE', #7506, #7991, #9399, .T. ) ;
#11723 = STYLED_ITEM ( 'NONE', ( #5126 ), #5921 ) ;
#11724 = EDGE_LOOP ( 'NONE', ( #5938, #3849, #2856, #5428 ) ) ;
#11725 = AXIS2_PLACEMENT_3D ( 'NONE', #3274, #11594, #4311 ) ;
#11726 = CIRCLE ( 'NONE', #9760, 0.1199999999999998845 ) ;
#11727 = CARTESIAN_POINT ( 'NONE',  ( -2.570000000000001172, 0.05000000000000002359, -0.8799999999999998934 ) ) ;
#11728 = CIRCLE ( 'NONE', #9170, 0.1199999999999999956 ) ;
#11729 = EDGE_CURVE ( 'NONE', #2842, #2555, #10447, .T. ) ;
#11730 = CARTESIAN_POINT ( 'NONE',  ( -3.000000000000000888, 0.04999999999999969746, -2.120000000000000107 ) ) ;
#11731 = ADVANCED_FACE ( 'NONE', ( #10392 ), #4832, .F. ) ;
#11732 = CARTESIAN_POINT ( 'NONE',  ( -0.5000000000000000000, 0.2000000000000000111, -2.570000000000001616 ) ) ;
#11733 = LINE ( 'NONE', #7968, #3231 ) ;
#11734 = CARTESIAN_POINT ( 'NONE',  ( 2.570000000000001172, 0.1999999999999999833, 0.3799999999999996714 ) ) ;
#11735 =( GEOMETRIC_REPRESENTATION_CONTEXT ( 3 ) GLOBAL_UNCERTAINTY_ASSIGNED_CONTEXT ( ( #4053 ) ) GLOBAL_UNIT_ASSIGNED_CONTEXT ( ( #7109, #1609, #1670 ) ) REPRESENTATION_CONTEXT ( 'NONE', 'WORKASPACE' ) );
#11736 = ORIENTED_EDGE ( 'NONE', *, *, #2071, .F. ) ;
#11737 = ORIENTED_EDGE ( 'NONE', *, *, #6320, .F. ) ;
#11738 = ORIENTED_EDGE ( 'NONE', *, *, #10375, .T. ) ;
#11739 = AXIS2_PLACEMENT_3D ( 'NONE', #11139, #3679, #11027 ) ;
#11740 = VECTOR ( 'NONE', #4797, 1000.000000000000000 ) ;
#11741 = ORIENTED_EDGE ( 'NONE', *, *, #4916, .T. ) ;
#11742 = CARTESIAN_POINT ( 'NONE',  ( -1.500000000000000000, 0.000000000000000000, 2.570000000000001616 ) ) ;
#11743 = EDGE_CURVE ( 'NONE', #1334, #7686, #5809, .T. ) ;
#11744 = EDGE_CURVE ( 'NONE', #8610, #4902, #8651, .T. ) ;
#11745 = EDGE_LOOP ( 'NONE', ( #8490, #7020, #9307, #7792 ) ) ;
#11746 = EDGE_CURVE ( 'NONE', #11060, #1358, #4768, .T. ) ;
#11747 = PRESENTATION_STYLE_ASSIGNMENT (( #8714 ) ) ;
#11748 = ADVANCED_FACE ( 'NONE', ( #8529 ), #10323, .T. ) ;
#11749 = DIRECTION ( 'NONE',  ( -0.000000000000000000, -0.000000000000000000, 1.000000000000000000 ) ) ;
#11750 = PLANE ( 'NONE',  #8286 ) ;
#11751 = CARTESIAN_POINT ( 'NONE',  ( 2.999999999999999112, 0.05000000000000000278, 2.999999999999998224 ) ) ;
#11752 = EDGE_CURVE ( 'NONE', #729, #11003, #8409, .T. ) ;
#11753 = LINE ( 'NONE', #8851, #9594 ) ;
#11754 = CIRCLE ( 'NONE', #1105, 0.1199999999999998845 ) ;
#11755 = VECTOR ( 'NONE', #3708, 1000.000000000000000 ) ;
#11756 = DIRECTION ( 'NONE',  ( 0.000000000000000000, 0.000000000000000000, -1.000000000000000000 ) ) ;
#11757 = DIRECTION ( 'NONE',  ( 0.000000000000000000, 0.000000000000000000, -1.000000000000000000 ) ) ;
#11758 = ORIENTED_EDGE ( 'NONE', *, *, #6192, .F. ) ;
#11759 = ORIENTED_EDGE ( 'NONE', *, *, #8003, .T. ) ;
#11760 = ORIENTED_EDGE ( 'NONE', *, *, #9311, .T. ) ;
#11761 = ORIENTED_EDGE ( 'NONE', *, *, #419, .T. ) ;
#11762 = ADVANCED_FACE ( 'NONE', ( #6561 ), #1879, .F. ) ;
#11763 = VECTOR ( 'NONE', #10847, 1000.000000000000000 ) ;
#11764 = CARTESIAN_POINT ( 'NONE',  ( -2.000000000000000000, 0.2000000000000000111, -2.570000000000001616 ) ) ;
#11765 =( LENGTH_UNIT ( ) NAMED_UNIT ( * ) SI_UNIT ( .MILLI., .METRE. ) );
#11766 = PLANE ( 'NONE',  #2213 ) ;
#11767 = FACE_OUTER_BOUND ( 'NONE', #5550, .T. ) ;
#11768 = CYLINDRICAL_SURFACE ( 'NONE', #10719, 0.1199999999999998845 ) ;
#11769 = AXIS2_PLACEMENT_3D ( 'NONE', #4603, #2763, #725 ) ;
#11770 = ORIENTED_EDGE ( 'NONE', *, *, #3010, .T. ) ;
#11771 = AXIS2_PLACEMENT_3D ( 'NONE', #1894, #2014, #965 ) ;
#11772 = ORIENTED_EDGE ( 'NONE', *, *, #4599, .F. ) ;
#11773 = VERTEX_POINT ( 'NONE', #2314 ) ;
#11774 = ORIENTED_EDGE ( 'NONE', *, *, #1260, .T. ) ;
#11775 = CARTESIAN_POINT ( 'NONE',  ( 2.570000000000000284, 0.8000833275471006534, -1.500000000000000444 ) ) ;
#11776 = AXIS2_PLACEMENT_3D ( 'NONE', #11301, #11427, #7666 ) ;
#11777 = DIRECTION ( 'NONE',  ( 1.008560160451631481E-15, -0.000000000000000000, 1.000000000000000000 ) ) ;
#11778 = CARTESIAN_POINT ( 'NONE',  ( 2.570000000000000284, 0.000000000000000000, 0.9999999999999995559 ) ) ;
#11779 = CARTESIAN_POINT ( 'NONE',  ( 3.000000000000000888, 0.000000000000000000, -1.619999999999999885 ) ) ;
#11780 = CARTESIAN_POINT ( 'NONE',  ( -1.000000000000000000, 0.2000000000000000111, -2.570000000000001616 ) ) ;
#11781 = DIRECTION ( 'NONE',  ( 0.000000000000000000, 1.000000000000000000, -0.000000000000000000 ) ) ;
#11782 = DIRECTION ( 'NONE',  ( -1.000000000000000000, 0.000000000000000000, -0.000000000000000000 ) ) ;
#11783 = CARTESIAN_POINT ( 'NONE',  ( 2.570000000000001172, 0.000000000000000000, 2.120000000000000551 ) ) ;
#11784 = LINE ( 'NONE', #6119, #3456 ) ;
#11785 = ADVANCED_FACE ( 'NONE', ( #5188 ), #2246, .T. ) ;
#11786 = AXIS2_PLACEMENT_3D ( 'NONE', #8029, #4518, #10993 ) ;
#11787 = CLOSED_SHELL ( 'NONE', ( #8606, #6370, #1175, #1950 ) ) ;
#11788 = LINE ( 'NONE', #9868, #4319 ) ;
#11789 = ADVANCED_FACE ( 'NONE', ( #8894 ), #10636, .T. ) ;
#11790 = ORIENTED_EDGE ( 'NONE', *, *, #884, .T. ) ;
#11791 = EDGE_LOOP ( 'NONE', ( #12084, #295, #449, #2448 ) ) ;
#11792 = SURFACE_SIDE_STYLE ('',( #12031 ) ) ;
#11793 = VECTOR ( 'NONE', #1579, 1000.000000000000000 ) ;
#11794 = CLOSED_SHELL ( 'NONE', ( #8144, #7372, #6466, #5468, #1379, #5935, #1639, #2482, #11204, #12035, #4563, #1771, #800, #3304, #7439, #816, #10947, #6982, #8170, #11803, #5537, #5928, #1665, #11659, #8063, #3084, #2153, #9883, #6953, #33, #54, #872, #7383, #1729, #6290, #11055, #9244, #6469, #11748, #2022, #7001, #10804, #1024, #3377, #1574, #5590, #1604, #9180, #2167, #2468, #1103, #9931, #7823, #344, #10265, #3340, #10530, #7677, #6735, #1402, #8008, #11731, #226, #7411, #8034, #473, #11205, #765, #1768, #10760, #6841, #3667, #11597, #1298, #1722, #6686, #5778, #3807, #3756, #3761, #7933, #6087, #3570, #1939, #977, #10010, #8652, #9975, #4381, #9182, #10231, #1135, #8041, #5611, #5996, #3897, #4429, #1926, #6416, #11517, #1182, #10256, #9246, #6913, #5603, #1119, #2016, #9501, #4663, #4722, #7371, #7342, #8836, #4657, #3114, #1108, #6510, #7937, #5713, #6819, #10003, #10240, #2422, #9065, #3710, #7597, #4756, #3367, #4084, #801, #4879, #4473, #6369, #2147, #10465, #5706, #3267, #12117, #48, #5282, #4268, #7747, #2632, #5327, #2691, #4868, #1415, #7263, #5476, #12198, #9998, #11364, #3567, #7064, #3298, #496, #8747, #9706, #596, #7451, #7349, #7628, #8114, #6689, #3271, #2120, #433, #3062 ) ) ;
#11795 = DIRECTION ( 'NONE',  ( 0.000000000000000000, 0.000000000000000000, 1.000000000000000000 ) ) ;
#11796 = CARTESIAN_POINT ( 'NONE',  ( -2.119999999999999662, 0.8000833275471003203, -3.000000000000001776 ) ) ;
#11797 = PLANE ( 'NONE',  #52 ) ;
#11798 = ORIENTED_EDGE ( 'NONE', *, *, #10768, .T. ) ;
#11799 = ORIENTED_EDGE ( 'NONE', *, *, #8269, .F. ) ;
#11800 = ORIENTED_EDGE ( 'NONE', *, *, #4344, .T. ) ;
#11801 = VECTOR ( 'NONE', #388, 1000.000000000000000 ) ;
#11802 = VECTOR ( 'NONE', #7311, 1000.000000000000000 ) ;
#11803 = ADVANCED_FACE ( 'NONE', ( #2191 ), #5936, .T. ) ;
#11804 = VERTEX_POINT ( 'NONE', #1248 ) ;
#11805 = ADVANCED_FACE ( 'NONE', ( #1431 ), #7060, .F. ) ;
#11806 = DIRECTION ( 'NONE',  ( 1.008560160451631481E-15, 0.000000000000000000, -1.000000000000000000 ) ) ;
#11807 = VERTEX_POINT ( 'NONE', #4209 ) ;
#11808 = LINE ( 'NONE', #3594, #7983 ) ;
#11809 = EDGE_CURVE ( 'NONE', #6380, #8163, #5132, .T. ) ;
#11810 = DIRECTION ( 'NONE',  ( 0.000000000000000000, -1.000000000000000000, 0.000000000000000000 ) ) ;
#11811 = CARTESIAN_POINT ( 'NONE',  ( 1.380000000000000560, 0.8000833275471003203, 3.000000000000001776 ) ) ;
#11812 = CARTESIAN_POINT ( 'NONE',  ( 1.000000000000000000, 0.000000000000000000, 2.450000000000001510 ) ) ;
#11813 = LINE ( 'NONE', #4110, #537 ) ;
#11814 = DIRECTION ( 'NONE',  ( -1.000000000000000000, 0.000000000000000000, -2.115516434118057709E-16 ) ) ;
#11815 = EDGE_CURVE ( 'NONE', #155, #9208, #7969, .T. ) ;
#11816 = DIRECTION ( 'NONE',  ( 0.000000000000000000, 1.000000000000000000, 0.000000000000000000 ) ) ;
#11817 = CARTESIAN_POINT ( 'NONE',  ( -2.300000000000000711, 0.9000000000000000222, -2.300000000000000711 ) ) ;
#11818 = ORIENTED_EDGE ( 'NONE', *, *, #4645, .F. ) ;
#11819 = VERTEX_POINT ( 'NONE', #10757 ) ;
#11820 = EDGE_LOOP ( 'NONE', ( #11975, #8679, #6581, #10512 ) ) ;
#11821 = VECTOR ( 'NONE', #9835, 1000.000000000000000 ) ;
#11822 = UNCERTAINTY_MEASURE_WITH_UNIT (LENGTH_MEASURE( 1.000000000000000082E-05 ), #6538, 'distance_accuracy_value', 'NONE');
#11823 = EDGE_CURVE ( 'NONE', #10639, #3792, #2376, .T. ) ;
#11824 = ORIENTED_EDGE ( 'NONE', *, *, #8754, .T. ) ;
#11825 = DIRECTION ( 'NONE',  ( -0.000000000000000000, -1.000000000000000000, -0.000000000000000000 ) ) ;
#11826 = DIRECTION ( 'NONE',  ( 1.000000000000000000, -0.000000000000000000, -0.000000000000000000 ) ) ;
#11827 = LINE ( 'NONE', #3374, #1487 ) ;
#11828 = DIRECTION ( 'NONE',  ( 0.000000000000000000, 1.000000000000000000, 0.000000000000000000 ) ) ;
#11829 = DIRECTION ( 'NONE',  ( -1.000000000000000000, 0.000000000000000000, 0.000000000000000000 ) ) ;
#11830 = CARTESIAN_POINT ( 'NONE',  ( 2.999999999999999112, 0.05000000000000000278, 2.999999999999998224 ) ) ;
#11831 = ORIENTED_EDGE ( 'NONE', *, *, #8434, .T. ) ;
#11832 = VERTEX_POINT ( 'NONE', #11734 ) ;
#11833 = ORIENTED_EDGE ( 'NONE', *, *, #8877, .T. ) ;
#11834 = ORIENTED_EDGE ( 'NONE', *, *, #8303, .T. ) ;
#11835 = LINE ( 'NONE', #2408, #1459 ) ;
#11836 = CARTESIAN_POINT ( 'NONE',  ( -0.1199999999999994404, 0.000000000000000000, 3.000000000000001776 ) ) ;
#11837 = FACE_OUTER_BOUND ( 'NONE', #4210, .T. ) ;
#11838 = CARTESIAN_POINT ( 'NONE',  ( -2.570000000000001172, 0.8000833275471006534, -1.619999999999999885 ) ) ;
#11839 = DIRECTION ( 'NONE',  ( -1.000000000000000000, 0.000000000000000000, 0.000000000000000000 ) ) ;
#11840 = DIRECTION ( 'NONE',  ( 0.000000000000000000, 0.000000000000000000, -1.000000000000000000 ) ) ;
#11841 = DIRECTION ( 'NONE',  ( -1.000000000000000000, 0.000000000000000000, -2.115516434118057709E-16 ) ) ;
#11842 = PLANE ( 'NONE',  #9597 ) ;
#11843 = PLANE ( 'NONE',  #9359 ) ;
#11844 = DIRECTION ( 'NONE',  ( 0.000000000000000000, -0.000000000000000000, -1.000000000000000000 ) ) ;
#11845 = ADVANCED_FACE ( 'NONE', ( #4095 ), #9878, .F. ) ;
#11846 = EDGE_LOOP ( 'NONE', ( #12065, #789, #2696, #5814 ) ) ;
#11847 = EDGE_CURVE ( 'NONE', #8290, #2430, #8242, .T. ) ;
#11848 = ORIENTED_EDGE ( 'NONE', *, *, #37, .T. ) ;
#11849 = DIRECTION ( 'NONE',  ( -1.000000000000000000, 0.000000000000000000, 0.000000000000000000 ) ) ;
#11850 = ADVANCED_FACE ( 'NONE', ( #251 ), #4027, .F. ) ;
#11851 = VECTOR ( 'NONE', #4545, 1000.000000000000000 ) ;
#11852 = SURFACE_STYLE_FILL_AREA ( #1611 ) ;
#11853 = CARTESIAN_POINT ( 'NONE',  ( 1.120000000000000329, 0.1999999999999999833, -3.000000000000001776 ) ) ;
#11854 = LINE ( 'NONE', #1742, #2530 ) ;
#11855 = DIRECTION ( 'NONE',  ( -1.000000000000000000, 0.000000000000000000, 0.000000000000000000 ) ) ;
#11856 = ORIENTED_EDGE ( 'NONE', *, *, #12114, .T. ) ;
#11857 = ORIENTED_EDGE ( 'NONE', *, *, #6990, .T. ) ;
#11858 = ORIENTED_EDGE ( 'NONE', *, *, #4124, .T. ) ;
#11859 = AXIS2_PLACEMENT_3D ( 'NONE', #1552, #1740, #11051 ) ;
#11860 = EDGE_LOOP ( 'NONE', ( #10592, #7875, #10591, #9294 ) ) ;
#11861 = DIRECTION ( 'NONE',  ( 1.008560160451631481E-15, 0.000000000000000000, -1.000000000000000000 ) ) ;
#11862 = ORIENTED_EDGE ( 'NONE', *, *, #314, .F. ) ;
#11863 = SURFACE_STYLE_USAGE ( .BOTH. , #9271 ) ;
#11864 = DIRECTION ( 'NONE',  ( 0.000000000000000000, 0.000000000000000000, -1.000000000000000000 ) ) ;
#11865 =( NAMED_UNIT ( * ) SI_UNIT ( $, .STERADIAN. ) SOLID_ANGLE_UNIT ( ) );
#11866 = CARTESIAN_POINT ( 'NONE',  ( 0.3800000000000005596, 0.1999999999999999833, -3.000000000000001776 ) ) ;
#11867 = FACE_OUTER_BOUND ( 'NONE', #11820, .T. ) ;
#11868 = LINE ( 'NONE', #2160, #4979 ) ;
#11869 = AXIS2_PLACEMENT_3D ( 'NONE', #234, #7153, #4557 ) ;
#11870 = DIRECTION ( 'NONE',  ( 0.000000000000000000, 0.000000000000000000, -1.000000000000000000 ) ) ;
#11871 = LINE ( 'NONE', #3312, #7282 ) ;
#11872 = LINE ( 'NONE', #7078, #4824 ) ;
#11873 = ORIENTED_EDGE ( 'NONE', *, *, #2853, .T. ) ;
#11874 = EDGE_LOOP ( 'NONE', ( #6310, #10543, #5019, #2641 ) ) ;
#11875 = VERTEX_POINT ( 'NONE', #11549 ) ;
#11876 = ORIENTED_EDGE ( 'NONE', *, *, #1958, .T. ) ;
#11877 = LINE ( 'NONE', #8164, #3936 ) ;
#11878 = VECTOR ( 'NONE', #8589, 1000.000000000000000 ) ;
#11879 = EDGE_CURVE ( 'NONE', #8241, #5583, #7270, .T. ) ;
#11880 = PRESENTATION_STYLE_ASSIGNMENT (( #10213 ) ) ;
#11881 = CARTESIAN_POINT ( 'NONE',  ( 3.000000000000000888, 0.04999999999999969746, 0.3800000000000001155 ) ) ;
#11882 = DIRECTION ( 'NONE',  ( 0.000000000000000000, -1.000000000000000000, 0.000000000000000000 ) ) ;
#11883 = DIRECTION ( 'NONE',  ( 0.000000000000000000, 0.000000000000000000, 1.000000000000000000 ) ) ;
#11884 = EDGE_CURVE ( 'NONE', #10710, #2420, #11616, .T. ) ;
#11885 = CARTESIAN_POINT ( 'NONE',  ( -2.570000000000001172, 0.000000000000000000, 1.620000000000000107 ) ) ;
#11886 = VECTOR ( 'NONE', #3600, 1000.000000000000000 ) ;
#11887 = ORIENTED_EDGE ( 'NONE', *, *, #6133, .T. ) ;
#11888 = ORIENTED_EDGE ( 'NONE', *, *, #10649, .T. ) ;
#11889 = VERTEX_POINT ( 'NONE', #2111 ) ;
#11890 = EDGE_LOOP ( 'NONE', ( #2736, #6832, #7843, #2221, #5310 ) ) ;
#11891 = LINE ( 'NONE', #1652, #10532 ) ;
#11892 = AXIS2_PLACEMENT_3D ( 'NONE', #937, #10306, #1174 ) ;
#11893 = DIRECTION ( 'NONE',  ( 0.000000000000000000, 0.000000000000000000, 1.000000000000000000 ) ) ;
#11894 = EDGE_CURVE ( 'NONE', #2555, #3210, #3953, .T. ) ;
#11895 = DIRECTION ( 'NONE',  ( 0.000000000000000000, -0.000000000000000000, 1.000000000000000000 ) ) ;
#11896 = EDGE_CURVE ( 'NONE', #3915, #5207, #8511, .T. ) ;
#11897 = LINE ( 'NONE', #5347, #8519 ) ;
#11898 = CARTESIAN_POINT ( 'NONE',  ( -1.120000000000002549, 0.05000000000000000278, 1.129587379705829783E-15 ) ) ;
#11899 = ADVANCED_FACE ( 'NONE', ( #2908 ), #7587, .F. ) ;
#11900 = FACE_OUTER_BOUND ( 'NONE', #3717, .T. ) ;
#11901 = DIRECTION ( 'NONE',  ( -0.000000000000000000, -1.000000000000000000, -0.000000000000000000 ) ) ;
#11902 = CIRCLE ( 'NONE', #7377, 0.1199999999999998845 ) ;
#11903 = VECTOR ( 'NONE', #3162, 1000.000000000000000 ) ;
#11904 = CARTESIAN_POINT ( 'NONE',  ( 1.120000000000000329, 0.8000833275471003203, -2.570000000000001616 ) ) ;
#11905 = ORIENTED_EDGE ( 'NONE', *, *, #825, .F. ) ;
#11906 = ORIENTED_EDGE ( 'NONE', *, *, #6268, .F. ) ;
#11907 =( LENGTH_UNIT ( ) NAMED_UNIT ( * ) SI_UNIT ( .MILLI., .METRE. ) );
#11908 = AXIS2_PLACEMENT_3D ( 'NONE', #1257, #7919, #6010 ) ;
#11909 = AXIS2_PLACEMENT_3D ( 'NONE', #10849, #8060, #3380 ) ;
#11910 = FACE_OUTER_BOUND ( 'NONE', #4160, .T. ) ;
#11911 = CARTESIAN_POINT ( 'NONE',  ( -2.570000000000001172, 0.8000833275471006534, 2.120000000000000551 ) ) ;
#11912 = CARTESIAN_POINT ( 'NONE',  ( -0.1199999999999994404, 0.000000000000000000, 3.000000000000001776 ) ) ;
#11913 = PLANE ( 'NONE',  #8733 ) ;
#11914 = VECTOR ( 'NONE', #7485, 1000.000000000000000 ) ;
#11915 = ORIENTED_EDGE ( 'NONE', *, *, #3169, .T. ) ;
#11916 = ORIENTED_EDGE ( 'NONE', *, *, #11370, .F. ) ;
#11917 = VERTEX_POINT ( 'NONE', #5668 ) ;
#11918 = ADVANCED_FACE ( 'NONE', ( #2969 ), #1987, .F. ) ;
#11919 = VERTEX_POINT ( 'NONE', #9491 ) ;
#11920 = PLANE ( 'NONE',  #6052 ) ;
#11921 = VECTOR ( 'NONE', #7749, 1000.000000000000000 ) ;
#11922 = ORIENTED_EDGE ( 'NONE', *, *, #6957, .T. ) ;
#11923 = AXIS2_PLACEMENT_3D ( 'NONE', #7836, #6051, #5119 ) ;
#11924 = CARTESIAN_POINT ( 'NONE',  ( -3.000000000000000888, 0.1999999999999999833, 1.620000000000000329 ) ) ;
#11925 = DIRECTION ( 'NONE',  ( -0.000000000000000000, -1.000000000000000000, -0.000000000000000000 ) ) ;
#11926 = DIRECTION ( 'NONE',  ( 5.042800802258162337E-16, 0.000000000000000000, -1.000000000000000000 ) ) ;
#11927 = VECTOR ( 'NONE', #5360, 1000.000000000000000 ) ;
#11928 = CARTESIAN_POINT ( 'NONE',  ( -1.379999999999999671, 0.2000000000000000111, 2.570000000000001616 ) ) ;
#11929 = FACE_OUTER_BOUND ( 'NONE', #1495, .T. ) ;
#11930 = LINE ( 'NONE', #828, #712 ) ;
#11931 = ADVANCED_FACE ( 'NONE', ( #9437 ), #1169, .F. ) ;
#11932 = DIRECTION ( 'NONE',  ( 0.000000000000000000, 1.000000000000000000, 0.000000000000000000 ) ) ;
#11933 = FILL_AREA_STYLE_COLOUR ( '', #1977 ) ;
#11934 = DIRECTION ( 'NONE',  ( 0.000000000000000000, -0.000000000000000000, -1.000000000000000000 ) ) ;
#11935 = CIRCLE ( 'NONE', #5617, 0.1199999999999998845 ) ;
#11936 = ORIENTED_EDGE ( 'NONE', *, *, #10768, .F. ) ;
#11937 = AXIS2_PLACEMENT_3D ( 'NONE', #1160, #5777, #8735 ) ;
#11938 = ORIENTED_EDGE ( 'NONE', *, *, #9171, .F. ) ;
#11939 = ORIENTED_EDGE ( 'NONE', *, *, #3970, .T. ) ;
#11940 = ADVANCED_FACE ( 'NONE', ( #1049 ), #10491, .F. ) ;
#11941 = VERTEX_POINT ( 'NONE', #4932 ) ;
#11942 = DIRECTION ( 'NONE',  ( 1.000000000000000000, -0.000000000000000000, -5.042800802258162337E-16 ) ) ;
#11943 = ADVANCED_FACE ( 'NONE', ( #4811 ), #2174, .F. ) ;
#11944 = SURFACE_STYLE_FILL_AREA ( #8292 ) ;
#11945 = AXIS2_PLACEMENT_3D ( 'NONE', #3659, #5859, #1170 ) ;
#11946 = CARTESIAN_POINT ( 'NONE',  ( 1.379999999999999671, 0.04999999999999999584, -2.570000000000001616 ) ) ;
#11947 = CARTESIAN_POINT ( 'NONE',  ( 0.1200000000000003147, 0.8000833275471003203, 3.000000000000001776 ) ) ;
#11948 = VECTOR ( 'NONE', #1607, 1000.000000000000000 ) ;
#11949 = DIRECTION ( 'NONE',  ( -1.008560160451631481E-15, 0.000000000000000000, -1.000000000000000000 ) ) ;
#11950 = FACE_OUTER_BOUND ( 'NONE', #2712, .T. ) ;
#11951 = CARTESIAN_POINT ( 'NONE',  ( -0.3799999999999996714, 0.05000000000000000278, 0.000000000000000000 ) ) ;
#11952 = ORIENTED_EDGE ( 'NONE', *, *, #387, .T. ) ;
#11953 = ORIENTED_EDGE ( 'NONE', *, *, #2427, .T. ) ;
#11954 = MECHANICAL_DESIGN_GEOMETRIC_PRESENTATION_REPRESENTATION (  '', ( #126 ), #526 ) ;
#11955 = VECTOR ( 'NONE', #143, 1000.000000000000000 ) ;
#11956 = EDGE_LOOP ( 'NONE', ( #2607, #821, #11646, #153 ) ) ;
#11957 = EDGE_CURVE ( 'NONE', #2163, #7516, #10425, .T. ) ;
#11958 = EDGE_CURVE ( 'NONE', #1584, #2205, #10551, .T. ) ;
#11959 = DIRECTION ( 'NONE',  ( -0.000000000000000000, -1.000000000000000000, -0.000000000000000000 ) ) ;
#11960 = DIRECTION ( 'NONE',  ( 1.008560160451631481E-15, -0.000000000000000000, 1.000000000000000000 ) ) ;
#11961 = CARTESIAN_POINT ( 'NONE',  ( -3.000000000000000888, 0.04999999999999969746, 1.620000000000000329 ) ) ;
#11962 = VECTOR ( 'NONE', #10587, 1000.000000000000000 ) ;
#11963 = DIRECTION ( 'NONE',  ( 0.000000000000000000, 1.000000000000000000, 0.000000000000000000 ) ) ;
#11964 = DIRECTION ( 'NONE',  ( 0.000000000000000000, -1.000000000000000000, 0.000000000000000000 ) ) ;
#11965 = VECTOR ( 'NONE', #11140, 1000.000000000000000 ) ;
#11966 = DIRECTION ( 'NONE',  ( 0.000000000000000000, 0.000000000000000000, -1.000000000000000000 ) ) ;
#11967 = LINE ( 'NONE', #3515, #333 ) ;
#11968 = DIRECTION ( 'NONE',  ( 0.000000000000000000, 0.000000000000000000, 1.000000000000000000 ) ) ;
#11969 = EDGE_CURVE ( 'NONE', #1465, #10062, #5915, .T. ) ;
#11970 = CARTESIAN_POINT ( 'NONE',  ( -0.8799999999999996714, 0.8000833275471003203, -2.570000000000001616 ) ) ;
#11971 = EDGE_LOOP ( 'NONE', ( #5633, #747, #5050, #927 ) ) ;
#11972 = EDGE_CURVE ( 'NONE', #3313, #3915, #4875, .T. ) ;
#11973 = ADVANCED_FACE ( 'NONE', ( #3891 ), #7647, .T. ) ;
#11974 = CARTESIAN_POINT ( 'NONE',  ( 2.120000000000000551, 0.000000000000000000, -2.570000000000001616 ) ) ;
#11975 = ORIENTED_EDGE ( 'NONE', *, *, #10280, .T. ) ;
#11976 = SURFACE_STYLE_USAGE ( .BOTH. , #4570 ) ;
#11977 = LINE ( 'NONE', #8135, #4049 ) ;
#11978 = CARTESIAN_POINT ( 'NONE',  ( -2.000000000000000000, 0.2000000000000000111, 2.570000000000001616 ) ) ;
#11979 = CARTESIAN_POINT ( 'NONE',  ( -2.570000000000001172, 0.8000833275471006534, -0.5000000000000000000 ) ) ;
#11980 = VECTOR ( 'NONE', #10869, 1000.000000000000000 ) ;
#11981 = ORIENTED_EDGE ( 'NONE', *, *, #8453, .F. ) ;
#11982 = ORIENTED_EDGE ( 'NONE', *, *, #10994, .T. ) ;
#11983 = CARTESIAN_POINT ( 'NONE',  ( 0.1200000000000000927, 0.000000000000000000, 2.570000000000001616 ) ) ;
#11984 = VERTEX_POINT ( 'NONE', #10367 ) ;
#11985 = CARTESIAN_POINT ( 'NONE',  ( -3.000000000000000888, 0.1999999999999999833, 2.120000000000000551 ) ) ;
#11986 = VECTOR ( 'NONE', #11814, 1000.000000000000000 ) ;
#11987 = ORIENTED_EDGE ( 'NONE', *, *, #8644, .T. ) ;
#11988 = CLOSED_SHELL ( 'NONE', ( #2587, #7940, #1444, #8708, #3818, #1010 ) ) ;
#11989 = CARTESIAN_POINT ( 'NONE',  ( -1.500000000000000000, 0.8000833275471003203, -2.570000000000001616 ) ) ;
#11990 = DIRECTION ( 'NONE',  ( 0.000000000000000000, -1.000000000000000000, 0.000000000000000000 ) ) ;
#11991 = LINE ( 'NONE', #8095, #1278 ) ;
#11992 = DIRECTION ( 'NONE',  ( 0.000000000000000000, -1.000000000000000000, 0.000000000000000000 ) ) ;
#11993 = DIRECTION ( 'NONE',  ( 0.000000000000000000, 0.000000000000000000, 1.000000000000000000 ) ) ;
#11994 = DIRECTION ( 'NONE',  ( 1.000000000000000000, -0.000000000000000000, -5.042800802258162337E-16 ) ) ;
#11995 = DIRECTION ( 'NONE',  ( 0.000000000000000000, 1.000000000000000000, -0.000000000000000000 ) ) ;
#11996 = PRESENTATION_STYLE_ASSIGNMENT (( #5510 ) ) ;
#11997 = FILL_AREA_STYLE ('',( #5204 ) ) ;
#11998 = AXIS2_PLACEMENT_3D ( 'NONE', #7788, #5076, #3176 ) ;
#11999 = ORIENTED_EDGE ( 'NONE', *, *, #8705, .T. ) ;
#12000 = ORIENTED_EDGE ( 'NONE', *, *, #10159, .F. ) ;
#12001 = VERTEX_POINT ( 'NONE', #11463 ) ;
#12002 = VERTEX_POINT ( 'NONE', #4990 ) ;
#12003 = DIRECTION ( 'NONE',  ( 0.000000000000000000, 1.000000000000000000, 0.000000000000000000 ) ) ;
#12004 = LINE ( 'NONE', #11026, #3831 ) ;
#12005 = LINE ( 'NONE', #2699, #11342 ) ;
#12006 = FACE_OUTER_BOUND ( 'NONE', #5067, .T. ) ;
#12007 = CIRCLE ( 'NONE', #179, 0.1199999999999998845 ) ;
#12008 = CARTESIAN_POINT ( 'NONE',  ( 2.999999999999999112, 0.05000000000000000278, 2.999999999999998224 ) ) ;
#12009 = DIRECTION ( 'NONE',  ( 1.000000000000000000, 0.000000000000000000, 0.000000000000000000 ) ) ;
#12010 = EDGE_CURVE ( 'NONE', #8199, #243, #11285, .T. ) ;
#12011 = LINE ( 'NONE', #11830, #10338 ) ;
#12012 = VERTEX_POINT ( 'NONE', #11411 ) ;
#12013 = ORIENTED_EDGE ( 'NONE', *, *, #4584, .F. ) ;
#12014 = ORIENTED_EDGE ( 'NONE', *, *, #6199, .F. ) ;
#12015 = LINE ( 'NONE', #9181, #1662 ) ;
#12016 = DIRECTION ( 'NONE',  ( -1.000000000000000000, 0.000000000000000000, 0.000000000000000000 ) ) ;
#12017 = FACE_OUTER_BOUND ( 'NONE', #957, .T. ) ;
#12018 = CARTESIAN_POINT ( 'NONE',  ( -1.879999999999999671, 0.8000833275471003203, -2.570000000000001616 ) ) ;
#12019 = CARTESIAN_POINT ( 'NONE',  ( 2.570000000000000284, 0.8000833275471006534, -4.336808689942017736E-16 ) ) ;
#12020 = LINE ( 'NONE', #742, #270 ) ;
#12021 = DIRECTION ( 'NONE',  ( 0.000000000000000000, 0.000000000000000000, 1.000000000000000000 ) ) ;
#12022 = ADVANCED_FACE ( 'NONE', ( #4750 ), #8629, .T. ) ;
#12023 = DIRECTION ( 'NONE',  ( 1.000000000000000000, 0.000000000000000000, -0.000000000000000000 ) ) ;
#12024 = DIRECTION ( 'NONE',  ( -1.000000000000000000, 0.000000000000000000, 5.042800802258162337E-16 ) ) ;
#12025 = EDGE_CURVE ( 'NONE', #11634, #6069, #4352, .T. ) ;
#12026 = EDGE_CURVE ( 'NONE', #1500, #4551, #1376, .T. ) ;
#12027 = ORIENTED_EDGE ( 'NONE', *, *, #1536, .T. ) ;
#12028 = CARTESIAN_POINT ( 'NONE',  ( -6.051360962709733914E-17, 0.05000000000000000278, 0.1199999999999988021 ) ) ;
#12029 = ORIENTED_EDGE ( 'NONE', *, *, #4420, .F. ) ;
#12030 = ADVANCED_FACE ( 'NONE', ( #7987 ), #8910, .F. ) ;
#12031 = SURFACE_STYLE_FILL_AREA ( #5181 ) ;
#12032 = CARTESIAN_POINT ( 'NONE',  ( 1.620000000000000329, 0.1999999999999999833, 3.000000000000001776 ) ) ;
#12033 = DIRECTION ( 'NONE',  ( -1.000000000000000000, 0.000000000000000000, 0.000000000000000000 ) ) ;
#12034 = DIRECTION ( 'NONE',  ( 0.000000000000000000, -1.000000000000000000, 0.000000000000000000 ) ) ;
#12035 = ADVANCED_FACE ( 'NONE', ( #8854 ), #10888, .F. ) ;
#12036 = ORIENTED_EDGE ( 'NONE', *, *, #1940, .F. ) ;
#12037 = CARTESIAN_POINT ( 'NONE',  ( -2.300000000000000711, 0.9000000000000000222, -2.550000000000001155 ) ) ;
#12038 = ORIENTED_EDGE ( 'NONE', *, *, #3411, .T. ) ;
#12039 = DIRECTION ( 'NONE',  ( 0.000000000000000000, -0.000000000000000000, 1.000000000000000000 ) ) ;
#12040 = VERTEX_POINT ( 'NONE', #9959 ) ;
#12041 = SURFACE_STYLE_FILL_AREA ( #9213 ) ;
#12042 = MECHANICAL_DESIGN_GEOMETRIC_PRESENTATION_REPRESENTATION (  '', ( #4157 ), #9480 ) ;
#12043 = CARTESIAN_POINT ( 'NONE',  ( -0.6199999999999998845, 0.8000833275471003203, 2.570000000000001616 ) ) ;
#12044 = FACE_OUTER_BOUND ( 'NONE', #10282, .T. ) ;
#12045 = DIRECTION ( 'NONE',  ( -0.000000000000000000, -1.000000000000000000, -0.000000000000000000 ) ) ;
#12046 = DIRECTION ( 'NONE',  ( 0.000000000000000000, 1.000000000000000000, 0.000000000000000000 ) ) ;
#12047 = DIRECTION ( 'NONE',  ( 0.000000000000000000, -1.000000000000000000, 0.000000000000000000 ) ) ;
#12048 = CARTESIAN_POINT ( 'NONE',  ( -2.570000000000001172, 0.000000000000000000, 2.120000000000000551 ) ) ;
#12049 = CARTESIAN_POINT ( 'NONE',  ( 0.3799999999999975064, 0.05000000000000000278, -3.832528609716174878E-16 ) ) ;
#12050 = CARTESIAN_POINT ( 'NONE',  ( -1.379999999999999671, 0.1999999999999999833, 3.000000000000001776 ) ) ;
#12051 = AXIS2_PLACEMENT_3D ( 'NONE', #2200, #4285, #7800 ) ;
#12052 = ORIENTED_EDGE ( 'NONE', *, *, #4820, .F. ) ;
#12053 = ORIENTED_EDGE ( 'NONE', *, *, #11216, .T. ) ;
#12054 = VERTEX_POINT ( 'NONE', #3365 ) ;
#12055 = VERTEX_POINT ( 'NONE', #5145 ) ;
#12056 = CYLINDRICAL_SURFACE ( 'NONE', #5062, 0.1199999999999999956 ) ;
#12057 = DIRECTION ( 'NONE',  ( 0.000000000000000000, 0.000000000000000000, -1.000000000000000000 ) ) ;
#12058 = VECTOR ( 'NONE', #3780, 1000.000000000000000 ) ;
#12059 = DIRECTION ( 'NONE',  ( -1.000000000000000000, 0.000000000000000000, -5.042800802258162337E-16 ) ) ;
#12060 = CARTESIAN_POINT ( 'NONE',  ( -2.049999999999999378, 0.1999999999999996503, -2.050000000000000266 ) ) ;
#12061 = DIRECTION ( 'NONE',  ( 0.000000000000000000, 1.000000000000000000, -0.000000000000000000 ) ) ;
#12062 = DIRECTION ( 'NONE',  ( 0.000000000000000000, 1.000000000000000000, 0.000000000000000000 ) ) ;
#12063 = DIRECTION ( 'NONE',  ( 0.000000000000000000, 0.000000000000000000, -1.000000000000000000 ) ) ;
#12064 = PLANE ( 'NONE',  #8554 ) ;
#12065 = ORIENTED_EDGE ( 'NONE', *, *, #6287, .T. ) ;
#12066 = EDGE_CURVE ( 'NONE', #9898, #212, #6948, .T. ) ;
#12067 = VERTEX_POINT ( 'NONE', #2444 ) ;
#12068 = VECTOR ( 'NONE', #8879, 1000.000000000000000 ) ;
#12069 = ORIENTED_EDGE ( 'NONE', *, *, #9764, .F. ) ;
#12070 = EDGE_CURVE ( 'NONE', #2205, #7317, #11871, .T. ) ;
#12071 = CARTESIAN_POINT ( 'NONE',  ( 3.000000000000000888, 0.8000833275471006534, 1.120000000000000329 ) ) ;
#12072 = DIRECTION ( 'NONE',  ( -1.008560160451631481E-15, 0.000000000000000000, 1.000000000000000000 ) ) ;
#12073 = LINE ( 'NONE', #11094, #10972 ) ;
#12074 = AXIS2_PLACEMENT_3D ( 'NONE', #9636, #9571, #3783 ) ;
#12075 = DIRECTION ( 'NONE',  ( -0.000000000000000000, -1.000000000000000000, -0.000000000000000000 ) ) ;
#12076 = DIRECTION ( 'NONE',  ( -0.000000000000000000, 0.000000000000000000, 1.000000000000000000 ) ) ;
#12077 = DIRECTION ( 'NONE',  ( 2.115516434118057709E-16, 0.000000000000000000, -1.000000000000000000 ) ) ;
#12078 = EDGE_LOOP ( 'NONE', ( #7992, #1396, #5813, #9076 ) ) ;
#12079 = DIRECTION ( 'NONE',  ( 0.000000000000000000, -1.000000000000000000, 0.000000000000000000 ) ) ;
#12080 = EDGE_CURVE ( 'NONE', #10009, #1847, #8970, .T. ) ;
#12081 = VECTOR ( 'NONE', #9941, 1000.000000000000000 ) ;
#12082 = VERTEX_POINT ( 'NONE', #6082 ) ;
#12083 = CARTESIAN_POINT ( 'NONE',  ( -2.570000000000001172, 0.1999999999999999833, 0.6200000000000001066 ) ) ;
#12084 = ORIENTED_EDGE ( 'NONE', *, *, #3534, .F. ) ;
#12085 = DIRECTION ( 'NONE',  ( 1.008560160451631481E-15, -0.000000000000000000, 1.000000000000000000 ) ) ;
#12086 = CARTESIAN_POINT ( 'NONE',  ( 3.000000000000000888, 0.000000000000000000, -0.1199999999999998845 ) ) ;
#12087 = CARTESIAN_POINT ( 'NONE',  ( 1.500000000000000000, 0.2000000000000000111, 2.570000000000001616 ) ) ;
#12088 = VECTOR ( 'NONE', #608, 1000.000000000000000 ) ;
#12089 = CARTESIAN_POINT ( 'NONE',  ( -0.3799999999999996714, 0.2000000000000000111, 3.000000000000001776 ) ) ;
#12090 = DIRECTION ( 'NONE',  ( 0.000000000000000000, -1.000000000000000000, 0.000000000000000000 ) ) ;
#12091 = VECTOR ( 'NONE', #5779, 1000.000000000000000 ) ;
#12092 = ORIENTED_EDGE ( 'NONE', *, *, #7511, .T. ) ;
#12093 = CARTESIAN_POINT ( 'NONE',  ( -3.000000000000000888, 0.8000833275471006534, 1.380000000000000115 ) ) ;
#12094 = EDGE_LOOP ( 'NONE', ( #6184, #6232, #776, #5077 ) ) ;
#12095 = DIRECTION ( 'NONE',  ( 1.000000000000000000, 0.000000000000000000, -0.000000000000000000 ) ) ;
#12096 = AXIS2_PLACEMENT_3D ( 'NONE', #4739, #7509, #2952 ) ;
#12097 = ORIENTED_EDGE ( 'NONE', *, *, #10295, .T. ) ;
#12098 = VECTOR ( 'NONE', #10405, 1000.000000000000000 ) ;
#12099 = EDGE_CURVE ( 'NONE', #7565, #8550, #1328, .T. ) ;
#12100 = ADVANCED_FACE ( 'NONE', ( #587 ), #8047, .T. ) ;
#12101 = CARTESIAN_POINT ( 'NONE',  ( 2.999999999999999112, 0.2000000000000005107, 0.8799999999999996714 ) ) ;
#12102 = CARTESIAN_POINT ( 'NONE',  ( 2.000000000000000000, 0.2000000000000000111, 2.570000000000001616 ) ) ;
#12103 = VECTOR ( 'NONE', #10813, 1000.000000000000000 ) ;
#12104 = FACE_OUTER_BOUND ( 'NONE', #5618, .T. ) ;
#12105 = CARTESIAN_POINT ( 'NONE',  ( -0.5000000000000000000, 0.2000000000000000111, 2.450000000000001510 ) ) ;
#12106 = CARTESIAN_POINT ( 'NONE',  ( -1.000000000000000000, 0.1999999999999999833, 2.570000000000001616 ) ) ;
#12107 = FACE_OUTER_BOUND ( 'NONE', #11447, .T. ) ;
#12108 = CARTESIAN_POINT ( 'NONE',  ( 3.000000000000000888, 0.000000000000000000, -0.1199999999999998845 ) ) ;
#12109 =( NAMED_UNIT ( * ) SI_UNIT ( $, .STERADIAN. ) SOLID_ANGLE_UNIT ( ) );
#12111 = FILL_AREA_STYLE ('',( #8473 ) ) ;
#12110 = VECTOR ( 'NONE', #7006, 1000.000000000000000 ) ;
#12112 = VECTOR ( 'NONE', #771, 1000.000000000000000 ) ;
#12113 = ORIENTED_EDGE ( 'NONE', *, *, #6914, .F. ) ;
#12114 = EDGE_CURVE ( 'NONE', #8564, #8290, #403, .T. ) ;
#12115 = EDGE_LOOP ( 'NONE', ( #3381, #3255, #2194, #11162 ) ) ;
#12117 = ADVANCED_FACE ( 'NONE', ( #4167 ), #530, .F. ) ;
#12116 = ORIENTED_EDGE ( 'NONE', *, *, #503, .F. ) ;
#12118 = VECTOR ( 'NONE', #11777, 1000.000000000000000 ) ;
#12119 = CIRCLE ( 'NONE', #8371, 0.1199999999999998845 ) ;
#12120 = EDGE_LOOP ( 'NONE', ( #8053, #6541, #5957, #4864, #5324 ) ) ;
#12121 = FACE_BOUND ( 'NONE', #3091, .T. ) ;
#12122 = EDGE_CURVE ( 'NONE', #12054, #2931, #11684, .T. ) ;
#12123 = ORIENTED_EDGE ( 'NONE', *, *, #3225, .T. ) ;
#12124 = EDGE_CURVE ( 'NONE', #10809, #11024, #5030, .T. ) ;
#12125 =( NAMED_UNIT ( * ) PLANE_ANGLE_UNIT ( ) SI_UNIT ( $, .RADIAN. ) );
#12126 = COLOUR_RGB ( '',0.7921568627450980005, 0.8196078431372548767, 0.9333333333333333481 ) ;
#12127 = CARTESIAN_POINT ( 'NONE',  ( -1.379999999999999671, 0.8000833275471003203, -2.570000000000001616 ) ) ;
#12128 = CARTESIAN_POINT ( 'NONE',  ( 3.000000000000000888, 0.04999999999999969746, 2.120000000000000551 ) ) ;
#12129 = CARTESIAN_POINT ( 'NONE',  ( -0.8799999999999996714, 0.2000000000000000111, -3.000000000000001776 ) ) ;
#12130 = SURFACE_STYLE_USAGE ( .BOTH. , #4418 ) ;
#12131 = VECTOR ( 'NONE', #10150, 1000.000000000000000 ) ;
#12132 = CIRCLE ( 'NONE', #11333, 0.1199999999999998845 ) ;
#12133 = CARTESIAN_POINT ( 'NONE',  ( -0.5000000000000000000, 0.04999999999999999584, 2.450000000000001510 ) ) ;
#12134 = CARTESIAN_POINT ( 'NONE',  ( -1.379999999999999671, 0.000000000000000000, -3.000000000000001776 ) ) ;
#12135 = ORIENTED_EDGE ( 'NONE', *, *, #10226, .T. ) ;
#12136 = EDGE_CURVE ( 'NONE', #11376, #199, #10777, .T. ) ;
#12137 = AXIS2_PLACEMENT_3D ( 'NONE', #1307, #10991, #7164 ) ;
#12138 = ORIENTED_EDGE ( 'NONE', *, *, #5472, .F. ) ;
#12139 = ORIENTED_EDGE ( 'NONE', *, *, #1342, .T. ) ;
#12140 = AXIS2_PLACEMENT_3D ( 'NONE', #11778, #5977, #2293 ) ;
#12141 = CIRCLE ( 'NONE', #1499, 0.1199999999999998845 ) ;
#12142 = CARTESIAN_POINT ( 'NONE',  ( 2.570000000000000284, 0.8000833275471006534, -2.000000000000000444 ) ) ;
#12143 = DIRECTION ( 'NONE',  ( 0.000000000000000000, -1.000000000000000000, 0.000000000000000000 ) ) ;
#12144 = LINE ( 'NONE', #5530, #8989 ) ;
#12145 = DIRECTION ( 'NONE',  ( 0.000000000000000000, 0.000000000000000000, -1.000000000000000000 ) ) ;
#12146 = DIRECTION ( 'NONE',  ( 1.000000000000000000, 0.000000000000000000, 0.000000000000000000 ) ) ;
#12147 = DIRECTION ( 'NONE',  ( -1.008560160451631481E-15, 0.000000000000000000, -1.000000000000000000 ) ) ;
#12148 = MECHANICAL_DESIGN_GEOMETRIC_PRESENTATION_REPRESENTATION (  '', ( #9981 ), #8396 ) ;
#12149 = ORIENTED_EDGE ( 'NONE', *, *, #4343, .F. ) ;
#12150 = VECTOR ( 'NONE', #9128, 1000.000000000000000 ) ;
#12151 = DIRECTION ( 'NONE',  ( -0.000000000000000000, -1.000000000000000000, -0.000000000000000000 ) ) ;
#12152 = FACE_OUTER_BOUND ( 'NONE', #3656, .T. ) ;
#12153 = ORIENTED_EDGE ( 'NONE', *, *, #8187, .T. ) ;
#12154 = CARTESIAN_POINT ( 'NONE',  ( -3.000000000000000888, 0.000000000000000000, -0.8799999999999996714 ) ) ;
#12155 = VECTOR ( 'NONE', #8045, 1000.000000000000000 ) ;
#12156 = VERTEX_POINT ( 'NONE', #2389 ) ;
#12157 = VECTOR ( 'NONE', #1139, 1000.000000000000000 ) ;
#12158 = CARTESIAN_POINT ( 'NONE',  ( 0.5000000000000000000, 0.1999999999999999833, 2.570000000000001616 ) ) ;
#12159 = DIRECTION ( 'NONE',  ( 0.000000000000000000, -1.000000000000000000, 0.000000000000000000 ) ) ;
#12160 = ADVANCED_FACE ( 'NONE', ( #6141 ), #4112, .F. ) ;
#12161 = CARTESIAN_POINT ( 'NONE',  ( -2.300000000000000711, 0.9000000000000000222, -2.550000000000001155 ) ) ;
#12162 = CARTESIAN_POINT ( 'NONE',  ( -2.049999999999999378, 0.1999999999999996503, -2.050000000000000266 ) ) ;
#12163 = ADVANCED_FACE ( 'NONE', ( #9894 ), #5202, .F. ) ;
#12164 = CIRCLE ( 'NONE', #9800, 0.2500000000000002220 ) ;
#12165 = EDGE_CURVE ( 'NONE', #10550, #11460, #9334, .T. ) ;
#12166 = AXIS2_PLACEMENT_3D ( 'NONE', #4778, #1079, #5700 ) ;
#12167 = COLOUR_RGB ( '',0.7921568627450980005, 0.8196078431372548767, 0.9333333333333333481 ) ;
#12168 = ORIENTED_EDGE ( 'NONE', *, *, #8432, .T. ) ;
#12169 = DIRECTION ( 'NONE',  ( 0.000000000000000000, 0.000000000000000000, -1.000000000000000000 ) ) ;
#12170 = VERTEX_POINT ( 'NONE', #11189 ) ;
#12171 = DIRECTION ( 'NONE',  ( -1.000000000000000000, 0.000000000000000000, -0.000000000000000000 ) ) ;
#12172 = EDGE_LOOP ( 'NONE', ( #10281, #9261, #3973, #547 ) ) ;
#12173 = SURFACE_STYLE_FILL_AREA ( #2859 ) ;
#12174 = AXIS2_PLACEMENT_3D ( 'NONE', #10917, #11781, #12063 ) ;
#12175 = CARTESIAN_POINT ( 'NONE',  ( -2.000000000000000000, 0.2000000000000000111, -2.570000000000001616 ) ) ;
#12176 = DIRECTION ( 'NONE',  ( 0.000000000000000000, 0.000000000000000000, 1.000000000000000000 ) ) ;
#12177 = CARTESIAN_POINT ( 'NONE',  ( -3.000000000000000888, 0.000000000000000000, -0.3799999999999996714 ) ) ;
#12178 = CARTESIAN_POINT ( 'NONE',  ( -0.6200000000000025491, 0.05000000000000000278, 6.253072994800140427E-16 ) ) ;
#12179 = LINE ( 'NONE', #6500, #5966 ) ;
#12180 = DIRECTION ( 'NONE',  ( 0.000000000000000000, 0.000000000000000000, 1.000000000000000000 ) ) ;
#12181 = FACE_OUTER_BOUND ( 'NONE', #11146, .T. ) ;
#12182 = SURFACE_SIDE_STYLE ('',( #10559 ) ) ;
#12183 = ORIENTED_EDGE ( 'NONE', *, *, #11593, .F. ) ;
#12184 = EDGE_CURVE ( 'NONE', #5785, #6386, #6897, .T. ) ;
#12185 = EDGE_CURVE ( 'NONE', #8521, #5781, #10204, .T. ) ;
#12186 = ORIENTED_EDGE ( 'NONE', *, *, #2634, .F. ) ;
#12187 = VERTEX_POINT ( 'NONE', #4534 ) ;
#12188 = VECTOR ( 'NONE', #1509, 1000.000000000000000 ) ;
#12189 = ORIENTED_EDGE ( 'NONE', *, *, #6014, .F. ) ;
#12190 = DIRECTION ( 'NONE',  ( -1.008560160451631481E-15, 0.000000000000000000, -1.000000000000000000 ) ) ;
#12191 = EDGE_CURVE ( 'NONE', #7757, #12170, #8067, .T. ) ;
#12192 = EDGE_CURVE ( 'NONE', #1922, #11773, #3605, .T. ) ;
#12193 = ORIENTED_EDGE ( 'NONE', *, *, #6758, .T. ) ;
#12194 = DIRECTION ( 'NONE',  ( 0.000000000000000000, 0.000000000000000000, -1.000000000000000000 ) ) ;
#12195 = CARTESIAN_POINT ( 'NONE',  ( 1.120000000000000329, 0.000000000000000000, 3.000000000000001776 ) ) ;
#12196 = LINE ( 'NONE', #9232, #137 ) ;
#12197 = CARTESIAN_POINT ( 'NONE',  ( -0.1200000000000003147, 0.8000833275471003203, -2.570000000000001616 ) ) ;
#12198 = ADVANCED_FACE ( 'NONE', ( #708 ), #6261, .F. ) ;
#12199 = AXIS2_PLACEMENT_3D ( 'NONE', #6875, #320, #7851 ) ;
#12200 = CLOSED_SHELL ( 'NONE', ( #737, #5746, #1146, #5852, #6282, #5098, #1040 ) ) ;
#12201 = DIRECTION ( 'NONE',  ( 1.000000000000000000, -0.000000000000000000, -5.042800802258162337E-16 ) ) ;
#12202 = FACE_OUTER_BOUND ( 'NONE', #10731, .T. ) ;
#12203 = ORIENTED_EDGE ( 'NONE', *, *, #5584, .F. ) ;
#12204 = ORIENTED_EDGE ( 'NONE', *, *, #2740, .F. ) ;
#12205 = VERTEX_POINT ( 'NONE', #891 ) ;
#12206 = EDGE_CURVE ( 'NONE', #620, #7236, #1761, .T. ) ;
#12207 = AXIS2_PLACEMENT_3D ( 'NONE', #6147, #9161, #2453 ) ;
#12208 = CARTESIAN_POINT ( 'NONE',  ( -3.000000000000000888, 0.8000833275471006534, 0.8800000000000001155 ) ) ;
#12209 = LINE ( 'NONE', #7392, #9583 ) ;
#12210 = AXIS2_PLACEMENT_3D ( 'NONE', #2265, #10706, #7926 ) ;
#12211 = DIRECTION ( 'NONE',  ( 1.000000000000000000, 0.000000000000000000, -1.008560160451631481E-15 ) ) ;
#12212 = LINE ( 'NONE', #3759, #5828 ) ;
#12213 = LINE ( 'NONE', #9428, #5004 ) ;
#12214 = VERTEX_POINT ( 'NONE', #7359 ) ;
#12215 = CARTESIAN_POINT ( 'NONE',  ( 3.000000000000000888, 0.8000833275471006534, -1.379999999999999671 ) ) ;
#12216 = ORIENTED_EDGE ( 'NONE', *, *, #6480, .T. ) ;
#12217 = FILL_AREA_STYLE ('',( #2596 ) ) ;
#12218 = VERTEX_POINT ( 'NONE', #3488 ) ;
#12219 = LINE ( 'NONE', #7523, #11948 ) ;
#12220 = ORIENTED_EDGE ( 'NONE', *, *, #2991, .T. ) ;
#12221 = FACE_OUTER_BOUND ( 'NONE', #7698, .T. ) ;
#12222 = PLANE ( 'NONE',  #4248 ) ;
#12223 = CARTESIAN_POINT ( 'NONE',  ( -1.620000000000000107, 0.1999999999999999833, -2.570000000000001616 ) ) ;
#12224 = LINE ( 'NONE', #7651, #1256 ) ;
ENDSEC;
END-ISO-10303-21;
